day_idx,day_frac,date,equity,n_overnight,total_uncovered,fee,rate,is_disprop,avg_risk_rub,pct_futures,risk_per_trade,block,risk_rub_bin
42,0.04833141542002301,2022-11-14 00:00:00+00:00,15781.249013618424,12,10130.209801463143,40.0,0.0039485855459995165,True,79.92861554205365,75.0,0.005,in_sample,<1000
43,0.04948216340621404,2022-11-15 00:00:00+00:00,16634.49363260308,3,13996.993967974107,40.0,0.002857756464818246,True,79.70375361995677,33.33333333333333,0.005,in_sample,<1000
44,0.05063291139240506,2022-11-16 00:00:00+00:00,16414.489408181333,13,6742.0392421305805,40.0,0.005932923046493487,True,82.42865699144849,53.84615384615385,0.005,in_sample,<1000
45,0.05178365937859609,2022-11-17 00:00:00+00:00,16289.872715282158,15,13399.963420001297,40.0,0.0029850827756958257,True,82.38116233137625,46.666666666666664,0.005,in_sample,<1000
46,0.05293440736478711,2022-11-18 00:00:00+00:00,15820.609460321795,13,11975.009074241156,40.0,0.0033402897444179814,True,82.00668522834818,46.15384615384615,0.005,in_sample,<1000
47,0.05408515535097814,2022-11-19 00:00:00+00:00,15780.609460321795,14,16722.851773161972,40.0,0.002391936527488383,True,81.79928251929537,42.857142857142854,0.005,in_sample,<1000
48,0.05523590333716916,2022-11-20 00:00:00+00:00,15740.609460321795,14,16762.851773161972,40.0,0.0023862288196118083,True,81.79928251929537,42.857142857142854,0.005,in_sample,<1000
49,0.05638665132336018,2022-11-21 00:00:00+00:00,15373.40611767364,7,3783.4648772714695,0.0,0.0,False,78.29215857858158,57.14285714285714,0.005,in_sample,<1000
50,0.05753739930955121,2022-11-22 00:00:00+00:00,15668.031361933983,11,7686.097799169123,40.0,0.005204201279396165,True,77.77393021850396,45.45454545454545,0.005,in_sample,<1000
51,0.05868814729574223,2022-11-23 00:00:00+00:00,15881.432129649596,11,3783.4648772714695,0.0,0.0,False,78.23577204757304,54.54545454545454,0.005,in_sample,<1000
52,0.05983889528193326,2022-11-24 00:00:00+00:00,15713.619461306638,10,11237.030976362723,40.0,0.0035596591380891137,True,78.16422510071416,40.0,0.005,in_sample,<1000
53,0.06098964326812428,2022-11-25 00:00:00+00:00,15414.896591716639,9,8730.824817764049,40.0,0.004581468628097378,True,77.71352775178515,44.44444444444444,0.005,in_sample,<1000
54,0.06214039125431531,2022-11-26 00:00:00+00:00,15374.896591716639,10,12173.060403782096,40.0,0.0032859444275469335,True,77.64962327246495,40.0,0.005,in_sample,<1000
55,0.06329113924050633,2022-11-27 00:00:00+00:00,15334.896591716639,10,12173.060403782096,40.0,0.0032859444275469335,True,77.64962327246495,40.0,0.005,in_sample,<1000
56,0.06444188722669736,2022-11-28 00:00:00+00:00,15292.524081566156,9,7225.700463289517,40.0,0.005535795484911356,True,77.6267626986796,33.33333333333333,0.005,in_sample,<1000
57,0.06559263521288838,2022-11-29 00:00:00+00:00,15157.277480431074,10,11353.764733730135,40.0,0.0035230604947420387,True,77.16102256075447,40.0,0.005,in_sample,<1000
58,0.0667433831990794,2022-11-30 00:00:00+00:00,15114.657218243108,10,8117.757162608743,40.0,0.004927469398104722,True,77.00896418472762,50.0,0.005,in_sample,<1000
59,0.06789413118527042,2022-12-01 00:00:00+00:00,14892.022415866893,8,12225.85605816782,40.0,0.003271754534789971,True,77.09784931682864,37.5,0.005,in_sample,<1000
60,0.06904487917146145,2022-12-02 00:00:00+00:00,15154.961957823693,5,3783.4648772714695,0.0,0.0,False,77.63888423508332,40.0,0.005,in_sample,<1000
61,0.07019562715765247,2022-12-03 00:00:00+00:00,15154.961957823693,5,3783.4648772714695,0.0,0.0,False,77.63888423508332,40.0,0.005,in_sample,<1000
62,0.0713463751438435,2022-12-04 00:00:00+00:00,15073.473727376475,5,3783.4648772714695,0.0,0.0,False,77.63888423508332,40.0,0.005,in_sample,<1000
63,0.07249712313003452,2022-12-05 00:00:00+00:00,14786.984466560705,11,26261.215865643888,40.0,0.0015231587221492594,False,75.9496076874722,18.181818181818183,0.005,in_sample,<1000
64,0.07364787111622555,2022-12-06 00:00:00+00:00,15085.557796998044,9,23232.078742181413,40.0,0.0017217572497020615,True,75.49682136176887,22.22222222222222,0.005,in_sample,<1000
65,0.07479861910241657,2022-12-07 00:00:00+00:00,15010.36281478136,8,17131.06738844002,40.0,0.0023349391542871315,True,75.75178349138777,12.5,0.005,in_sample,<1000
66,0.0759493670886076,2022-12-08 00:00:00+00:00,14935.724752032711,10,24239.687154860876,40.0,0.0016501863140580446,True,75.43218729521242,10.0,0.005,in_sample,<1000
67,0.07710011507479862,2022-12-09 00:00:00+00:00,14737.191681425267,8,13645.988513518903,40.0,0.0029312643756348265,True,75.55217129394444,12.5,0.005,in_sample,<1000
68,0.07825086306098965,2022-12-10 00:00:00+00:00,14693.331268011563,8,14369.221487445962,40.0,0.0027837277082093156,True,75.39298062468072,12.5,0.005,in_sample,<1000
69,0.07940161104718067,2022-12-11 00:00:00+00:00,14653.331268011563,10,26218.366385303514,40.0,0.001525648067166445,False,75.00771576775614,10.0,0.005,in_sample,<1000
70,0.0805523590333717,2022-12-12 00:00:00+00:00,14455.37468116017,10,26532.402142189127,40.0,0.001507590597550761,False,74.55250483736513,10.0,0.005,in_sample,<1000
71,0.08170310701956271,2022-12-13 00:00:00+00:00,14791.339537539186,10,25539.461737779893,40.0,0.0015662037207631902,False,74.48525656445327,10.0,0.005,in_sample,<1000
72,0.08285385500575373,2022-12-14 00:00:00+00:00,15024.175698079936,9,22348.31944723094,40.0,0.0017898437551176218,True,74.6266446944624,22.22222222222222,0.005,in_sample,<1000
73,0.08400460299194476,2022-12-15 00:00:00+00:00,15437.807866243196,10,17980.13989327986,40.0,0.0022246767954764435,True,75.89253053053514,40.0,0.005,in_sample,<1000
74,0.08515535097813579,2022-12-16 00:00:00+00:00,15319.238077958147,11,26803.732539649067,40.0,0.0014923294709358306,False,76.64722329195928,36.36363636363637,0.005,in_sample,<1000
75,0.08630609896432681,2022-12-17 00:00:00+00:00,15179.370143352826,12,19819.040385400403,40.0,0.002018261188340168,True,76.61467705452226,33.33333333333333,0.005,in_sample,<1000
76,0.08745684695051784,2022-12-18 00:00:00+00:00,15139.370143352826,13,24915.09501771315,40.0,0.001605452436427089,True,76.55945964392548,30.76923076923077,0.005,in_sample,<1000
77,0.08860759493670886,2022-12-19 00:00:00+00:00,15380.157040878961,13,28952.655684600908,40.0,0.0013815658375433539,False,76.3160667119718,30.76923076923077,0.005,in_sample,<1000
78,0.08975834292289989,2022-12-20 00:00:00+00:00,14918.687932926023,11,24873.065303052772,40.0,0.0016081652788926919,True,75.93671842490505,18.181818181818183,0.005,in_sample,<1000
79,0.09090909090909091,2022-12-21 00:00:00+00:00,15374.859596300761,11,11714.902376489072,40.0,0.003414454402989904,True,76.40200598841126,45.45454545454545,0.005,in_sample,<1000
80,0.09205983889528194,2022-12-22 00:00:00+00:00,15277.587514501622,12,19217.016420091386,40.0,0.002081488568546989,True,76.56481548667358,33.33333333333333,0.005,in_sample,<1000
81,0.09321058688147296,2022-12-23 00:00:00+00:00,15208.566674529235,14,13687.257219816765,40.0,0.002922426265365055,True,76.43928635126758,42.857142857142854,0.005,in_sample,<1000
82,0.09436133486766399,2022-12-24 00:00:00+00:00,15251.082702087413,13,13687.257219816765,40.0,0.002922426265365055,True,76.3648348930682,46.15384615384615,0.005,in_sample,<1000
83,0.09551208285385501,2022-12-25 00:00:00+00:00,15211.082702087413,14,18535.830595522086,40.0,0.002157982605304089,True,76.35701908002314,42.857142857142854,0.005,in_sample,<1000
84,0.09666283084004602,2022-12-26 00:00:00+00:00,15091.477559763032,14,18535.830595522086,40.0,0.002157982605304089,True,76.3152015390352,35.714285714285715,0.005,in_sample,<1000
85,0.09781357882623705,2022-12-27 00:00:00+00:00,15210.79632754786,15,24061.61825143592,40.0,0.0016623985794310791,True,76.53439365117596,33.33333333333333,0.005,in_sample,<1000
86,0.09896432681242807,2022-12-28 00:00:00+00:00,15321.364602348514,13,30189.437476779458,40.0,0.0013249667215815613,False,76.41585929946008,23.076923076923077,0.005,in_sample,<1000
87,0.1001150747986191,2022-12-29 00:00:00+00:00,15028.9611060685,14,15863.307849277528,40.0,0.002521542189060004,True,76.20232991130551,35.714285714285715,0.005,in_sample,<1000
88,0.10126582278481013,2022-12-30 00:00:00+00:00,14812.980449163339,12,23178.479857713035,40.0,0.0017257387130454683,True,75.96661451676948,25.0,0.005,in_sample,<1000
89,0.10241657077100115,2022-12-31 00:00:00+00:00,14832.324584743552,11,15679.82086448416,40.0,0.002551049552524077,True,76.0035188254836,27.27272727272727,0.005,in_sample,<1000
90,0.10356731875719218,2023-01-01 00:00:00+00:00,14792.324584743552,11,15719.82086448416,40.0,0.002544558258317824,True,76.0035188254836,27.27272727272727,0.005,in_sample,<1000
91,0.1047180667433832,2023-01-02 00:00:00+00:00,14752.324584743552,11,15759.82086448416,40.0,0.00253809991521812,True,76.0035188254836,27.27272727272727,0.005,in_sample,<1000
92,0.10586881472957423,2023-01-03 00:00:00+00:00,14679.522220017268,10,6108.335625860931,40.0,0.00654842864734733,True,75.61663283724968,40.0,0.005,in_sample,<1000
93,0.10701956271576525,2023-01-04 00:00:00+00:00,14508.672396011236,6,3002.25108185651,0.0,0.0,False,75.65935298432605,33.33333333333333,0.005,in_sample,<1000
94,0.10817031070195628,2023-01-05 00:00:00+00:00,14508.672396011236,7,3002.25108185651,0.0,0.0,False,75.2142114122875,42.857142857142854,0.005,in_sample,<1000
95,0.1093210586881473,2023-01-06 00:00:00+00:00,14428.531472616178,7,1711.9656633854754,0.0,0.0,False,74.59659193356572,71.42857142857143,0.005,in_sample,<1000
96,0.11047180667433831,2023-01-07 00:00:00+00:00,14428.531472616178,8,1711.9656633854754,0.0,0.0,False,74.28985011225511,62.5,0.005,in_sample,<1000
97,0.11162255466052934,2023-01-08 00:00:00+00:00,14428.531472616178,8,1711.9656633854754,0.0,0.0,False,74.28985011225511,62.5,0.005,in_sample,<1000
98,0.11277330264672036,2023-01-09 00:00:00+00:00,14565.5224247248,9,28023.955196802384,40.0,0.0014273502694068009,False,74.19547027214286,22.22222222222222,0.005,in_sample,<1000
99,0.11392405063291139,2023-01-10 00:00:00+00:00,14714.659427891009,8,17140.45919577943,40.0,0.0023336597662359814,True,74.68946248773919,25.0,0.005,in_sample,<1000
100,0.11507479861910241,2023-01-11 00:00:00+00:00,14725.135911401207,9,23724.855626882265,40.0,0.001685995507373146,True,74.71868511309695,33.33333333333333,0.005,in_sample,<1000
101,0.11622554660529344,2023-01-12 00:00:00+00:00,14511.080557772895,9,22664.834502209327,40.0,0.001764848536445341,True,74.36600973869389,22.22222222222222,0.005,in_sample,<1000
102,0.11737629459148446,2023-01-13 00:00:00+00:00,14397.730571171498,8,11392.623137545528,40.0,0.0035110439024508763,True,73.37893518969918,50.0,0.005,in_sample,<1000
103,0.11852704257767549,2023-01-14 00:00:00+00:00,14237.724379952415,7,1661.9199939925106,0.0,0.0,False,73.38557169089789,57.14285714285714,0.005,in_sample,<1000
104,0.11967779056386652,2023-01-15 00:00:00+00:00,14237.724379952415,8,1661.9199939925106,0.0,0.0,False,73.11095296700591,50.0,0.005,in_sample,<1000
105,0.12082853855005754,2023-01-16 00:00:00+00:00,14424.890093279504,8,1778.9510491786782,0.0,0.0,False,72.82936027693812,50.0,0.005,in_sample,<1000
106,0.12197928653624857,2023-01-17 00:00:00+00:00,14390.27212550991,8,1661.9199939925106,0.0,0.0,False,72.86171818280945,50.0,0.005,in_sample,<1000
107,0.12313003452243959,2023-01-18 00:00:00+00:00,14120.595908028768,10,12911.43960049786,40.0,0.0030980278913636874,True,72.44652616878292,40.0,0.005,in_sample,<1000
108,0.12428078250863062,2023-01-19 00:00:00+00:00,14069.014065593508,4,1661.9199939925106,0.0,0.0,False,71.58586817696391,50.0,0.005,in_sample,<1000
109,0.12543153049482164,2023-01-20 00:00:00+00:00,14054.20395948848,7,14971.8731219229,40.0,0.0026716763944138098,True,70.69522765257719,42.857142857142854,0.005,in_sample,<1000
110,0.12658227848101267,2023-01-21 00:00:00+00:00,14014.20395948848,7,15011.8731219229,40.0,0.002664557558882187,True,70.69522765257719,42.857142857142854,0.005,in_sample,<1000
111,0.1277330264672037,2023-01-22 00:00:00+00:00,13974.20395948848,8,18627.22686388952,40.0,0.0021473942574642413,True,70.61720167068535,37.5,0.005,in_sample,<1000
112,0.12888377445339472,2023-01-23 00:00:00+00:00,13859.092157495694,7,23692.05910507922,40.0,0.0016883294028008145,True,70.37721891195586,14.285714285714285,0.005,in_sample,<1000
113,0.13003452243958574,2023-01-24 00:00:00+00:00,14204.628598228766,8,11585.477775008898,40.0,0.003452598224846992,True,70.94940290774612,37.5,0.005,in_sample,<1000
114,0.13118527042577677,2023-01-25 00:00:00+00:00,14084.02362550831,8,18599.000927656965,40.0,0.002150653153660499,True,71.11426018577279,25.0,0.005,in_sample,<1000
115,0.1323360184119678,2023-01-26 00:00:00+00:00,13952.581427852258,8,18599.000927656965,40.0,0.002150653153660499,True,70.91119417976243,25.0,0.005,in_sample,<1000
116,0.1334867663981588,2023-01-27 00:00:00+00:00,13913.536381708751,7,16112.15705078859,40.0,0.002482597449485651,True,70.80036526372646,14.285714285714285,0.005,in_sample,<1000
117,0.13463751438434982,2023-01-28 00:00:00+00:00,13798.368501406569,7,16112.15705078859,40.0,0.002482597449485651,True,70.80036526372646,14.285714285714285,0.005,in_sample,<1000
118,0.13578826237054084,2023-01-29 00:00:00+00:00,13681.670809059442,8,15012.919687485319,40.0,0.002664371809924739,True,70.1978635105094,12.5,0.005,in_sample,<1000
119,0.13693901035673187,2023-01-30 00:00:00+00:00,13648.284941068847,10,25720.909657225035,40.0,0.0015551549510910844,False,69.35768114632569,10.0,0.005,in_sample,<1000
120,0.1380897583429229,2023-01-31 00:00:00+00:00,13810.120576323172,11,28136.007103995642,40.0,0.0014216658338247125,False,69.27972695847129,9.090909090909092,0.005,in_sample,<1000
121,0.13924050632911392,2023-02-01 00:00:00+00:00,14041.326565860569,11,19330.453118166675,40.0,0.002069273790711516,True,69.63703752646376,18.181818181818183,0.005,in_sample,<1000
122,0.14039125431530494,2023-02-02 00:00:00+00:00,14450.245278052578,9,11135.573289880518,40.0,0.0035920916650380367,True,70.08159471750528,22.22222222222222,0.005,in_sample,<1000
123,0.14154200230149597,2023-02-03 00:00:00+00:00,14093.29960591051,10,5925.429126454588,40.0,0.006750565933092771,True,70.16658109143194,50.0,0.005,in_sample,<1000
124,0.142692750287687,2023-02-04 00:00:00+00:00,14053.29960591051,10,5925.429126454588,40.0,0.006750565933092771,True,70.16658109143194,50.0,0.005,in_sample,<1000
125,0.14384349827387802,2023-02-05 00:00:00+00:00,14013.29960591051,10,5925.429126454588,40.0,0.006750565933092771,True,70.16658109143194,50.0,0.005,in_sample,<1000
126,0.14499424626006904,2023-02-06 00:00:00+00:00,13898.763681265656,10,6785.467012527095,40.0,0.005894951655671361,True,69.81560105376442,50.0,0.005,in_sample,<1000
127,0.14614499424626007,2023-02-07 00:00:00+00:00,14092.402023752842,8,7090.450906703723,40.0,0.005641390163520021,True,69.74015766162425,37.5,0.005,in_sample,<1000
128,0.1472957422324511,2023-02-08 00:00:00+00:00,14424.348525513138,8,27783.037790736133,40.0,0.0014397273725530995,False,71.02317261935565,25.0,0.005,in_sample,<1000
129,0.14844649021864212,2023-02-09 00:00:00+00:00,14148.887154801992,9,22163.01494429216,40.0,0.0018048086012007836,True,71.11713947927437,22.22222222222222,0.005,in_sample,<1000
130,0.14959723820483314,2023-02-10 00:00:00+00:00,13929.196520224436,6,8736.772407371347,40.0,0.0045783497766579565,True,70.38695329341988,33.33333333333333,0.005,in_sample,<1000
131,0.15074798619102417,2023-02-11 00:00:00+00:00,13889.196520224436,6,8736.772407371347,40.0,0.0045783497766579565,True,70.38695329341988,33.33333333333333,0.005,in_sample,<1000
132,0.1518987341772152,2023-02-12 00:00:00+00:00,13849.196520224436,8,12861.577726352432,40.0,0.003110038352296618,True,70.15171062034545,25.0,0.005,in_sample,<1000
133,0.15304948216340622,2023-02-13 00:00:00+00:00,13664.471734535893,9,16084.632495576558,40.0,0.002486845752366454,True,69.94844929282701,22.22222222222222,0.005,in_sample,<1000
134,0.15420023014959724,2023-02-14 00:00:00+00:00,13249.169169886894,7,12861.577726352432,40.0,0.003110038352296618,True,68.43170816981156,42.857142857142854,0.005,in_sample,<1000
135,0.15535097813578827,2023-02-15 00:00:00+00:00,13793.683017649048,7,18973.17440312041,40.0,0.002108239725737272,True,68.95894696798635,28.57142857142857,0.005,in_sample,<1000
136,0.1565017261219793,2023-02-16 00:00:00+00:00,13818.879488756182,6,15429.831051802923,40.0,0.002592380944788513,True,69.09660420255152,33.33333333333333,0.005,in_sample,<1000
137,0.15765247410817032,2023-02-17 00:00:00+00:00,13757.777361256596,7,15429.831051802923,40.0,0.002592380944788513,True,69.18274344714295,28.57142857142857,0.005,in_sample,<1000
138,0.15880322209436135,2023-02-18 00:00:00+00:00,13717.777361256596,8,21259.550521363617,40.0,0.0018815073234875873,True,69.13351136703547,25.0,0.005,in_sample,<1000
139,0.15995397008055237,2023-02-19 00:00:00+00:00,13673.921893879233,8,26275.417454049966,40.0,0.0015223354707856256,False,69.06791287023736,25.0,0.005,in_sample,<1000
140,0.1611047180667434,2023-02-20 00:00:00+00:00,13487.666149892426,11,18948.158054402633,40.0,0.0021110231340246786,True,68.41667050215644,36.36363636363637,0.005,in_sample,<1000
141,0.1622554660529344,2023-02-21 00:00:00+00:00,13300.54266629836,11,14744.399160937897,40.0,0.002712894541404669,True,68.09635034165476,36.36363636363637,0.005,in_sample,<1000
142,0.16340621403912542,2023-02-22 00:00:00+00:00,13258.400209518582,10,14744.399160937897,40.0,0.002712894541404669,True,68.10453528128885,40.0,0.005,in_sample,<1000
143,0.16455696202531644,2023-02-23 00:00:00+00:00,13218.400209518582,10,14744.399160937897,40.0,0.002712894541404669,True,68.10453528128885,40.0,0.005,in_sample,<1000
144,0.16570771001150747,2023-02-24 00:00:00+00:00,13337.384819261613,11,14744.399160937897,40.0,0.002712894541404669,True,67.89315969736008,36.36363636363637,0.005,in_sample,<1000
145,0.1668584579976985,2023-02-25 00:00:00+00:00,13297.384819261613,11,14744.399160937897,40.0,0.002712894541404669,True,67.89315969736008,36.36363636363637,0.005,in_sample,<1000
146,0.16800920598388952,2023-02-26 00:00:00+00:00,13424.8399171077,10,10619.593841956812,40.0,0.003766622395855153,True,67.73787740698386,40.0,0.005,in_sample,<1000
147,0.16915995397008055,2023-02-27 00:00:00+00:00,13618.205198208327,11,11931.97138399702,40.0,0.0033523379090271196,True,67.94094790921285,36.36363636363637,0.005,in_sample,<1000
148,0.17031070195627157,2023-02-28 00:00:00+00:00,13366.67440381512,10,9938.738874859402,40.0,0.0040246554923766276,True,68.00073176692409,40.0,0.005,in_sample,<1000
149,0.1714614499424626,2023-03-01 00:00:00+00:00,13668.140586453323,6,6214.814527306331,40.0,0.006436233909193921,True,68.07183152782962,50.0,0.005,in_sample,<1000
150,0.17261219792865362,2023-03-02 00:00:00+00:00,13652.644440928485,9,36817.14793292492,40.0,0.0010864502615160125,False,68.61972074600043,22.22222222222222,0.005,in_sample,<1000
151,0.17376294591484465,2023-03-03 00:00:00+00:00,13459.107579393705,7,24366.9674403764,40.0,0.0016415666043743896,True,68.76260959686725,14.285714285714285,0.005,in_sample,<1000
152,0.17491369390103567,2023-03-04 00:00:00+00:00,13336.704493370973,5,14934.145347631136,40.0,0.002678425786604844,True,69.00340798045553,20.0,0.005,in_sample,<1000
153,0.1760644418872267,2023-03-05 00:00:00+00:00,13296.704493370973,7,14934.145347631136,40.0,0.002678425786604844,True,68.3405835479982,14.285714285714285,0.005,in_sample,<1000
154,0.17721518987341772,2023-03-06 00:00:00+00:00,13284.15392974782,11,29333.923157229983,40.0,0.001363608944688366,False,67.40146516885838,9.090909090909092,0.005,in_sample,<1000
155,0.17836593785960875,2023-03-07 00:00:00+00:00,13667.060488672947,8,15146.609515306855,40.0,0.0026408550348892812,True,67.10119960057085,0.0,0.005,in_sample,<1000
156,0.17951668584579977,2023-03-08 00:00:00+00:00,13557.436222865304,8,18371.202132582544,40.0,0.0021773207714620565,True,67.30767209763458,0.0,0.005,in_sample,<1000
157,0.1806674338319908,2023-03-09 00:00:00+00:00,13438.198821475185,8,20313.134826088433,40.0,0.0019691692268308807,True,67.29725299463594,0.0,0.005,in_sample,<1000
158,0.18181818181818182,2023-03-10 00:00:00+00:00,13102.400809495623,5,11081.899990789378,40.0,0.0036094893504945583,True,67.0040849923044,0.0,0.005,in_sample,<1000
159,0.18296892980437285,2023-03-11 00:00:00+00:00,13062.400809495623,6,11081.899990789378,40.0,0.0036094893504945583,True,66.75540483483336,0.0,0.005,in_sample,<1000
160,0.18411967779056387,2023-03-12 00:00:00+00:00,13022.400809495623,7,11081.899990789378,40.0,0.0036094893504945583,True,66.54920472235403,0.0,0.005,in_sample,<1000
161,0.1852704257767549,2023-03-13 00:00:00+00:00,12833.725702175836,11,31532.671800707256,40.0,0.0012685255551070313,False,66.16259427861381,0.0,0.005,in_sample,<1000
162,0.18642117376294592,2023-03-14 00:00:00+00:00,12961.430557600319,12,28882.14774332018,40.0,0.0013849385563527263,False,65.81771877870116,8.333333333333332,0.005,in_sample,<1000
163,0.18757192174913695,2023-03-15 00:00:00+00:00,12690.686133723157,12,29073.479213185008,40.0,0.0013758243279620881,False,64.982380659279,16.666666666666664,0.005,in_sample,<1000
164,0.18872266973532797,2023-03-16 00:00:00+00:00,12490.205973155224,10,22875.00136423372,40.0,0.0017486337754952935,True,64.2302815434764,30.0,0.005,in_sample,<1000
165,0.189873417721519,2023-03-17 00:00:00+00:00,12707.023113321009,9,6528.594188983985,40.0,0.006126893300780426,True,63.82719712150592,55.55555555555556,0.005,in_sample,<1000
166,0.19102416570771003,2023-03-18 00:00:00+00:00,12663.632240266901,10,8744.822505821441,40.0,0.004574135149498111,True,63.67697786697313,50.0,0.005,in_sample,<1000
167,0.19217491369390102,2023-03-19 00:00:00+00:00,12551.821728252784,12,12471.714296915885,40.0,0.0032072575628108763,True,63.53641851397304,41.66666666666667,0.005,in_sample,<1000
168,0.19332566168009205,2023-03-20 00:00:00+00:00,12651.714422003377,13,21197.400649425974,40.0,0.0018870238224743467,True,63.77804058704867,30.76923076923077,0.005,in_sample,<1000
169,0.19447640966628307,2023-03-21 00:00:00+00:00,12974.047588669242,13,26984.71391404167,40.0,0.0014823206993195412,False,64.2072861609337,30.76923076923077,0.005,in_sample,<1000
170,0.1956271576524741,2023-03-22 00:00:00+00:00,12671.104768025943,13,21408.21505394175,40.0,0.0018684416192201448,True,63.976237539427935,38.46153846153847,0.005,in_sample,<1000
171,0.19677790563866512,2023-03-23 00:00:00+00:00,12427.192283301414,12,15092.271866831761,40.0,0.0026503630701158964,True,63.401189433675164,50.0,0.005,in_sample,<1000
172,0.19792865362485615,2023-03-24 00:00:00+00:00,12831.800629814856,9,6064.23815152482,40.0,0.006596047021989434,True,63.78641724873839,66.66666666666666,0.005,in_sample,<1000
173,0.19907940161104717,2023-03-25 00:00:00+00:00,12980.371484032463,9,6064.23815152482,40.0,0.006596047021989434,True,63.922288555826285,66.66666666666666,0.005,in_sample,<1000
174,0.2002301495972382,2023-03-26 00:00:00+00:00,12940.371484032463,9,6064.23815152482,40.0,0.006596047021989434,True,63.922288555826285,66.66666666666666,0.005,in_sample,<1000
175,0.20138089758342922,2023-03-27 00:00:00+00:00,13125.734915528974,8,6064.23815152482,40.0,0.006596047021989434,True,64.09621833133177,62.5,0.005,in_sample,<1000
177,0.20368239355581128,2023-03-29 00:00:00+00:00,13001.918586281137,7,1318.6820774254502,0.0,0.0,False,64.53231853474861,57.14285714285714,0.005,in_sample,<1000
179,0.20598388952819333,2023-03-31 00:00:00+00:00,13576.95248828816,11,29794.621566725196,40.0,0.0013425241837832984,False,67.17795941661133,27.27272727272727,0.005,in_sample,<1000
180,0.20713463751438435,2023-04-01 00:00:00+00:00,13536.95248828816,11,29834.621566725196,40.0,0.0013407242290819714,False,67.17795941661133,27.27272727272727,0.005,in_sample,<1000
181,0.20828538550057538,2023-04-02 00:00:00+00:00,13630.48869312856,11,29434.29707410485,40.0,0.0013589589008799687,False,67.4818549197238,27.27272727272727,0.005,in_sample,<1000
182,0.2094361334867664,2023-04-03 00:00:00+00:00,13432.251906783613,12,11409.688097613061,40.0,0.00350579259115489,True,67.30826484075054,50.0,0.005,in_sample,<1000
184,0.21173762945914845,2023-04-05 00:00:00+00:00,13500.389393429588,11,9123.143178472648,40.0,0.004384453824465419,True,67.38184346813259,45.45454545454545,0.005,in_sample,<1000
185,0.21288837744533948,2023-04-06 00:00:00+00:00,13297.593199503484,8,5473.8798727574285,40.0,0.007307431096373381,True,67.01634981277697,50.0,0.005,in_sample,<1000
186,0.2140391254315305,2023-04-07 00:00:00+00:00,13444.764147862226,10,9833.372309136577,40.0,0.004067780486947942,True,66.80384604294451,40.0,0.005,in_sample,<1000
187,0.21518987341772153,2023-04-08 00:00:00+00:00,13404.764147862226,12,18971.402296887907,40.0,0.0021084366550258465,True,66.87384182567227,33.33333333333333,0.005,in_sample,<1000
188,0.21634062140391255,2023-04-09 00:00:00+00:00,13360.106820195251,11,13197.630274656349,40.0,0.0030308471420670675,True,66.91343285797062,36.36363636363637,0.005,in_sample,<1000
189,0.21749136939010358,2023-04-10 00:00:00+00:00,13105.680571858802,12,16560.816630805894,40.0,0.002415339828447427,True,66.61981663526147,41.66666666666667,0.005,in_sample,<1000
190,0.2186421173762946,2023-04-11 00:00:00+00:00,12951.519647142892,12,18637.624908962658,40.0,0.002146196213057404,True,65.4829544647756,41.66666666666667,0.005,in_sample,<1000
191,0.21979286536248563,2023-04-12 00:00:00+00:00,12894.896507356052,13,11931.142436912347,40.0,0.003352570821403384,True,65.50365299233135,46.15384615384615,0.005,in_sample,<1000
192,0.22094361334867663,2023-04-13 00:00:00+00:00,12579.228391996168,10,6268.310290961912,40.0,0.006381305031704445,True,65.4100138019053,50.0,0.005,in_sample,<1000
193,0.22209436133486765,2023-04-14 00:00:00+00:00,12472.173888502035,12,8926.239281677465,40.0,0.004481170483756402,True,64.84284011351792,41.66666666666667,0.005,in_sample,<1000
194,0.22324510932105868,2023-04-15 00:00:00+00:00,12296.30007823874,12,5885.954938757144,40.0,0.006795838638962847,True,64.61654128482049,41.66666666666667,0.005,in_sample,<1000
195,0.2243958573072497,2023-04-16 00:00:00+00:00,12256.30007823874,12,5925.954938757144,40.0,0.006749966952733737,True,64.61654128482049,41.66666666666667,0.005,in_sample,<1000
196,0.22554660529344073,2023-04-17 00:00:00+00:00,12434.446880684893,13,12283.77033106627,40.0,0.003256329198767092,True,63.69217243969717,23.076923076923077,0.005,in_sample,<1000
197,0.22669735327963175,2023-04-18 00:00:00+00:00,12400.09753355673,14,14920.30342787858,40.0,0.0026809106258026912,True,63.53593393511783,28.57142857142857,0.005,in_sample,<1000
198,0.22784810126582278,2023-04-19 00:00:00+00:00,12747.884477603387,13,6329.203480284514,40.0,0.006319910573992464,True,63.49631693754929,46.15384615384615,0.005,in_sample,<1000
199,0.2289988492520138,2023-04-20 00:00:00+00:00,12368.65109855602,14,14426.043361270124,40.0,0.002772763050705141,True,63.50285392182061,42.857142857142854,0.005,in_sample,<1000
200,0.23014959723820483,2023-04-21 00:00:00+00:00,12129.899141789872,15,19914.04824529912,40.0,0.002008632273422474,True,62.98473444638974,33.33333333333333,0.005,in_sample,<1000
201,0.23130034522439585,2023-04-22 00:00:00+00:00,12089.899141789872,15,19954.04824529912,40.0,0.0020046057576022657,True,62.98473444638974,33.33333333333333,0.005,in_sample,<1000
202,0.23245109321058688,2023-04-23 00:00:00+00:00,12053.310262629167,14,14308.760960408943,40.0,0.002795490127389535,True,63.004756393064966,35.714285714285715,0.005,in_sample,<1000
203,0.2336018411967779,2023-04-24 00:00:00+00:00,12035.157281063302,14,13979.857171793848,40.0,0.0028612595614141982,True,62.32516589191507,35.714285714285715,0.005,in_sample,<1000
204,0.23475258918296893,2023-04-25 00:00:00+00:00,12092.20695861162,9,4519.569187620662,0.0,0.0,False,62.85581130768565,33.33333333333333,0.005,in_sample,<1000
205,0.23590333716915995,2023-04-26 00:00:00+00:00,12007.825064455934,12,13878.652159000641,40.0,0.0028821242539794497,True,62.20214802156273,33.33333333333333,0.005,in_sample,<1000
206,0.23705408515535098,2023-04-27 00:00:00+00:00,12672.577081867037,14,11963.838877545875,40.0,0.0033434084501984818,True,62.766619169017915,42.857142857142854,0.005,in_sample,<1000
208,0.23935558112773303,2023-04-29 00:00:00+00:00,12494.335878726799,8,7662.803706161472,40.0,0.005220021487414193,True,62.51726303418267,25.0,0.005,in_sample,<1000
209,0.24050632911392406,2023-04-30 00:00:00+00:00,12387.490265485549,9,8931.490769125368,40.0,0.004478535670469832,True,62.415703059409196,22.22222222222222,0.005,in_sample,<1000
210,0.24165707710011508,2023-05-01 00:00:00+00:00,12282.631193789979,13,21567.905265685644,40.0,0.0018546075526230943,True,62.12843508092341,15.384615384615385,0.005,in_sample,<1000
211,0.2428078250863061,2023-05-02 00:00:00+00:00,12009.233775406925,6,4372.686102738391,0.0,0.0,False,60.797933869236026,33.33333333333333,0.005,in_sample,<1000
212,0.24395857307249713,2023-05-03 00:00:00+00:00,11649.558202090611,7,10242.33565733772,40.0,0.0039053592206132752,True,60.39358762904702,57.14285714285714,0.005,in_sample,<1000
213,0.24510932105868816,2023-05-04 00:00:00+00:00,11682.556329594423,10,10242.33565733772,40.0,0.0039053592206132752,True,59.71600711181829,50.0,0.005,in_sample,<1000
214,0.24626006904487918,2023-05-05 00:00:00+00:00,11611.388968341862,12,8095.441191556447,40.0,0.004941052507640972,True,59.085946166293716,50.0,0.005,in_sample,<1000
215,0.2474108170310702,2023-05-06 00:00:00+00:00,11697.106840821052,11,2225.7916369571176,0.0,0.0,False,59.02668018480779,54.54545454545454,0.005,in_sample,<1000
216,0.24856156501726123,2023-05-07 00:00:00+00:00,11697.106840821052,11,2225.7916369571176,0.0,0.0,False,59.02668018480779,54.54545454545454,0.005,in_sample,<1000
217,0.24971231300345226,2023-05-08 00:00:00+00:00,11789.457848553931,11,4398.012229537582,0.0,0.0,False,58.926782036238244,45.45454545454545,0.005,in_sample,<1000
218,0.2508630609896433,2023-05-09 00:00:00+00:00,11789.457848553931,11,4398.012229537582,0.0,0.0,False,58.926782036238244,45.45454545454545,0.005,in_sample,<1000
219,0.2520138089758343,2023-05-10 00:00:00+00:00,11804.315950415385,10,2172.220592580464,0.0,0.0,False,58.98855288151733,40.0,0.005,in_sample,<1000
220,0.25316455696202533,2023-05-11 00:00:00+00:00,12022.772739296748,12,16659.867739307378,40.0,0.002400979445090299,True,59.8442152612763,50.0,0.005,in_sample,<1000
221,0.25431530494821636,2023-05-12 00:00:00+00:00,11969.979830922035,7,5300.4472015747815,40.0,0.007546533052553728,True,59.85564638143162,71.42857142857143,0.005,in_sample,<1000
222,0.2554660529344074,2023-05-13 00:00:00+00:00,11929.979830922035,8,7497.644154381802,40.0,0.005335009127716877,True,59.85492797807894,62.5,0.005,in_sample,<1000
223,0.2566168009205984,2023-05-14 00:00:00+00:00,11976.08538131983,7,7497.644154381802,40.0,0.005335009127716877,True,59.827074952860194,71.42857142857143,0.005,in_sample,<1000
227,0.2612197928653625,2023-05-18 00:00:00+00:00,12639.241392023938,11,8736.184519417533,40.0,0.0045786578695875485,True,62.19249949025361,72.72727272727273,0.005,in_sample,<1000
228,0.26237054085155354,2023-05-19 00:00:00+00:00,12639.861468225754,12,8736.184519417533,40.0,0.0045786578695875485,True,62.2764001444932,66.66666666666666,0.005,in_sample,<1000
229,0.26352128883774456,2023-05-20 00:00:00+00:00,12599.861468225754,12,8736.184519417533,40.0,0.0045786578695875485,True,62.2764001444932,66.66666666666666,0.005,in_sample,<1000
230,0.2646720368239356,2023-05-21 00:00:00+00:00,12559.861468225754,12,8736.184519417533,40.0,0.0045786578695875485,True,62.2764001444932,66.66666666666666,0.005,in_sample,<1000
231,0.26582278481012656,2023-05-22 00:00:00+00:00,13027.74068268692,13,4244.253702819963,0.0,0.0,False,62.646201869074815,61.53846153846154,0.005,in_sample,<1000
232,0.2669735327963176,2023-05-23 00:00:00+00:00,13053.517845224911,12,1316.7804685163726,0.0,0.0,False,63.432334263232555,66.66666666666666,0.005,in_sample,<1000
233,0.2681242807825086,2023-05-24 00:00:00+00:00,13599.50429453625,12,5067.405696641556,40.0,0.007893585474419419,True,64.10732985299126,58.333333333333336,0.005,in_sample,<1000
234,0.26927502876869963,2023-05-25 00:00:00+00:00,13752.326199403651,9,1316.7804685163726,0.0,0.0,False,64.20804925204699,55.55555555555556,0.005,in_sample,<1000
235,0.27042577675489066,2023-05-26 00:00:00+00:00,13642.28560207009,13,11652.522437620846,40.0,0.0034327331454739513,True,65.52833525357634,46.15384615384615,0.005,in_sample,<1000
236,0.2715765247410817,2023-05-27 00:00:00+00:00,13602.28560207009,13,11692.522437620846,40.0,0.003420989800395804,True,65.52833525357634,46.15384615384615,0.005,in_sample,<1000
237,0.2727272727272727,2023-05-28 00:00:00+00:00,13562.28560207009,13,11732.522437620846,40.0,0.003409326529113488,True,65.52833525357634,46.15384615384615,0.005,in_sample,<1000
238,0.27387802071346373,2023-05-29 00:00:00+00:00,13830.893060281618,11,5098.428107743814,40.0,0.007845555366220714,True,65.19301640910368,45.45454545454545,0.005,in_sample,<1000
239,0.27502876869965476,2023-05-30 00:00:00+00:00,14047.377051479347,13,10529.903116696805,40.0,0.0037987054160615926,True,66.98587427338947,46.15384615384615,0.005,in_sample,<1000
240,0.2761795166858458,2023-05-31 00:00:00+00:00,13957.609298961223,15,9391.943175061027,40.0,0.0042589695502219735,True,67.75809012138112,46.666666666666664,0.005,in_sample,<1000
241,0.2773302646720368,2023-06-01 00:00:00+00:00,13697.748328272917,13,6298.099200989424,40.0,0.006351122572619378,True,67.4231862835269,53.84615384615385,0.005,in_sample,<1000
242,0.27848101265822783,2023-06-02 00:00:00+00:00,13814.453832486019,12,4981.3187324730525,0.0,0.0,False,67.81427648024895,58.333333333333336,0.005,in_sample,<1000
243,0.27963176064441886,2023-06-03 00:00:00+00:00,13948.850420291627,11,4981.3187324730525,0.0,0.0,False,67.57585750050823,63.63636363636363,0.005,in_sample,<1000
244,0.2807825086306099,2023-06-04 00:00:00+00:00,13948.850420291627,12,4981.3187324730525,0.0,0.0,False,67.75655705058739,58.333333333333336,0.005,in_sample,<1000
245,0.2819332566168009,2023-06-05 00:00:00+00:00,13868.396566245556,13,9633.775921030494,40.0,0.004152058375437212,True,67.8250588470852,53.84615384615385,0.005,in_sample,<1000
246,0.28308400460299193,2023-06-06 00:00:00+00:00,13686.68842343278,17,12480.08755172827,40.0,0.003205105720148631,True,67.94470684721223,41.17647058823529,0.005,in_sample,<1000
247,0.28423475258918296,2023-06-07 00:00:00+00:00,13712.036787710189,14,5083.466813040823,40.0,0.007868645841728795,True,67.66732918735633,50.0,0.005,in_sample,<1000
248,0.285385500575374,2023-06-08 00:00:00+00:00,13875.274136507534,16,9961.584464435682,40.0,0.004015425472002558,True,67.83786906659151,43.75,0.005,in_sample,<1000
249,0.286536248561565,2023-06-09 00:00:00+00:00,13612.17423159688,13,14859.834737762227,40.0,0.0026918199768635976,True,68.23288694871657,30.76923076923077,0.005,in_sample,<1000
250,0.28768699654775604,2023-06-10 00:00:00+00:00,13604.228826270795,11,4978.491559187012,0.0,0.0,False,68.08099779202063,36.36363636363637,0.005,in_sample,<1000
251,0.28883774453394706,2023-06-11 00:00:00+00:00,13604.228826270795,11,4978.491559187012,0.0,0.0,False,68.08099779202063,36.36363636363637,0.005,in_sample,<1000
252,0.2899884925201381,2023-06-12 00:00:00+00:00,13564.228826270795,16,20943.77279291163,40.0,0.0019098755699612014,True,68.06229352306228,25.0,0.005,in_sample,<1000
253,0.2911392405063291,2023-06-13 00:00:00+00:00,13927.884915746103,12,8676.950699925246,40.0,0.004609914402342359,True,67.81391857441709,25.0,0.005,in_sample,<1000
254,0.29228998849252014,2023-06-14 00:00:00+00:00,13980.25464850733,15,15449.129498277349,40.0,0.002589142644215662,True,68.17901977527978,26.666666666666668,0.005,in_sample,<1000
255,0.29344073647871116,2023-06-15 00:00:00+00:00,14149.116213848465,14,20718.59120574154,40.0,0.0019306331981160567,True,68.32353234748494,21.428571428571427,0.005,in_sample,<1000
256,0.2945914844649022,2023-06-16 00:00:00+00:00,14372.857344390122,14,17043.666915843776,40.0,0.002346912797434221,True,68.90579433967085,28.57142857142857,0.005,in_sample,<1000
257,0.2957422324510932,2023-06-17 00:00:00+00:00,14324.961101217115,13,8315.22666688745,40.0,0.004810452150304734,True,68.74888766816535,30.76923076923077,0.005,in_sample,<1000
258,0.29689298043728424,2023-06-18 00:00:00+00:00,14284.961101217115,15,14752.084054010822,40.0,0.002711481296713784,True,69.13234337988804,26.666666666666668,0.005,in_sample,<1000
259,0.29804372842347526,2023-06-19 00:00:00+00:00,14285.429374783173,16,24318.9815380045,40.0,0.0016448057225377625,True,69.43096172570193,18.75,0.005,in_sample,<1000
260,0.2991944764096663,2023-06-20 00:00:00+00:00,14399.960182066434,15,28739.485141187266,40.0,0.0013918133816070008,False,69.88248428628349,26.666666666666668,0.005,in_sample,<1000
261,0.3003452243958573,2023-06-21 00:00:00+00:00,14427.412032575454,14,25944.635920564615,40.0,0.001541744510212788,False,69.7832309216173,28.57142857142857,0.005,in_sample,<1000
262,0.30149597238204834,2023-06-22 00:00:00+00:00,14387.412032575454,14,25984.635920564615,40.0,0.0015393711931266053,False,69.7832309216173,28.57142857142857,0.005,in_sample,<1000
263,0.30264672036823936,2023-06-23 00:00:00+00:00,14162.598850814682,7,610.5794478788077,0.0,0.0,False,68.40498196109061,28.57142857142857,0.005,in_sample,<1000
264,0.3037974683544304,2023-06-24 00:00:00+00:00,14194.413291007073,4,610.5794478788077,0.0,0.0,False,67.47556840648488,50.0,0.005,in_sample,<1000
265,0.3049482163406214,2023-06-25 00:00:00+00:00,14194.413291007073,4,610.5794478788077,0.0,0.0,False,67.47556840648488,50.0,0.005,in_sample,<1000
266,0.30609896432681244,2023-06-26 00:00:00+00:00,13983.246723300796,12,7912.633762628624,40.0,0.005055206799652479,True,69.63748320960546,25.0,0.005,in_sample,<1000
267,0.30724971231300346,2023-06-27 00:00:00+00:00,13795.331605022458,18,21675.097277670728,40.0,0.0018454357776381118,True,69.42062443563701,22.22222222222222,0.005,in_sample,<1000
268,0.3084004602991945,2023-06-28 00:00:00+00:00,13765.535149827923,15,17138.09571027015,40.0,0.0023339815972686895,True,69.22613491012359,20.0,0.005,in_sample,<1000
269,0.3095512082853855,2023-06-29 00:00:00+00:00,13637.638420330473,13,10216.25546952477,40.0,0.003915328871651707,True,68.93453079532536,30.76923076923077,0.005,in_sample,<1000
270,0.31070195627157654,2023-06-30 00:00:00+00:00,13421.99910914404,13,10431.894780711202,40.0,0.0038343945027092164,True,68.82582500180762,30.76923076923077,0.005,in_sample,<1000
271,0.31185270425776757,2023-07-01 00:00:00+00:00,13451.026208539999,12,8036.524955094835,40.0,0.004977275653781378,True,68.76616808233989,33.33333333333333,0.005,in_sample,<1000
272,0.3130034522439586,2023-07-02 00:00:00+00:00,13411.026208539999,12,8076.524955094835,40.0,0.004952625073580339,True,68.76616808233989,33.33333333333333,0.005,in_sample,<1000
273,0.3141542002301496,2023-07-03 00:00:00+00:00,13551.058433284585,12,15626.539243297184,40.0,0.002559747835219338,True,68.13580885327266,16.666666666666664,0.005,in_sample,<1000
274,0.31530494821634064,2023-07-04 00:00:00+00:00,13057.361066061207,14,9496.024136593573,40.0,0.004212289209107766,True,67.2676022185321,35.714285714285715,0.005,in_sample,<1000
275,0.31645569620253167,2023-07-05 00:00:00+00:00,13201.619199050117,11,9496.024136593573,40.0,0.004212289209107766,True,67.43240831853883,27.27272727272727,0.005,in_sample,<1000
276,0.3176064441887227,2023-07-06 00:00:00+00:00,13046.636911583819,11,11055.759815536187,40.0,0.0036180236064634573,True,67.18418784396522,36.36363636363637,0.005,in_sample,<1000
277,0.3187571921749137,2023-07-07 00:00:00+00:00,13149.47965972065,12,4843.024159012049,0.0,0.0,False,67.1742657002511,41.66666666666667,0.005,in_sample,<1000
278,0.31990794016110474,2023-07-08 00:00:00+00:00,13077.037916270883,11,2868.4723450966194,0.0,0.0,False,66.83905973647967,45.45454545454545,0.005,in_sample,<1000
279,0.32105868814729577,2023-07-09 00:00:00+00:00,13077.037916270883,11,2868.4723450966194,0.0,0.0,False,66.83905973647967,45.45454545454545,0.005,in_sample,<1000
280,0.3222094361334868,2023-07-10 00:00:00+00:00,13928.251607363125,9,8167.516511472558,40.0,0.004897449542197279,True,68.5797426806729,22.22222222222222,0.005,in_sample,<1000
281,0.3233601841196778,2023-07-11 00:00:00+00:00,13807.895775227544,7,8167.516511472558,40.0,0.004897449542197279,True,68.4990390138094,0.0,0.005,in_sample,<1000
282,0.3245109321058688,2023-07-12 00:00:00+00:00,13985.88631517682,8,8167.516511472558,40.0,0.004897449542197279,True,68.70283808406873,0.0,0.005,in_sample,<1000
283,0.3256616800920598,2023-07-13 00:00:00+00:00,13873.767253437509,12,11712.078764113634,40.0,0.003415277578439952,True,69.19207696944216,25.0,0.005,in_sample,<1000
284,0.32681242807825084,2023-07-14 00:00:00+00:00,13902.405287963646,14,22309.109842609192,40.0,0.0017929895133512752,True,69.24676868210767,21.428571428571427,0.005,in_sample,<1000
285,0.32796317606444186,2023-07-15 00:00:00+00:00,13855.747789438643,13,14958.954430467093,40.0,0.002673983678868056,True,69.21097962382224,23.076923076923077,0.005,in_sample,<1000
286,0.3291139240506329,2023-07-16 00:00:00+00:00,13815.747789438643,14,17858.538138992477,40.0,0.002239824989519365,True,69.2158195754916,21.428571428571427,0.005,in_sample,<1000
287,0.3302646720368239,2023-07-17 00:00:00+00:00,14186.125555584,13,15024.742344893937,40.0,0.0026622752711359305,True,69.37876758864618,15.384615384615385,0.005,in_sample,<1000
288,0.33141542002301494,2023-07-18 00:00:00+00:00,14521.700154894304,11,26909.948838764732,40.0,0.0014864390950598385,False,69.39684294026436,9.090909090909092,0.005,in_sample,<1000
289,0.33256616800920596,2023-07-19 00:00:00+00:00,14321.206674845838,11,21538.367735643093,40.0,0.001857150945278244,True,69.72939343211854,0.0,0.005,in_sample,<1000
290,0.333716915995397,2023-07-20 00:00:00+00:00,13730.459417300077,9,12586.842774755889,40.0,0.0031779216373643603,True,69.01709159952935,0.0,0.005,in_sample,<1000
291,0.334867663981588,2023-07-21 00:00:00+00:00,13618.862526835686,15,23650.288541472677,40.0,0.0016913112890718771,True,68.63238916469304,20.0,0.005,in_sample,<1000
292,0.33601841196777904,2023-07-22 00:00:00+00:00,13661.628404317047,14,19810.934457585594,40.0,0.0020190869888363104,True,68.65653748830123,21.428571428571427,0.005,in_sample,<1000
293,0.33716915995397007,2023-07-23 00:00:00+00:00,13621.628404317047,14,19850.934457585594,40.0,0.0020150184912184265,True,68.65653748830123,21.428571428571427,0.005,in_sample,<1000
294,0.3383199079401611,2023-07-24 00:00:00+00:00,13754.05786073951,14,19734.337261178625,40.0,0.002026923907836924,True,68.40038751000291,21.428571428571427,0.005,in_sample,<1000
295,0.3394706559263521,2023-07-25 00:00:00+00:00,13940.184772523095,12,14620.965392384789,40.0,0.0027357974611466954,True,68.40056409675469,25.0,0.005,in_sample,<1000
296,0.34062140391254314,2023-07-26 00:00:00+00:00,14527.317521559935,10,11014.544254054505,40.0,0.00363156196728483,True,68.96559744109042,20.0,0.005,in_sample,<1000
297,0.34177215189873417,2023-07-27 00:00:00+00:00,14284.6937217768,8,2281.4868846723684,0.0,0.0,False,68.42239494381452,25.0,0.005,in_sample,<1000
298,0.3429228998849252,2023-07-28 00:00:00+00:00,14656.693079044388,9,15482.127917156788,40.0,0.0025836241771180117,True,70.0857467736592,33.33333333333333,0.005,in_sample,<1000
299,0.3440736478711162,2023-07-29 00:00:00+00:00,14838.148378992037,7,610.5794478788077,0.0,0.0,False,69.87403294585275,42.857142857142854,0.005,in_sample,<1000
300,0.34522439585730724,2023-07-30 00:00:00+00:00,14838.148378992037,8,1201.3364642686113,0.0,0.0,False,70.41362156449117,37.5,0.005,in_sample,<1000
301,0.34637514384349827,2023-07-31 00:00:00+00:00,14820.30817622076,14,21672.47456661116,40.0,0.0018456591044579845,True,72.96505128399893,21.428571428571427,0.005,in_sample,<1000
302,0.3475258918296893,2023-08-01 00:00:00+00:00,15286.444433172266,13,33488.20683401995,40.0,0.0011944503388388315,False,73.48969951769135,7.6923076923076925,0.005,in_sample,<1000
303,0.3486766398158803,2023-08-02 00:00:00+00:00,15324.413645218658,14,34873.120759690144,40.0,0.0011470152119633645,False,74.05297031735212,14.285714285714285,0.005,in_sample,<1000
304,0.34982738780207134,2023-08-03 00:00:00+00:00,15562.449437228042,13,28182.920994040855,40.0,0.0014192992986233688,False,74.10747621340887,15.384615384615385,0.005,in_sample,<1000
305,0.35097813578826237,2023-08-04 00:00:00+00:00,15729.134785882474,11,27470.56686731027,40.0,0.0014561039163556411,False,77.68663436592321,36.36363636363637,0.005,in_sample,<1000
306,0.3521288837744534,2023-08-05 00:00:00+00:00,15689.134785882474,12,27470.56686731027,40.0,0.0014561039163556411,False,77.7665543295473,33.33333333333333,0.005,in_sample,<1000
307,0.3532796317606444,2023-08-06 00:00:00+00:00,15481.428128332162,14,20364.297705478297,40.0,0.001964221923019688,True,77.58058936850439,28.57142857142857,0.005,in_sample,<1000
308,0.35443037974683544,2023-08-07 00:00:00+00:00,14635.963710689852,10,9844.330366143002,40.0,0.004063252502940122,True,77.24469112026767,20.0,0.005,in_sample,<1000
309,0.35558112773302647,2023-08-08 00:00:00+00:00,14201.310811888603,11,7755.887407566963,40.0,0.005157372444702376,True,74.08490167032582,54.54545454545454,0.005,in_sample,<1000
310,0.3567318757192175,2023-08-09 00:00:00+00:00,14161.310811888603,11,7755.887407566963,40.0,0.005157372444702376,True,74.08490167032582,54.54545454545454,0.005,in_sample,<1000
311,0.3578826237054085,2023-08-10 00:00:00+00:00,14149.59633915154,11,12174.184065175603,40.0,0.003285641139139704,True,73.15361929832359,45.45454545454545,0.005,in_sample,<1000
312,0.35903337169159955,2023-08-11 00:00:00+00:00,14427.660524402696,10,17985.200021137163,40.0,0.0022240508836704554,True,72.79244511153385,30.0,0.005,in_sample,<1000
313,0.36018411967779057,2023-08-12 00:00:00+00:00,14269.972844756016,8,3770.2389196758195,0.0,0.0,False,72.72087523059264,37.5,0.005,in_sample,<1000
314,0.3613348676639816,2023-08-13 00:00:00+00:00,14269.972844756016,8,3770.2389196758195,0.0,0.0,False,72.72087523059264,37.5,0.005,in_sample,<1000
315,0.3624856156501726,2023-08-14 00:00:00+00:00,14586.039439022808,11,21912.230761725295,40.0,0.0018254645286900281,True,72.31509749039115,27.27272727272727,0.005,in_sample,<1000
316,0.36363636363636365,2023-08-15 00:00:00+00:00,14325.171623349335,13,15750.528284493412,40.0,0.0025395973568315476,True,72.9639816271828,30.76923076923077,0.005,in_sample,<1000
317,0.36478711162255467,2023-08-16 00:00:00+00:00,14507.154663713867,7,3267.9365353297494,0.0,0.0,False,72.55073077199532,42.857142857142854,0.005,in_sample,<1000
318,0.3659378596087457,2023-08-17 00:00:00+00:00,14534.16465951443,10,6813.536710383076,40.0,0.005870666248711103,True,72.79122174234155,40.0,0.005,in_sample,<1000
319,0.3670886075949367,2023-08-18 00:00:00+00:00,15456.12775787748,8,11042.508424620139,40.0,0.0036223653595605925,True,73.19414342131012,25.0,0.005,in_sample,<1000
320,0.36823935558112775,2023-08-19 00:00:00+00:00,15488.109557130823,7,5794.604229750954,40.0,0.0069029735964761755,True,73.24033201041554,28.57142857142857,0.005,in_sample,<1000
321,0.3693901035673188,2023-08-20 00:00:00+00:00,15637.474496469598,7,1971.6662907648188,0.0,0.0,False,73.82401759156623,28.57142857142857,0.005,in_sample,<1000
323,0.3716915995397008,2023-08-22 00:00:00+00:00,15447.102861332018,11,25188.999506373446,40.0,0.0015879947907370836,False,76.09164723754601,18.181818181818183,0.005,in_sample,<1000
324,0.37284234752589185,2023-08-23 00:00:00+00:00,15088.640897626261,10,23363.137930396668,40.0,0.0017120987822426843,True,75.9959995849871,40.0,0.005,in_sample,<1000
325,0.3739930955120829,2023-08-24 00:00:00+00:00,14963.093934444523,9,19388.501358692047,40.0,0.00206307848450946,True,75.88652805144093,44.44444444444444,0.005,in_sample,<1000
326,0.3751438434982739,2023-08-25 00:00:00+00:00,14911.818467005449,7,8942.427309667633,40.0,0.004473058445412926,True,75.79112252793225,57.14285714285714,0.005,in_sample,<1000
327,0.3762945914844649,2023-08-26 00:00:00+00:00,14871.818467005449,7,8942.427309667633,40.0,0.004473058445412926,True,75.79112252793225,57.14285714285714,0.005,in_sample,<1000
328,0.37744533947065595,2023-08-27 00:00:00+00:00,14831.818467005449,7,8942.427309667633,40.0,0.004473058445412926,True,75.79112252793225,57.14285714285714,0.005,in_sample,<1000
329,0.378596087456847,2023-08-28 00:00:00+00:00,14761.783280377154,7,4539.340729541635,0.0,0.0,False,74.40670844994669,42.857142857142854,0.005,in_sample,<1000
330,0.379746835443038,2023-08-29 00:00:00+00:00,14638.492596875465,11,13860.284367769538,40.0,0.002885943674648934,True,74.04200586080236,45.45454545454545,0.005,in_sample,<1000
331,0.380897583429229,2023-08-30 00:00:00+00:00,15159.174415408484,9,7422.554659429745,40.0,0.005388980187459218,True,75.18678489415692,55.55555555555556,0.005,in_sample,<1000
333,0.383199079401611,2023-09-01 00:00:00+00:00,15516.961187267081,11,18014.78976524707,40.0,0.002220397824301304,True,76.41441933109314,36.36363636363637,0.005,in_sample,<1000
334,0.38434982738780205,2023-09-02 00:00:00+00:00,15476.961187267081,11,18054.78976524707,40.0,0.002215478580481417,True,76.41441933109314,36.36363636363637,0.005,in_sample,<1000
335,0.38550057537399307,2023-09-03 00:00:00+00:00,15436.961187267081,11,18094.78976524707,40.0,0.002210581085436216,True,76.41441933109314,36.36363636363637,0.005,in_sample,<1000
336,0.3866513233601841,2023-09-04 00:00:00+00:00,15549.06810659927,11,25201.124922755836,40.0,0.0015872307336519426,False,76.61254140088865,18.181818181818183,0.005,in_sample,<1000
337,0.3878020713463751,2023-09-05 00:00:00+00:00,15342.830270409215,11,23167.462678479642,40.0,0.0017265593800721293,True,76.63722939896333,27.27272727272727,0.005,in_sample,<1000
338,0.38895281933256615,2023-09-06 00:00:00+00:00,15154.839900703495,11,16568.94076499343,40.0,0.002414155531566104,True,76.21713479233141,36.36363636363637,0.005,in_sample,<1000
339,0.39010356731875717,2023-09-07 00:00:00+00:00,15125.181912592047,6,1298.5706197692812,0.0,0.0,False,76.11837555944227,66.66666666666666,0.005,in_sample,<1000
340,0.3912543153049482,2023-09-08 00:00:00+00:00,14880.625003407134,6,3344.3980287614936,0.0,0.0,False,74.97183447015185,16.666666666666664,0.005,in_sample,<1000
341,0.3924050632911392,2023-09-09 00:00:00+00:00,14840.625003407134,7,8198.050747706668,40.0,0.004879208635197781,True,74.89059026256382,14.285714285714285,0.005,in_sample,<1000
342,0.39355581127733025,2023-09-10 00:00:00+00:00,14800.625003407134,12,24490.03133901886,40.0,0.0016333176322347047,True,74.60414641026041,8.333333333333332,0.005,in_sample,<1000
343,0.3947065592635213,2023-09-11 00:00:00+00:00,14834.471496384416,12,21020.554202310876,40.0,0.0019028994009873744,True,74.47222746962811,8.333333333333332,0.005,in_sample,<1000
344,0.3958573072497123,2023-09-12 00:00:00+00:00,14541.558059543226,11,21740.07804887399,40.0,0.001839919797439355,True,74.43730105962337,9.090909090909092,0.005,in_sample,<1000
345,0.3970080552359033,2023-09-13 00:00:00+00:00,14501.558059543226,12,25489.62950986347,40.0,0.0015692656491739748,False,74.29317516279777,8.333333333333332,0.005,in_sample,<1000
346,0.39815880322209435,2023-09-14 00:00:00+00:00,14266.839984554967,5,3470.0029912294026,0.0,0.0,False,73.74410404612449,40.0,0.005,in_sample,<1000
347,0.3993095512082854,2023-09-15 00:00:00+00:00,14182.378865894789,8,3978.227701067528,0.0,0.0,False,72.50101271752199,50.0,0.005,in_sample,<1000
348,0.4004602991944764,2023-09-16 00:00:00+00:00,14238.94962686978,7,796.0780617720702,0.0,0.0,False,72.61294365358935,57.14285714285714,0.005,in_sample,<1000
349,0.4016110471806674,2023-09-17 00:00:00+00:00,14238.94962686978,8,4793.806737001665,0.0,0.0,False,72.43566921368429,50.0,0.005,in_sample,<1000
350,0.40276179516685845,2023-09-18 00:00:00+00:00,14198.94962686978,11,13143.161992117846,40.0,0.003043407668869075,True,72.09723619204736,45.45454545454545,0.005,in_sample,<1000
351,0.4039125431530495,2023-09-19 00:00:00+00:00,14129.434007317323,4,4097.406077523717,0.0,0.0,False,73.54060740107896,50.0,0.005,in_sample,<1000
352,0.4050632911392405,2023-09-20 00:00:00+00:00,14014.802336890672,11,8440.590230480611,40.0,0.004739005082316664,True,71.66540559166263,45.45454545454545,0.005,in_sample,<1000
353,0.4062140391254315,2023-09-21 00:00:00+00:00,13979.330155718577,9,7945.676496542477,40.0,0.005034184316137941,True,71.53034016277434,55.55555555555556,0.005,in_sample,<1000
354,0.40736478711162255,2023-09-22 00:00:00+00:00,13935.872302206004,13,13504.41631719888,40.0,0.00296199399222142,True,71.00665337861543,38.46153846153847,0.005,in_sample,<1000
355,0.4085155350978136,2023-09-23 00:00:00+00:00,13895.872302206004,13,13544.41631719888,40.0,0.00295324649384909,True,71.00665337861543,38.46153846153847,0.005,in_sample,<1000
356,0.4096662830840046,2023-09-24 00:00:00+00:00,13855.872302206004,13,13584.41631719888,40.0,0.002944550510378354,True,71.00665337861543,38.46153846153847,0.005,in_sample,<1000
357,0.4108170310701956,2023-09-25 00:00:00+00:00,13599.307261722914,11,11367.416931159805,40.0,0.003518829320877108,True,71.0043199556234,36.36363636363637,0.005,in_sample,<1000
358,0.41196777905638665,2023-09-26 00:00:00+00:00,13866.535976264426,9,6802.734344688677,40.0,0.005879988541847223,True,71.27996356056663,44.44444444444444,0.005,in_sample,<1000
359,0.4131185270425777,2023-09-27 00:00:00+00:00,13823.261017850245,9,7396.650544370237,40.0,0.005407853157324694,True,71.0712476666669,44.44444444444444,0.005,in_sample,<1000
360,0.4142692750287687,2023-09-28 00:00:00+00:00,14072.323800319926,9,4691.322277205278,0.0,0.0,False,71.22020099801396,55.55555555555556,0.005,in_sample,<1000
361,0.4154200230149597,2023-09-29 00:00:00+00:00,13781.14591448653,7,15253.605937528842,40.0,0.00262233075666305,True,71.2905146870851,57.14285714285714,0.005,in_sample,<1000
362,0.41657077100115075,2023-09-30 00:00:00+00:00,13741.14591448653,7,15253.605937528842,40.0,0.00262233075666305,True,71.2905146870851,57.14285714285714,0.005,in_sample,<1000
363,0.4177215189873418,2023-10-01 00:00:00+00:00,13626.077931746717,8,11342.776194175483,40.0,0.0035264735295174035,True,70.77417824687858,50.0,0.005,in_sample,<1000
364,0.4188722669735328,2023-10-02 00:00:00+00:00,13514.743449324267,13,13164.541181005128,40.0,0.003038465180823412,True,69.19247362341085,38.46153846153847,0.005,in_sample,<1000
365,0.42002301495972383,2023-10-03 00:00:00+00:00,13605.591065138296,12,8234.824209988223,40.0,0.004857420022577168,True,69.47383620627039,41.66666666666667,0.005,in_sample,<1000
366,0.42117376294591485,2023-10-04 00:00:00+00:00,13492.514551137177,12,10949.980758714948,40.0,0.0036529744555180627,True,69.42640565520021,33.33333333333333,0.005,in_sample,<1000
367,0.4223245109321059,2023-10-05 00:00:00+00:00,13407.135755265323,10,7069.1824352250005,40.0,0.0056583629530742,True,69.51868772093124,40.0,0.005,in_sample,<1000
368,0.4234752589182969,2023-10-06 00:00:00+00:00,13289.699314472307,11,7186.618876018016,40.0,0.005565899721422729,True,69.21895270930133,45.45454545454545,0.005,in_sample,<1000
369,0.42462600690448793,2023-10-07 00:00:00+00:00,14133.418462490237,10,3050.086379993443,0.0,0.0,False,68.65509562446951,50.0,0.005,in_sample,<1000
370,0.42577675489067895,2023-10-08 00:00:00+00:00,14133.418462490237,10,3050.086379993443,0.0,0.0,False,68.65509562446951,50.0,0.005,in_sample,<1000
371,0.42692750287687,2023-10-09 00:00:00+00:00,14319.489492889781,14,17565.07330780574,40.0,0.0022772464025085743,True,70.64720110379763,28.57142857142857,0.005,in_sample,<1000
372,0.428078250863061,2023-10-10 00:00:00+00:00,14051.861290874287,13,18521.46615018948,40.0,0.0021596562429584327,True,70.42895583352231,23.076923076923077,0.005,in_sample,<1000
373,0.42922899884925203,2023-10-11 00:00:00+00:00,13784.676771111806,12,20206.28017368287,40.0,0.0019795825682006,True,69.8298468488667,25.0,0.005,in_sample,<1000
374,0.43037974683544306,2023-10-12 00:00:00+00:00,13518.808782610176,12,19240.33826981368,40.0,0.002078965527480165,True,69.29113898760754,16.666666666666664,0.005,in_sample,<1000
375,0.4315304948216341,2023-10-13 00:00:00+00:00,13478.808782610176,13,26499.630972159117,40.0,0.0015094549822986048,False,69.16059321264164,15.384615384615385,0.005,in_sample,<1000
376,0.4326812428078251,2023-10-14 00:00:00+00:00,13638.59264319319,12,22549.110254029918,40.0,0.0017739059124450955,True,69.29010401373311,16.666666666666664,0.005,in_sample,<1000
377,0.43383199079401613,2023-10-15 00:00:00+00:00,13522.535960784026,10,12787.307118933371,40.0,0.003128101923881572,True,69.57295713396152,20.0,0.005,in_sample,<1000
378,0.43498273878020716,2023-10-16 00:00:00+00:00,13408.811227624501,13,23785.731117273448,40.0,0.001681680491668872,True,69.02948385338067,15.384615384615385,0.005,in_sample,<1000
379,0.4361334867663982,2023-10-17 00:00:00+00:00,13628.384685005334,10,12516.19704146976,40.0,0.0031958589232391034,True,69.33249960738995,20.0,0.005,in_sample,<1000
380,0.4372842347525892,2023-10-18 00:00:00+00:00,13509.73632649446,12,12200.060648483983,40.0,0.003278672225696724,True,68.80327230421904,33.33333333333333,0.005,in_sample,<1000
381,0.43843498273878023,2023-10-19 00:00:00+00:00,13740.250585387641,9,7253.434023352884,40.0,0.005514629328841691,True,69.10156068944289,44.44444444444444,0.005,in_sample,<1000
382,0.43958573072497126,2023-10-20 00:00:00+00:00,13887.887067867596,9,3404.409233635135,0.0,0.0,False,69.48383423348349,55.55555555555556,0.005,in_sample,<1000
383,0.4407364787111623,2023-10-21 00:00:00+00:00,13887.887067867596,9,3404.409233635135,0.0,0.0,False,69.48383423348349,55.55555555555556,0.005,in_sample,<1000
384,0.44188722669735325,2023-10-22 00:00:00+00:00,13887.887067867596,9,3404.409233635135,0.0,0.0,False,69.48383423348349,55.55555555555556,0.005,in_sample,<1000
385,0.4430379746835443,2023-10-23 00:00:00+00:00,14049.088302910533,10,21303.077094260523,40.0,0.0018776630166154166,True,70.52516806533781,20.0,0.005,in_sample,<1000
386,0.4441887226697353,2023-10-24 00:00:00+00:00,13863.977300925528,10,20470.977795470535,40.0,0.0019539858036898713,True,70.42865532797524,20.0,0.005,in_sample,<1000
387,0.44533947065592633,2023-10-25 00:00:00+00:00,14144.100913749175,8,3507.918219925483,0.0,0.0,False,70.53174470850107,50.0,0.005,in_sample,<1000
388,0.44649021864211735,2023-10-26 00:00:00+00:00,14498.532320284092,8,13630.283116184342,40.0,0.0029346419042833197,True,72.1655539086492,50.0,0.005,in_sample,<1000
389,0.4476409666283084,2023-10-27 00:00:00+00:00,14563.776976526631,13,16365.485483791392,40.0,0.002444168249063956,True,73.17851929880095,38.46153846153847,0.005,in_sample,<1000
390,0.4487917146144994,2023-10-28 00:00:00+00:00,14522.205144029323,11,4169.298207037896,0.0,0.0,False,73.20361320508461,45.45454545454545,0.005,in_sample,<1000
391,0.44994246260069043,2023-10-29 00:00:00+00:00,14482.205144029323,14,13514.133012865042,40.0,0.0029598643110824215,True,73.07663017259789,35.714285714285715,0.005,in_sample,<1000
392,0.45109321058688145,2023-10-30 00:00:00+00:00,14288.62134247553,13,14487.016009240753,40.0,0.0027610931039549775,True,72.98192344987166,30.76923076923077,0.005,in_sample,<1000
393,0.4522439585730725,2023-10-31 00:00:00+00:00,13641.645445899676,11,9471.101821338654,40.0,0.004223373452693634,True,71.07796911539411,45.45454545454545,0.005,in_sample,<1000
394,0.4533947065592635,2023-11-01 00:00:00+00:00,13314.298919363417,11,8649.60621104205,40.0,0.004624487985237544,True,70.5786595687037,36.36363636363637,0.005,in_sample,<1000
395,0.45454545454545453,2023-11-02 00:00:00+00:00,13353.573718802762,12,21388.690847790094,40.0,0.001870147185943026,True,69.77506636249886,25.0,0.005,in_sample,<1000
396,0.45569620253164556,2023-11-03 00:00:00+00:00,13022.057401045033,11,21388.690847790094,40.0,0.001870147185943026,True,69.16736016024514,27.27272727272727,0.005,in_sample,<1000
397,0.4568469505178366,2023-11-04 00:00:00+00:00,13023.77933932802,9,17739.508431535978,40.0,0.002254853912912884,True,69.49653036050444,33.33333333333333,0.005,in_sample,<1000
398,0.4579976985040276,2023-11-05 00:00:00+00:00,12983.77933932802,9,17739.508431535978,40.0,0.002254853912912884,True,69.49653036050444,33.33333333333333,0.005,in_sample,<1000
399,0.45914844649021863,2023-11-06 00:00:00+00:00,12854.95635028777,7,9720.07516919439,40.0,0.004115194512771987,True,69.44137151141572,28.57142857142857,0.005,in_sample,<1000
400,0.46029919447640966,2023-11-07 00:00:00+00:00,12701.059446026537,8,12057.382625820992,40.0,0.0033174695737315033,True,68.53363563508584,12.5,0.005,in_sample,<1000
401,0.4614499424626007,2023-11-08 00:00:00+00:00,12517.698892128106,7,19452.980079770867,40.0,0.002056240218001146,True,65.79422706524316,28.57142857142857,0.005,in_sample,<1000
402,0.4626006904487917,2023-11-09 00:00:00+00:00,12470.20608658919,9,13806.169926537814,40.0,0.0028972553729845942,True,64.52114205284036,44.44444444444444,0.005,in_sample,<1000
403,0.46375143843498273,2023-11-10 00:00:00+00:00,12355.032258214876,10,13806.169926537814,40.0,0.0028972553729845942,True,64.20895706247661,40.0,0.005,in_sample,<1000
404,0.46490218642117376,2023-11-11 00:00:00+00:00,12315.032258214876,10,13806.169926537814,40.0,0.0028972553729845942,True,64.20895706247661,40.0,0.005,in_sample,<1000
405,0.4660529344073648,2023-11-12 00:00:00+00:00,12275.032258214876,10,13806.169926537814,40.0,0.0028972553729845942,True,64.20895706247661,40.0,0.005,in_sample,<1000
406,0.4672036823935558,2023-11-13 00:00:00+00:00,12485.827816087552,10,6462.785187010935,40.0,0.006189281995693278,True,63.88352337942374,40.0,0.005,in_sample,<1000
407,0.46835443037974683,2023-11-14 00:00:00+00:00,12471.418442100723,8,9844.962542466717,40.0,0.00406299158858737,True,63.73625128907009,25.0,0.005,in_sample,<1000
408,0.46950517836593786,2023-11-15 00:00:00+00:00,12428.819526167836,10,12384.604254523492,40.0,0.0032298165672423446,True,63.19737905809645,40.0,0.005,in_sample,<1000
409,0.4706559263521289,2023-11-16 00:00:00+00:00,12022.703210917909,6,10935.81653845754,40.0,0.003657705838364573,True,62.97168613806892,33.33333333333333,0.005,in_sample,<1000
410,0.4718066743383199,2023-11-17 00:00:00+00:00,11935.626163204155,11,8945.289875164115,40.0,0.004471627030338817,True,61.17985523416817,45.45454545454545,0.005,in_sample,<1000
411,0.47295742232451093,2023-11-18 00:00:00+00:00,11895.626163204155,11,8985.289875164115,40.0,0.004451720596189381,True,61.17985523416817,45.45454545454545,0.005,in_sample,<1000
412,0.47410817031070196,2023-11-19 00:00:00+00:00,11855.626163204155,11,9025.289875164115,40.0,0.004431990612298493,True,61.17985523416817,45.45454545454545,0.005,in_sample,<1000
413,0.475258918296893,2023-11-20 00:00:00+00:00,11966.53102848669,12,9662.548987754804,40.0,0.004139694406795905,True,61.09713225372467,41.66666666666667,0.005,in_sample,<1000
414,0.476409666283084,2023-11-21 00:00:00+00:00,12207.156799386177,11,11611.381952985805,40.0,0.0034448957205920018,True,61.19860639878338,27.27272727272727,0.005,in_sample,<1000
415,0.47756041426927504,2023-11-22 00:00:00+00:00,12368.899735923063,9,4633.9642881899545,0.0,0.0,False,61.46021463443779,33.33333333333333,0.005,in_sample,<1000
416,0.47871116225546606,2023-11-23 00:00:00+00:00,12705.521950476905,9,8809.25387601833,40.0,0.004540679671963261,True,62.365607909930176,55.55555555555556,0.005,in_sample,<1000
417,0.4798619102416571,2023-11-24 00:00:00+00:00,12859.911133464766,9,8809.25387601833,40.0,0.004540679671963261,True,62.655773294326565,44.44444444444444,0.005,in_sample,<1000
418,0.4810126582278481,2023-11-25 00:00:00+00:00,12751.633146929234,8,8809.25387601833,40.0,0.004540679671963261,True,62.519536276310326,50.0,0.005,in_sample,<1000
419,0.48216340621403914,2023-11-26 00:00:00+00:00,12711.633146929234,12,11582.13069589435,40.0,0.003453595979035123,True,62.93241276242227,33.33333333333333,0.005,in_sample,<1000
420,0.48331415420023016,2023-11-27 00:00:00+00:00,12602.078202074292,13,20219.4285278301,40.0,0.001978295278966161,True,63.66200666803924,23.076923076923077,0.005,in_sample,<1000
421,0.4844649021864212,2023-11-28 00:00:00+00:00,12235.365916541485,11,15355.414714346425,40.0,0.0026049442977680286,True,62.802452523669096,27.27272727272727,0.005,in_sample,<1000
422,0.4856156501726122,2023-11-29 00:00:00+00:00,12121.755212894011,12,7338.0824706860185,40.0,0.0054510153244789715,True,62.35138325059899,41.66666666666667,0.005,in_sample,<1000
423,0.48676639815880324,2023-11-30 00:00:00+00:00,12215.380873423583,13,14277.972924575926,40.0,0.0028015181294503014,True,62.05355108213931,38.46153846153847,0.005,in_sample,<1000
424,0.48791714614499426,2023-12-01 00:00:00+00:00,11852.119234909838,11,10544.05391051788,40.0,0.0037936073107611196,True,61.850186389910576,45.45454545454545,0.005,in_sample,<1000
425,0.4890678941311853,2023-12-02 00:00:00+00:00,11812.119234909838,11,10544.05391051788,40.0,0.0037936073107611196,True,61.850186389910576,45.45454545454545,0.005,in_sample,<1000
426,0.4902186421173763,2023-12-03 00:00:00+00:00,11772.119234909838,11,10544.05391051788,40.0,0.0037936073107611196,True,61.850186389910576,45.45454545454545,0.005,in_sample,<1000
427,0.49136939010356734,2023-12-04 00:00:00+00:00,11910.377907440898,13,25102.45575381076,40.0,0.0015934695948593663,False,60.19451983703963,15.384615384615385,0.005,in_sample,<1000
428,0.49252013808975836,2023-12-05 00:00:00+00:00,12122.877205352472,11,19243.29930584542,40.0,0.0020786456295386647,True,60.24467744643482,18.181818181818183,0.005,in_sample,<1000
429,0.4936708860759494,2023-12-06 00:00:00+00:00,12309.107134198512,14,34884.72064331842,40.0,0.0011466338059284798,False,60.67022614647158,14.285714285714285,0.005,in_sample,<1000
430,0.4948216340621404,2023-12-07 00:00:00+00:00,12169.132016068786,13,22614.481243981463,40.0,0.00176877813682529,True,61.04897178310573,15.384615384615385,0.005,in_sample,<1000
431,0.49597238204833144,2023-12-08 00:00:00+00:00,11998.721544885911,14,24862.908139940133,40.0,0.0016088222574310775,True,60.83806483767093,21.428571428571427,0.005,in_sample,<1000
432,0.49712313003452246,2023-12-09 00:00:00+00:00,11894.684368000855,15,28440.554902146963,40.0,0.001406442319343791,False,60.76042197115982,20.0,0.005,in_sample,<1000
433,0.4982738780207135,2023-12-10 00:00:00+00:00,11883.45688965541,14,25145.323438117844,40.0,0.0015907530518921033,False,60.89677013571946,21.428571428571427,0.005,in_sample,<1000
434,0.4994246260069045,2023-12-11 00:00:00+00:00,12278.51829283736,12,23698.117419630446,40.0,0.001687897789166401,True,61.13494939128705,25.0,0.005,in_sample,<1000
435,0.5005753739930955,2023-12-12 00:00:00+00:00,11987.246294920491,13,35081.19096246325,40.0,0.0011402121451007708,False,61.1166934861276,7.6923076923076925,0.005,in_sample,<1000
436,0.5017261219792866,2023-12-13 00:00:00+00:00,11820.608314215871,12,31679.057604777146,40.0,0.0012626638234960648,False,61.1983986537547,8.333333333333332,0.005,in_sample,<1000
437,0.5028768699654775,2023-12-14 00:00:00+00:00,11589.110092026047,13,41994.86228109517,40.0,0.0009524974681964085,False,60.40973962391548,7.6923076923076925,0.005,in_sample,<1000
438,0.5040276179516686,2023-12-15 00:00:00+00:00,11663.900475280323,6,6203.517410779854,40.0,0.006447954821645538,True,60.52290569638097,0.0,0.005,in_sample,<1000
439,0.5051783659378596,2023-12-16 00:00:00+00:00,11623.900475280323,6,6243.517410779854,40.0,0.006406645063716376,True,60.52290569638097,0.0,0.005,in_sample,<1000
440,0.5063291139240507,2023-12-17 00:00:00+00:00,11583.900475280323,6,6283.517410779854,40.0,0.006365861250161724,True,60.52290569638097,0.0,0.005,in_sample,<1000
441,0.5074798619102416,2023-12-18 00:00:00+00:00,11714.359532649254,9,16106.388194600368,40.0,0.00248348664621221,True,59.7286596083458,22.22222222222222,0.005,in_sample,<1000
442,0.5086306098964327,2023-12-19 00:00:00+00:00,11924.78729380557,9,17915.97531939243,40.0,0.0022326442901885227,True,59.846624297845295,11.11111111111111,0.005,in_sample,<1000
443,0.5097813578826237,2023-12-20 00:00:00+00:00,11761.95068352001,9,18940.904586178156,40.0,0.002111831555774237,True,59.78956455779601,22.22222222222222,0.005,in_sample,<1000
444,0.5109321058688148,2023-12-21 00:00:00+00:00,11947.615014378835,10,18777.09105737642,40.0,0.0021302554201699064,True,60.06038353554694,20.0,0.005,in_sample,<1000
445,0.5120828538550057,2023-12-22 00:00:00+00:00,11813.236105645152,11,24436.166867177708,40.0,0.0016369179428761963,True,59.95098917243083,18.181818181818183,0.005,in_sample,<1000
446,0.5132336018411968,2023-12-23 00:00:00+00:00,11773.236105645152,11,24476.166867177708,40.0,0.0016342428214787012,True,59.95098917243083,18.181818181818183,0.005,in_sample,<1000
447,0.5143843498273878,2023-12-24 00:00:00+00:00,11733.236105645152,11,24516.166867177708,40.0,0.001631576429411242,True,59.95098917243083,18.181818181818183,0.005,in_sample,<1000
448,0.5155350978135789,2023-12-25 00:00:00+00:00,11499.797649482072,12,19781.44945335474,40.0,0.002022096514935431,True,59.57074346397612,25.0,0.005,in_sample,<1000
449,0.5166858457997698,2023-12-26 00:00:00+00:00,11613.05051334804,10,11162.783345289827,40.0,0.0035833356935014,True,59.471611219069665,20.0,0.005,in_sample,<1000
450,0.5178365937859609,2023-12-27 00:00:00+00:00,11322.475093642239,10,8883.657177483063,40.0,0.004502650113670065,True,59.118202224025936,40.0,0.005,in_sample,<1000
451,0.5189873417721519,2023-12-28 00:00:00+00:00,11210.528494607182,8,8883.657177483063,40.0,0.004502650113670065,True,58.60484370423174,62.5,0.005,in_sample,<1000
452,0.520138089758343,2023-12-29 00:00:00+00:00,11534.509658524777,9,8924.691484072293,40.0,0.0044819476473093945,True,57.039374389339095,66.66666666666666,0.005,in_sample,<1000
453,0.5212888377445339,2023-12-30 00:00:00+00:00,11530.157555347205,8,3481.033779801327,0.0,0.0,False,56.91579089205329,75.0,0.005,in_sample,<1000
454,0.522439585730725,2023-12-31 00:00:00+00:00,11490.157555347205,9,7679.649178161319,40.0,0.005208571260487826,True,56.997457212573586,66.66666666666666,0.005,in_sample,<1000
455,0.523590333716916,2024-01-01 00:00:00+00:00,11450.157555347205,9,7679.649178161319,40.0,0.005208571260487826,True,56.997457212573586,66.66666666666666,0.005,in_sample,<1000
456,0.5247410817031071,2024-01-02 00:00:00+00:00,11410.157555347205,9,7679.649178161319,40.0,0.005208571260487826,True,56.997457212573586,66.66666666666666,0.005,in_sample,<1000
457,0.525891829689298,2024-01-03 00:00:00+00:00,11306.812747833335,5,4198.615398359992,0.0,0.0,False,56.79283055824491,60.0,0.005,in_sample,<1000
458,0.5270425776754891,2024-01-04 00:00:00+00:00,11306.812747833335,7,4198.615398359992,0.0,0.0,False,56.71889718136542,71.42857142857143,0.005,in_sample,<1000
459,0.5281933256616801,2024-01-05 00:00:00+00:00,11291.718152814978,7,4198.615398359992,0.0,0.0,False,56.79273066860876,57.14285714285714,0.005,in_sample,<1000
460,0.5293440736478712,2024-01-06 00:00:00+00:00,11291.718152814978,7,4198.615398359992,0.0,0.0,False,56.79273066860876,57.14285714285714,0.005,in_sample,<1000
461,0.5304948216340621,2024-01-07 00:00:00+00:00,11291.718152814978,7,4198.615398359992,0.0,0.0,False,56.79273066860876,57.14285714285714,0.005,in_sample,<1000
462,0.5316455696202531,2024-01-08 00:00:00+00:00,11616.566577596273,7,4198.615398359992,0.0,0.0,False,57.386310530403826,85.71428571428571,0.005,in_sample,<1000
463,0.5327963176064442,2024-01-09 00:00:00+00:00,11512.217647317413,6,4198.615398359992,0.0,0.0,False,57.22559352510896,66.66666666666666,0.005,in_sample,<1000
465,0.5350978135788262,2024-01-11 00:00:00+00:00,12165.62328020506,9,8372.263433615635,40.0,0.0047776805301413755,True,59.1540153980294,55.55555555555556,0.005,in_sample,<1000
466,0.5362485615650172,2024-01-12 00:00:00+00:00,12404.671431377621,10,8141.986047192902,40.0,0.004912806257361584,True,60.20787344199704,50.0,0.005,in_sample,<1000
467,0.5373993095512083,2024-01-13 00:00:00+00:00,12364.671431377621,10,8181.986047192902,40.0,0.004888788586204362,True,60.20787344199704,50.0,0.005,in_sample,<1000
468,0.5385500575373993,2024-01-14 00:00:00+00:00,12324.671431377621,10,8221.986047192902,40.0,0.004865004607208808,True,60.20787344199704,50.0,0.005,in_sample,<1000
471,0.5420023014959724,2024-01-17 00:00:00+00:00,12765.50645680728,8,20121.56533342824,40.0,0.0019879169108949707,True,61.88539792811733,25.0,0.005,in_sample,<1000
472,0.5431530494821634,2024-01-18 00:00:00+00:00,12590.06023965871,7,18703.946467337617,40.0,0.002138586103732243,True,62.026265452224614,28.57142857142857,0.005,in_sample,<1000
473,0.5443037974683544,2024-01-19 00:00:00+00:00,12452.174985375757,7,16645.357951164784,40.0,0.0024030723831445716,True,61.50449654753621,28.57142857142857,0.005,in_sample,<1000
474,0.5454545454545454,2024-01-20 00:00:00+00:00,12348.119602034381,7,18200.45433658456,40.0,0.0021977473342298043,True,61.66048783306494,28.57142857142857,0.005,in_sample,<1000
475,0.5466052934407365,2024-01-21 00:00:00+00:00,12308.119602034381,7,18240.45433658456,40.0,0.0021929278329308223,True,61.66048783306494,28.57142857142857,0.005,in_sample,<1000
476,0.5477560414269275,2024-01-22 00:00:00+00:00,12355.790435878023,8,22725.094795412457,40.0,0.0017601686752072361,True,61.63442218492281,25.0,0.005,in_sample,<1000
477,0.5489067894131185,2024-01-23 00:00:00+00:00,12451.13669781454,7,11290.396851004034,40.0,0.0035428338372749824,True,61.63853392893451,28.57142857142857,0.005,in_sample,<1000
478,0.5500575373993095,2024-01-24 00:00:00+00:00,12530.512200769468,7,28357.50093512423,40.0,0.0014105615333139287,False,61.523984441601314,28.57142857142857,0.005,in_sample,<1000
479,0.5512082853855006,2024-01-25 00:00:00+00:00,12217.103376394845,6,28258.031170297767,40.0,0.0014155267845427357,False,62.09388384981992,16.666666666666664,0.005,in_sample,<1000
480,0.5523590333716916,2024-01-26 00:00:00+00:00,12953.011652052148,5,5682.079762345981,40.0,0.007039675906183523,True,61.827640871211415,40.0,0.005,in_sample,<1000
481,0.5535097813578826,2024-01-27 00:00:00+00:00,12913.011652052148,6,5682.079762345981,40.0,0.007039675906183523,True,62.31721043605297,33.33333333333333,0.005,in_sample,<1000
482,0.5546605293440736,2024-01-28 00:00:00+00:00,12873.011652052148,6,5682.079762345981,40.0,0.007039675906183523,True,62.31721043605297,33.33333333333333,0.005,in_sample,<1000
483,0.5558112773302647,2024-01-29 00:00:00+00:00,12739.581305689844,6,13938.17618819969,40.0,0.002869815925692252,True,63.49462247286623,16.666666666666664,0.005,in_sample,<1000
484,0.5569620253164557,2024-01-30 00:00:00+00:00,12758.397925392936,6,20841.551575559075,40.0,0.001919242905451822,True,63.841188903808266,0.0,0.005,in_sample,<1000
485,0.5581127733026467,2024-01-31 00:00:00+00:00,12984.86091561544,8,34245.198056078516,40.0,0.0011680469750677937,False,64.0902097084564,0.0,0.005,in_sample,<1000
486,0.5592635212888377,2024-02-01 00:00:00+00:00,13173.67793395569,7,11565.659686898836,40.0,0.0034585143504879848,True,64.91154041829797,42.857142857142854,0.005,in_sample,<1000
487,0.5604142692750288,2024-02-02 00:00:00+00:00,13117.796222430314,8,1620.0307603910933,0.0,0.0,False,65.12811164405095,62.5,0.005,in_sample,<1000
488,0.5615650172612198,2024-02-03 00:00:00+00:00,13117.796222430314,8,1620.0307603910933,0.0,0.0,False,65.12811164405095,62.5,0.005,in_sample,<1000
489,0.5627157652474108,2024-02-04 00:00:00+00:00,13117.796222430314,8,1620.0307603910933,0.0,0.0,False,65.12811164405095,62.5,0.005,in_sample,<1000
490,0.5638665132336018,2024-02-05 00:00:00+00:00,13152.108249022544,9,10743.327167317313,40.0,0.0037232413550325016,True,65.75985353043227,44.44444444444444,0.005,in_sample,<1000
491,0.5650172612197929,2024-02-06 00:00:00+00:00,13143.610434877932,8,10426.770954427024,40.0,0.00383627876500123,True,65.75400702711946,37.5,0.005,in_sample,<1000
493,0.567318757192175,2024-02-08 00:00:00+00:00,13410.92759435877,9,11997.582910963189,40.0,0.003334004882220791,True,66.93204507545046,44.44444444444444,0.005,in_sample,<1000
494,0.5684695051783659,2024-02-09 00:00:00+00:00,13293.283597757621,9,12177.74618527902,40.0,0.003284680054208529,True,66.38463173753665,44.44444444444444,0.005,in_sample,<1000
495,0.569620253164557,2024-02-10 00:00:00+00:00,13253.283597757621,9,12217.74618527902,40.0,0.003273926253943252,True,66.38463173753665,44.44444444444444,0.005,in_sample,<1000
496,0.570771001150748,2024-02-11 00:00:00+00:00,13213.283597757621,9,12257.74618527902,40.0,0.0032632426381970715,True,66.38463173753665,44.44444444444444,0.005,in_sample,<1000
497,0.571921749136939,2024-02-12 00:00:00+00:00,13418.983288492584,10,20475.76932171557,40.0,0.001953528552286337,True,66.51550938334108,30.0,0.005,in_sample,<1000
498,0.57307249712313,2024-02-13 00:00:00+00:00,13879.319875390258,10,14304.878502941356,40.0,0.0027962488455791665,True,67.4534974478951,40.0,0.005,in_sample,<1000
499,0.5742232451093211,2024-02-14 00:00:00+00:00,13764.1277094234,9,14420.070668908214,40.0,0.0027739115097574285,True,67.2153750113333,33.33333333333333,0.005,in_sample,<1000
500,0.5753739930955121,2024-02-15 00:00:00+00:00,13768.83880772439,9,16724.675965243696,40.0,0.0023916756344413374,True,67.39586909442306,22.22222222222222,0.005,in_sample,<1000
501,0.5765247410817032,2024-02-16 00:00:00+00:00,13786.110618150064,9,29379.17620633288,40.0,0.0013615085637213248,False,68.00959543831051,11.11111111111111,0.005,in_sample,<1000
502,0.5776754890678941,2024-02-17 00:00:00+00:00,13674.871473588326,9,29954.87332942716,40.0,0.0013353419845946962,False,68.01355525342838,11.11111111111111,0.005,in_sample,<1000
503,0.5788262370540852,2024-02-18 00:00:00+00:00,13634.871473588326,9,29994.87332942716,40.0,0.0013335612243028571,False,68.01355525342838,11.11111111111111,0.005,in_sample,<1000
504,0.5799769850402762,2024-02-19 00:00:00+00:00,13448.496011772748,9,24629.23734917283,40.0,0.0016240860174804965,True,67.71889848306816,22.22222222222222,0.005,in_sample,<1000
505,0.5811277330264673,2024-02-20 00:00:00+00:00,14529.914255579348,4,10111.46519608932,40.0,0.0039559054226355125,True,68.85591530004253,0.0,0.005,in_sample,<1000
506,0.5822784810126582,2024-02-21 00:00:00+00:00,14509.602695025165,7,4423.74151998173,0.0,0.0,False,72.3098626736313,57.14285714285714,0.005,in_sample,<1000
507,0.5834292289988493,2024-02-22 00:00:00+00:00,14359.510750754174,8,3971.291633541638,0.0,0.0,False,72.31528470908465,62.5,0.005,in_sample,<1000
509,0.5857307249712314,2024-02-24 00:00:00+00:00,14284.539745124486,8,4185.07787852364,0.0,0.0,False,72.2684278305661,62.5,0.005,in_sample,<1000
510,0.5868814729574223,2024-02-25 00:00:00+00:00,14284.539745124486,8,4185.07787852364,0.0,0.0,False,72.2684278305661,62.5,0.005,in_sample,<1000
513,0.5903337169159953,2024-02-28 00:00:00+00:00,14551.525312780732,9,4025.4749552566727,0.0,0.0,False,72.40958929035794,55.55555555555556,0.005,in_sample,<1000
514,0.5914844649021864,2024-02-29 00:00:00+00:00,14599.768405428815,8,4025.4749552566727,0.0,0.0,False,72.60591726701877,50.0,0.005,in_sample,<1000
515,0.5926352128883774,2024-03-01 00:00:00+00:00,14645.408393543436,8,8952.630109294614,40.0,0.004467960756970405,True,73.0721023322543,25.0,0.005,in_sample,<1000
516,0.5937859608745685,2024-03-02 00:00:00+00:00,14605.408393543436,8,8992.630109294614,40.0,0.004448086879349875,True,73.0721023322543,25.0,0.005,in_sample,<1000
517,0.5949367088607594,2024-03-03 00:00:00+00:00,14565.408393543436,8,9032.630109294614,40.0,0.0044283890202522335,True,73.0721023322543,25.0,0.005,in_sample,<1000
518,0.5960874568469505,2024-03-04 00:00:00+00:00,14629.71543762599,9,23428.571105261744,40.0,0.0017073170967313723,True,72.98873889669775,33.33333333333333,0.005,in_sample,<1000
519,0.5972382048331415,2024-03-05 00:00:00+00:00,14423.340797224302,8,10309.509069416814,40.0,0.003879913168577552,True,72.85079167278413,37.5,0.005,in_sample,<1000
520,0.5983889528193326,2024-03-06 00:00:00+00:00,14441.667873863933,8,10309.509069416814,40.0,0.003879913168577552,True,72.7255558828323,25.0,0.005,in_sample,<1000
521,0.5995397008055235,2024-03-07 00:00:00+00:00,14248.145591723867,9,10283.102502012709,40.0,0.003889876619645755,True,72.45470988031518,22.22222222222222,0.005,in_sample,<1000
522,0.6006904487917146,2024-03-08 00:00:00+00:00,14370.945059011938,7,3842.1514215545567,0.0,0.0,False,72.7444190007997,28.57142857142857,0.005,in_sample,<1000
523,0.6018411967779056,2024-03-09 00:00:00+00:00,14370.945059011938,7,3842.1514215545567,0.0,0.0,False,72.7444190007997,28.57142857142857,0.005,in_sample,<1000
524,0.6029919447640967,2024-03-10 00:00:00+00:00,14585.613035616645,6,3842.1514215545567,0.0,0.0,False,72.74282080038013,33.33333333333333,0.005,in_sample,<1000
525,0.6041426927502876,2024-03-11 00:00:00+00:00,14634.609613679608,8,35806.96547481706,40.0,0.001117101085489411,False,73.18356395376445,0.0,0.005,in_sample,<1000
526,0.6052934407364787,2024-03-12 00:00:00+00:00,14953.371711396396,8,24910.496183330168,40.0,0.0016057488259413942,True,73.71828888290872,12.5,0.005,in_sample,<1000
527,0.6064441887226697,2024-03-13 00:00:00+00:00,15164.51514695424,8,16927.05167851972,40.0,0.002363081342202059,True,73.9551825525141,12.5,0.005,in_sample,<1000
528,0.6075949367088608,2024-03-14 00:00:00+00:00,14794.308311136481,9,12619.645486093445,40.0,0.0031696611480947754,True,74.34076767668626,22.22222222222222,0.005,in_sample,<1000
529,0.6087456846950517,2024-03-15 00:00:00+00:00,14661.139506032248,10,18810.06022327912,40.0,0.0021265216339124977,True,73.8924040364685,30.0,0.005,in_sample,<1000
530,0.6098964326812428,2024-03-16 00:00:00+00:00,14621.139506032248,10,18810.06022327912,40.0,0.0021265216339124977,True,73.8924040364685,30.0,0.005,in_sample,<1000
531,0.6110471806674338,2024-03-17 00:00:00+00:00,14581.139506032248,10,18810.06022327912,40.0,0.0021265216339124977,True,73.8924040364685,30.0,0.005,in_sample,<1000
532,0.6121979286536249,2024-03-18 00:00:00+00:00,14583.670496760647,7,20297.483806449993,40.0,0.00197068761731388,True,73.88586626301584,14.285714285714285,0.005,in_sample,<1000
533,0.6133486766398158,2024-03-19 00:00:00+00:00,15209.171493336633,9,23902.661150379656,40.0,0.0016734538363049449,True,74.62854760525936,22.22222222222222,0.005,in_sample,<1000
534,0.6144994246260069,2024-03-20 00:00:00+00:00,15863.244374099504,9,7499.712360238233,40.0,0.005333537885008883,True,76.14939463490127,33.33333333333333,0.005,in_sample,<1000
535,0.6156501726121979,2024-03-21 00:00:00+00:00,16236.853322704726,14,23420.362864780232,40.0,0.0017079154678748545,True,78.85776895846666,28.57142857142857,0.005,in_sample,<1000
536,0.616800920598389,2024-03-22 00:00:00+00:00,16472.88829339414,12,38795.69647807669,40.0,0.0010310421936258797,False,80.17609243949066,33.33333333333333,0.005,in_sample,<1000
537,0.61795166858458,2024-03-23 00:00:00+00:00,16485.12982624245,12,27638.050532444053,40.0,0.0014472800805195854,False,80.25183213411387,33.33333333333333,0.005,in_sample,<1000
538,0.619102416570771,2024-03-24 00:00:00+00:00,16445.12982624245,13,27638.050532444053,40.0,0.0014472800805195854,False,80.41904882619836,30.76923076923077,0.005,in_sample,<1000
539,0.620253164556962,2024-03-25 00:00:00+00:00,16289.37009124738,13,12372.940681210559,40.0,0.003232861211461529,True,80.05779650826372,46.15384615384615,0.005,in_sample,<1000
540,0.6214039125431531,2024-03-26 00:00:00+00:00,16469.516227738262,12,5316.370085505458,40.0,0.007523930681397808,True,80.15035765150841,58.333333333333336,0.005,in_sample,<1000
541,0.622554660529344,2024-03-27 00:00:00+00:00,16470.220118828543,11,17030.74434101175,40.0,0.002348693586085722,True,80.44302447432783,45.45454545454545,0.005,in_sample,<1000
542,0.6237054085155351,2024-03-28 00:00:00+00:00,16853.454322503243,10,6908.109901158832,40.0,0.005790295836678861,True,81.2801224635621,50.0,0.005,in_sample,<1000
543,0.6248561565017261,2024-03-29 00:00:00+00:00,16858.305218840316,9,6908.109901158832,40.0,0.005790295836678861,True,81.47016084587725,55.55555555555556,0.005,in_sample,<1000
544,0.6260069044879172,2024-03-30 00:00:00+00:00,16818.305218840316,9,6908.109901158832,40.0,0.005790295836678861,True,81.47016084587725,55.55555555555556,0.005,in_sample,<1000
545,0.6271576524741082,2024-03-31 00:00:00+00:00,16778.305218840316,10,6908.109901158832,40.0,0.005790295836678861,True,81.73229737070967,50.0,0.005,in_sample,<1000
546,0.6283084004602992,2024-04-01 00:00:00+00:00,17771.08280223679,5,5148.180229593556,40.0,0.007769735754406167,True,83.7924572318406,60.0,0.005,in_sample,<1000
547,0.6294591484464902,2024-04-02 00:00:00+00:00,17700.11639335619,11,5148.180229593556,40.0,0.007769735754406167,True,86.50202649109241,54.54545454545454,0.005,in_sample,<1000
548,0.6306098964326813,2024-04-03 00:00:00+00:00,17376.865615243492,11,5148.180229593556,40.0,0.007769735754406167,True,86.34357628067507,54.54545454545454,0.005,in_sample,<1000
549,0.6317606444188723,2024-04-04 00:00:00+00:00,17600.590185547124,12,5148.180229593556,40.0,0.007769735754406167,True,86.45705491467635,58.333333333333336,0.005,in_sample,<1000
550,0.6329113924050633,2024-04-05 00:00:00+00:00,17706.039100477024,10,5148.180229593556,40.0,0.007769735754406167,True,86.25200715816219,50.0,0.005,in_sample,<1000
551,0.6340621403912543,2024-04-06 00:00:00+00:00,17666.039100477024,11,5148.180229593556,40.0,0.007769735754406167,True,86.45911518945519,45.45454545454545,0.005,in_sample,<1000
552,0.6352128883774454,2024-04-07 00:00:00+00:00,17626.039100477024,12,6302.090729053594,40.0,0.006347099989467611,True,86.61503854886602,41.66666666666667,0.005,in_sample,<1000
553,0.6363636363636364,2024-04-08 00:00:00+00:00,17886.177929704012,9,1735.3043413610844,0.0,0.0,False,87.57282158356233,55.55555555555556,0.005,in_sample,<1000
554,0.6375143843498274,2024-04-09 00:00:00+00:00,17545.215365451255,12,16617.52686300391,40.0,0.0024070970566055275,True,87.58086875190845,33.33333333333333,0.005,in_sample,<1000
555,0.6386651323360184,2024-04-10 00:00:00+00:00,17566.165060244537,12,19993.53008212192,40.0,0.002000647201154724,True,87.52235074232208,33.33333333333333,0.005,in_sample,<1000
556,0.6398158803222095,2024-04-11 00:00:00+00:00,17926.50639176923,11,14932.082781924766,40.0,0.0026787957570406627,True,87.82121621769573,36.36363636363637,0.005,in_sample,<1000
557,0.6409666283084005,2024-04-12 00:00:00+00:00,18047.4211030023,11,15698.761304836895,40.0,0.0025479717299527146,True,88.10369639103625,36.36363636363637,0.005,in_sample,<1000
558,0.6421173762945915,2024-04-13 00:00:00+00:00,18270.64793328954,11,15864.689117470873,40.0,0.0025213226495532327,True,88.37851858776922,36.36363636363637,0.005,in_sample,<1000
559,0.6432681242807825,2024-04-14 00:00:00+00:00,18230.64793328954,11,15904.689117470873,40.0,0.0025149815695586957,True,88.37851858776922,36.36363636363637,0.005,in_sample,<1000
560,0.6444188722669736,2024-04-15 00:00:00+00:00,18332.926598204984,12,25574.274235851015,40.0,0.001564071755511499,False,89.10681776927696,33.33333333333333,0.005,in_sample,<1000
561,0.6455696202531646,2024-04-16 00:00:00+00:00,17993.297451889885,14,16747.552424210684,40.0,0.0023884087051535357,True,89.20882905519645,35.714285714285715,0.005,in_sample,<1000
562,0.6467203682393556,2024-04-17 00:00:00+00:00,18509.49489199478,9,9966.209841372822,40.0,0.0040135618892899105,True,88.74233463666926,11.11111111111111,0.005,in_sample,<1000
563,0.6478711162255466,2024-04-18 00:00:00+00:00,18614.270645626526,11,24723.42591216838,40.0,0.001617898754893544,True,89.80248003291227,27.27272727272727,0.005,in_sample,<1000
564,0.6490218642117376,2024-04-19 00:00:00+00:00,18781.91675105037,12,25664.994129877676,40.0,0.0015585431189884572,False,90.31536865966876,25.0,0.005,in_sample,<1000
565,0.6501726121979287,2024-04-20 00:00:00+00:00,18636.71768475671,11,12610.350710815908,40.0,0.003171997426343739,True,89.92244588728748,27.27272727272727,0.005,in_sample,<1000
566,0.6513233601841196,2024-04-21 00:00:00+00:00,18596.71768475671,11,12650.350710815908,40.0,0.0031619676730227286,True,89.92244588728748,27.27272727272727,0.005,in_sample,<1000
567,0.6524741081703107,2024-04-22 00:00:00+00:00,18256.700855028677,11,47243.371476637716,40.0,0.0008466796240353077,False,89.85621545662838,9.090909090909092,0.005,in_sample,<1000
568,0.6536248561565017,2024-04-23 00:00:00+00:00,18162.187639134838,10,7454.3585796068055,40.0,0.005365988176290532,True,89.06098670326654,30.0,0.005,in_sample,<1000
569,0.6547756041426928,2024-04-24 00:00:00+00:00,18433.766925748467,11,9601.374097427504,40.0,0.004166070355566835,True,90.03688924938945,36.36363636363637,0.005,in_sample,<1000
570,0.6559263521288837,2024-04-25 00:00:00+00:00,18483.014760222697,13,19335.976239997668,40.0,0.00206868272403322,True,90.87956225365681,30.76923076923077,0.005,in_sample,<1000
571,0.6570771001150748,2024-04-26 00:00:00+00:00,18928.73278327051,10,35957.28474167656,40.0,0.0011124310494345449,False,90.85097653152451,0.0,0.005,in_sample,<1000
572,0.6582278481012658,2024-04-27 00:00:00+00:00,18866.39471215494,11,31681.974614583236,40.0,0.0012625475680290447,False,91.71231704909884,9.090909090909092,0.005,in_sample,<1000
573,0.6593785960874569,2024-04-28 00:00:00+00:00,18826.39471215494,11,31721.974614583236,40.0,0.0012609555516638988,False,91.71231704909884,9.090909090909092,0.005,in_sample,<1000
574,0.6605293440736478,2024-04-29 00:00:00+00:00,18941.171851207913,11,30343.954468829288,40.0,0.0013182197475642091,False,92.32156677263406,9.090909090909092,0.005,in_sample,<1000
575,0.6616800920598389,2024-04-30 00:00:00+00:00,18891.572972851485,13,26158.190153305208,40.0,0.0015291577806251942,False,92.69489845494738,23.076923076923077,0.005,in_sample,<1000
576,0.6628308400460299,2024-05-01 00:00:00+00:00,18849.248444381697,12,23291.040891671048,40.0,0.00171739855621069,True,92.79306758542252,25.0,0.005,in_sample,<1000
577,0.663981588032221,2024-05-02 00:00:00+00:00,18636.13182171235,9,16617.06562726792,40.0,0.0024071638697967016,True,92.17137636262335,22.22222222222222,0.005,in_sample,<1000
578,0.6651323360184119,2024-05-03 00:00:00+00:00,18730.277726979322,11,35729.07706012675,40.0,0.0011195363354246715,False,92.34761020546479,18.181818181818183,0.005,in_sample,<1000
579,0.666283084004603,2024-05-04 00:00:00+00:00,18583.035770681363,10,19213.165313588364,40.0,0.0020819057842442184,True,92.1916570142811,20.0,0.005,in_sample,<1000
580,0.667433831990794,2024-05-05 00:00:00+00:00,18543.035770681363,11,27854.332103709847,40.0,0.0014360423309045167,False,92.25743172692889,18.181818181818183,0.005,in_sample,<1000
581,0.6685845799769851,2024-05-06 00:00:00+00:00,18245.34426530163,9,23175.759312061087,40.0,0.0017259412932884262,True,91.45709121596815,22.22222222222222,0.005,in_sample,<1000
582,0.669735327963176,2024-05-07 00:00:00+00:00,17914.574828995486,9,20401.48924823459,40.0,0.0019606411822833637,True,91.0329864837632,22.22222222222222,0.005,in_sample,<1000
583,0.6708860759493671,2024-05-08 00:00:00+00:00,17782.063964578552,11,25552.55659916239,40.0,0.0015654010918543936,False,90.6834107272413,27.27272727272727,0.005,in_sample,<1000
584,0.6720368239355581,2024-05-09 00:00:00+00:00,17742.063964578552,11,25594.6646210173,40.0,0.0015628257135728836,False,90.6834107272413,27.27272727272727,0.005,in_sample,<1000
585,0.6731875719217492,2024-05-10 00:00:00+00:00,17697.463247450432,10,25637.15731629051,40.0,0.001560235384388072,False,90.24613789889295,20.0,0.005,in_sample,<1000
586,0.6743383199079401,2024-05-11 00:00:00+00:00,17657.463247450432,10,25677.15731629051,40.0,0.0015578048421513765,False,90.24613789889295,20.0,0.005,in_sample,<1000
587,0.6754890678941312,2024-05-12 00:00:00+00:00,17617.463247450432,10,25717.15731629051,40.0,0.0015553818607572942,False,90.24613789889295,20.0,0.005,in_sample,<1000
588,0.6766398158803222,2024-05-13 00:00:00+00:00,17734.196308838287,11,34965.98566986773,40.0,0.0011439688953047411,False,88.77687432939989,18.181818181818183,0.005,in_sample,<1000
589,0.6777905638665133,2024-05-14 00:00:00+00:00,17952.203213705252,9,34231.495423446046,40.0,0.0011685145362537377,False,88.20548460770183,22.22222222222222,0.005,in_sample,<1000
590,0.6789413118527042,2024-05-15 00:00:00+00:00,17916.88333025247,9,49133.15723953809,40.0,0.0008141141796564923,False,88.21657702390205,11.11111111111111,0.005,in_sample,<1000
591,0.6800920598388953,2024-05-16 00:00:00+00:00,18028.906807422794,8,32473.43415259602,40.0,0.0012317760977183956,False,88.17487384725966,25.0,0.005,in_sample,<1000
592,0.6812428078250863,2024-05-17 00:00:00+00:00,18289.630448000036,10,40515.58653150972,40.0,0.0009872743658515535,False,89.16391156944746,20.0,0.005,in_sample,<1000
593,0.6823935558112774,2024-05-18 00:00:00+00:00,18249.630448000036,10,40555.58653150972,40.0,0.0009863006165358242,False,89.16391156944746,20.0,0.005,in_sample,<1000
594,0.6835443037974683,2024-05-19 00:00:00+00:00,18471.89379814461,9,30811.705028356595,40.0,0.0012982079363406615,False,89.07534440288315,22.22222222222222,0.005,in_sample,<1000
595,0.6846950517836594,2024-05-20 00:00:00+00:00,18837.579433559473,6,22143.143373450795,40.0,0.0018064282620307301,True,88.39516966955695,16.666666666666664,0.005,in_sample,<1000
596,0.6858457997698504,2024-05-21 00:00:00+00:00,19081.998205432294,11,19486.647341492513,40.0,0.0020526876326657194,True,92.79652528250503,36.36363636363637,0.005,in_sample,<1000
597,0.6869965477560415,2024-05-22 00:00:00+00:00,19232.69690743007,10,12637.074474437915,40.0,0.003165289567685258,True,93.12297888235494,30.0,0.005,in_sample,<1000
598,0.6881472957422324,2024-05-23 00:00:00+00:00,19238.004515111203,12,17612.984174782006,40.0,0.002271051833298719,True,94.38520938201299,33.33333333333333,0.005,in_sample,<1000
599,0.6892980437284235,2024-05-24 00:00:00+00:00,18657.743848358026,9,27264.541414016807,40.0,0.0014671070161273955,False,92.86275490287163,22.22222222222222,0.005,in_sample,<1000
600,0.6904487917146145,2024-05-25 00:00:00+00:00,18617.743848358026,11,31325.29976340884,40.0,0.0012769231356797453,False,92.94020296449317,18.181818181818183,0.005,in_sample,<1000
601,0.6915995397008056,2024-05-26 00:00:00+00:00,18577.743848358026,12,36755.475052513255,40.0,0.0010882732420911777,False,92.95257932093459,16.666666666666664,0.005,in_sample,<1000
602,0.6927502876869965,2024-05-27 00:00:00+00:00,19377.76294162041,8,29761.11177235977,40.0,0.0013440358110932353,False,95.22015823101981,0.0,0.005,in_sample,<1000
603,0.6939010356731876,2024-05-28 00:00:00+00:00,18821.213348071065,14,34730.1319356921,40.0,0.0011517376344571863,False,94.92232505996387,21.428571428571427,0.005,in_sample,<1000
604,0.6950517836593786,2024-05-29 00:00:00+00:00,18378.365696957197,13,27992.53665359138,40.0,0.0014289523130754957,False,94.21923641513209,23.076923076923077,0.005,in_sample,<1000
605,0.6962025316455697,2024-05-30 00:00:00+00:00,18703.66299098222,14,42787.431209259885,40.0,0.000934853971587417,False,93.64755649539975,28.57142857142857,0.005,in_sample,<1000
606,0.6973532796317606,2024-05-31 00:00:00+00:00,19590.70142951131,7,18770.126521264283,40.0,0.0021310458379001783,True,95.73555029043314,28.57142857142857,0.005,in_sample,<1000
607,0.6985040276179517,2024-06-01 00:00:00+00:00,19453.265467080928,8,30337.96333486239,40.0,0.0013184800692943891,False,96.4990984327564,25.0,0.005,in_sample,<1000
608,0.6996547756041427,2024-06-02 00:00:00+00:00,19477.798034725245,7,28083.976650769935,40.0,0.0014242997171450568,False,96.91387647790881,28.57142857142857,0.005,in_sample,<1000
609,0.7008055235903338,2024-06-03 00:00:00+00:00,19355.393993692454,5,5795.414659329219,40.0,0.006902008286086942,True,96.95989257852898,40.0,0.005,in_sample,<1000
610,0.7019562715765247,2024-06-04 00:00:00+00:00,19006.76900219419,10,15971.198401639038,40.0,0.002504508365251728,True,96.49066937505367,20.0,0.005,in_sample,<1000
611,0.7031070195627158,2024-06-05 00:00:00+00:00,19210.04354590425,15,30166.92754121218,40.0,0.0013259553842649202,False,95.74032122902928,33.33333333333333,0.005,in_sample,<1000
612,0.7042577675489068,2024-06-06 00:00:00+00:00,19163.197836921627,14,30166.92754121218,40.0,0.0013259553842649202,False,95.70157083397397,35.714285714285715,0.005,in_sample,<1000
613,0.7054085155350979,2024-06-07 00:00:00+00:00,18845.9568588583,9,7642.546603251145,40.0,0.005233857518511431,True,95.3497654055089,44.44444444444444,0.005,in_sample,<1000
616,0.7088607594936709,2024-06-10 00:00:00+00:00,18979.193978110074,10,48992.889742727406,40.0,0.0008164450027350687,False,94.6150872114531,20.0,0.005,in_sample,<1000
617,0.7100115074798619,2024-06-11 00:00:00+00:00,18924.484502250434,9,33368.98678375246,40.0,0.0011987178471800713,False,94.86998176130568,22.22222222222222,0.005,in_sample,<1000
618,0.7111622554660529,2024-06-12 00:00:00+00:00,20351.0289847863,6,13777.01540288993,40.0,0.0029033864614544463,True,96.4108722276701,33.33333333333333,0.005,in_sample,<1000
619,0.7123130034522439,2024-06-13 00:00:00+00:00,20289.594232276628,13,16567.319625324155,40.0,0.0024143917606839413,True,99.68046342391109,7.6923076923076925,0.005,in_sample,<1000
620,0.713463751438435,2024-06-14 00:00:00+00:00,20239.72743857256,13,16617.18641902822,40.0,0.0024071463719150606,True,100.23502141122192,7.6923076923076925,0.005,in_sample,<1000
621,0.714614499424626,2024-06-15 00:00:00+00:00,20199.72743857256,13,16657.18641902822,40.0,0.0024013659326227073,True,100.23502141122192,7.6923076923076925,0.005,in_sample,<1000
622,0.715765247410817,2024-06-16 00:00:00+00:00,20159.72743857256,13,16697.18641902822,40.0,0.002395613188723565,True,100.23502141122192,7.6923076923076925,0.005,in_sample,<1000
623,0.716915995397008,2024-06-17 00:00:00+00:00,20540.226808989966,14,34195.73640552339,40.0,0.0011697364702325606,False,101.42903806601649,14.285714285714285,0.005,in_sample,<1000
624,0.7180667433831991,2024-06-18 00:00:00+00:00,20862.19880080458,9,752.2925556727472,0.0,0.0,False,102.16299888607803,33.33333333333333,0.005,in_sample,<1000
625,0.7192174913693901,2024-06-19 00:00:00+00:00,21211.199363372107,4,4554.103271108278,0.0,0.0,False,103.1695663629324,25.0,0.005,in_sample,<1000
626,0.7203682393555811,2024-06-20 00:00:00+00:00,21293.458682798144,7,10510.452274797572,40.0,0.0038057353721983756,True,106.14210778449153,28.57142857142857,0.005,in_sample,<1000
627,0.7215189873417721,2024-06-21 00:00:00+00:00,21253.458682798144,14,10510.452274797572,40.0,0.0038057353721983756,True,106.30470059924116,64.28571428571429,0.005,in_sample,<1000
628,0.7226697353279632,2024-06-22 00:00:00+00:00,21213.458682798144,14,10510.452274797572,40.0,0.0038057353721983756,True,106.30470059924116,64.28571428571429,0.005,in_sample,<1000
629,0.7238204833141542,2024-06-23 00:00:00+00:00,21173.458682798144,15,30883.255990199377,40.0,0.001295200221527606,False,106.28887345355778,60.0,0.005,in_sample,<1000
630,0.7249712313003452,2024-06-24 00:00:00+00:00,22048.692820052267,15,17958.55454708486,40.0,0.0022273507533763647,True,106.69070338615663,60.0,0.005,in_sample,<1000
631,0.7261219792865362,2024-06-25 00:00:00+00:00,22238.488657733637,12,12251.16838722773,40.0,0.003264994711990196,True,107.10699242599053,75.0,0.005,in_sample,<1000
632,0.7272727272727273,2024-06-26 00:00:00+00:00,21962.09614691259,9,4803.066114940444,0.0,0.0,False,107.61479514635815,77.77777777777779,0.005,in_sample,<1000
633,0.7284234752589183,2024-06-27 00:00:00+00:00,21659.29720571159,10,15056.71994557471,40.0,0.0026566211063623,True,107.83235010662156,70.0,0.005,in_sample,<1000
634,0.7295742232451093,2024-06-28 00:00:00+00:00,21462.667800963733,11,2410.7311221531177,0.0,0.0,False,107.18178366919734,81.81818181818183,0.005,in_sample,<1000
635,0.7307249712313003,2024-06-29 00:00:00+00:00,21462.667800963733,11,2410.7311221531177,0.0,0.0,False,107.18178366919734,81.81818181818183,0.005,in_sample,<1000
636,0.7318757192174914,2024-06-30 00:00:00+00:00,21462.667800963733,11,2410.7311221531177,0.0,0.0,False,107.18178366919734,81.81818181818183,0.005,in_sample,<1000
637,0.7330264672036824,2024-07-01 00:00:00+00:00,21025.96311414823,9,1742.435322646144,0.0,0.0,False,106.29690644502752,44.44444444444444,0.005,in_sample,<1000
638,0.7341772151898734,2024-07-02 00:00:00+00:00,20685.607002491815,10,752.2925556727472,0.0,0.0,False,105.54078251992124,60.0,0.005,in_sample,<1000
639,0.7353279631760644,2024-07-03 00:00:00+00:00,21110.83313790085,10,752.2925556727472,0.0,0.0,False,105.71914770804449,90.0,0.005,in_sample,<1000
640,0.7364787111622555,2024-07-04 00:00:00+00:00,21322.88227449289,10,5922.694739931134,40.0,0.006753682530743615,True,106.07507224776705,80.0,0.005,in_sample,<1000
641,0.7376294591484465,2024-07-05 00:00:00+00:00,22307.590926409277,12,16647.199262395654,40.0,0.0024028065844298487,True,110.16603027369744,66.66666666666666,0.005,in_sample,<1000
642,0.7387802071346375,2024-07-06 00:00:00+00:00,22147.584363134458,12,16198.349375141828,40.0,0.0024693874093976794,True,110.09936087233292,66.66666666666666,0.005,in_sample,<1000
643,0.7399309551208285,2024-07-07 00:00:00+00:00,22107.584363134458,12,16201.812979830956,40.0,0.002468859506636358,True,110.09936087233292,66.66666666666666,0.005,in_sample,<1000
644,0.7410817031070196,2024-07-08 00:00:00+00:00,22054.811358170307,10,14265.50001678161,40.0,0.0028039676108755325,True,109.94082219983366,70.0,0.005,in_sample,<1000
645,0.7422324510932106,2024-07-09 00:00:00+00:00,22838.85148910918,10,41465.42172055723,40.0,0.0009646591868657947,False,110.913292728141,30.0,0.005,in_sample,<1000
646,0.7433831990794016,2024-07-10 00:00:00+00:00,24006.754023309193,7,10378.705038233253,40.0,0.003854045360442108,True,111.58789581143739,57.14285714285714,0.005,in_sample,<1000
647,0.7445339470655926,2024-07-11 00:00:00+00:00,24358.472414013686,8,4791.212199516859,0.0,0.0,False,115.36580856468626,75.0,0.005,in_sample,<1000
648,0.7456846950517837,2024-07-12 00:00:00+00:00,23952.38892386595,17,39968.84843524191,40.0,0.0010007793961041575,False,118.22947602864804,47.05882352941176,0.005,in_sample,<1000
649,0.7468354430379747,2024-07-13 00:00:00+00:00,23536.554352363823,16,34737.01832510298,40.0,0.001151509309913732,False,117.95809424619736,50.0,0.005,in_sample,<1000
650,0.7479861910241657,2024-07-14 00:00:00+00:00,23496.554352363823,16,34737.01832510298,40.0,0.001151509309913732,False,117.95809424619736,50.0,0.005,in_sample,<1000
651,0.7491369390103567,2024-07-15 00:00:00+00:00,24113.29014891661,14,37664.683463800764,40.0,0.001062002818593808,False,117.58493490926084,42.857142857142854,0.005,in_sample,<1000
652,0.7502876869965478,2024-07-16 00:00:00+00:00,25172.275661286352,13,17859.223325883697,40.0,0.002239739056402709,True,121.11666738757913,53.84615384615385,0.005,in_sample,<1000
653,0.7514384349827388,2024-07-17 00:00:00+00:00,25573.00586125902,17,42049.55051390955,40.0,0.0009512586819868246,False,124.1031894869551,47.05882352941176,0.005,in_sample,<1000
654,0.7525891829689298,2024-07-18 00:00:00+00:00,24333.019689275734,9,24553.22954038966,40.0,0.001629113593150777,True,121.46231261144655,33.33333333333333,0.005,in_sample,<1000
655,0.7537399309551208,2024-07-19 00:00:00+00:00,23796.67059512372,6,16528.799686756283,40.0,0.002420018438002491,True,117.33021876645427,33.33333333333333,0.005,in_sample,<1000
656,0.7548906789413119,2024-07-20 00:00:00+00:00,23623.817046252516,5,10151.055159205285,40.0,0.00394047706102028,True,115.24504627372053,40.0,0.005,in_sample,<1000
657,0.7560414269275029,2024-07-21 00:00:00+00:00,23583.817046252516,5,10151.055159205285,40.0,0.00394047706102028,True,115.24504627372053,40.0,0.005,in_sample,<1000
658,0.757192174913694,2024-07-22 00:00:00+00:00,23268.538639317383,10,41586.23529812431,40.0,0.000961856722861474,False,116.34647146191193,30.0,0.005,in_sample,<1000
659,0.7583429228998849,2024-07-23 00:00:00+00:00,22727.100239131163,11,49377.368463638886,40.0,0.0008100877232745948,False,114.75766456396073,36.36363636363637,0.005,in_sample,<1000
660,0.759493670886076,2024-07-24 00:00:00+00:00,22412.04947528511,8,18204.08512159854,40.0,0.002197308995910008,True,113.60149174811367,37.5,0.005,in_sample,<1000
661,0.760644418872267,2024-07-25 00:00:00+00:00,22430.185935471345,10,39263.73348114814,40.0,0.0010187518214284275,False,112.41044622882131,30.0,0.005,in_sample,<1000
662,0.761795166858458,2024-07-26 00:00:00+00:00,22818.79013271047,13,44840.05183733914,40.0,0.0008920596288582178,False,112.73817296635629,38.46153846153847,0.005,in_sample,<1000
663,0.762945914844649,2024-07-27 00:00:00+00:00,22763.36827408204,13,28691.862954998225,40.0,0.0013941234859074167,False,112.7345009855472,38.46153846153847,0.005,in_sample,<1000
664,0.7640966628308401,2024-07-28 00:00:00+00:00,22723.36827408204,14,40334.46683216195,40.0,0.0009917076669550705,False,112.81181101303741,35.714285714285715,0.005,in_sample,<1000
665,0.7652474108170311,2024-07-29 00:00:00+00:00,23878.478519372882,7,18481.345702832135,40.0,0.00216434455819255,True,111.60308352419356,42.857142857142854,0.005,in_sample,<1000
666,0.766398158803222,2024-07-30 00:00:00+00:00,23906.501161803422,9,28076.13420481828,40.0,0.0014246975637100142,False,113.4628199027855,22.22222222222222,0.005,in_sample,<1000
667,0.7675489067894131,2024-07-31 00:00:00+00:00,23611.794938245424,10,26637.337014359866,40.0,0.001501651609484705,False,114.54618819926426,30.0,0.005,in_sample,<1000
668,0.7686996547756041,2024-08-01 00:00:00+00:00,23567.908882035812,12,36190.6331564564,40.0,0.0011052583641484042,False,116.09276848409911,33.33333333333333,0.005,in_sample,<1000
669,0.7698504027617952,2024-08-02 00:00:00+00:00,24124.982997454834,9,13466.233579030384,40.0,0.0029703925574473913,True,117.13769945174548,66.66666666666666,0.005,in_sample,<1000
670,0.7710011507479861,2024-08-03 00:00:00+00:00,24084.982997454834,9,13466.233579030384,40.0,0.0029703925574473913,True,117.13769945174548,66.66666666666666,0.005,in_sample,<1000
671,0.7721518987341772,2024-08-04 00:00:00+00:00,24044.982997454834,9,13466.233579030384,40.0,0.0029703925574473913,True,117.13769945174548,66.66666666666666,0.005,in_sample,<1000
672,0.7733026467203682,2024-08-05 00:00:00+00:00,24692.46685197888,5,13466.233579030384,40.0,0.0029703925574473913,True,115.48613106884736,40.0,0.005,in_sample,<1000
673,0.7744533947065593,2024-08-06 00:00:00+00:00,24223.79153632843,10,35397.69527059309,40.0,0.0011300170729824411,False,118.8559424490442,20.0,0.005,in_sample,<1000
674,0.7756041426927502,2024-08-07 00:00:00+00:00,23132.0547660095,10,16269.578942208776,40.0,0.002458576226347598,True,116.25639377591806,30.0,0.005,in_sample,<1000
675,0.7767548906789413,2024-08-08 00:00:00+00:00,22238.246873410888,14,40437.645032945285,40.0,0.000989177286842774,False,114.02133296921973,35.714285714285715,0.005,in_sample,<1000
676,0.7779056386651323,2024-08-09 00:00:00+00:00,22171.215319705127,10,34034.19863861434,40.0,0.001175288433399957,False,113.3183782629078,20.0,0.005,in_sample,<1000
677,0.7790563866513234,2024-08-10 00:00:00+00:00,22131.215319705127,11,39852.64460494777,40.0,0.0010036975060629713,False,113.09453265705487,18.181818181818183,0.005,in_sample,<1000
678,0.7802071346375143,2024-08-11 00:00:00+00:00,22091.215319705127,11,39852.64460494777,40.0,0.0010036975060629713,False,113.09453265705487,18.181818181818183,0.005,in_sample,<1000
679,0.7813578826237054,2024-08-12 00:00:00+00:00,22098.886363748967,10,28508.445611040766,40.0,0.0014030929832424387,False,111.94856921883547,20.0,0.005,in_sample,<1000
680,0.7825086306098964,2024-08-13 00:00:00+00:00,22049.207158440746,9,22005.073169869152,40.0,0.0018177626446055507,True,111.02289507837412,22.22222222222222,0.005,in_sample,<1000
681,0.7836593785960875,2024-08-14 00:00:00+00:00,22386.540197656104,14,39829.71244330446,40.0,0.001004275390060572,False,111.44399133687878,28.57142857142857,0.005,in_sample,<1000
682,0.7848101265822784,2024-08-15 00:00:00+00:00,22241.625012617056,15,37342.78370757772,40.0,0.0010711574239679156,False,111.38264041165243,33.33333333333333,0.005,in_sample,<1000
683,0.7859608745684695,2024-08-16 00:00:00+00:00,22801.529193214377,13,41421.4847096725,40.0,0.0009656824297913068,False,110.75718161868129,30.76923076923077,0.005,in_sample,<1000
684,0.7871116225546605,2024-08-17 00:00:00+00:00,22833.070904569067,11,33165.57794764582,40.0,0.0012060697408362005,False,110.52142432936994,36.36363636363637,0.005,in_sample,<1000
685,0.7882623705408516,2024-08-18 00:00:00+00:00,22673.756692557243,11,33165.57794764582,40.0,0.0012060697408362005,False,110.52142432936994,36.36363636363637,0.005,in_sample,<1000
686,0.7894131185270425,2024-08-19 00:00:00+00:00,23393.365333648264,11,33917.48845235439,40.0,0.0011793326046588039,False,111.3749078082536,36.36363636363637,0.005,in_sample,<1000
687,0.7905638665132336,2024-08-20 00:00:00+00:00,23672.36858885483,11,43320.154170155896,40.0,0.0009233577480561411,False,112.77320709337104,27.27272727272727,0.005,in_sample,<1000
688,0.7917146144994246,2024-08-21 00:00:00+00:00,23931.619986948004,11,36709.003186837435,40.0,0.0010896509446582468,False,113.96319667461579,27.27272727272727,0.005,in_sample,<1000
689,0.7928653624856157,2024-08-22 00:00:00+00:00,25697.92382447736,11,26430.952871578353,40.0,0.0015133771451354926,False,118.7579869661824,45.45454545454545,0.005,in_sample,<1000
690,0.7940161104718066,2024-08-23 00:00:00+00:00,28408.508126757013,9,15761.644341097046,40.0,0.0025378062805099374,True,126.89407814499125,55.55555555555556,0.005,in_sample,<1000
691,0.7951668584579977,2024-08-24 00:00:00+00:00,28360.01873215748,8,8604.631890485816,40.0,0.004648659060503006,True,129.43557703799237,62.5,0.005,in_sample,<1000
692,0.7963176064441887,2024-08-25 00:00:00+00:00,28243.17470915616,8,4205.87043040951,0.0,0.0,False,132.9956165070442,62.5,0.005,in_sample,<1000
693,0.7974683544303798,2024-08-26 00:00:00+00:00,28257.631387027162,11,37122.14602600054,40.0,0.0010775239117906544,False,135.30425621043813,27.27272727272727,0.005,in_sample,<1000
695,0.7997698504027618,2024-08-28 00:00:00+00:00,30410.295952425713,11,27742.83520510172,40.0,0.0014418137044855555,False,139.84704047893968,45.45454545454545,0.005,in_sample,<1000
696,0.8009205983889528,2024-08-29 00:00:00+00:00,30655.980200340793,14,25984.189644066773,40.0,0.0015393976317107736,False,143.30617963780543,57.14285714285714,0.005,in_sample,<1000
697,0.8020713463751439,2024-08-30 00:00:00+00:00,32124.47745789594,14,39482.46441796925,40.0,0.0010131079857769773,False,147.86562628219366,57.14285714285714,0.005,in_sample,<1000
698,0.8032220943613348,2024-08-31 00:00:00+00:00,32393.2520394587,12,16794.61884971403,40.0,0.0023817152599852603,True,148.37968758046392,66.66666666666666,0.005,in_sample,<1000
699,0.8043728423475259,2024-09-01 00:00:00+00:00,32353.2520394587,15,45753.36897682637,40.0,0.0008742525609482354,False,151.09700210382982,53.333333333333336,0.005,in_sample,<1000
700,0.8055235903337169,2024-09-02 00:00:00+00:00,36248.24862803041,6,13884.117018371682,40.0,0.0028809898351527413,True,149.017189057733,50.0,0.005,in_sample,<1000
702,0.807825086306099,2024-09-04 00:00:00+00:00,35336.52194725804,8,20658.355958611683,40.0,0.0019362625022116304,True,168.1420911892264,25.0,0.005,in_sample,<1000
705,0.8112773302646721,2024-09-07 00:00:00+00:00,32417.354386362866,11,42228.71230062179,40.0,0.0009472228211754169,False,164.15930708811803,18.181818181818183,0.005,in_sample,<1000
706,0.812428078250863,2024-09-08 00:00:00+00:00,32025.374471759093,10,36740.98233712853,40.0,0.0010887025184293474,False,163.3790381856459,20.0,0.005,in_sample,<1000
707,0.8135788262370541,2024-09-09 00:00:00+00:00,30806.545683570188,5,3387.8011831532676,0.0,0.0,False,155.82985697521033,40.0,0.005,in_sample,<1000
712,0.8193325661680092,2024-09-14 00:00:00+00:00,31531.756953090375,11,43296.93890594317,40.0,0.000923852840656811,False,155.77629074181436,0.0,0.005,in_sample,<1000
713,0.8204833141542003,2024-09-15 00:00:00+00:00,31491.756953090375,11,43296.93890594317,40.0,0.000923852840656811,False,155.77629074181436,0.0,0.005,in_sample,<1000
714,0.8216340621403913,2024-09-16 00:00:00+00:00,31127.591318875486,7,25095.041848246437,40.0,0.001593940358493368,False,153.72892628375465,0.0,0.005,in_sample,<1000
715,0.8227848101265823,2024-09-17 00:00:00+00:00,31127.494155167708,8,8920.877061928364,40.0,0.004483864055330169,True,153.3492615667569,25.0,0.005,in_sample,<1000
716,0.8239355581127733,2024-09-18 00:00:00+00:00,31472.665946228506,10,28716.46911317384,40.0,0.0013929289092735214,False,154.1867904715949,20.0,0.005,in_sample,<1000
717,0.8250863060989643,2024-09-19 00:00:00+00:00,31108.193584120992,12,23427.02267457923,40.0,0.0017074299434304207,True,154.81096799719788,33.33333333333333,0.005,in_sample,<1000
718,0.8262370540851554,2024-09-20 00:00:00+00:00,30719.099172011036,13,41966.31706061154,40.0,0.0009531453508829092,False,154.24897840856318,30.76923076923077,0.005,in_sample,<1000
719,0.8273878020713463,2024-09-21 00:00:00+00:00,30516.089695363353,12,31736.087931981485,40.0,0.0012603947936409233,False,154.21489765231254,33.33333333333333,0.005,in_sample,<1000
720,0.8285385500575374,2024-09-22 00:00:00+00:00,30776.243676734994,12,33141.87618683248,40.0,0.0012069322742775891,False,153.9413883733569,33.33333333333333,0.005,in_sample,<1000
721,0.8296892980437284,2024-09-23 00:00:00+00:00,30238.406370321973,13,34106.10452986161,40.0,0.0011728105731036505,False,153.41978175612059,38.46153846153847,0.005,in_sample,<1000
723,0.8319907940161104,2024-09-25 00:00:00+00:00,29094.845691892384,13,29714.128132523667,40.0,0.0013461609851583667,False,149.20365097853434,38.46153846153847,0.005,in_sample,<1000
724,0.8331415420023015,2024-09-26 00:00:00+00:00,29054.845691892384,15,33222.082628919554,40.0,0.0012040184369772268,False,148.70639464265798,40.0,0.005,in_sample,<1000
725,0.8342922899884925,2024-09-27 00:00:00+00:00,28982.5091242182,16,35218.367994490014,40.0,0.0011357709705985832,False,148.54494889339992,37.5,0.005,in_sample,<1000
726,0.8354430379746836,2024-09-28 00:00:00+00:00,28942.5091242182,16,35218.367994490014,40.0,0.0011357709705985832,False,148.54494889339992,37.5,0.005,in_sample,<1000
727,0.8365937859608745,2024-09-29 00:00:00+00:00,28902.5091242182,16,35218.367994490014,40.0,0.0011357709705985832,False,148.54494889339992,37.5,0.005,in_sample,<1000
728,0.8377445339470656,2024-09-30 00:00:00+00:00,28658.544981571344,15,36721.49228994564,40.0,0.0010892803507049197,False,148.38109556321552,40.0,0.005,in_sample,<1000
731,0.8411967779056386,2024-10-03 00:00:00+00:00,28312.938331406203,15,40347.172534216785,40.0,0.0009913953689339107,False,144.22227113363437,33.33333333333333,0.005,in_sample,<1000
732,0.8423475258918297,2024-10-04 00:00:00+00:00,28124.656450337472,14,37027.49991888963,40.0,0.0010802781739955914,False,144.13284561036096,35.714285714285715,0.005,in_sample,<1000
733,0.8434982738780207,2024-10-05 00:00:00+00:00,28084.656450337472,14,37067.49991888963,40.0,0.0010791124323875957,False,144.13284561036096,35.714285714285715,0.005,in_sample,<1000
734,0.8446490218642118,2024-10-06 00:00:00+00:00,28251.028682640703,13,35597.08280820099,40.0,0.0011236875846125417,False,144.4428069284888,38.46153846153847,0.005,in_sample,<1000
735,0.8457997698504027,2024-10-07 00:00:00+00:00,29809.524395330016,15,43632.44348492682,40.0,0.0009167490244688754,False,145.12410306233699,33.33333333333333,0.005,in_sample,<1000
736,0.8469505178365938,2024-10-08 00:00:00+00:00,30017.449559439105,16,34565.22799711942,40.0,0.0011572323493232418,False,146.150556525354,43.75,0.005,in_sample,<1000
737,0.8481012658227848,2024-10-09 00:00:00+00:00,29371.698165515398,14,28569.065338434677,40.0,0.0014001158079955454,False,146.38392554167015,42.857142857142854,0.005,in_sample,<1000
738,0.8492520138089759,2024-10-10 00:00:00+00:00,29177.954311018868,15,30984.03213757417,40.0,0.0012909875584427959,False,146.08448352642506,40.0,0.005,in_sample,<1000
739,0.8504027617951668,2024-10-11 00:00:00+00:00,29789.98925077677,14,43776.30469529012,40.0,0.000913736330154509,False,145.74593860646533,35.714285714285715,0.005,in_sample,<1000
740,0.8515535097813579,2024-10-12 00:00:00+00:00,30072.847645913527,13,43776.30469529012,40.0,0.000913736330154509,False,145.71948991810925,38.46153846153847,0.005,in_sample,<1000
741,0.8527042577675489,2024-10-13 00:00:00+00:00,29874.185274880856,13,41631.09989987225,40.0,0.0009608201583961212,False,145.8678784995348,38.46153846153847,0.005,in_sample,<1000
742,0.85385500575374,2024-10-14 00:00:00+00:00,29339.23988772723,13,48247.736237099394,40.0,0.0008290544410919446,False,145.51379559478738,23.076923076923077,0.005,in_sample,<1000
743,0.8550057537399309,2024-10-15 00:00:00+00:00,29590.340783543244,12,47884.36908598537,40.0,0.0008353456621339731,False,145.66318319710086,25.0,0.005,in_sample,<1000
744,0.856156501726122,2024-10-16 00:00:00+00:00,30063.751075661694,11,32708.916790695144,40.0,0.001222908121842145,False,142.8476476912407,36.36363636363637,0.005,in_sample,<1000
745,0.857307249712313,2024-10-17 00:00:00+00:00,30050.726239533906,9,37557.18217204679,40.0,0.0010650426279789264,False,143.19635846506563,11.11111111111111,0.005,in_sample,<1000
746,0.8584579976985041,2024-10-18 00:00:00+00:00,30298.32689865249,7,18336.434091939354,40.0,0.0021814492283199105,True,143.7173265961204,28.57142857142857,0.005,in_sample,<1000
747,0.859608745684695,2024-10-19 00:00:00+00:00,30258.32689865249,8,28792.188491310713,40.0,0.0013892657035109272,False,144.68911508326315,25.0,0.005,in_sample,<1000
749,0.8619102416570771,2024-10-21 00:00:00+00:00,29248.175753034648,8,36086.94310206349,40.0,0.0011084341471337526,False,141.62754136922024,37.5,0.005,in_sample,<1000
751,0.8642117376294591,2024-10-23 00:00:00+00:00,29852.503111272454,7,27207.554539709698,40.0,0.0014701799068938591,False,141.86037331741596,14.285714285714285,0.005,in_sample,<1000
752,0.8653624856156502,2024-10-24 00:00:00+00:00,30043.98952953101,9,19496.969882791793,40.0,0.00205160085082269,True,144.25547944324956,33.33333333333333,0.005,in_sample,<1000
755,0.8688147295742232,2024-10-27 00:00:00+00:00,31494.91304083206,15,48263.00427209144,40.0,0.0008287921691424915,False,149.63611873912458,40.0,0.005,in_sample,<1000
760,0.8745684695051784,2024-11-01 00:00:00+00:00,33608.09376548895,16,43620.09172597689,40.0,0.0009170086172968538,False,158.56464158917788,31.25,0.005,in_sample,<1000
761,0.8757192174913694,2024-11-02 00:00:00+00:00,33535.52588184153,8,22864.386267462138,40.0,0.0017494456020856865,True,155.64254407851428,12.5,0.005,in_sample,<1000
762,0.8768699654775605,2024-11-03 00:00:00+00:00,33489.45570461571,7,22864.386267462138,40.0,0.0017494456020856865,True,153.72209086165222,14.285714285714285,0.005,in_sample,<1000
763,0.8780207134637514,2024-11-04 00:00:00+00:00,33449.45570461571,8,47518.646242365736,40.0,0.0008417748223714671,False,155.4377393193305,12.5,0.005,in_sample,<1000
764,0.8791714614499425,2024-11-05 00:00:00+00:00,32220.870429886214,8,42202.56402958597,40.0,0.000947809710612799,False,155.0841533395967,12.5,0.005,in_sample,<1000
766,0.8814729574223246,2024-11-07 00:00:00+00:00,31996.033296925874,14,40630.79884903896,40.0,0.0009844748597884416,False,158.88905129217687,28.57142857142857,0.005,in_sample,<1000
767,0.8826237054085155,2024-11-08 00:00:00+00:00,31623.832819548796,13,24955.936797838862,40.0,0.001602825024122674,True,156.22320562769045,46.15384615384615,0.005,in_sample,<1000
768,0.8837744533947065,2024-11-09 00:00:00+00:00,31904.437329036333,11,14315.86607825895,40.0,0.0027941026956620338,True,155.3716949517056,54.54545454545454,0.005,in_sample,<1000
769,0.8849252013808976,2024-11-10 00:00:00+00:00,31694.974932356137,11,23649.633478988202,40.0,0.0016913581360801415,True,154.83536237108095,54.54545454545454,0.005,in_sample,<1000
770,0.8860759493670886,2024-11-11 00:00:00+00:00,31890.838374236482,12,45771.68440752363,40.0,0.0008739027308644355,False,153.64125366193036,25.0,0.005,in_sample,<1000
771,0.8872266973532796,2024-11-12 00:00:00+00:00,30810.534645794698,15,40553.91119568006,40.0,0.0009863413619217308,False,153.65696316960594,40.0,0.005,in_sample,<1000
772,0.8883774453394706,2024-11-13 00:00:00+00:00,30373.256489003215,15,42783.45602043474,40.0,0.0009349408327577539,False,152.12546443604975,40.0,0.005,in_sample,<1000
773,0.8895281933256617,2024-11-14 00:00:00+00:00,31001.849604122814,9,37482.83591493312,40.0,0.0010671551130970868,False,150.17364376407716,44.44444444444444,0.005,in_sample,<1000
774,0.8906789413118527,2024-11-15 00:00:00+00:00,30550.58322773289,12,20062.969064681514,40.0,0.0019937228568235833,True,150.84886476897682,58.333333333333336,0.005,in_sample,<1000
775,0.8918296892980437,2024-11-16 00:00:00+00:00,30510.58322773289,13,23933.92867495901,40.0,0.0016712676194213863,True,150.9953302589528,53.84615384615385,0.005,in_sample,<1000
777,0.8941311852704258,2024-11-18 00:00:00+00:00,29525.320686769533,15,20062.969064681514,40.0,0.0019937228568235833,True,148.51630218598694,46.666666666666664,0.005,in_sample,<1000
778,0.8952819332566168,2024-11-19 00:00:00+00:00,32255.896410873862,13,24944.682389134006,40.0,0.001603548178164984,True,150.27137084018983,38.46153846153847,0.005,in_sample,<1000
779,0.8964326812428078,2024-11-20 00:00:00+00:00,32143.36429692473,11,32486.294534614175,40.0,0.0012312884732784764,False,150.32735754193956,27.27272727272727,0.005,in_sample,<1000
780,0.8975834292289988,2024-11-21 00:00:00+00:00,31951.58794705181,10,25109.196553701044,40.0,0.0015930418129649028,False,150.97273939962938,30.0,0.005,in_sample,<1000
781,0.8987341772151899,2024-11-22 00:00:00+00:00,32634.357085366162,18,42031.42413531004,40.0,0.0009516689196927909,False,155.31094849270886,33.33333333333333,0.005,in_sample,<1000
785,0.903337169159954,2024-11-26 00:00:00+00:00,36482.14710347727,12,31687.714967119504,40.0,0.0012623188526375497,False,160.9928170429009,25.0,0.005,in_sample,<1000
786,0.904487917146145,2024-11-27 00:00:00+00:00,37653.76837514152,10,14577.636914965413,40.0,0.002743928953185545,True,165.2300226551757,20.0,0.005,in_sample,<1000
787,0.905638665132336,2024-11-28 00:00:00+00:00,37181.33688232418,19,34919.115161074056,40.0,0.001145504398249754,False,176.6115624713511,36.84210526315789,0.005,in_sample,<1000
788,0.906789413118527,2024-11-29 00:00:00+00:00,36098.80651350441,16,32346.975716674126,40.0,0.001236591647712553,False,174.72737833915193,37.5,0.005,in_sample,<1000
790,0.9090909090909091,2024-12-01 00:00:00+00:00,36204.65650353959,14,45581.66733469453,40.0,0.0008775457840602939,False,175.30945416958187,42.857142857142854,0.005,in_sample,<1000
791,0.9102416570771001,2024-12-02 00:00:00+00:00,35582.99738015476,10,31616.402176408978,40.0,0.0012651660924862147,False,172.04998245418912,30.0,0.005,in_sample,<1000
806,0.9275028768699655,2024-12-17 00:00:00+00:00,42625.380027931045,11,49880.41052857268,40.0,0.000801918019040502,False,187.39820368895252,18.181818181818183,0.005,in_sample,<1000
807,0.9286536248561565,2024-12-18 00:00:00+00:00,43609.27875014197,9,49880.41052857268,40.0,0.000801918019040502,False,183.3317796326364,11.11111111111111,0.005,in_sample,<1000
809,0.9309551208285386,2024-12-20 00:00:00+00:00,45662.59301324193,12,22532.210764980387,40.0,0.0017752363679363452,True,201.9863136823191,25.0,0.005,in_sample,<1000
810,0.9321058688147296,2024-12-21 00:00:00+00:00,47015.281583437834,10,4345.200692185472,0.0,0.0,False,199.39901855173795,30.0,0.005,in_sample,<1000
811,0.9332566168009206,2024-12-22 00:00:00+00:00,47329.38237187407,10,27134.73136108883,40.0,0.0014741255208208896,False,201.80033589848844,30.0,0.005,in_sample,<1000
812,0.9344073647871116,2024-12-23 00:00:00+00:00,46315.45056358693,11,47989.90105906695,40.0,0.00083350869906498,False,210.11424718258158,0.0,0.005,in_sample,<1000
817,0.9401611047180668,2024-12-28 00:00:00+00:00,48565.684053789584,14,35847.96816411761,40.0,0.0011158233520202245,False,216.63853263909067,28.57142857142857,0.005,in_sample,<1000
819,0.9424626006904487,2024-12-30 00:00:00+00:00,50866.25300521143,10,15926.373250871087,40.0,0.0025115573627418415,True,217.5122269916048,30.0,0.005,in_sample,<1000
820,0.9436133486766398,2024-12-31 00:00:00+00:00,53036.875174053035,8,15926.373250871087,40.0,0.0025115573627418415,True,216.31934309992033,37.5,0.005,in_sample,<1000
821,0.9447640966628308,2025-01-01 00:00:00+00:00,52996.875174053035,8,15926.373250871087,40.0,0.0025115573627418415,True,216.31934309992033,37.5,0.005,in_sample,<1000
822,0.9459148446490219,2025-01-02 00:00:00+00:00,52697.70440109999,9,27411.796241598684,40.0,0.0014592257890527482,False,223.90037428237943,33.33333333333333,0.005,in_sample,<1000
823,0.9470655926352128,2025-01-03 00:00:00+00:00,51838.004404973704,8,4345.200692185472,0.0,0.0,False,219.65144066472706,62.5,0.005,in_sample,<1000
824,0.9482163406214039,2025-01-04 00:00:00+00:00,51838.004404973704,8,4345.200692185472,0.0,0.0,False,219.65144066472706,62.5,0.005,in_sample,<1000
825,0.9493670886075949,2025-01-05 00:00:00+00:00,51539.935879645105,10,4345.200692185472,0.0,0.0,False,227.26108841142678,50.0,0.005,in_sample,<1000
826,0.950517836593786,2025-01-06 00:00:00+00:00,50511.78121963444,14,4345.200692185472,0.0,0.0,False,233.0507320689737,64.28571428571429,0.005,in_sample,<1000
827,0.9516685845799769,2025-01-07 00:00:00+00:00,51518.44157676715,13,4345.200692185472,0.0,0.0,False,231.28106087967822,69.23076923076923,0.005,in_sample,<1000
828,0.952819332566168,2025-01-08 00:00:00+00:00,52683.038231803475,13,4345.200692185472,0.0,0.0,False,233.77223669560254,61.53846153846154,0.005,in_sample,<1000
829,0.953970080552359,2025-01-09 00:00:00+00:00,51580.87558562676,10,4345.200692185472,0.0,0.0,False,227.65820689093616,50.0,0.005,in_sample,<1000
830,0.9551208285385501,2025-01-10 00:00:00+00:00,52070.81471835369,20,38814.869055156225,40.0,0.0010305329110645639,False,244.4289062375439,45.0,0.005,in_sample,<1000
831,0.956271576524741,2025-01-11 00:00:00+00:00,51757.977853183846,20,33345.7564082435,40.0,0.0011995529359205505,False,244.2788776947978,45.0,0.005,in_sample,<1000
832,0.9574223245109321,2025-01-12 00:00:00+00:00,51717.977853183846,20,33385.7564082435,40.0,0.0011981157326758467,False,244.2788776947978,45.0,0.005,in_sample,<1000
833,0.9585730724971231,2025-01-13 00:00:00+00:00,51550.00494961062,15,4345.200692185472,0.0,0.0,False,238.60234241295802,53.333333333333336,0.005,in_sample,<1000
834,0.9597238204833142,2025-01-14 00:00:00+00:00,52276.91943360667,15,4345.200692185472,0.0,0.0,False,239.49350185181558,53.333333333333336,0.005,in_sample,<1000
836,0.9620253164556962,2025-01-16 00:00:00+00:00,52447.8062655928,15,42023.49610379374,40.0,0.0009518484588051429,False,240.23362476402824,33.33333333333333,0.005,in_sample,<1000
837,0.9631760644418872,2025-01-17 00:00:00+00:00,53497.307533081745,14,35263.712031692914,40.0,0.0011343105332771092,False,242.73574361530356,35.714285714285715,0.005,in_sample,<1000
838,0.9643268124280783,2025-01-18 00:00:00+00:00,53457.307533081745,15,47717.06876112836,40.0,0.0008382744589832204,False,244.38579655197725,33.33333333333333,0.005,in_sample,<1000
840,0.9666283084004603,2025-01-20 00:00:00+00:00,57309.788201866366,15,40765.64696792235,40.0,0.0009812183290375638,False,256.4124598305474,46.666666666666664,0.005,in_sample,<1000
841,0.9677790563866513,2025-01-21 00:00:00+00:00,55769.34214115606,16,48909.47590421042,40.0,0.0008178374284431161,False,259.0530628066517,37.5,0.005,in_sample,<1000
842,0.9689298043728424,2025-01-22 00:00:00+00:00,55506.37427780261,12,22926.531087615745,40.0,0.0017447035422470368,True,252.4782701832472,50.0,0.005,in_sample,<1000
843,0.9700805523590333,2025-01-23 00:00:00+00:00,55901.23288308453,13,22926.531087615745,40.0,0.0017447035422470368,True,252.140459986745,46.15384615384615,0.005,in_sample,<1000
844,0.9712313003452244,2025-01-24 00:00:00+00:00,56557.97747614094,10,4345.200692185472,0.0,0.0,False,246.03263010071083,50.0,0.005,in_sample,<1000
845,0.9723820483314154,2025-01-25 00:00:00+00:00,56517.97747614094,11,26564.41453457366,40.0,0.001505773821890179,False,249.37419894434663,45.45454545454545,0.005,in_sample,<1000
847,0.9746835443037974,2025-01-27 00:00:00+00:00,55106.7051393052,8,30320.23238865623,40.0,0.0013192511022760262,False,258.7472412527181,12.5,0.005,in_sample,<1000
851,0.9792865362485615,2025-01-31 00:00:00+00:00,56959.68409654108,10,48657.62424522008,40.0,0.0008220705515421754,False,264.4715318227179,20.0,0.005,in_sample,<1000
852,0.9804372842347526,2025-02-01 00:00:00+00:00,56919.68409654108,10,48697.62424522008,40.0,0.0008213953066494039,False,264.4715318227179,20.0,0.005,in_sample,<1000
853,0.9815880322209436,2025-02-02 00:00:00+00:00,56879.68409654108,10,48737.62424522008,40.0,0.0008207211701321896,False,264.4715318227179,20.0,0.005,in_sample,<1000
854,0.9827387802071347,2025-02-03 00:00:00+00:00,58100.651288367495,6,34825.747476614575,40.0,0.0011485754907876687,False,257.1990881894603,33.33333333333333,0.005,in_sample,<1000
855,0.9838895281933256,2025-02-04 00:00:00+00:00,58050.64598969282,5,34825.747476614575,40.0,0.0011485754907876687,False,253.815351445585,40.0,0.005,in_sample,<1000
856,0.9850402761795167,2025-02-05 00:00:00+00:00,58010.64598969282,5,34825.747476614575,40.0,0.0011485754907876687,False,253.815351445585,40.0,0.005,in_sample,<1000
857,0.9861910241657077,2025-02-06 00:00:00+00:00,57970.64598969282,5,34825.747476614575,40.0,0.0011485754907876687,False,253.815351445585,40.0,0.005,in_sample,<1000
858,0.9873417721518988,2025-02-07 00:00:00+00:00,59624.11402256228,4,3592.9081365127245,0.0,0.0,False,246.47989447919676,50.0,0.005,in_sample,<1000
859,0.9884925201380897,2025-02-08 00:00:00+00:00,59624.11402256228,4,3592.9081365127245,0.0,0.0,False,246.47989447919676,50.0,0.005,in_sample,<1000
860,0.9896432681242808,2025-02-09 00:00:00+00:00,59624.11402256228,4,3592.9081365127245,0.0,0.0,False,246.47989447919676,50.0,0.005,in_sample,<1000
861,0.9907940161104718,2025-02-10 00:00:00+00:00,59624.11402256228,4,3592.9081365127245,0.0,0.0,False,246.47989447919676,50.0,0.005,in_sample,<1000
862,0.9919447640966629,2025-02-11 00:00:00+00:00,59619.86699116274,3,3592.9081365127245,0.0,0.0,False,241.78850144167282,66.66666666666666,0.005,in_sample,<1000
863,0.9930955120828538,2025-02-12 00:00:00+00:00,59600.63744433694,2,3592.9081365127245,0.0,0.0,False,219.8183626692341,50.0,0.005,in_sample,<1000
864,0.9942462600690449,2025-02-13 00:00:00+00:00,59600.63744433694,2,3592.9081365127245,0.0,0.0,False,219.8183626692341,50.0,0.005,in_sample,<1000
865,0.9953970080552359,2025-02-14 00:00:00+00:00,59596.41646834475,1,3592.9081365127245,0.0,0.0,False,179.0826517466997,0.0,0.005,in_sample,<1000
866,0.996547756041427,2025-02-15 00:00:00+00:00,59596.41646834475,1,3592.9081365127245,0.0,0.0,False,179.0826517466997,0.0,0.005,in_sample,<1000
867,0.997698504027618,2025-02-16 00:00:00+00:00,59596.41646834475,1,3592.9081365127245,0.0,0.0,False,179.0826517466997,0.0,0.005,in_sample,<1000
0,0.0,2025-02-01 00:00:00+00:00,14704.495482830001,4,9438.22928288785,40.0,0.004238083098121245,True,75.0,0.0,0.005,validation,<1000
1,0.003401360544217687,2025-02-02 00:00:00+00:00,14664.495482830001,7,41447.45046513331,40.0,0.0009650774547314812,False,74.3667760346357,0.0,0.005,validation,<1000
2,0.006802721088435374,2025-02-03 00:00:00+00:00,13712.348353557769,8,1397.0303421594956,0.0,0.0,False,69.12565552959045,62.5,0.005,validation,<1000
9,0.030612244897959183,2025-02-10 00:00:00+00:00,14561.155713790284,7,9807.40401010931,40.0,0.0040785512617578165,True,70.4216086427504,57.14285714285714,0.005,validation,<1000
10,0.034013605442176874,2025-02-11 00:00:00+00:00,14496.637893210635,8,9923.802997816878,40.0,0.004030712823380265,True,70.92828635137727,37.5,0.005,validation,<1000
11,0.03741496598639456,2025-02-12 00:00:00+00:00,17231.691559951414,12,6137.208327848776,40.0,0.006517621345603053,True,80.00245309834361,41.66666666666667,0.005,validation,<1000
12,0.04081632653061224,2025-02-13 00:00:00+00:00,18481.39144754009,14,16219.489266157172,40.0,0.0024661688998717196,True,90.52691726755243,35.714285714285715,0.005,validation,<1000
13,0.04421768707482993,2025-02-14 00:00:00+00:00,18260.56271939634,17,22911.941410099844,40.0,0.0017458145202120473,True,92.20554098548348,29.411764705882355,0.005,validation,<1000
14,0.047619047619047616,2025-02-15 00:00:00+00:00,18124.81183603255,19,27221.15602968556,40.0,0.0014694453077738025,False,92.07489065775242,26.31578947368421,0.005,validation,<1000
15,0.05102040816326531,2025-02-16 00:00:00+00:00,18084.81183603255,19,27261.15602968556,40.0,0.001467289206534114,False,92.07489065775242,26.31578947368421,0.005,validation,<1000
16,0.05442176870748299,2025-02-17 00:00:00+00:00,18656.943560328153,16,18972.623534762228,40.0,0.002108300938281454,True,92.0450899696594,25.0,0.005,validation,<1000
17,0.05782312925170068,2025-02-18 00:00:00+00:00,18499.912483756703,6,13051.55043127694,40.0,0.003064769983506586,True,92.89831573687201,16.666666666666664,0.005,validation,<1000
18,0.061224489795918366,2025-02-19 00:00:00+00:00,18987.948209199676,13,9885.024144884139,40.0,0.004046525270320302,True,92.74523344917631,38.46153846153847,0.005,validation,<1000
19,0.06462585034013606,2025-02-20 00:00:00+00:00,19377.50310097644,13,7375.887716610889,40.0,0.005423076046821847,True,93.03827515296572,46.15384615384615,0.005,validation,<1000
20,0.06802721088435375,2025-02-21 00:00:00+00:00,19769.239731009715,16,19093.854732047672,40.0,0.002094914859327114,True,94.99042332331221,37.5,0.005,validation,<1000
21,0.07142857142857142,2025-02-22 00:00:00+00:00,19883.553708514282,15,13261.68624468603,40.0,0.003016207687467198,True,94.72003830119645,40.0,0.005,validation,<1000
22,0.07482993197278912,2025-02-23 00:00:00+00:00,19843.553708514282,16,25721.50147421864,40.0,0.0015551191690770108,False,95.01364644128239,37.5,0.005,validation,<1000
23,0.0782312925170068,2025-02-24 00:00:00+00:00,21094.178061931103,14,14483.552561556007,40.0,0.002761753363340761,True,97.32805943262153,35.714285714285715,0.005,validation,<1000
24,0.08163265306122448,2025-02-25 00:00:00+00:00,21323.272029173015,15,27297.902607633925,40.0,0.0014653140417027462,False,97.89208813266569,33.33333333333333,0.005,validation,<1000
25,0.08503401360544217,2025-02-26 00:00:00+00:00,21068.99891144026,10,7375.887716610889,40.0,0.005423076046821847,True,100.32838042203704,40.0,0.005,validation,<1000
26,0.08843537414965986,2025-02-27 00:00:00+00:00,20995.98076083819,9,7375.887716610889,40.0,0.005423076046821847,True,101.40325188301517,44.44444444444444,0.005,validation,<1000
27,0.09183673469387756,2025-02-28 00:00:00+00:00,21391.80646843085,19,43901.990670368345,40.0,0.0009111204159358998,False,104.27974769752795,15.789473684210526,0.005,validation,<1000
28,0.09523809523809523,2025-03-01 00:00:00+00:00,21234.520225558335,19,42887.50079560296,40.0,0.0009326726728758464,False,104.28071771799277,15.789473684210526,0.005,validation,<1000
29,0.09863945578231292,2025-03-02 00:00:00+00:00,21194.520225558335,19,42927.50079560296,40.0,0.0009318036051168667,False,104.28071771799277,15.789473684210526,0.005,validation,<1000
30,0.10204081632653061,2025-03-03 00:00:00+00:00,20590.50991059582,16,18896.683424343682,40.0,0.002116773568237373,True,103.2615848742627,43.75,0.005,validation,<1000
31,0.1054421768707483,2025-03-04 00:00:00+00:00,20415.98752749627,17,23989.33792558208,40.0,0.0016674074175821354,True,103.0091924577532,29.411764705882355,0.005,validation,<1000
32,0.10884353741496598,2025-03-05 00:00:00+00:00,20148.16847293021,15,25914.458278556267,40.0,0.0015435398868862043,False,102.49603277424868,20.0,0.005,validation,<1000
33,0.11224489795918367,2025-03-06 00:00:00+00:00,20476.8196113612,12,12604.47411447945,40.0,0.00317347630981683,True,102.35466118746145,25.0,0.005,validation,<1000
34,0.11564625850340136,2025-03-07 00:00:00+00:00,20197.15599294524,13,24789.75637600365,40.0,0.001613569709733807,True,102.02035250318066,15.384615384615385,0.005,validation,<1000
35,0.11904761904761904,2025-03-08 00:00:00+00:00,20038.962236074527,13,24947.950132874364,40.0,0.0016033381414888783,True,102.02035250318066,15.384615384615385,0.005,validation,<1000
36,0.12244897959183673,2025-03-09 00:00:00+00:00,19884.79024873449,15,49922.35176540762,40.0,0.0008012443041138328,False,101.73888966435958,13.333333333333334,0.005,validation,<1000
37,0.12585034013605442,2025-03-10 00:00:00+00:00,19669.680963433642,12,25110.101309896603,40.0,0.0015929844131785666,False,101.53238478618358,16.666666666666664,0.005,validation,<1000
38,0.1292517006802721,2025-03-11 00:00:00+00:00,19480.348055881223,13,22588.17344342352,40.0,0.001770838182210164,True,100.94368024628747,23.076923076923077,0.005,validation,<1000
39,0.1326530612244898,2025-03-12 00:00:00+00:00,19219.13189723054,12,16618.49876407639,40.0,0.0024069562821442425,True,100.00857690802779,33.33333333333333,0.005,validation,<1000
40,0.1360544217687075,2025-03-13 00:00:00+00:00,19144.53822861009,17,36090.2754907384,40.0,0.0011083318000790802,False,97.96945871811432,17.647058823529413,0.005,validation,<1000
41,0.13945578231292516,2025-03-14 00:00:00+00:00,19556.680172896642,13,20476.04766496772,40.0,0.00195350199679578,True,99.10674354806443,23.076923076923077,0.005,validation,<1000
42,0.14285714285714285,2025-03-15 00:00:00+00:00,19799.24923646584,12,13733.781773405666,40.0,0.0029125262553287906,True,99.37208124848225,25.0,0.005,validation,<1000
43,0.14625850340136054,2025-03-16 00:00:00+00:00,19759.24923646584,13,29816.996963542068,40.0,0.001341516721114099,False,99.34317085877818,23.076923076923077,0.005,validation,<1000
44,0.14965986394557823,2025-03-17 00:00:00+00:00,19708.028370920278,14,39052.427187142544,40.0,0.0010242641208526324,False,99.76402017448166,21.428571428571427,0.005,validation,<1000
45,0.15306122448979592,2025-03-18 00:00:00+00:00,19977.51641168929,15,37854.0196333871,40.0,0.0010566909508526845,False,100.4319973546241,33.33333333333333,0.005,validation,<1000
46,0.1564625850340136,2025-03-19 00:00:00+00:00,19769.59690552482,16,29993.321483622454,40.0,0.0013336302223760576,False,100.31235081352837,25.0,0.005,validation,<1000
47,0.1598639455782313,2025-03-20 00:00:00+00:00,19665.933151771103,16,38283.51529238367,40.0,0.0010448361310215891,False,100.18241222613908,18.75,0.005,validation,<1000
48,0.16326530612244897,2025-03-21 00:00:00+00:00,19154.0779780648,13,5284.230541858695,40.0,0.0075696924430420955,True,99.25079497758459,46.15384615384615,0.005,validation,<1000
49,0.16666666666666666,2025-03-22 00:00:00+00:00,19114.0779780648,13,5284.230541858695,40.0,0.0075696924430420955,True,99.25079497758459,46.15384615384615,0.005,validation,<1000
50,0.17006802721088435,2025-03-23 00:00:00+00:00,19074.0779780648,13,5284.230541858695,40.0,0.0075696924430420955,True,99.25079497758459,46.15384615384615,0.005,validation,<1000
51,0.17346938775510204,2025-03-24 00:00:00+00:00,19027.132855780834,9,18756.611237297428,40.0,0.002132581386581186,True,98.8760454576184,22.22222222222222,0.005,validation,<1000
52,0.17687074829931973,2025-03-25 00:00:00+00:00,18714.918350401647,14,16536.786250802925,40.0,0.0024188496720792922,True,94.77220527857737,35.714285714285715,0.005,validation,<1000
53,0.18027210884353742,2025-03-26 00:00:00+00:00,18675.71162321648,11,20293.114168904045,40.0,0.0019711119578331455,True,94.70011787150898,27.27272727272727,0.005,validation,<1000
54,0.1836734693877551,2025-03-27 00:00:00+00:00,19326.2731232732,3,8395.74852478663,40.0,0.004764316115699352,True,94.37018344923518,0.0,0.005,validation,<1000
55,0.1870748299319728,2025-03-28 00:00:00+00:00,19473.040830528837,4,1875.3436330841,0.0,0.0,False,95.87324626026725,50.0,0.005,validation,<1000
56,0.19047619047619047,2025-03-29 00:00:00+00:00,19473.040830528837,5,3856.0346801230635,0.0,0.0,False,96.17163783874264,40.0,0.005,validation,<1000
57,0.19387755102040816,2025-03-30 00:00:00+00:00,19372.260348698575,5,3856.0346801230635,0.0,0.0,False,96.16642551305559,40.0,0.005,validation,<1000
58,0.19727891156462585,2025-03-31 00:00:00+00:00,19163.350939659475,12,22791.704872511895,40.0,0.0017550244803425082,True,95.21335823876872,16.666666666666664,0.005,validation,<1000
60,0.20408163265306123,2025-04-02 00:00:00+00:00,19950.12391701474,18,39952.044409914575,40.0,0.00100120032881405,False,96.53456758618904,22.22222222222222,0.005,validation,<1000
61,0.20748299319727892,2025-04-03 00:00:00+00:00,19723.07957328568,19,45919.87427471006,40.0,0.0008710825243271544,False,97.12840025215783,31.57894736842105,0.005,validation,<1000
62,0.2108843537414966,2025-04-04 00:00:00+00:00,20930.309008113953,16,34985.55192626087,40.0,0.0011433291115231822,False,98.1549129793095,37.5,0.005,validation,<1000
63,0.21428571428571427,2025-04-05 00:00:00+00:00,21075.216421534224,16,35352.48440990156,40.0,0.0011314622060563516,False,98.75051733730409,37.5,0.005,validation,<1000
64,0.21768707482993196,2025-04-06 00:00:00+00:00,21038.717592410903,15,28646.824022864042,40.0,0.0013963153460947219,False,99.27973474537727,40.0,0.005,validation,<1000
65,0.22108843537414966,2025-04-07 00:00:00+00:00,23806.03016602021,12,36953.74988086808,40.0,0.0010824341272253142,False,106.36710020110102,25.0,0.005,validation,<1000
67,0.22789115646258504,2025-04-09 00:00:00+00:00,25479.39928611733,6,10710.671471363288,40.0,0.0037345931211639222,True,109.90011348134135,16.666666666666664,0.005,validation,<1000
68,0.23129251700680273,2025-04-10 00:00:00+00:00,24955.826221088617,9,23785.124559631793,40.0,0.0016817233771349745,True,118.5072282495686,22.22222222222222,0.005,validation,<1000
69,0.23469387755102042,2025-04-11 00:00:00+00:00,24271.18613313214,6,11530.188310906284,40.0,0.0034691540954421727,True,119.85293225294014,33.33333333333333,0.005,validation,<1000
70,0.23809523809523808,2025-04-12 00:00:00+00:00,24231.18613313214,6,11530.188310906284,40.0,0.0034691540954421727,True,119.85293225294014,33.33333333333333,0.005,validation,<1000
71,0.24149659863945577,2025-04-13 00:00:00+00:00,24062.5111865576,5,8477.010970163292,40.0,0.004718644359525877,True,118.57581016344315,40.0,0.005,validation,<1000
72,0.24489795918367346,2025-04-14 00:00:00+00:00,23965.83150288684,11,35922.41576133803,40.0,0.0011135108581157985,False,118.12970821118087,27.27272727272727,0.005,validation,<1000
73,0.24829931972789115,2025-04-15 00:00:00+00:00,24248.389270843963,10,35922.41576133803,40.0,0.0011135108581157985,False,117.92174434760693,20.0,0.005,validation,<1000
74,0.25170068027210885,2025-04-16 00:00:00+00:00,23567.71611946683,9,23503.1171172632,40.0,0.001701901913709128,True,117.92965109122721,22.22222222222222,0.005,validation,<1000
75,0.25510204081632654,2025-04-17 00:00:00+00:00,23450.800894519187,9,28919.489986076354,40.0,0.001383150256773494,False,116.33740395118554,22.22222222222222,0.005,validation,<1000
76,0.2585034013605442,2025-04-18 00:00:00+00:00,23241.899178314023,12,46660.47683045013,40.0,0.0008572565630940237,False,116.35417085575516,25.0,0.005,validation,<1000
77,0.2619047619047619,2025-04-19 00:00:00+00:00,22955.440342069247,10,34629.87773598627,40.0,0.0011550719383116178,False,115.94142489210294,30.0,0.005,validation,<1000
79,0.2687074829931973,2025-04-21 00:00:00+00:00,22831.555906391346,13,43980.72583426821,40.0,0.0009094893101749001,False,115.03644076309375,23.076923076923077,0.005,validation,<1000
80,0.272108843537415,2025-04-22 00:00:00+00:00,22348.50352724369,8,13525.632439853078,40.0,0.002957347848825212,True,112.55194219435575,25.0,0.005,validation,<1000
81,0.2755102040816326,2025-04-23 00:00:00+00:00,21805.939674381232,12,33601.095613285215,40.0,0.0011904373732440077,False,110.54031156944457,16.666666666666664,0.005,validation,<1000
82,0.2789115646258503,2025-04-24 00:00:00+00:00,21457.895104835094,12,30438.910535916795,40.0,0.0013141074793988263,False,109.63408872159054,8.333333333333332,0.005,validation,<1000
83,0.282312925170068,2025-04-25 00:00:00+00:00,21954.884304589472,9,22823.174192937353,40.0,0.0017526045966199577,True,107.78316008579223,0.0,0.005,validation,<1000
84,0.2857142857142857,2025-04-26 00:00:00+00:00,22080.316458041474,8,20664.950480831514,40.0,0.0019356446093158257,True,107.45716334321307,0.0,0.005,validation,<1000
85,0.2891156462585034,2025-04-27 00:00:00+00:00,22040.316458041474,8,20664.950480831514,40.0,0.0019356446093158257,True,107.45716334321307,0.0,0.005,validation,<1000
86,0.2925170068027211,2025-04-28 00:00:00+00:00,21464.645055755776,14,45529.268961369475,40.0,0.0008785557271727572,False,107.50839966917924,14.285714285714285,0.005,validation,<1000
87,0.29591836734693877,2025-04-29 00:00:00+00:00,21842.127778148424,8,21504.363545753047,40.0,0.0018600876010534013,True,106.73053533208433,25.0,0.005,validation,<1000
88,0.29931972789115646,2025-04-30 00:00:00+00:00,22229.82333521889,7,26883.81477872956,40.0,0.0014878840792954707,False,107.62026495308578,0.0,0.005,validation,<1000
90,0.30612244897959184,2025-05-02 00:00:00+00:00,21704.67547147921,8,36600.91213370922,40.0,0.0010928689387268095,False,108.31454322075001,0.0,0.005,validation,<1000
91,0.30952380952380953,2025-05-03 00:00:00+00:00,21653.613524287557,6,22765.730259146567,40.0,0.0017570268796420108,True,107.58306997647135,0.0,0.005,validation,<1000
92,0.3129251700680272,2025-05-04 00:00:00+00:00,21613.613524287557,6,22765.730259146567,40.0,0.0017570268796420108,True,107.58306997647135,0.0,0.005,validation,<1000
94,0.3197278911564626,2025-05-06 00:00:00+00:00,22392.05738326681,12,45347.17367865825,40.0,0.0008820836395108172,False,109.82484786181601,25.0,0.005,validation,<1000
96,0.32653061224489793,2025-05-08 00:00:00+00:00,21895.882003952986,10,36272.44955750887,40.0,0.0011027653353430462,False,109.3767414187746,20.0,0.005,validation,<1000
97,0.3299319727891156,2025-05-09 00:00:00+00:00,21855.882003952986,10,36272.44955750887,40.0,0.0011027653353430462,False,109.3767414187746,20.0,0.005,validation,<1000
98,0.3333333333333333,2025-05-10 00:00:00+00:00,21942.037466421047,7,18208.496996525635,40.0,0.0021967765932373443,True,108.58849045057413,28.57142857142857,0.005,validation,<1000
99,0.336734693877551,2025-05-11 00:00:00+00:00,21902.037466421047,7,18208.496996525635,40.0,0.0021967765932373443,True,108.58849045057413,28.57142857142857,0.005,validation,<1000
101,0.3435374149659864,2025-05-13 00:00:00+00:00,21793.434582593007,10,41967.44791859459,40.0,0.0009531196673571645,False,109.23963909726187,20.0,0.005,validation,<1000
102,0.3469387755102041,2025-05-14 00:00:00+00:00,21681.19710294423,9,47650.53840782772,40.0,0.0008394448695972984,False,108.43002953213673,22.22222222222222,0.005,validation,<1000
103,0.35034013605442177,2025-05-15 00:00:00+00:00,22420.450387414665,10,22160.574865146038,40.0,0.0018050073269043059,True,108.7970873775192,40.0,0.005,validation,<1000
104,0.35374149659863946,2025-05-16 00:00:00+00:00,22252.52854447117,10,11077.737387884768,40.0,0.003610845662738515,True,109.46233934431561,30.0,0.005,validation,<1000
105,0.35714285714285715,2025-05-17 00:00:00+00:00,22095.666821105453,9,8381.994941949128,40.0,0.004772133636088607,True,109.14679350067587,33.33333333333333,0.005,validation,<1000
106,0.36054421768707484,2025-05-18 00:00:00+00:00,22055.666821105453,9,8381.994941949128,40.0,0.004772133636088607,True,109.14679350067587,33.33333333333333,0.005,validation,<1000
107,0.36394557823129253,2025-05-19 00:00:00+00:00,22014.826771277785,10,29630.532193958425,40.0,0.001349958878165404,False,108.8136069400739,30.0,0.005,validation,<1000
108,0.3673469387755102,2025-05-20 00:00:00+00:00,21737.114608703883,7,22397.235490073068,40.0,0.0017859346979554175,True,107.93622039816931,28.57142857142857,0.005,validation,<1000
109,0.3707482993197279,2025-05-21 00:00:00+00:00,22392.863521909832,9,29748.946500179925,40.0,0.0013445854292607664,False,109.4111648566201,22.22222222222222,0.005,validation,<1000
110,0.3741496598639456,2025-05-22 00:00:00+00:00,22061.50204634279,10,34452.484658142326,40.0,0.0011610193109989995,False,109.25686955490286,40.0,0.005,validation,<1000
111,0.37755102040816324,2025-05-23 00:00:00+00:00,21774.001152003846,9,20371.814400657913,40.0,0.001963497173757296,True,108.67138144199437,55.55555555555556,0.005,validation,<1000
112,0.38095238095238093,2025-05-24 00:00:00+00:00,21734.001152003846,9,20371.814400657913,40.0,0.001963497173757296,True,108.67138144199437,55.55555555555556,0.005,validation,<1000
113,0.3843537414965986,2025-05-25 00:00:00+00:00,21694.001152003846,9,20371.814400657913,40.0,0.001963497173757296,True,108.67138144199437,55.55555555555556,0.005,validation,<1000
114,0.3877551020408163,2025-05-26 00:00:00+00:00,22323.08635367259,7,6893.144948038415,40.0,0.005802866514707893,True,107.15368702348772,71.42857142857143,0.005,validation,<1000
115,0.391156462585034,2025-05-27 00:00:00+00:00,22297.344785357127,11,27268.734585810627,40.0,0.0014668814159353814,False,109.22804036378224,27.27272727272727,0.005,validation,<1000
116,0.3945578231292517,2025-05-28 00:00:00+00:00,22502.1892409435,5,10648.208467183864,40.0,0.0037565004595161555,True,108.55606745500783,40.0,0.005,validation,<1000
120,0.40816326530612246,2025-06-01 00:00:00+00:00,22511.996595800952,6,20390.11952130329,40.0,0.001961734454680788,True,108.8392277394364,16.666666666666664,0.005,validation,<1000
121,0.41156462585034015,2025-06-02 00:00:00+00:00,21752.592542842143,15,30504.04458229216,40.0,0.0013113015191179047,False,109.96218035786988,26.666666666666668,0.005,validation,<1000
122,0.41496598639455784,2025-06-03 00:00:00+00:00,21795.71388679308,14,36023.48143944361,40.0,0.0011103868477354423,False,108.95192319281625,28.57142857142857,0.005,validation,<1000
123,0.41836734693877553,2025-06-04 00:00:00+00:00,22289.34048219127,13,49827.075723088026,40.0,0.0008027763905371127,False,109.16577574019946,23.076923076923077,0.005,validation,<1000
124,0.4217687074829932,2025-06-05 00:00:00+00:00,22096.78618439473,12,30380.829015435414,40.0,0.001316619766355863,False,109.45493932711277,25.0,0.005,validation,<1000
136,0.46258503401360546,2025-06-17 00:00:00+00:00,24266.399954112472,13,32606.49016913638,40.0,0.0012267496376491922,False,115.590046713315,23.076923076923077,0.005,validation,<1000
137,0.46598639455782315,2025-06-18 00:00:00+00:00,24152.573102133476,12,28808.541147144093,40.0,0.001388477111551529,False,116.15272590373216,25.0,0.005,validation,<1000
138,0.46938775510204084,2025-06-19 00:00:00+00:00,23601.387248662086,13,46582.911001984714,40.0,0.0008586839924687351,False,116.13573661011584,15.384615384615385,0.005,validation,<1000
141,0.47959183673469385,2025-06-22 00:00:00+00:00,23909.60551602303,12,48415.40487034337,40.0,0.0008261833213441082,False,116.69648307317088,25.0,0.005,validation,<1000
142,0.48299319727891155,2025-06-23 00:00:00+00:00,24630.709136774807,13,33871.86961788557,40.0,0.0011809209367905265,False,118.09523960862825,46.15384615384615,0.005,validation,<1000
143,0.48639455782312924,2025-06-24 00:00:00+00:00,26180.83307231364,13,33871.86961788557,40.0,0.0011809209367905265,False,121.10727874039858,38.46153846153847,0.005,validation,<1000
144,0.4897959183673469,2025-06-25 00:00:00+00:00,26194.095973426054,9,26060.35550295397,40.0,0.0015348984780912123,False,121.68942184283219,22.22222222222222,0.005,validation,<1000
145,0.4931972789115646,2025-06-26 00:00:00+00:00,25884.8155506779,9,31990.66525690222,40.0,0.0012503647448022265,False,125.93916753298608,33.33333333333333,0.005,validation,<1000
146,0.4965986394557823,2025-06-27 00:00:00+00:00,26165.02421493055,9,24478.731423451834,40.0,0.0016340716072270813,True,127.13019607322099,33.33333333333333,0.005,validation,<1000
147,0.5,2025-06-28 00:00:00+00:00,26125.02421493055,9,24518.731423451834,40.0,0.0016314057733729462,True,127.13019607322099,33.33333333333333,0.005,validation,<1000
148,0.5034013605442177,2025-06-29 00:00:00+00:00,26215.23617047373,8,15917.799190150394,40.0,0.002512910203362232,True,126.50381841787433,37.5,0.005,validation,<1000
149,0.5068027210884354,2025-06-30 00:00:00+00:00,26032.246836778853,9,26333.56846020349,40.0,0.0015189737790550436,False,130.73309916895127,33.33333333333333,0.005,validation,<1000
150,0.5102040816326531,2025-07-01 00:00:00+00:00,26682.450777989932,8,44854.94804857463,40.0,0.0008917633781825568,False,132.15337586137,37.5,0.005,validation,<1000
151,0.5136054421768708,2025-07-02 00:00:00+00:00,27244.428187363323,9,44518.31980570699,40.0,0.0008985065064129449,False,133.41883617642387,33.33333333333333,0.005,validation,<1000
152,0.5170068027210885,2025-07-03 00:00:00+00:00,28834.708909111323,7,49901.97178860815,40.0,0.0008015715324726184,False,138.84834266230035,28.57142857142857,0.005,validation,<1000
153,0.5204081632653061,2025-07-04 00:00:00+00:00,29097.884515844242,6,17442.026829295522,40.0,0.00229331145924029,True,143.1651279927469,33.33333333333333,0.005,validation,<1000
154,0.5238095238095238,2025-07-05 00:00:00+00:00,29293.400405915618,5,7680.196560056659,40.0,0.005208200035925241,True,143.08020577135042,40.0,0.005,validation,<1000
155,0.5272108843537415,2025-07-06 00:00:00+00:00,29100.052946157695,4,7680.196560056659,40.0,0.005208200035925241,True,142.72430080683725,50.0,0.005,validation,<1000
156,0.5306122448979592,2025-07-07 00:00:00+00:00,29612.93807738194,9,32317.620739708233,40.0,0.0012377148776565885,False,145.53227446641642,33.33333333333333,0.005,validation,<1000
158,0.5374149659863946,2025-07-09 00:00:00+00:00,28619.083116494774,15,49382.37372154843,40.0,0.0008100056150712263,False,143.16497542578134,33.33333333333333,0.005,validation,<1000
160,0.54421768707483,2025-07-11 00:00:00+00:00,29416.252922815398,7,46305.63219212997,40.0,0.0008638258049049666,False,142.90367774625716,28.57142857142857,0.005,validation,<1000
161,0.5476190476190477,2025-07-12 00:00:00+00:00,29072.84867415516,5,23652.07663512511,40.0,0.0016911834261773442,True,143.0090721887662,40.0,0.005,validation,<1000
162,0.5510204081632653,2025-07-13 00:00:00+00:00,29452.22797854345,4,16982.11868111195,40.0,0.002355418705469846,True,143.36829223370512,50.0,0.005,validation,<1000
163,0.5544217687074829,2025-07-14 00:00:00+00:00,29424.717951378312,12,27342.793762623507,40.0,0.0014629083021749732,False,148.59550145073155,41.66666666666667,0.005,validation,<1000
164,0.5578231292517006,2025-07-15 00:00:00+00:00,29615.52595728291,10,5568.967652267566,40.0,0.0071826597850165,True,148.7974750872969,60.0,0.005,validation,<1000
165,0.5612244897959183,2025-07-16 00:00:00+00:00,30130.74561696956,14,40290.850844431465,40.0,0.00099278121860582,False,149.19859246128044,42.857142857142854,0.005,validation,<1000
167,0.5680272108843537,2025-07-18 00:00:00+00:00,29719.38270798421,9,33917.324768556515,40.0,0.0011793382960758303,False,148.11676112542716,11.11111111111111,0.005,validation,<1000
168,0.5714285714285714,2025-07-19 00:00:00+00:00,29210.92961112709,6,6014.27209261097,40.0,0.006650846417331751,True,147.88757299046844,16.666666666666664,0.005,validation,<1000
169,0.5748299319727891,2025-07-20 00:00:00+00:00,29170.92961112709,6,6054.27209261097,40.0,0.006606904907498066,True,147.88757299046844,16.666666666666664,0.005,validation,<1000
184,0.6258503401360545,2025-08-04 00:00:00+00:00,27389.35530989882,9,38165.95717996893,40.0,0.0010480544169607163,False,140.82897608983092,33.33333333333333,0.005,validation,<1000
185,0.6292517006802721,2025-08-05 00:00:00+00:00,26591.266051157654,9,31137.565507999905,40.0,0.0012846219461095359,False,139.1394705448738,22.22222222222222,0.005,validation,<1000
186,0.6326530612244898,2025-08-06 00:00:00+00:00,26345.549763626495,7,9718.041247430978,40.0,0.004116055795767922,True,135.9458327477766,28.57142857142857,0.005,validation,<1000
187,0.6360544217687075,2025-08-07 00:00:00+00:00,26257.95879196727,7,21695.357213922987,40.0,0.0018437124406658774,True,134.7126865156078,28.57142857142857,0.005,validation,<1000
188,0.6394557823129252,2025-08-08 00:00:00+00:00,26872.06552271185,6,4139.470205724757,0.0,0.0,False,134.41281967152773,50.0,0.005,validation,<1000
189,0.6428571428571429,2025-08-09 00:00:00+00:00,27052.721978389836,7,34644.94314825829,40.0,0.001154569653320702,False,135.29565012568852,42.857142857142854,0.005,validation,<1000
190,0.6462585034013606,2025-08-10 00:00:00+00:00,26718.130604181988,7,20797.838948689856,40.0,0.001923276745179324,True,135.16172766838412,42.857142857142854,0.005,validation,<1000
191,0.6496598639455783,2025-08-11 00:00:00+00:00,26058.81364817007,7,4139.470205724757,0.0,0.0,False,133.70154452615427,57.14285714285714,0.005,validation,<1000
192,0.6530612244897959,2025-08-12 00:00:00+00:00,25747.484066604575,9,24242.548418515053,40.0,0.0016499915483081111,True,132.6549488441164,33.33333333333333,0.005,validation,<1000
193,0.6564625850340136,2025-08-13 00:00:00+00:00,25989.546146367877,6,18047.832684520454,40.0,0.002216332603432645,True,134.1852658025461,50.0,0.005,validation,<1000
194,0.6598639455782312,2025-08-14 00:00:00+00:00,25936.744097258226,11,31539.097896970212,40.0,0.0012682670928214018,False,132.4080804252461,36.36363636363637,0.005,validation,<1000
195,0.6632653061224489,2025-08-15 00:00:00+00:00,26260.872962136633,5,4139.470205724757,0.0,0.0,False,135.13917670208116,60.0,0.005,validation,<1000
196,0.6666666666666666,2025-08-16 00:00:00+00:00,26105.598820015148,2,4139.470205724757,0.0,0.0,False,142.2630709410186,0.0,0.005,validation,<1000
197,0.6700680272108843,2025-08-17 00:00:00+00:00,26105.598820015148,2,4139.470205724757,0.0,0.0,False,142.2630709410186,0.0,0.005,validation,<1000
198,0.673469387755102,2025-08-18 00:00:00+00:00,27301.40711579295,11,25359.119378756637,40.0,0.0015773418391455676,False,136.38548066269792,45.45454545454545,0.005,validation,<1000
199,0.6768707482993197,2025-08-19 00:00:00+00:00,27215.617267197835,10,17139.739200729622,40.0,0.0023337577971021426,True,137.1691691101947,50.0,0.005,validation,<1000
200,0.6802721088435374,2025-08-20 00:00:00+00:00,26899.642150415013,5,15875.134221673226,40.0,0.002519663735843616,True,138.02872381075198,20.0,0.005,validation,<1000
201,0.6836734693877551,2025-08-21 00:00:00+00:00,26521.593788449278,5,26405.317873126914,40.0,0.0015148463726963345,False,136.95030420447884,0.0,0.005,validation,<1000
202,0.6870748299319728,2025-08-22 00:00:00+00:00,27003.684522993335,9,44792.73604632176,40.0,0.0008930019358191153,False,134.81633807525267,22.22222222222222,0.005,validation,<1000
203,0.6904761904761905,2025-08-23 00:00:00+00:00,26963.684522993335,9,44832.73604632176,40.0,0.0008922051948529637,False,134.81633807525267,22.22222222222222,0.005,validation,<1000
204,0.6938775510204082,2025-08-24 00:00:00+00:00,26923.684522993335,9,44872.73604632176,40.0,0.0008914098743323412,False,134.81633807525267,22.22222222222222,0.005,validation,<1000
205,0.6972789115646258,2025-08-25 00:00:00+00:00,27226.290308748892,6,17435.019630931023,40.0,0.0022942331495306736,True,134.06540954917892,50.0,0.005,validation,<1000
206,0.7006802721088435,2025-08-26 00:00:00+00:00,26895.71547190186,8,21482.3649004533,40.0,0.0018619923916829081,True,134.47184275939463,37.5,0.005,validation,<1000
207,0.7040816326530612,2025-08-27 00:00:00+00:00,27936.152187468804,7,19041.22370995803,40.0,0.0021007053227929417,True,137.71757186839287,57.14285714285714,0.005,validation,<1000
208,0.7074829931972789,2025-08-28 00:00:00+00:00,28528.033033848616,8,8434.009374607547,40.0,0.004742702814681338,True,139.4226553277733,75.0,0.005,validation,<1000
209,0.7108843537414966,2025-08-29 00:00:00+00:00,28543.801182499512,7,8434.009374607547,40.0,0.004742702814681338,True,139.6597515903869,57.14285714285714,0.005,validation,<1000
210,0.7142857142857143,2025-08-30 00:00:00+00:00,28495.337509072964,6,8434.009374607547,40.0,0.004742702814681338,True,138.9871028697472,66.66666666666666,0.005,validation,<1000
211,0.717687074829932,2025-08-31 00:00:00+00:00,28300.103769214602,5,8434.009374607547,40.0,0.004742702814681338,True,138.75893401268692,60.0,0.005,validation,<1000
216,0.7346938775510204,2025-09-05 00:00:00+00:00,27357.908767255867,6,38758.62997425418,40.0,0.0010320282225292899,False,138.27961801365456,16.666666666666664,0.005,validation,<1000
223,0.7585034013605442,2025-09-12 00:00:00+00:00,28337.760213378748,7,37632.522735373386,40.0,0.0010629104054828953,False,138.58880594384564,28.57142857142857,0.005,validation,<1000
224,0.7619047619047619,2025-09-13 00:00:00+00:00,28297.760213378748,7,37632.522735373386,40.0,0.0010629104054828953,False,138.58880594384564,28.57142857142857,0.005,validation,<1000
225,0.7653061224489796,2025-09-14 00:00:00+00:00,28257.760213378748,7,37632.522735373386,40.0,0.0010629104054828953,False,138.58880594384564,28.57142857142857,0.005,validation,<1000
227,0.7721088435374149,2025-09-16 00:00:00+00:00,29528.129275457868,9,24095.974657287574,40.0,0.001660028306342131,True,145.55964800868463,44.44444444444444,0.005,validation,<1000
228,0.7755102040816326,2025-09-17 00:00:00+00:00,29299.989195807895,8,24095.974657287574,40.0,0.001660028306342131,True,145.5624927935355,50.0,0.005,validation,<1000
229,0.7789115646258503,2025-09-18 00:00:00+00:00,29514.774336483308,10,41631.559599327855,40.0,0.0009608095489328197,False,146.25070441749563,60.0,0.005,validation,<1000
230,0.782312925170068,2025-09-19 00:00:00+00:00,30297.57699378784,9,47394.86522553913,40.0,0.0008439732829632705,False,147.17928560069785,55.55555555555556,0.005,validation,<1000
231,0.7857142857142857,2025-09-20 00:00:00+00:00,30243.09195798825,9,40198.949931085255,40.0,0.0009950508674623014,False,147.62177768528616,55.55555555555556,0.005,validation,<1000
233,0.7925170068027211,2025-09-22 00:00:00+00:00,29807.69546907098,7,24270.784010057632,40.0,0.0016480720187458425,True,146.42533926222828,42.857142857142854,0.005,validation,<1000
237,0.8061224489795918,2025-09-26 00:00:00+00:00,31759.845057784172,11,41990.19197342482,40.0,0.0009526034085606374,False,153.50977367228123,45.45454545454545,0.005,validation,<1000
238,0.8095238095238095,2025-09-27 00:00:00+00:00,31566.752614236077,10,41990.19197342482,40.0,0.0009526034085606374,False,154.2107564416054,40.0,0.005,validation,<1000
239,0.8129251700680272,2025-09-28 00:00:00+00:00,31517.40345978909,10,41990.19197342482,40.0,0.0009526034085606374,False,154.08953564260787,50.0,0.005,validation,<1000
245,0.8333333333333334,2025-10-04 00:00:00+00:00,35657.083985324454,9,27793.9347110684,40.0,0.0014391629114704212,False,168.67228871765676,33.33333333333333,0.005,validation,<1000
246,0.8367346938775511,2025-10-05 00:00:00+00:00,35430.50829337125,9,27793.9347110684,40.0,0.0014391629114704212,False,168.67228871765676,33.33333333333333,0.005,validation,<1000
247,0.8401360544217688,2025-10-06 00:00:00+00:00,33873.458775452404,8,16312.143799781745,40.0,0.0024521608251476547,True,168.77544551808,50.0,0.005,validation,<1000
248,0.8435374149659864,2025-10-07 00:00:00+00:00,34091.02655050381,10,46355.66181768084,40.0,0.0008628935157332457,False,169.3459483625905,40.0,0.005,validation,<1000
249,0.8469387755102041,2025-10-08 00:00:00+00:00,35382.04928938421,10,46518.31355871243,40.0,0.0008598764000658487,False,170.1450465682827,30.0,0.005,validation,<1000
256,0.8707482993197279,2025-10-15 00:00:00+00:00,38321.92235081382,15,43374.226825576545,40.0,0.0009222066403824203,False,181.82039896459156,46.666666666666664,0.005,validation,<1000
257,0.8741496598639455,2025-10-16 00:00:00+00:00,38271.394984308456,7,4605.339168156958,0.0,0.0,False,184.80324497746963,57.14285714285714,0.005,validation,<1000
258,0.8775510204081632,2025-10-17 00:00:00+00:00,39001.13128919832,10,39321.97072921032,40.0,0.0010172430134659045,False,190.1165854877649,30.0,0.005,validation,<1000
259,0.8809523809523809,2025-10-18 00:00:00+00:00,38756.84856972759,10,29170.042798885217,40.0,0.0013712698426869866,False,190.0965854877649,30.0,0.005,validation,<1000
260,0.8843537414965986,2025-10-19 00:00:00+00:00,38513.69804306424,9,19472.227066919193,40.0,0.0020542077628066925,True,189.52891093685082,33.33333333333333,0.005,validation,<1000
262,0.891156462585034,2025-10-21 00:00:00+00:00,37597.69420587278,12,45445.29368321054,40.0,0.0008801791507572044,False,185.73902676028368,33.33333333333333,0.005,validation,<1000
263,0.8945578231292517,2025-10-22 00:00:00+00:00,36013.92646557771,13,42978.908106735216,40.0,0.0009306890696399895,False,182.25359100991247,38.46153846153847,0.005,validation,<1000
264,0.8979591836734694,2025-10-23 00:00:00+00:00,36268.9515896691,15,42978.908106735216,40.0,0.0009306890696399895,False,181.37050879153267,40.0,0.005,validation,<1000
265,0.9013605442176871,2025-10-24 00:00:00+00:00,35429.8389504147,16,44397.34775182124,40.0,0.0009009547197187956,False,177.93995684960439,43.75,0.005,validation,<1000
266,0.9047619047619048,2025-10-25 00:00:00+00:00,35389.8389504147,16,44397.34775182124,40.0,0.0009009547197187956,False,177.93995684960439,43.75,0.005,validation,<1000
267,0.9081632653061225,2025-10-26 00:00:00+00:00,35349.8389504147,16,44397.34775182124,40.0,0.0009009547197187956,False,177.93995684960439,43.75,0.005,validation,<1000
268,0.9115646258503401,2025-10-27 00:00:00+00:00,37146.09497037074,7,12422.586774533076,40.0,0.003219941283244002,True,179.67993144547668,57.14285714285714,0.005,validation,<1000
271,0.9217687074829932,2025-10-30 00:00:00+00:00,35597.63280341733,8,33270.06881073977,40.0,0.001202281853624774,False,179.52143527751954,37.5,0.005,validation,<1000
273,0.9285714285714286,2025-11-01 00:00:00+00:00,35109.12623096972,8,41531.37242891416,40.0,0.0009631273338839143,False,178.760974147602,37.5,0.005,validation,<1000
274,0.9319727891156463,2025-11-02 00:00:00+00:00,35069.12623096972,8,41531.37242891416,40.0,0.0009631273338839143,False,178.760974147602,37.5,0.005,validation,<1000
275,0.935374149659864,2025-11-03 00:00:00+00:00,35530.04761627275,5,24033.379975313306,40.0,0.0016643518323717823,True,179.38482930589822,40.0,0.005,validation,<1000
276,0.9387755102040817,2025-11-04 00:00:00+00:00,35490.04761627275,5,24033.379975313306,40.0,0.0016643518323717823,True,179.38482930589822,40.0,0.005,validation,<1000
277,0.9421768707482994,2025-11-05 00:00:00+00:00,35450.04761627275,5,24033.379975313306,40.0,0.0016643518323717823,True,179.38482930589822,40.0,0.005,validation,<1000
278,0.9455782312925171,2025-11-06 00:00:00+00:00,35403.79622382358,4,16216.132368937191,40.0,0.0024666794208353894,True,177.8557217275565,50.0,0.005,validation,<1000
279,0.9489795918367347,2025-11-07 00:00:00+00:00,35353.23956219791,3,16216.132368937191,40.0,0.0024666794208353894,True,177.39754619888276,33.33333333333333,0.005,validation,<1000
280,0.9523809523809523,2025-11-08 00:00:00+00:00,35313.23956219791,3,16216.132368937191,40.0,0.0024666794208353894,True,177.39754619888276,33.33333333333333,0.005,validation,<1000
281,0.95578231292517,2025-11-09 00:00:00+00:00,35273.23956219791,3,16216.132368937191,40.0,0.0024666794208353894,True,177.39754619888276,33.33333333333333,0.005,validation,<1000
282,0.9591836734693877,2025-11-10 00:00:00+00:00,35233.23956219791,3,16216.132368937191,40.0,0.0024666794208353894,True,177.39754619888276,33.33333333333333,0.005,validation,<1000
283,0.9625850340136054,2025-11-11 00:00:00+00:00,35193.23956219791,3,16216.132368937191,40.0,0.0024666794208353894,True,177.39754619888276,33.33333333333333,0.005,validation,<1000
284,0.9659863945578231,2025-11-12 00:00:00+00:00,34968.69008072541,2,8261.303618174386,40.0,0.004841850856564856,True,177.00223728978085,50.0,0.005,validation,<1000
285,0.9693877551020408,2025-11-13 00:00:00+00:00,34928.69008072541,2,8261.303618174386,40.0,0.004841850856564856,True,177.00223728978085,50.0,0.005,validation,<1000
286,0.9727891156462585,2025-11-14 00:00:00+00:00,34888.69008072541,2,8261.303618174386,40.0,0.004841850856564856,True,177.00223728978085,50.0,0.005,validation,<1000
4,0.014084507042253521,2025-11-05 00:00:00+00:00,14940.041015711726,6,6540.203139512342,40.0,0.006116017980900594,True,74.64598603827656,66.66666666666666,0.005,holdout,<1000
5,0.017605633802816902,2025-11-06 00:00:00+00:00,14968.448239243573,5,6540.203139512342,40.0,0.006116017980900594,True,74.85475101800732,40.0,0.005,holdout,<1000
6,0.02112676056338028,2025-11-07 00:00:00+00:00,14607.82304727425,5,10602.993592633036,40.0,0.003772519491834081,True,74.38377870101432,20.0,0.005,holdout,<1000
7,0.02464788732394366,2025-11-08 00:00:00+00:00,14567.82304727425,5,10602.993592633036,40.0,0.003772519491834081,True,74.38377870101432,20.0,0.005,holdout,<1000
8,0.028169014084507043,2025-11-09 00:00:00+00:00,14450.294967148457,4,10602.993592633036,40.0,0.003772519491834081,True,74.56974994214126,0.0,0.005,holdout,<1000
9,0.03169014084507042,2025-11-10 00:00:00+00:00,14608.11799375951,7,17109.479136458554,40.0,0.0023378853138061977,True,73.13632719604202,28.57142857142857,0.005,holdout,<1000
10,0.035211267605633804,2025-11-11 00:00:00+00:00,14334.520922214777,7,17109.479136458554,40.0,0.0023378853138061977,True,72.59772079971722,28.57142857142857,0.005,holdout,<1000
11,0.03873239436619718,2025-11-12 00:00:00+00:00,14847.64914285552,8,37115.208880128856,40.0,0.0010777253101063816,False,73.55738946154322,25.0,0.005,holdout,<1000
12,0.04225352112676056,2025-11-13 00:00:00+00:00,14836.758432118851,8,21631.908598222315,40.0,0.0018491202391307789,True,73.58530323256903,37.5,0.005,holdout,<1000
13,0.045774647887323945,2025-11-14 00:00:00+00:00,15072.520813950297,5,21631.908598222315,40.0,0.0018491202391307789,True,73.63131217983644,20.0,0.005,holdout,<1000
14,0.04929577464788732,2025-11-15 00:00:00+00:00,15032.520813950297,5,21631.908598222315,40.0,0.0018491202391307789,True,73.63131217983644,20.0,0.005,holdout,<1000
15,0.0528169014084507,2025-11-16 00:00:00+00:00,14992.520813950297,5,21631.908598222315,40.0,0.0018491202391307789,True,73.63131217983644,20.0,0.005,holdout,<1000
16,0.056338028169014086,2025-11-17 00:00:00+00:00,15602.32158591838,7,45856.98570293198,40.0,0.0008722771326298165,False,74.8155826989804,0.0,0.005,holdout,<1000
17,0.05985915492957746,2025-11-18 00:00:00+00:00,15503.259290091102,7,11272.733119646333,40.0,0.003548385256303748,True,78.37494923167036,42.857142857142854,0.005,holdout,<1000
18,0.06338028169014084,2025-11-19 00:00:00+00:00,15481.30048511785,8,15051.56488667843,40.0,0.0026575309810744317,True,77.04647229516601,50.0,0.005,holdout,<1000
19,0.06690140845070422,2025-11-20 00:00:00+00:00,14899.647601184486,12,20299.141588580744,40.0,0.001970526675990178,True,75.07210316518668,41.66666666666667,0.005,holdout,<1000
20,0.07042253521126761,2025-11-21 00:00:00+00:00,14861.847272881607,13,27905.807462014767,40.0,0.0014333933914812457,False,75.20030066884367,30.76923076923077,0.005,holdout,<1000
21,0.07394366197183098,2025-11-22 00:00:00+00:00,14821.847272881607,13,27945.807462014767,40.0,0.0014313417157249741,False,75.20030066884367,30.76923076923077,0.005,holdout,<1000
22,0.07746478873239436,2025-11-23 00:00:00+00:00,14701.731111487885,12,23294.01120474506,40.0,0.0017171795638121733,True,75.10856688380899,33.33333333333333,0.005,holdout,<1000
23,0.08098591549295775,2025-11-24 00:00:00+00:00,14638.638125667867,12,25812.612002358823,40.0,0.0015496300799138303,False,74.39352264555906,41.66666666666667,0.005,holdout,<1000
24,0.08450704225352113,2025-11-25 00:00:00+00:00,14160.290943547949,12,23331.098480523102,40.0,0.001714449923281245,True,72.65088145254514,33.33333333333333,0.005,holdout,<1000
25,0.0880281690140845,2025-11-26 00:00:00+00:00,13968.094041683938,9,15595.43324469889,40.0,0.0025648534011452726,True,72.91174938112825,33.33333333333333,0.005,holdout,<1000
26,0.09154929577464789,2025-11-27 00:00:00+00:00,13502.906888961748,4,11187.323669601768,40.0,0.003575475348826112,True,71.03703077529308,50.0,0.005,holdout,<1000
27,0.09507042253521127,2025-11-28 00:00:00+00:00,13309.391027406713,8,9560.573443675115,40.0,0.004183849455856894,True,68.94168068439788,50.0,0.005,holdout,<1000
28,0.09859154929577464,2025-11-29 00:00:00+00:00,13193.14662940301,7,9676.817841678818,40.0,0.0041335902622571695,True,69.19734718901081,42.857142857142854,0.005,holdout,<1000
29,0.10211267605633803,2025-11-30 00:00:00+00:00,13523.202979244217,4,5532.866218962681,40.0,0.007229525966651571,True,70.84324640104995,75.0,0.005,holdout,<1000
30,0.1056338028169014,2025-12-01 00:00:00+00:00,13638.818187851524,8,23891.48822524546,40.0,0.0016742364319411937,True,69.23020546820905,37.5,0.005,holdout,<1000
31,0.10915492957746478,2025-12-02 00:00:00+00:00,13527.065662372006,9,26768.90000682136,40.0,0.0014942713368800002,False,69.19164144559353,33.33333333333333,0.005,holdout,<1000
32,0.11267605633802817,2025-12-03 00:00:00+00:00,13409.386023612846,10,26768.90000682136,40.0,0.0014942713368800002,False,68.96872024391732,50.0,0.005,holdout,<1000
33,0.11619718309859155,2025-12-04 00:00:00+00:00,13448.555941524171,10,13550.342876547113,40.0,0.0029519548224297603,True,68.85836547581178,60.0,0.005,holdout,<1000
34,0.11971830985915492,2025-12-05 00:00:00+00:00,13824.364903464286,8,27763.543658347557,40.0,0.0014407382750642984,False,70.14159965154221,37.5,0.005,holdout,<1000
35,0.12323943661971831,2025-12-06 00:00:00+00:00,13784.364903464286,8,27763.543658347557,40.0,0.0014407382750642984,False,70.14159965154221,37.5,0.005,holdout,<1000
36,0.1267605633802817,2025-12-07 00:00:00+00:00,13744.364903464286,9,27763.543658347557,40.0,0.0014407382750642984,False,70.00606908107324,33.33333333333333,0.005,holdout,<1000
37,0.13028169014084506,2025-12-08 00:00:00+00:00,13172.927212597422,5,36045.97217731192,40.0,0.0011096940263738211,False,67.45182102705942,0.0,0.005,holdout,<1000
38,0.13380281690140844,2025-12-09 00:00:00+00:00,13150.74086278711,8,35744.93447037162,40.0,0.0011190396791230749,False,66.26452608687129,0.0,0.005,holdout,<1000
39,0.13732394366197184,2025-12-10 00:00:00+00:00,13040.799205751824,8,35357.35280302377,40.0,0.0011313064137702974,False,66.20694608259278,0.0,0.005,holdout,<1000
40,0.14084507042253522,2025-12-11 00:00:00+00:00,13184.166611590084,9,36217.26165366921,40.0,0.0011044457303951791,False,66.2464432052012,0.0,0.005,holdout,<1000
41,0.1443661971830986,2025-12-12 00:00:00+00:00,12800.08822835054,5,12017.75980269911,40.0,0.003328407345187267,True,65.74156075182243,40.0,0.005,holdout,<1000
42,0.14788732394366197,2025-12-13 00:00:00+00:00,12760.08822835054,5,12017.75980269911,40.0,0.003328407345187267,True,65.74156075182243,40.0,0.005,holdout,<1000
43,0.15140845070422534,2025-12-14 00:00:00+00:00,12882.396550615158,5,12017.75980269911,40.0,0.003328407345187267,True,65.74156075182243,40.0,0.005,holdout,<1000
44,0.15492957746478872,2025-12-15 00:00:00+00:00,12770.748765093329,7,27504.68232762782,40.0,0.0014542978364022376,False,64.63445953418756,28.57142857142857,0.005,holdout,<1000
45,0.15845070422535212,2025-12-16 00:00:00+00:00,12825.272755461641,6,25801.139629287012,40.0,0.0015503191167027283,False,64.96428242331326,16.666666666666664,0.005,holdout,<1000
46,0.1619718309859155,2025-12-17 00:00:00+00:00,12773.101717330983,8,29153.88232705423,40.0,0.0013720299598959686,False,64.96759074148433,37.5,0.005,holdout,<1000
47,0.16549295774647887,2025-12-18 00:00:00+00:00,12849.646213706223,9,24876.13127941067,40.0,0.0016079670729631083,True,64.92708776935865,33.33333333333333,0.005,holdout,<1000
48,0.16901408450704225,2025-12-19 00:00:00+00:00,12553.792524715775,8,16421.18640979022,40.0,0.0024358775914115572,True,63.836709972054926,62.5,0.005,holdout,<1000
49,0.17253521126760563,2025-12-20 00:00:00+00:00,12513.792524715775,8,16421.18640979022,40.0,0.0024358775914115572,True,63.836709972054926,62.5,0.005,holdout,<1000
50,0.176056338028169,2025-12-21 00:00:00+00:00,12473.792524715775,8,16421.18640979022,40.0,0.0024358775914115572,True,63.836709972054926,62.5,0.005,holdout,<1000
51,0.1795774647887324,2025-12-22 00:00:00+00:00,12931.363561244865,7,19761.336218471224,40.0,0.0020241546197979966,True,64.31561425297221,28.57142857142857,0.005,holdout,<1000
52,0.18309859154929578,2025-12-23 00:00:00+00:00,12984.242257034572,10,23966.968768299128,40.0,0.0016689636635613095,True,64.59999651111664,20.0,0.005,holdout,<1000
53,0.18661971830985916,2025-12-24 00:00:00+00:00,12991.060055069991,8,24753.2538564928,40.0,0.0016159491690223976,True,64.88837557957291,12.5,0.005,holdout,<1000
54,0.19014084507042253,2025-12-25 00:00:00+00:00,12940.370581219022,8,30206.133764051014,40.0,0.0013242343529447282,False,65.26604408592102,12.5,0.005,holdout,<1000
55,0.1936619718309859,2025-12-26 00:00:00+00:00,13070.38448636829,7,11619.752023964147,40.0,0.0034424142544096877,True,65.8813970587445,42.857142857142854,0.005,holdout,<1000
56,0.19718309859154928,2025-12-27 00:00:00+00:00,12993.948915192963,5,2877.4117815759005,0.0,0.0,False,66.14320081465499,60.0,0.005,holdout,<1000
57,0.2007042253521127,2025-12-28 00:00:00+00:00,12923.86348885132,4,2877.4117815759005,0.0,0.0,False,66.36488874140036,50.0,0.005,holdout,<1000
58,0.20422535211267606,2025-12-29 00:00:00+00:00,12743.831000617469,12,41133.44101534006,40.0,0.0009724447800290435,False,64.19186518409823,16.666666666666664,0.005,holdout,<1000
59,0.20774647887323944,2025-12-30 00:00:00+00:00,12697.208474262045,8,19943.767018561368,40.0,0.002005639153464468,True,63.74683581450513,37.5,0.005,holdout,<1000
60,0.2112676056338028,2025-12-31 00:00:00+00:00,12657.208474262045,10,25397.110454795307,40.0,0.0015749823221502537,False,63.69467712586614,30.0,0.005,holdout,<1000
61,0.2147887323943662,2026-01-01 00:00:00+00:00,12545.87555705364,10,25397.110454795307,40.0,0.0015749823221502537,False,63.63901066726195,30.0,0.005,holdout,<1000
62,0.21830985915492956,2026-01-02 00:00:00+00:00,12372.236070086708,10,25397.110454795307,40.0,0.0015749823221502537,False,63.5852931066446,30.0,0.005,holdout,<1000
63,0.22183098591549297,2026-01-03 00:00:00+00:00,12132.626796654351,10,28625.993355149207,40.0,0.0013973314219611125,False,63.00700214368693,30.0,0.005,holdout,<1000
64,0.22535211267605634,2026-01-04 00:00:00+00:00,12026.9554750864,10,22617.142127346193,40.0,0.0017685700419080067,True,62.95416648290296,30.0,0.005,holdout,<1000
65,0.22887323943661972,2026-01-05 00:00:00+00:00,11863.966412805412,9,14240.087942466242,40.0,0.0028089714165818835,True,61.147871762991585,44.44444444444444,0.005,holdout,<1000
66,0.2323943661971831,2026-01-06 00:00:00+00:00,11932.598219556494,7,4135.514156638553,0.0,0.0,False,60.82795659086332,71.42857142857143,0.005,holdout,<1000
67,0.23591549295774647,2026-01-07 00:00:00+00:00,11932.598219556494,7,4135.514156638553,0.0,0.0,False,60.82795659086332,71.42857142857143,0.005,holdout,<1000
70,0.24647887323943662,2026-01-10 00:00:00+00:00,12181.96444607628,7,3789.3292436052216,0.0,0.0,False,60.61600352014075,85.71428571428571,0.005,holdout,<1000
71,0.25,2026-01-11 00:00:00+00:00,12181.96444607628,7,3789.3292436052216,0.0,0.0,False,60.61600352014075,85.71428571428571,0.005,holdout,<1000
72,0.2535211267605634,2026-01-12 00:00:00+00:00,12868.701717346708,9,5563.215620238763,40.0,0.007190086225398409,True,63.22387437274899,77.77777777777779,0.005,holdout,<1000
73,0.25704225352112675,2026-01-13 00:00:00+00:00,12962.941850565749,7,2915.138892944165,0.0,0.0,False,62.97477234728789,85.71428571428571,0.005,holdout,<1000
74,0.2605633802816901,2026-01-14 00:00:00+00:00,12939.707273238166,10,11333.040356098307,40.0,0.003529503005649848,True,64.11869732216414,60.0,0.005,holdout,<1000
75,0.2640845070422535,2026-01-15 00:00:00+00:00,12443.282797831771,8,7444.896460769294,40.0,0.005372808098914344,True,62.74464073071313,37.5,0.005,holdout,<1000
76,0.2676056338028169,2026-01-16 00:00:00+00:00,12426.255767712088,7,8691.164212661864,40.0,0.004602375357460781,True,62.64576549573935,28.57142857142857,0.005,holdout,<1000
77,0.2711267605633803,2026-01-17 00:00:00+00:00,12382.396070797662,6,8405.485703974071,40.0,0.004758796981962411,True,62.62684317477115,33.33333333333333,0.005,holdout,<1000
78,0.2746478873239437,2026-01-18 00:00:00+00:00,12203.883179006625,4,5490.346811029905,40.0,0.007285514262895281,True,62.376737003084926,25.0,0.005,holdout,<1000
79,0.27816901408450706,2026-01-19 00:00:00+00:00,11746.162107509632,8,17543.593162202564,40.0,0.002280034633166224,True,60.41190944824125,37.5,0.005,holdout,<1000
80,0.28169014084507044,2026-01-20 00:00:00+00:00,11701.931485330915,8,18676.536965109924,40.0,0.0021417246716950223,True,59.36425416660542,37.5,0.005,holdout,<1000
81,0.2852112676056338,2026-01-21 00:00:00+00:00,11974.104370226944,10,13794.386809523203,40.0,0.002899730198401083,True,59.320671118810274,30.0,0.005,holdout,<1000
82,0.2887323943661972,2026-01-22 00:00:00+00:00,11867.896003808024,10,16240.174645253022,40.0,0.002463027699747794,True,59.397747629906256,30.0,0.005,holdout,<1000
83,0.29225352112676056,2026-01-23 00:00:00+00:00,11931.247576800248,9,14526.430377212488,40.0,0.0027536014672088836,True,59.34584848910933,22.22222222222222,0.005,holdout,<1000
84,0.29577464788732394,2026-01-24 00:00:00+00:00,11996.45043102982,7,6362.409626028329,40.0,0.006286926235676782,True,59.32480605812295,28.57142857142857,0.005,holdout,<1000
85,0.2992957746478873,2026-01-25 00:00:00+00:00,11894.10396752444,6,6362.409626028329,40.0,0.006286926235676782,True,59.317894329699755,33.33333333333333,0.005,holdout,<1000
86,0.3028169014084507,2026-01-26 00:00:00+00:00,11994.333912398908,9,25992.818939561334,40.0,0.0015388865706720096,False,59.63373715974454,22.22222222222222,0.005,holdout,<1000
87,0.30633802816901406,2026-01-27 00:00:00+00:00,12114.979544504313,9,20355.312986706464,40.0,0.0019650889193461667,True,59.7485541040986,33.33333333333333,0.005,holdout,<1000
88,0.30985915492957744,2026-01-28 00:00:00+00:00,12217.150797794153,10,17252.705066044946,40.0,0.002318477006757857,True,60.31592448738869,40.0,0.005,holdout,<1000
89,0.31338028169014087,2026-01-29 00:00:00+00:00,12154.834176408409,11,27558.42414276783,40.0,0.0014514618032140715,False,60.50319941409434,36.36363636363637,0.005,holdout,<1000
90,0.31690140845070425,2026-01-30 00:00:00+00:00,12160.80260383638,11,31299.833443333377,40.0,0.0012779620719841143,False,60.50862525721068,27.27272727272727,0.005,holdout,<1000
91,0.3204225352112676,2026-01-31 00:00:00+00:00,12120.80260383638,11,31299.833443333377,40.0,0.0012779620719841143,False,60.50862525721068,27.27272727272727,0.005,holdout,<1000
92,0.323943661971831,2026-02-01 00:00:00+00:00,12205.856961095378,8,15361.974738422383,40.0,0.0026038319084039745,True,60.306035799880235,37.5,0.005,holdout,<1000
93,0.3274647887323944,2026-02-02 00:00:00+00:00,12507.903051958852,11,18389.017363480034,40.0,0.002175211388915138,True,61.1682667363225,27.27272727272727,0.005,holdout,<1000
94,0.33098591549295775,2026-02-03 00:00:00+00:00,12610.47563078251,12,17419.65708622,40.0,0.00229625645338578,True,62.273104109702636,41.66666666666667,0.005,holdout,<1000
95,0.3345070422535211,2026-02-04 00:00:00+00:00,12811.814839172876,11,26207.20721453269,40.0,0.001526297696376392,False,62.36997465018155,18.181818181818183,0.005,holdout,<1000
96,0.3380281690140845,2026-02-05 00:00:00+00:00,12669.323848597127,10,34495.46435761052,40.0,0.0011595727364422344,False,62.87948316131569,20.0,0.005,holdout,<1000
97,0.3415492957746479,2026-02-06 00:00:00+00:00,12685.474113511875,8,23063.82034186376,40.0,0.0017343180534317173,True,63.27627787016251,37.5,0.005,holdout,<1000
98,0.34507042253521125,2026-02-07 00:00:00+00:00,12636.27573468684,7,11563.140131302058,40.0,0.0034592679450210755,True,63.190370318841836,42.857142857142854,0.005,holdout,<1000
99,0.3485915492957746,2026-02-08 00:00:00+00:00,12596.27573468684,7,11563.140131302058,40.0,0.0034592679450210755,True,63.190370318841836,42.857142857142854,0.005,holdout,<1000
100,0.352112676056338,2026-02-09 00:00:00+00:00,12646.497929142812,9,33045.98344882527,40.0,0.0012104345468169728,False,62.734235340551805,22.22222222222222,0.005,holdout,<1000
101,0.35563380281690143,2026-02-10 00:00:00+00:00,12534.545976957708,9,18650.67288387304,40.0,0.0021446947383108846,True,62.86655455309574,55.55555555555556,0.005,holdout,<1000
102,0.3591549295774648,2026-02-11 00:00:00+00:00,12044.863947868862,11,14549.07202969846,40.0,0.002749316239437783,True,61.5785404421035,63.63636363636363,0.005,holdout,<1000
103,0.3626760563380282,2026-02-12 00:00:00+00:00,11921.807212842308,9,15686.528905548676,40.0,0.0025499586454624202,True,60.88369003873481,55.55555555555556,0.005,holdout,<1000
104,0.36619718309859156,2026-02-13 00:00:00+00:00,12129.830559961621,9,10671.400317273163,40.0,0.0037483365641577866,True,60.388866663225976,44.44444444444444,0.005,holdout,<1000
105,0.36971830985915494,2026-02-14 00:00:00+00:00,12025.661445168329,9,11761.698620971576,40.0,0.0034008693207525664,True,60.446563458962665,44.44444444444444,0.005,holdout,<1000
106,0.3732394366197183,2026-02-15 00:00:00+00:00,11985.661445168329,9,11801.698620971576,40.0,0.003389342609454553,True,60.446563458962665,44.44444444444444,0.005,holdout,<1000
107,0.3767605633802817,2026-02-16 00:00:00+00:00,12183.093992765671,7,6466.957953013319,40.0,0.006185288398444242,True,60.48541036613096,57.14285714285714,0.005,holdout,<1000
108,0.38028169014084506,2026-02-17 00:00:00+00:00,12735.592982921306,8,6466.957953013319,40.0,0.006185288398444242,True,61.878815536106295,62.5,0.005,holdout,<1000
109,0.38380281690140844,2026-02-18 00:00:00+00:00,12535.36452748609,9,4895.696839164244,0.0,0.0,False,62.57997009378265,66.66666666666666,0.005,holdout,<1000
110,0.3873239436619718,2026-02-19 00:00:00+00:00,12535.36452748609,9,4895.696839164244,0.0,0.0,False,62.57997009378265,66.66666666666666,0.005,holdout,<1000
111,0.3908450704225352,2026-02-20 00:00:00+00:00,12648.15519972236,8,9963.734689209463,40.0,0.00401455892270187,True,62.626995556962264,62.5,0.005,holdout,<1000
115,0.40492957746478875,2026-02-24 00:00:00+00:00,12663.106273718653,9,16878.695938652425,40.0,0.002369851328881368,True,63.18946607047548,44.44444444444444,0.005,holdout,<1000
116,0.4084507042253521,2026-02-25 00:00:00+00:00,13145.928492125531,7,16881.646975941476,40.0,0.002369437061265714,True,63.72627791055389,42.857142857142854,0.005,holdout,<1000
117,0.4119718309859155,2026-02-26 00:00:00+00:00,13309.319894696582,6,16718.255573370425,40.0,0.002392594121106377,True,64.10859033680968,33.33333333333333,0.005,holdout,<1000
118,0.4154929577464789,2026-02-27 00:00:00+00:00,13497.444388381286,7,18590.49549307061,40.0,0.0021516371102055635,True,65.85501208603138,42.857142857142854,0.005,holdout,<1000
119,0.41901408450704225,2026-02-28 00:00:00+00:00,13478.287925054483,3,7696.984470496137,40.0,0.0051968404189104015,True,64.59898983380374,33.33333333333333,0.005,holdout,<1000
120,0.4225352112676056,2026-03-01 00:00:00+00:00,13431.80537520276,2,7696.984470496137,40.0,0.0051968404189104015,True,65.55153188938299,0.0,0.005,holdout,<1000
121,0.426056338028169,2026-03-02 00:00:00+00:00,13416.09103649556,8,27375.84282576226,40.0,0.0014611422287374354,False,66.32024650828072,25.0,0.005,holdout,<1000
122,0.4295774647887324,2026-03-03 00:00:00+00:00,13388.659764598488,8,21826.01201063668,40.0,0.001832675615705994,True,66.97213626984349,50.0,0.005,holdout,<1000
123,0.43309859154929575,2026-03-04 00:00:00+00:00,13244.42816078498,9,23244.334363182694,40.0,0.0017208494498064458,True,66.69932888005991,33.33333333333333,0.005,holdout,<1000
124,0.43661971830985913,2026-03-05 00:00:00+00:00,13367.846661088668,11,20739.432120618512,40.0,0.0019286931178907844,True,66.75108904728381,27.27272727272727,0.005,holdout,<1000
125,0.44014084507042256,2026-03-06 00:00:00+00:00,14331.296693962267,9,24255.37153432445,40.0,0.0016491192453347864,True,69.17616540468259,22.22222222222222,0.005,holdout,<1000
126,0.44366197183098594,2026-03-07 00:00:00+00:00,14136.022018832353,10,32055.58469605821,40.0,0.0012478324878260197,False,69.15128519850059,20.0,0.005,holdout,<1000
127,0.4471830985915493,2026-03-08 00:00:00+00:00,14167.095857600383,10,32809.978664436196,40.0,0.0012191412987219434,False,69.1828170289896,20.0,0.005,holdout,<1000
128,0.4507042253521127,2026-03-09 00:00:00+00:00,13965.89092349731,6,31933.43868993774,40.0,0.0012526054706599463,False,70.33569360472706,0.0,0.005,holdout,<1000
129,0.45422535211267606,2026-03-10 00:00:00+00:00,13819.71165061723,8,23634.175228473254,40.0,0.001692464391641221,True,69.50919756595044,25.0,0.005,holdout,<1000
130,0.45774647887323944,2026-03-11 00:00:00+00:00,14139.23322155104,8,21776.073315503425,40.0,0.0018368784592363626,True,69.93072308063705,25.0,0.005,holdout,<1000
131,0.4612676056338028,2026-03-12 00:00:00+00:00,14687.902433444735,6,25759.136997480302,40.0,0.0015528470539953533,False,72.05548655360177,0.0,0.005,holdout,<1000
132,0.4647887323943662,2026-03-13 00:00:00+00:00,14809.088540747853,7,44297.60528521771,40.0,0.0009029833496066697,False,73.03618033114775,0.0,0.005,holdout,<1000
133,0.46830985915492956,2026-03-14 00:00:00+00:00,14609.809792515522,6,37644.20675199981,40.0,0.0010625804991328458,False,72.66857097885556,0.0,0.005,holdout,<1000
134,0.47183098591549294,2026-03-15 00:00:00+00:00,14564.27766892332,5,30725.64325261423,40.0,0.0013018441850390448,False,72.54765314230363,0.0,0.005,holdout,<1000
135,0.4753521126760563,2026-03-16 00:00:00+00:00,14439.331205243532,7,43686.0519107515,40.0,0.0009156240550580784,False,72.50210008032856,0.0,0.005,holdout,<1000
136,0.4788732394366197,2026-03-17 00:00:00+00:00,14570.845815356188,7,39522.427308997074,40.0,0.0010120835870547407,False,72.83626597858346,14.285714285714285,0.005,holdout,<1000
137,0.4823943661971831,2026-03-18 00:00:00+00:00,14877.925401241666,8,26591.561032052316,40.0,0.0015042366242352502,False,73.40045339279396,37.5,0.005,holdout,<1000
138,0.4859154929577465,2026-03-19 00:00:00+00:00,15125.306120294628,9,36619.640933532435,40.0,0.0010923100003247762,False,74.93744033760508,33.33333333333333,0.005,holdout,<1000
139,0.4894366197183099,2026-03-20 00:00:00+00:00,14827.517946283926,9,20451.28478997755,40.0,0.0019558673408920785,True,74.53416083405229,44.44444444444444,0.005,holdout,<1000
140,0.49295774647887325,2026-03-21 00:00:00+00:00,14707.917255199522,8,13870.006744022478,40.0,0.002883920731851028,True,74.55873222188137,50.0,0.005,holdout,<1000
141,0.4964788732394366,2026-03-22 00:00:00+00:00,14667.917255199522,9,18000.15245667464,40.0,0.0022222034005699542,True,74.44549378344985,44.44444444444444,0.005,holdout,<1000
142,0.5,2026-03-23 00:00:00+00:00,15577.33894370354,8,25095.049658229997,40.0,0.0015939398624334612,False,77.13182779327109,50.0,0.005,holdout,<1000
143,0.5035211267605634,2026-03-24 00:00:00+00:00,15824.570628225543,10,18062.140314182598,40.0,0.0022145769717330536,True,77.79366288295384,50.0,0.005,holdout,<1000
144,0.5070422535211268,2026-03-25 00:00:00+00:00,15450.15478682796,9,21131.523442186415,40.0,0.0018929065909249617,True,77.95354732082026,55.55555555555556,0.005,holdout,<1000
145,0.5105633802816901,2026-03-26 00:00:00+00:00,15871.298651162888,8,12836.304155221074,40.0,0.00311616174845236,True,77.95582881805488,62.5,0.005,holdout,<1000
146,0.5140845070422535,2026-03-27 00:00:00+00:00,16256.965426963523,11,18366.59712922955,40.0,0.002177866684751414,True,79.60380110771338,54.54545454545454,0.005,holdout,<1000
147,0.5176056338028169,2026-03-28 00:00:00+00:00,16359.49348188928,10,18366.59712922955,40.0,0.002177866684751414,True,79.54978316822857,50.0,0.005,holdout,<1000
148,0.5211267605633803,2026-03-29 00:00:00+00:00,16235.390388749893,9,13414.104926477621,40.0,0.002981935821975377,True,79.48376124219159,55.55555555555556,0.005,holdout,<1000
149,0.5246478873239436,2026-03-30 00:00:00+00:00,16060.76062205714,12,31954.442414299345,40.0,0.001251782130365083,False,79.90090359523776,33.33333333333333,0.005,holdout,<1000
150,0.528169014084507,2026-03-31 00:00:00+00:00,16303.356202175963,11,31144.244090384313,40.0,0.0012843464713388204,False,80.39305094951527,27.27272727272727,0.005,holdout,<1000
151,0.5316901408450704,2026-04-01 00:00:00+00:00,15765.899956069003,6,20491.096529756185,40.0,0.0019520673255291109,True,80.8699502739222,33.33333333333333,0.005,holdout,<1000
152,0.5352112676056338,2026-04-02 00:00:00+00:00,15413.478315179978,10,16595.356001068645,40.0,0.002410312860864463,True,79.14576382779907,50.0,0.005,holdout,<1000
153,0.5387323943661971,2026-04-03 00:00:00+00:00,15822.206134224623,9,28798.112682179224,40.0,0.0013889799113381725,False,78.64145989912925,33.33333333333333,0.005,holdout,<1000
154,0.5422535211267606,2026-04-04 00:00:00+00:00,16010.912270077943,8,28798.112682179224,40.0,0.0013889799113381725,False,78.67308638786918,37.5,0.005,holdout,<1000
155,0.545774647887324,2026-04-05 00:00:00+00:00,15989.750548072092,6,11904.114016156636,40.0,0.0033601828700322214,True,78.81253661003278,50.0,0.005,holdout,<1000
156,0.5492957746478874,2026-04-06 00:00:00+00:00,15248.718541323462,11,17526.54902699707,40.0,0.002282251910423774,True,77.75979846265264,36.36363636363637,0.005,holdout,<1000
157,0.5528169014084507,2026-04-07 00:00:00+00:00,15232.931637837763,13,40434.73546951385,40.0,0.0009892484651014566,False,77.56051721946613,30.76923076923077,0.005,holdout,<1000
158,0.5563380281690141,2026-04-08 00:00:00+00:00,14760.968552768472,12,36505.261630141315,40.0,0.0010957324564679516,False,76.59387421983809,33.33333333333333,0.005,holdout,<1000
159,0.5598591549295775,2026-04-09 00:00:00+00:00,14556.87096806759,11,30423.83354262609,40.0,0.0013147587053405673,False,75.84079458999304,45.45454545454545,0.005,holdout,<1000
160,0.5633802816901409,2026-04-10 00:00:00+00:00,15029.53947646274,11,27565.016566573264,40.0,0.0014511146729549232,False,75.06134586044573,54.54545454545454,0.005,holdout,<1000
161,0.5669014084507042,2026-04-11 00:00:00+00:00,14905.486068558608,9,16682.91037607848,40.0,0.002397663183358927,True,74.81924086746267,66.66666666666666,0.005,holdout,<1000
162,0.5704225352112676,2026-04-12 00:00:00+00:00,15136.603141204128,8,15462.448572337318,40.0,0.0025869124034831673,True,74.93072922283332,62.5,0.005,holdout,<1000
163,0.573943661971831,2026-04-13 00:00:00+00:00,15541.50621547316,12,45638.14285748451,40.0,0.0008764598534368303,False,77.06581639584194,25.0,0.005,holdout,<1000
164,0.5774647887323944,2026-04-14 00:00:00+00:00,15635.355368871544,12,47668.91517320104,40.0,0.0008391212565812191,False,77.60320320175006,16.666666666666664,0.005,holdout,<1000
165,0.5809859154929577,2026-04-15 00:00:00+00:00,15552.970834098414,7,17330.5788739615,40.0,0.002308059083940837,True,77.91493494500178,14.285714285714285,0.005,holdout,<1000
167,0.5880281690140845,2026-04-17 00:00:00+00:00,15824.769470882493,11,26005.653314465562,40.0,0.0015381270955323444,False,77.90080135709704,45.45454545454545,0.005,holdout,<1000
168,0.5915492957746479,2026-04-18 00:00:00+00:00,15622.674931524229,9,20891.131434747615,40.0,0.0019146880639250184,True,78.05146182239368,44.44444444444444,0.005,holdout,<1000
169,0.5950704225352113,2026-04-19 00:00:00+00:00,15582.674931524229,9,20891.131434747615,40.0,0.0019146880639250184,True,78.05146182239368,44.44444444444444,0.005,holdout,<1000
170,0.5985915492957746,2026-04-20 00:00:00+00:00,15376.589097664071,10,21100.69457403384,40.0,0.0018956721950387039,True,78.0024790966235,40.0,0.005,holdout,<1000
171,0.602112676056338,2026-04-21 00:00:00+00:00,15250.241282532821,10,26136.040290120836,40.0,0.0015304537166297377,False,77.91315044817983,40.0,0.005,holdout,<1000
172,0.6056338028169014,2026-04-22 00:00:00+00:00,14794.501212006917,5,11673.465904947449,40.0,0.0034265744489001505,True,77.86076452542441,40.0,0.005,holdout,<1000
173,0.6091549295774648,2026-04-23 00:00:00+00:00,14620.78473632902,8,32558.290479125957,40.0,0.0012285657327630619,False,75.16508333573425,25.0,0.005,holdout,<1000
174,0.6126760563380281,2026-04-24 00:00:00+00:00,15057.334990483212,11,47730.671718517195,40.0,0.0008380355557510818,False,75.25923843117874,18.181818181818183,0.005,holdout,<1000
175,0.6161971830985915,2026-04-25 00:00:00+00:00,14938.970844950907,10,42216.248993716756,40.0,0.0009475024653647791,False,75.39022544950603,20.0,0.005,holdout,<1000
176,0.6197183098591549,2026-04-26 00:00:00+00:00,14812.872637995042,8,38169.35339902914,40.0,0.0010479611635500596,False,75.40697804749816,12.5,0.005,holdout,<1000
178,0.6267605633802817,2026-04-28 00:00:00+00:00,16185.255601539811,7,42740.623727194106,40.0,0.0009358777788390027,False,78.51212756513554,14.285714285714285,0.005,holdout,<1000
179,0.6302816901408451,2026-04-29 00:00:00+00:00,17215.2274206648,6,27594.97488213503,40.0,0.001449539279193038,False,83.54260797640258,33.33333333333333,0.005,holdout,<1000
180,0.6338028169014085,2026-04-30 00:00:00+00:00,16802.141760440572,8,37454.735547724165,40.0,0.0010679557448492114,False,84.18959462003552,25.0,0.005,holdout,<1000
181,0.6373239436619719,2026-05-01 00:00:00+00:00,16662.395845879717,8,37454.735547724165,40.0,0.0010679557448492114,False,84.18959462003552,25.0,0.005,holdout,<1000
182,0.6408450704225352,2026-05-02 00:00:00+00:00,16622.395845879717,8,37454.735547724165,40.0,0.0010679557448492114,False,84.18959462003552,25.0,0.005,holdout,<1000
183,0.6443661971830986,2026-05-03 00:00:00+00:00,16582.395845879717,8,37454.735547724165,40.0,0.0010679557448492114,False,84.18959462003552,25.0,0.005,holdout,<1000
184,0.647887323943662,2026-05-04 00:00:00+00:00,17109.23087344582,9,42870.07713153281,40.0,0.0009330517385651788,False,83.77256254316579,22.22222222222222,0.005,holdout,<1000
185,0.6514084507042254,2026-05-05 00:00:00+00:00,16416.266566648283,7,30127.232322763997,40.0,0.0013277024444683617,False,84.30540838619791,14.285714285714285,0.005,holdout,<1000
186,0.6549295774647887,2026-05-06 00:00:00+00:00,15938.240084325509,11,45723.92168024775,40.0,0.000874815600457989,False,81.59081350242512,27.27272727272727,0.005,holdout,<1000
187,0.6584507042253521,2026-05-07 00:00:00+00:00,15893.511948375772,12,41542.08218841285,40.0,0.0009628790347720467,False,81.17689278000866,33.33333333333333,0.005,holdout,<1000
188,0.6619718309859155,2026-05-08 00:00:00+00:00,15918.345214140552,6,18277.61833661113,40.0,0.002188468938531104,True,81.59054081799457,33.33333333333333,0.005,holdout,<1000
189,0.6654929577464789,2026-05-09 00:00:00+00:00,15254.835722157675,5,12117.771809984768,40.0,0.003300936890645268,True,81.93040889726797,40.0,0.005,holdout,<1000
190,0.6690140845070423,2026-05-10 00:00:00+00:00,15214.835722157675,9,44057.144188013495,40.0,0.0009079117754273934,False,79.4165287699437,22.22222222222222,0.005,holdout,<1000
191,0.6725352112676056,2026-05-11 00:00:00+00:00,15156.052971119578,4,8857.958982114531,40.0,0.004515712940279543,True,80.51081057169321,50.0,0.005,holdout,<1000
192,0.676056338028169,2026-05-12 00:00:00+00:00,14700.144962700511,6,14648.80288219661,40.0,0.0027305985561874076,True,78.12323415222568,33.33333333333333,0.005,holdout,<1000
193,0.6795774647887324,2026-05-13 00:00:00+00:00,14685.812732215918,9,37152.55683111167,40.0,0.001076641916781993,False,76.54980523184918,33.33333333333333,0.005,holdout,<1000
194,0.6830985915492958,2026-05-14 00:00:00+00:00,14565.656103578873,10,38254.58661199226,40.0,0.0010456262514534813,False,76.09844658590225,30.0,0.005,holdout,<1000
196,0.6901408450704225,2026-05-16 00:00:00+00:00,14276.312765812221,6,24909.12374247177,40.0,0.001605837299358598,True,73.41549290554454,16.666666666666664,0.005,holdout,<1000
197,0.6936619718309859,2026-05-17 00:00:00+00:00,14229.977003333297,5,16991.419732084993,40.0,0.0023541293565050234,True,73.39844652395293,20.0,0.005,holdout,<1000
198,0.6971830985915493,2026-05-18 00:00:00+00:00,14504.54961575989,7,8011.7125026613685,40.0,0.004992690387568527,True,72.48767016684361,42.857142857142854,0.005,holdout,<1000
199,0.7007042253521126,2026-05-19 00:00:00+00:00,14254.165325234844,9,17109.61452439138,40.0,0.0023378668141807754,True,72.11097048065389,44.44444444444444,0.005,holdout,<1000
200,0.704225352112676,2026-05-20 00:00:00+00:00,14638.816873172633,10,20348.828014544833,40.0,0.0019657151739357667,True,72.48391438367243,40.0,0.005,holdout,<1000
201,0.7077464788732394,2026-05-21 00:00:00+00:00,14943.578127420587,11,20018.177574184403,40.0,0.0019981838932023616,True,73.58722387544567,36.36363636363637,0.005,holdout,<1000
202,0.7112676056338029,2026-05-22 00:00:00+00:00,15477.637987975322,11,27337.49268396545,40.0,0.0014631919782263582,False,74.98667671623697,36.36363636363637,0.005,holdout,<1000
203,0.7147887323943662,2026-05-23 00:00:00+00:00,15437.637987975322,11,27377.49268396545,40.0,0.001461054175477046,False,74.98667671623697,36.36363636363637,0.005,holdout,<1000
204,0.7183098591549296,2026-05-24 00:00:00+00:00,15390.63533355379,10,22958.4084646274,40.0,0.0017422810497351772,True,75.25119725817851,40.0,0.005,holdout,<1000
205,0.721830985915493,2026-05-25 00:00:00+00:00,15106.21193200232,9,33425.177546741776,40.0,0.0011967026934730262,False,75.43321787603591,33.33333333333333,0.005,holdout,<1000
206,0.7253521126760564,2026-05-26 00:00:00+00:00,15982.631515539531,10,18406.491840226838,40.0,0.0021731463196360532,True,77.21538815004419,50.0,0.005,holdout,<1000
207,0.7288732394366197,2026-05-27 00:00:00+00:00,15531.315472593853,11,22308.794422005387,40.0,0.0017930148641534843,True,77.34242232391719,45.45454545454545,0.005,holdout,<1000
208,0.7323943661971831,2026-05-28 00:00:00+00:00,15795.027658251742,12,18856.713260056295,40.0,0.0021212604470542064,True,77.2734510553325,50.0,0.005,holdout,<1000
209,0.7359154929577465,2026-05-29 00:00:00+00:00,15729.834209614612,10,23978.504439019718,40.0,0.0016681607521321822,True,78.12515573057283,40.0,0.005,holdout,<1000
210,0.7394366197183099,2026-05-30 00:00:00+00:00,15822.310384139275,7,11225.712877249338,40.0,0.0035632480927840454,True,78.28323634445162,57.14285714285714,0.005,holdout,<1000
211,0.7429577464788732,2026-05-31 00:00:00+00:00,15782.310384139275,8,11225.712877249338,40.0,0.0035632480927840454,True,78.38677579148221,50.0,0.005,holdout,<1000
212,0.7464788732394366,2026-06-01 00:00:00+00:00,15733.329409422888,10,21183.697783903404,40.0,0.001888244460813367,True,78.0140884018479,40.0,0.005,holdout,<1000
213,0.75,2026-06-02 00:00:00+00:00,15589.813587302746,8,16623.72616311132,40.0,0.0024061994048459193,True,77.77255154844445,50.0,0.005,holdout,<1000
214,0.7535211267605634,2026-06-03 00:00:00+00:00,15586.979928327923,10,41078.08168406515,40.0,0.0009737553059961084,False,78.35355542805809,10.0,0.005,holdout,<1000
215,0.7570422535211268,2026-06-04 00:00:00+00:00,15652.140703568202,12,41353.01826775918,40.0,0.0009672812693139243,False,78.4304069595454,8.333333333333332,0.005,holdout,<1000
216,0.7605633802816901,2026-06-05 00:00:00+00:00,15598.91434498801,11,26610.2270080362,40.0,0.0015031814643264836,False,78.3290095731085,27.27272727272727,0.005,holdout,<1000
217,0.7640845070422535,2026-06-06 00:00:00+00:00,15706.461924662888,9,14645.806072038602,40.0,0.0027311572885269165,True,78.26586668614415,33.33333333333333,0.005,holdout,<1000
218,0.7676056338028169,2026-06-07 00:00:00+00:00,15666.461924662888,9,14645.806072038602,40.0,0.0027311572885269165,True,78.26586668614415,33.33333333333333,0.005,holdout,<1000
219,0.7711267605633803,2026-06-08 00:00:00+00:00,16442.257918725365,10,32286.3233981951,40.0,0.0012389146793417834,False,79.24206487065797,10.0,0.005,holdout,<1000
220,0.7746478873239436,2026-06-09 00:00:00+00:00,16729.095757082865,11,47900.20224607438,40.0,0.0008350695430159309,False,82.31119635963263,0.0,0.005,holdout,<1000
221,0.778169014084507,2026-06-10 00:00:00+00:00,16205.739073966415,8,33084.02051763787,40.0,0.0012090428966659314,False,82.13917210358785,0.0,0.005,holdout,<1000
222,0.7816901408450704,2026-06-11 00:00:00+00:00,16519.354068754536,11,34295.91846747135,40.0,0.0011663195443486606,False,81.75651061252324,18.181818181818183,0.005,holdout,<1000
223,0.7852112676056338,2026-06-12 00:00:00+00:00,16782.793384800254,7,24089.522314609047,40.0,0.0016604729424519171,True,81.76311769109338,14.285714285714285,0.005,holdout,<1000
224,0.7887323943661971,2026-06-13 00:00:00+00:00,16570.640779434383,5,14165.307429376313,40.0,0.0028238003445690955,True,81.62503992173018,20.0,0.005,holdout,<1000
225,0.7922535211267606,2026-06-14 00:00:00+00:00,17345.892951975537,4,7458.667182038822,40.0,0.005362888438878704,True,82.01233878485715,25.0,0.005,holdout,<1000
226,0.795774647887324,2026-06-15 00:00:00+00:00,17038.33788314188,7,26558.03246152135,40.0,0.0015061356694233304,False,83.87769360632849,14.285714285714285,0.005,holdout,<1000
227,0.7992957746478874,2026-06-16 00:00:00+00:00,17537.332186471383,14,37787.98407251044,40.0,0.0010585375478947218,False,87.58996365415786,35.714285714285715,0.005,holdout,<1000
228,0.8028169014084507,2026-06-17 00:00:00+00:00,16976.79808764399,11,16207.174037882993,40.0,0.0024680428498208974,True,86.95623349025615,63.63636363636363,0.005,holdout,<1000
229,0.8063380281690141,2026-06-18 00:00:00+00:00,17108.069231071495,11,35914.26033443016,40.0,0.0011137637146783428,False,86.25325655826838,45.45454545454545,0.005,holdout,<1000
230,0.8098591549295775,2026-06-19 00:00:00+00:00,17039.133635674414,12,31970.58426750491,40.0,0.0012511501092789298,False,86.21921930563686,33.33333333333333,0.005,holdout,<1000
231,0.8133802816901409,2026-06-20 00:00:00+00:00,16999.133635674414,15,42103.13292214748,40.0,0.000950048065875849,False,86.01450908018388,26.666666666666668,0.005,holdout,<1000
232,0.8169014084507042,2026-06-21 00:00:00+00:00,16959.133635674414,15,42103.13292214748,40.0,0.000950048065875849,False,86.01450908018388,26.666666666666668,0.005,holdout,<1000
233,0.8204225352112676,2026-06-22 00:00:00+00:00,19972.866373726785,8,13370.863470227443,40.0,0.002991579421109711,True,91.6347679951505,62.5,0.005,holdout,<1000
234,0.823943661971831,2026-06-23 00:00:00+00:00,20089.654719752096,6,11938.00989909685,40.0,0.003350642220779707,True,93.99501315507564,66.66666666666666,0.005,holdout,<1000
235,0.8274647887323944,2026-06-24 00:00:00+00:00,22163.321097722066,12,39245.93975522106,40.0,0.0010192137135581936,False,106.03020743270834,33.33333333333333,0.005,holdout,<1000
236,0.8309859154929577,2026-06-25 00:00:00+00:00,22292.24875329059,12,29507.6026010293,40.0,0.0013555828489639717,False,107.59908812421882,41.66666666666667,0.005,holdout,<1000
237,0.8345070422535211,2026-06-26 00:00:00+00:00,21468.41215106487,10,16023.186845963655,40.0,0.00249638229801185,True,109.12635247845849,40.0,0.005,holdout,<1000
238,0.8380281690140845,2026-06-27 00:00:00+00:00,21316.459806382987,9,11947.25196676886,40.0,0.003348050255511437,True,109.17465866733966,44.44444444444444,0.005,holdout,<1000
239,0.8415492957746479,2026-06-28 00:00:00+00:00,21276.459806382987,9,11947.25196676886,40.0,0.003348050255511437,True,109.17465866733966,44.44444444444444,0.005,holdout,<1000
240,0.8450704225352113,2026-06-29 00:00:00+00:00,20211.53625019906,8,3882.369456927655,0.0,0.0,False,106.612112482513,37.5,0.005,holdout,<1000
241,0.8485915492957746,2026-06-30 00:00:00+00:00,20098.40988630836,15,17776.083737626243,40.0,0.0022502144223889363,True,102.08631717057627,53.333333333333336,0.005,holdout,<1000
242,0.852112676056338,2026-07-01 00:00:00+00:00,19612.5954114756,18,33036.56837912151,40.0,0.001210779507755389,False,101.17061350058651,55.55555555555556,0.005,holdout,<1000
243,0.8556338028169014,2026-07-02 00:00:00+00:00,19990.611391725986,15,28112.803510774844,40.0,0.0014228392406566328,False,101.54465490869806,53.333333333333336,0.005,holdout,<1000
244,0.8591549295774648,2026-07-03 00:00:00+00:00,20189.320041880637,15,30244.10598108582,40.0,0.0013225717442273003,False,101.04901878691427,53.333333333333336,0.005,holdout,<1000
245,0.8626760563380281,2026-07-04 00:00:00+00:00,20149.320041880637,15,30244.10598108582,40.0,0.0013225717442273003,False,101.04901878691427,53.333333333333336,0.005,holdout,<1000
246,0.8661971830985915,2026-07-05 00:00:00+00:00,20106.388117862694,14,26585.00428019766,40.0,0.0015046076193335335,False,101.02033026738395,57.14285714285714,0.005,holdout,<1000
247,0.8697183098591549,2026-07-06 00:00:00+00:00,20654.00585616339,12,37362.25763235159,40.0,0.001070599116188429,False,103.0870764512568,33.33333333333333,0.005,holdout,<1000
248,0.8732394366197183,2026-07-07 00:00:00+00:00,20845.735543877,11,27276.96520289254,40.0,0.0014664387956090609,False,103.0747792735111,45.45454545454545,0.005,holdout,<1000
249,0.8767605633802817,2026-07-08 00:00:00+00:00,21127.872368804496,9,29366.573638386824,40.0,0.0013620928506182137,False,103.11609963446092,33.33333333333333,0.005,holdout,<1000
250,0.8802816901408451,2026-07-09 00:00:00+00:00,21286.754417621418,16,45418.285031052175,40.0,0.0008807025622533363,False,105.23912885569632,43.75,0.005,holdout,<1000
251,0.8838028169014085,2026-07-10 00:00:00+00:00,22690.734114267278,13,26869.17069704124,40.0,0.001488694997363826,False,106.66039046412992,53.84615384615385,0.005,holdout,<1000
252,0.8873239436619719,2026-07-11 00:00:00+00:00,22650.734114267278,13,26869.17069704124,40.0,0.001488694997363826,False,106.66039046412992,53.84615384615385,0.005,holdout,<1000
253,0.8908450704225352,2026-07-12 00:00:00+00:00,22500.737985028187,12,22691.632060214262,40.0,0.0017627643482785393,True,106.66061117638355,58.333333333333336,0.005,holdout,<1000
254,0.8943661971830986,2026-07-13 00:00:00+00:00,21852.476199752396,18,46437.850843429886,40.0,0.0008613663051475879,False,108.02376177796185,44.44444444444444,0.005,holdout,<1000
255,0.897887323943662,2026-07-14 00:00:00+00:00,21787.651305010048,16,41074.70292026254,40.0,0.0009738354061294408,False,107.93320750565991,50.0,0.005,holdout,<1000
256,0.9014084507042254,2026-07-15 00:00:00+00:00,23103.10753650104,10,26270.92020375996,40.0,0.0015225960754231631,False,109.5603956151607,50.0,0.005,holdout,<1000
257,0.9049295774647887,2026-07-16 00:00:00+00:00,25541.052479183483,12,27265.602326582564,40.0,0.0014670499305640518,False,120.37292088763803,58.333333333333336,0.005,holdout,<1000
258,0.9084507042253521,2026-07-17 00:00:00+00:00,26031.84588510351,14,25090.590593322126,40.0,0.0015942231352117323,False,129.3833133831944,50.0,0.005,holdout,<1000
259,0.9119718309859155,2026-07-18 00:00:00+00:00,25703.006773904326,10,19165.84153091308,40.0,0.002087046370256321,True,131.68242684003388,50.0,0.005,holdout,<1000
260,0.9154929577464789,2026-07-19 00:00:00+00:00,25392.72349648445,8,10699.751625426874,40.0,0.0037384045350122015,True,131.66415310012087,62.5,0.005,holdout,<1000
261,0.9190140845070423,2026-07-20 00:00:00+00:00,25329.65461526034,11,1781.164342961315,0.0,0.0,False,123.24401767100473,54.54545454545454,0.005,holdout,<1000
262,0.9225352112676056,2026-07-21 00:00:00+00:00,26035.67185139035,7,2942.142771436579,0.0,0.0,False,125.51128944568781,28.57142857142857,0.005,holdout,<1000
263,0.926056338028169,2026-07-22 00:00:00+00:00,25938.9791270512,13,19979.477186126096,40.0,0.0020020543894800364,True,129.41529447039923,30.76923076923077,0.005,holdout,<1000
264,0.9295774647887324,2026-07-23 00:00:00+00:00,26062.017767062072,20,31193.12771616193,40.0,0.001282333735942581,False,130.37369545774783,40.0,0.005,holdout,<1000
265,0.9330985915492958,2026-07-24 00:00:00+00:00,27183.96943370791,20,12097.706305688658,40.0,0.0033064118924089727,True,130.57794764039886,45.0,0.005,holdout,<1000
266,0.9366197183098591,2026-07-25 00:00:00+00:00,27139.986651880205,19,7158.286502151083,40.0,0.0055879294560199425,True,130.66664931708462,47.368421052631575,0.005,holdout,<1000
267,0.9401408450704225,2026-07-26 00:00:00+00:00,27386.925033771546,13,4757.565402476407,0.0,0.0,False,130.05408055650054,53.84615384615385,0.005,holdout,<1000
268,0.9436619718309859,2026-07-27 00:00:00+00:00,27331.832660690627,19,37756.82184824319,40.0,0.0010594112015246638,False,132.70964107573275,42.10526315789473,0.005,holdout,<1000
269,0.9471830985915493,2026-07-28 00:00:00+00:00,26969.451357335704,18,24664.808402537805,40.0,0.001621743795742777,True,133.3678082573893,38.88888888888889,0.005,holdout,<1000
270,0.9507042253521126,2026-07-29 00:00:00+00:00,27835.019107057844,14,11815.730036862278,40.0,0.0033853176972738442,True,133.36114595047948,42.857142857142854,0.005,holdout,<1000
272,0.9577464788732394,2026-07-31 00:00:00+00:00,27584.189226744318,17,43169.65580887297,40.0,0.0009265767644081727,False,137.69991713671982,52.94117647058824,0.005,holdout,<1000
273,0.9612676056338029,2026-08-01 00:00:00+00:00,27398.622657680266,17,36281.60046938622,40.0,0.0011024871968851346,False,137.5739652942877,52.94117647058824,0.005,holdout,<1000
274,0.9647887323943662,2026-08-02 00:00:00+00:00,27214.574618397317,17,33880.14169298009,40.0,0.001180632606630684,False,137.31288045795336,52.94117647058824,0.005,holdout,<1000
275,0.9683098591549296,2026-08-03 00:00:00+00:00,29680.02356183436,10,11962.492363281077,40.0,0.0033437847887602566,True,137.40672714079125,60.0,0.005,holdout,<1000
276,0.971830985915493,2026-08-04 00:00:00+00:00,34728.809772795765,16,2791.1393723041647,0.0,0.0,False,166.7109131724343,68.75,0.005,holdout,<1000
277,0.9753521126760564,2026-08-05 00:00:00+00:00,34238.09718852811,12,24759.21274271574,40.0,0.0016155602528908422,True,173.25547672077482,50.0,0.005,holdout,<1000
278,0.9788732394366197,2026-08-06 00:00:00+00:00,33914.10000103611,13,33648.55021388112,40.0,0.0011887584976394822,False,171.28622694441805,46.15384615384615,0.005,holdout,<1000
