time,open,high,low,close,volume
2025-07-19 07:30,128.090000,129.580000,128.050000,128.980000,392117
2025-07-19 07:45,128.980000,129.190000,128.830000,128.850000,93158
2025-07-19 08:00,128.850000,128.910000,128.310000,128.380000,102088
2025-07-19 08:15,128.380000,128.580000,128.380000,128.450000,58664
2025-07-19 08:30,128.470000,128.490000,128.170000,128.170000,42223
2025-07-19 08:45,128.170000,128.410000,127.630000,128.320000,141457
2025-07-19 09:00,128.330000,128.390000,128.120000,128.210000,18860
2025-07-19 09:15,128.210000,128.240000,128.000000,128.080000,24642
2025-07-19 09:30,128.050000,128.160000,128.020000,128.040000,16501
2025-07-19 09:45,128.040000,128.050000,128.000000,128.010000,8084
2025-07-19 10:00,128.020000,128.090000,127.790000,128.080000,41731
2025-07-19 10:15,128.080000,128.310000,128.080000,128.120000,31475
2025-07-19 10:30,128.100000,128.120000,128.010000,128.010000,10500
2025-07-19 10:45,128.010000,128.100000,128.010000,128.060000,10212
2025-07-19 11:00,128.060000,128.270000,128.060000,128.170000,9639
2025-07-19 11:15,128.210000,128.280000,128.210000,128.270000,14253
2025-07-19 11:30,128.280000,128.300000,128.210000,128.280000,6430
2025-07-19 11:45,128.290000,128.290000,128.020000,128.160000,34988
2025-07-19 12:00,128.160000,128.160000,127.980000,128.010000,18259
2025-07-19 12:15,128.010000,128.190000,128.010000,128.120000,8580
2025-07-19 12:30,128.120000,128.160000,128.040000,128.130000,9101
2025-07-19 12:45,128.130000,128.140000,128.090000,128.130000,3442
2025-07-19 13:00,128.130000,128.180000,128.130000,128.130000,8092
2025-07-19 13:15,128.150000,128.270000,128.100000,128.250000,6959
2025-07-19 13:30,128.190000,128.240000,128.120000,128.170000,5385
2025-07-19 13:45,128.180000,128.260000,128.130000,128.200000,11366
2025-07-19 14:00,128.200000,128.260000,128.150000,128.230000,9997
2025-07-19 14:15,128.250000,128.310000,128.210000,128.300000,6625
2025-07-19 14:30,128.300000,128.440000,128.160000,128.210000,23153
2025-07-19 14:45,128.190000,128.260000,127.940000,128.170000,38017
2025-07-19 15:00,128.100000,128.200000,128.010000,128.060000,5842
2025-07-19 15:15,128.090000,128.140000,128.030000,128.140000,5918
2025-07-19 15:30,128.130000,128.240000,128.130000,128.200000,15095
2025-07-19 15:45,128.200000,128.230000,128.130000,128.210000,18682
2025-07-19 16:00,128.080000,128.560000,127.950000,128.210000,741
2025-07-19 16:15,128.090000,128.290000,128.090000,128.120000,1220
2025-07-19 16:30,128.150000,128.300000,128.020000,128.020000,2184
2025-07-19 16:45,128.020000,128.220000,128.020000,128.030000,594
2025-07-19 17:00,128.130000,128.490000,128.000000,128.490000,8018
2025-07-19 17:15,128.490000,129.300000,128.320000,129.050000,46457
2025-07-19 17:30,129.050000,129.150000,128.810000,129.000000,18617
2025-07-19 17:45,128.840000,129.110000,128.820000,129.080000,11018
2025-07-19 18:00,129.030000,129.100000,128.880000,129.090000,7903
2025-07-19 18:15,129.100000,129.120000,128.880000,129.000000,5584
2025-07-19 18:30,129.120000,129.230000,129.120000,129.200000,6225
2025-07-19 18:45,129.210000,129.210000,128.750000,128.860000,9458
2025-07-19 19:00,128.750000,129.150000,128.730000,129.130000,4370
2025-07-19 19:15,128.920000,129.120000,128.920000,128.980000,1820
2025-07-19 19:30,128.980000,129.100000,128.920000,128.920000,1075
2025-07-19 19:45,128.920000,129.090000,128.920000,128.940000,4095
2025-07-19 20:00,129.040000,129.050000,128.920000,128.970000,544
2025-07-19 20:15,128.920000,129.050000,128.870000,128.920000,1516
2025-07-19 20:30,129.000000,129.050000,128.840000,129.000000,2402
2025-07-19 20:45,129.000000,129.000000,128.800000,128.800000,2680
2025-07-19 23:00,128.130000,130.490000,128.130000,128.710000,884
2025-07-19 23:15,128.950000,128.980000,128.710000,128.730000,222
2025-07-19 23:30,128.950000,128.960000,128.710000,128.710000,81
2025-07-19 23:45,128.730000,128.890000,128.710000,128.740000,10
2025-07-20 00:00,128.740000,129.200000,128.700000,128.700000,766
2025-07-20 00:15,128.700000,128.710000,128.580000,128.580000,81
2025-07-20 00:30,128.590000,128.770000,128.590000,128.770000,6
2025-07-20 00:45,128.590000,128.780000,128.570000,128.580000,35
2025-07-20 01:00,128.580000,128.770000,128.580000,128.770000,100
2025-07-20 01:15,128.770000,128.780000,128.570000,128.770000,86
2025-07-20 01:30,128.770000,128.770000,128.770000,128.770000,103
2025-07-20 01:45,128.760000,128.990000,128.760000,128.990000,104
2025-07-20 02:00,129.000000,129.150000,129.000000,129.150000,487
2025-07-20 02:15,128.940000,129.150000,128.710000,129.150000,572
2025-07-20 02:30,129.150000,129.150000,128.910000,128.910000,100
2025-07-20 02:45,129.050000,129.110000,129.000000,129.000000,70
2025-07-20 03:00,129.120000,129.390000,129.010000,129.390000,3501
2025-07-20 03:15,129.130000,129.390000,129.100000,129.110000,891
2025-07-20 03:30,129.340000,129.340000,129.100000,129.110000,28
2025-07-20 03:45,129.110000,129.370000,129.110000,129.280000,320
2025-07-20 04:00,129.270000,129.270000,129.130000,129.260000,925
2025-07-20 04:15,129.170000,129.300000,129.170000,129.180000,476
2025-07-20 04:30,129.170000,129.280000,129.170000,129.170000,599
2025-07-20 04:45,129.170000,129.270000,129.150000,129.170000,895
2025-07-20 05:00,129.170000,129.270000,129.130000,129.140000,1172
2025-07-20 05:15,129.140000,129.270000,128.950000,128.950000,1583
2025-07-20 05:30,128.950000,129.150000,128.910000,129.010000,1022
2025-07-20 05:45,129.000000,129.150000,129.000000,129.130000,751
2025-07-20 06:00,129.010000,129.260000,129.000000,129.000000,1446
2025-07-20 06:15,129.000000,129.200000,128.990000,129.130000,794
2025-07-20 06:30,129.120000,129.120000,128.910000,128.910000,2165
2025-07-20 06:45,129.390000,129.390000,129.390000,129.390000,13071
2025-07-20 07:00,129.380000,129.810000,128.700000,128.850000,163489
2025-07-20 07:15,128.850000,128.900000,128.690000,128.850000,33843
2025-07-20 07:30,128.840000,128.840000,128.430000,128.680000,42559
2025-07-20 07:45,128.680000,128.700000,128.570000,128.700000,36347
2025-07-20 08:00,128.680000,128.700000,128.610000,128.660000,17231
2025-07-20 08:15,128.650000,128.670000,128.250000,128.270000,35496
2025-07-20 08:30,128.260000,128.450000,128.150000,128.430000,34588
2025-07-20 08:45,128.440000,128.700000,128.430000,128.580000,19782
2025-07-20 09:00,128.580000,128.590000,128.420000,128.490000,20058
2025-07-20 09:15,128.530000,128.530000,128.250000,128.370000,11141
2025-07-20 09:30,128.370000,128.490000,128.340000,128.480000,11812
2025-07-20 09:45,128.480000,128.550000,128.430000,128.500000,16734
2025-07-20 10:00,128.490000,128.500000,128.450000,128.470000,7681
2025-07-20 10:15,128.470000,128.500000,128.400000,128.440000,2740
2025-07-20 10:30,128.470000,128.580000,128.440000,128.560000,7136
2025-07-20 10:45,128.560000,128.560000,128.420000,128.430000,3633
2025-07-20 11:00,128.480000,128.480000,128.330000,128.380000,5554
2025-07-20 11:15,128.410000,128.470000,128.350000,128.460000,3131
2025-07-20 11:30,128.400000,128.620000,128.400000,128.450000,10806
2025-07-20 11:45,128.450000,128.700000,128.450000,128.670000,14956
2025-07-20 12:00,128.690000,128.840000,128.630000,128.630000,15436
2025-07-20 12:15,128.630000,128.660000,128.610000,128.610000,1599
2025-07-20 12:30,128.620000,128.630000,128.510000,128.570000,7940
2025-07-20 12:45,128.580000,128.590000,128.460000,128.460000,6020
2025-07-20 13:00,128.470000,128.470000,128.130000,128.320000,53295
2025-07-20 13:15,128.310000,128.450000,128.290000,128.420000,6754
2025-07-20 13:30,128.400000,128.500000,128.340000,128.380000,4479
2025-07-20 13:45,128.380000,128.480000,128.360000,128.480000,5816
2025-07-20 14:00,128.470000,128.480000,128.370000,128.380000,4268
2025-07-20 14:15,128.380000,128.390000,128.180000,128.180000,13932
2025-07-20 14:30,128.190000,128.340000,128.080000,128.310000,21999
2025-07-20 14:45,128.300000,128.320000,128.120000,128.240000,9825
2025-07-20 15:00,128.230000,128.250000,128.140000,128.150000,4738
2025-07-20 15:15,128.140000,128.180000,127.770000,127.800000,42872
2025-07-20 15:30,127.840000,128.090000,127.800000,128.000000,15801
2025-07-20 15:45,128.000000,128.260000,127.980000,128.230000,21388
2025-07-20 16:00,128.290000,128.690000,127.570000,128.160000,1483
2025-07-20 16:15,128.040000,128.210000,128.040000,128.180000,779
2025-07-20 16:30,128.080000,128.170000,128.070000,128.080000,306
2025-07-20 16:45,128.080000,128.180000,128.070000,128.170000,2278
2025-07-20 17:00,128.100000,128.430000,128.100000,128.100000,1297
2025-07-20 17:15,128.100000,128.480000,128.100000,128.270000,957
2025-07-20 17:30,128.270000,128.380000,128.100000,128.140000,317
2025-07-20 17:45,128.150000,128.280000,128.100000,128.220000,162
2025-07-20 18:00,128.210000,128.300000,128.100000,128.100000,1755
2025-07-20 18:15,128.290000,128.300000,128.010000,128.300000,3786
2025-07-20 18:30,128.270000,128.350000,128.270000,128.340000,271
2025-07-20 18:45,128.330000,128.350000,128.270000,128.350000,430
2025-07-20 19:00,128.270000,128.500000,127.920000,128.170000,4030
2025-07-20 19:15,127.950000,128.220000,127.900000,127.950000,784
2025-07-20 19:30,127.950000,128.200000,127.900000,128.200000,1878
2025-07-20 19:45,128.190000,128.390000,128.000000,128.240000,1950
2025-07-20 20:00,128.240000,128.390000,128.210000,128.390000,737
2025-07-20 20:15,128.380000,128.380000,128.010000,128.370000,842
2025-07-20 20:30,128.360000,128.380000,128.000000,128.000000,1494
2025-07-20 20:45,128.000000,128.000000,127.900000,127.910000,233
2025-07-21 03:45,128.390000,128.390000,128.390000,128.390000,2668
2025-07-21 04:00,128.380000,128.380000,127.900000,128.200000,111386
2025-07-21 04:15,128.200000,128.380000,128.060000,128.260000,20572
2025-07-21 04:30,128.280000,128.300000,127.970000,127.990000,27383
2025-07-21 04:45,127.990000,128.350000,127.970000,128.340000,33114
2025-07-21 05:00,128.310000,128.680000,128.290000,128.550000,53187
2025-07-21 05:15,128.550000,128.740000,128.440000,128.530000,38866
2025-07-21 05:30,128.500000,128.890000,128.500000,128.880000,34465
2025-07-21 05:45,128.880000,128.880000,128.560000,128.560000,53872
2025-07-21 06:00,128.560000,128.560000,127.120000,127.650000,421460
2025-07-21 06:15,127.650000,127.660000,126.750000,126.790000,203330
2025-07-21 06:30,126.800000,127.300000,126.790000,127.010000,121315
2025-07-21 06:45,127.000000,127.280000,126.910000,127.140000,69022
2025-07-21 07:00,127.140000,127.600000,126.670000,126.980000,259575
2025-07-21 07:15,126.980000,127.440000,126.720000,127.380000,122852
2025-07-21 07:30,127.370000,127.490000,127.280000,127.300000,109359
2025-07-21 07:45,127.300000,127.350000,126.980000,127.310000,135608
2025-07-21 08:00,127.300000,127.350000,127.160000,127.280000,42044
2025-07-21 08:15,127.290000,127.780000,127.280000,127.770000,80074
2025-07-21 08:30,127.770000,127.890000,127.500000,127.660000,119218
2025-07-21 08:45,127.640000,127.690000,127.500000,127.530000,45372
2025-07-21 09:00,127.500000,127.850000,127.320000,127.810000,92030
2025-07-21 09:15,127.810000,128.130000,127.800000,128.060000,152783
2025-07-21 09:30,128.060000,128.400000,128.030000,128.290000,128516
2025-07-21 09:45,128.290000,128.310000,127.960000,128.220000,114546
2025-07-21 10:00,128.230000,128.390000,128.000000,128.320000,81673
2025-07-21 10:15,128.310000,128.600000,128.280000,128.310000,116787
2025-07-21 10:30,128.310000,128.470000,128.110000,128.320000,66577
2025-07-21 10:45,128.320000,128.330000,127.830000,127.960000,94618
2025-07-21 11:00,127.970000,127.970000,127.720000,127.840000,56841
2025-07-21 11:15,127.840000,128.080000,127.580000,127.660000,63782
2025-07-21 11:30,127.670000,127.980000,127.670000,127.890000,43843
2025-07-21 11:45,127.890000,128.370000,127.890000,128.180000,72352
2025-07-21 12:00,128.190000,128.190000,127.920000,127.930000,42937
2025-07-21 12:15,127.940000,128.100000,127.860000,127.960000,80279
2025-07-21 12:30,127.980000,128.160000,127.830000,128.010000,71210
2025-07-21 12:45,128.010000,128.050000,127.860000,127.910000,41466
2025-07-21 13:00,127.900000,127.920000,127.510000,127.560000,102197
2025-07-21 13:15,127.560000,127.670000,127.310000,127.550000,94868
2025-07-21 13:30,127.540000,128.200000,127.480000,128.040000,186759
2025-07-21 13:45,128.040000,128.090000,127.750000,127.890000,98006
2025-07-21 14:00,127.900000,128.050000,127.700000,127.740000,66220
2025-07-21 14:15,127.750000,128.050000,127.740000,128.040000,55926
2025-07-21 14:30,128.050000,128.400000,128.000000,128.370000,94128
2025-07-21 14:45,128.370000,128.750000,128.360000,128.540000,138202
2025-07-21 15:00,128.520000,128.580000,128.260000,128.300000,57516
2025-07-21 15:15,128.310000,128.380000,128.010000,128.080000,40321
2025-07-21 15:30,128.080000,128.310000,127.850000,128.060000,78609
2025-07-21 15:45,127.820000,127.820000,127.820000,127.820000,7611
2025-07-21 16:00,127.940000,128.130000,127.940000,128.130000,12162
2025-07-21 16:15,128.130000,128.140000,127.840000,127.850000,15454
2025-07-21 16:30,127.840000,127.870000,127.610000,127.710000,31549
2025-07-21 16:45,127.720000,128.020000,127.450000,127.900000,89977
2025-07-21 17:00,127.890000,128.050000,127.850000,127.930000,17032
2025-07-21 17:15,127.960000,127.980000,127.850000,127.920000,11945
2025-07-21 17:30,127.930000,128.050000,127.850000,127.850000,13509
2025-07-21 17:45,127.850000,128.500000,127.840000,128.170000,132826
2025-07-21 18:00,128.170000,128.330000,128.010000,128.330000,37268
2025-07-21 18:15,128.330000,128.440000,128.230000,128.340000,38192
2025-07-21 18:30,128.340000,128.390000,128.230000,128.320000,25791
2025-07-21 18:45,128.320000,128.480000,128.270000,128.300000,33160
2025-07-21 19:00,128.300000,128.320000,128.180000,128.270000,16188
2025-07-21 19:15,128.310000,128.340000,128.160000,128.200000,8535
2025-07-21 19:30,128.170000,128.200000,128.030000,128.060000,14491
2025-07-21 19:45,128.050000,128.050000,127.870000,128.030000,36891
2025-07-21 20:00,127.990000,128.100000,127.900000,128.040000,11492
2025-07-21 20:15,128.010000,128.190000,128.000000,128.110000,36663
2025-07-21 20:30,128.120000,128.400000,128.050000,128.300000,46367
2025-07-21 20:45,128.320000,128.400000,128.140000,128.340000,16441
2025-07-22 03:45,128.150000,128.150000,128.150000,128.150000,2597
2025-07-22 04:00,128.330000,128.640000,127.970000,128.170000,61157
2025-07-22 04:15,128.170000,128.420000,128.050000,128.250000,12665
2025-07-22 04:30,128.280000,128.280000,127.970000,127.980000,24412
2025-07-22 04:45,127.980000,128.080000,127.890000,127.890000,14344
2025-07-22 05:00,127.890000,128.140000,127.770000,128.040000,9297
2025-07-22 05:15,128.030000,128.250000,127.910000,128.250000,21958
2025-07-22 05:30,128.220000,128.290000,127.950000,127.960000,35528
2025-07-22 05:45,127.960000,128.030000,127.750000,127.750000,20365
2025-07-22 06:00,127.760000,128.020000,127.470000,127.930000,89037
2025-07-22 06:15,127.930000,128.110000,127.880000,127.970000,19171
2025-07-22 06:30,127.980000,127.990000,127.730000,127.880000,23561
2025-07-22 06:45,127.880000,127.940000,127.750000,127.770000,21425
2025-07-22 07:00,127.800000,128.250000,127.750000,127.940000,71332
2025-07-22 07:15,127.930000,128.280000,127.930000,128.220000,87098
2025-07-22 07:30,128.220000,128.220000,127.820000,127.850000,37934
2025-07-22 07:45,127.860000,128.250000,127.600000,127.610000,104293
2025-07-22 08:00,127.610000,127.920000,127.500000,127.790000,83332
2025-07-22 08:15,127.790000,127.820000,127.600000,127.760000,29265
2025-07-22 08:30,127.760000,127.960000,127.680000,127.750000,42636
2025-07-22 08:45,127.740000,127.850000,127.530000,127.700000,75036
2025-07-22 09:00,127.700000,127.770000,127.460000,127.510000,71973
2025-07-22 09:15,127.510000,127.710000,127.300000,127.700000,78057
2025-07-22 09:30,127.710000,128.370000,127.650000,128.000000,169324
2025-07-22 09:45,128.010000,128.420000,127.930000,128.290000,88622
2025-07-22 10:00,128.300000,128.310000,127.950000,128.220000,59187
2025-07-22 10:15,128.220000,128.580000,128.120000,128.230000,227211
2025-07-22 10:30,128.230000,128.400000,128.220000,128.280000,41519
2025-07-22 10:45,128.280000,128.900000,128.260000,128.700000,235910
2025-07-22 11:00,128.700000,128.980000,128.670000,128.690000,100728
2025-07-22 11:15,128.690000,128.690000,128.310000,128.360000,94288
2025-07-22 11:30,128.360000,128.730000,128.330000,128.660000,46408
2025-07-22 11:45,128.660000,128.730000,128.400000,128.420000,40495
2025-07-22 12:00,128.420000,129.060000,128.300000,129.060000,170228
2025-07-22 12:15,129.060000,129.090000,128.830000,129.000000,130561
2025-07-22 12:30,128.960000,128.990000,128.780000,128.930000,40490
2025-07-22 12:45,128.930000,128.950000,128.570000,128.700000,58163
2025-07-22 13:00,128.690000,128.930000,128.690000,128.900000,31319
2025-07-22 13:15,128.920000,129.080000,128.840000,129.010000,103046
2025-07-22 13:30,129.000000,129.280000,128.960000,129.050000,149760
2025-07-22 13:45,129.060000,129.500000,129.000000,129.240000,296013
2025-07-22 14:00,129.240000,129.350000,128.910000,128.960000,99820
2025-07-22 14:15,128.960000,129.630000,128.650000,128.690000,275291
2025-07-22 14:30,128.690000,128.800000,128.440000,128.740000,117730
2025-07-22 14:45,128.730000,128.840000,128.580000,128.660000,53408
2025-07-22 15:00,128.660000,128.660000,128.430000,128.600000,108380
2025-07-22 15:15,128.590000,128.700000,128.520000,128.600000,60166
2025-07-22 15:30,128.580000,128.600000,128.440000,128.520000,42318
2025-07-22 15:45,128.670000,128.670000,128.670000,128.670000,7977
2025-07-22 16:00,128.980000,128.980000,128.570000,128.720000,71941
2025-07-22 16:15,128.720000,128.730000,128.550000,128.640000,25771
2025-07-22 16:30,128.650000,129.000000,128.590000,128.840000,93683
2025-07-22 16:45,128.840000,128.880000,128.590000,128.630000,35560
2025-07-22 17:00,128.680000,128.710000,128.610000,128.650000,9498
2025-07-22 17:15,128.660000,128.730000,128.600000,128.710000,9594
2025-07-22 17:30,128.700000,128.880000,128.650000,128.850000,21938
2025-07-22 17:45,128.860000,128.880000,128.800000,128.850000,16520
2025-07-22 18:00,128.840000,128.860000,128.800000,128.860000,3915
2025-07-22 18:15,128.860000,128.860000,128.700000,128.760000,10790
2025-07-22 18:30,128.730000,128.790000,128.680000,128.790000,11274
2025-07-22 18:45,128.790000,128.840000,128.780000,128.840000,7180
2025-07-22 19:00,128.840000,128.840000,128.790000,128.830000,7017
2025-07-22 19:15,128.830000,128.920000,128.810000,128.890000,18935
2025-07-22 19:30,128.920000,129.220000,128.870000,129.130000,64980
2025-07-22 19:45,129.140000,129.190000,129.040000,129.190000,31490
2025-07-22 20:00,129.180000,129.320000,129.130000,129.300000,43695
2025-07-22 20:15,129.300000,129.310000,129.170000,129.190000,23540
2025-07-22 20:30,129.180000,129.210000,129.050000,129.110000,25834
2025-07-22 20:45,129.110000,129.110000,129.020000,129.070000,8206
2025-07-23 03:45,129.100000,129.100000,129.100000,129.100000,3645
2025-07-23 04:00,129.100000,129.840000,129.100000,129.480000,137059
2025-07-23 04:15,129.480000,129.560000,129.310000,129.400000,20013
2025-07-23 04:30,129.400000,129.420000,129.060000,129.410000,49805
2025-07-23 04:45,129.370000,129.510000,129.350000,129.400000,41084
2025-07-23 05:00,129.400000,129.440000,129.250000,129.310000,23716
2025-07-23 05:15,129.310000,129.310000,129.170000,129.200000,21644
2025-07-23 05:30,129.210000,129.340000,129.060000,129.160000,35100
2025-07-23 05:45,129.190000,129.260000,129.080000,129.160000,15448
2025-07-23 06:00,129.140000,129.300000,129.030000,129.280000,30027
2025-07-23 06:15,129.250000,129.390000,129.190000,129.250000,15465
2025-07-23 06:30,129.260000,129.370000,129.190000,129.330000,14828
2025-07-23 06:45,129.330000,129.700000,129.240000,129.460000,74635
2025-07-23 07:00,129.450000,129.770000,129.400000,129.630000,128734
2025-07-23 07:15,129.630000,129.770000,129.470000,129.700000,70453
2025-07-23 07:30,129.710000,129.790000,129.560000,129.690000,107309
2025-07-23 07:45,129.670000,129.730000,129.430000,129.500000,74776
2025-07-23 08:00,129.510000,129.520000,129.200000,129.380000,99781
2025-07-23 08:15,129.380000,129.640000,129.360000,129.500000,98527
2025-07-23 08:30,129.500000,129.500000,129.240000,129.380000,80398
2025-07-23 08:45,129.380000,129.420000,129.300000,129.350000,28909
2025-07-23 09:00,129.360000,129.650000,129.250000,129.470000,71320
2025-07-23 09:15,129.460000,129.480000,129.290000,129.390000,38608
2025-07-23 09:30,129.390000,129.450000,129.300000,129.390000,38119
2025-07-23 09:45,129.390000,129.650000,129.360000,129.560000,41018
2025-07-23 10:00,129.560000,129.700000,129.460000,129.510000,42094
2025-07-23 10:15,129.520000,129.670000,129.310000,129.320000,36358
2025-07-23 10:30,129.330000,129.700000,129.300000,129.450000,81083
2025-07-23 10:45,129.440000,129.710000,129.420000,129.700000,43783
2025-07-23 11:00,129.700000,129.730000,129.610000,129.620000,62086
2025-07-23 11:15,129.630000,130.020000,129.620000,129.880000,281258
2025-07-23 11:30,129.880000,130.000000,129.700000,129.910000,88343
2025-07-23 11:45,129.900000,130.080000,129.800000,129.970000,68327
2025-07-23 12:00,129.950000,130.090000,129.850000,130.000000,60552
2025-07-23 12:15,129.980000,130.010000,129.750000,129.770000,46224
2025-07-23 12:30,129.790000,129.830000,129.640000,129.650000,81029
2025-07-23 12:45,129.660000,129.840000,129.510000,129.630000,107345
2025-07-23 13:00,129.670000,129.800000,129.620000,129.790000,29546
2025-07-23 13:15,129.790000,129.900000,129.730000,129.830000,51732
2025-07-23 13:30,129.820000,129.840000,129.280000,129.350000,143377
2025-07-23 13:45,129.360000,129.470000,129.100000,129.390000,247315
2025-07-23 14:00,129.390000,129.500000,129.350000,129.400000,51762
2025-07-23 14:15,129.390000,129.450000,129.010000,129.010000,130197
2025-07-23 14:30,129.020000,129.340000,128.800000,129.100000,170135
2025-07-23 14:45,129.100000,129.200000,128.920000,129.050000,62707
2025-07-23 15:00,129.040000,129.320000,128.920000,129.240000,84357
2025-07-23 15:15,129.250000,129.780000,129.180000,129.680000,176941
2025-07-23 15:30,129.640000,129.880000,129.540000,129.750000,91610
2025-07-23 15:45,129.810000,129.810000,129.810000,129.810000,9836
2025-07-23 16:00,129.910000,130.050000,129.610000,129.700000,106380
2025-07-23 16:15,129.710000,129.710000,129.100000,129.550000,96615
2025-07-23 16:30,129.540000,129.610000,129.420000,129.510000,25152
2025-07-23 16:45,129.540000,129.780000,129.500000,129.760000,44877
2025-07-23 17:00,129.770000,129.800000,129.640000,129.640000,34051
2025-07-23 17:15,129.690000,129.840000,129.660000,129.820000,16965
2025-07-23 17:30,129.830000,129.900000,129.810000,129.830000,45795
2025-07-23 17:45,129.860000,129.870000,129.710000,129.750000,22169
2025-07-23 18:00,129.740000,129.890000,129.730000,129.890000,25463
2025-07-23 18:15,129.870000,129.870000,129.390000,129.440000,77961
2025-07-23 18:30,129.430000,129.770000,129.410000,129.700000,45881
2025-07-23 18:45,129.700000,130.300000,129.430000,129.790000,389875
2025-07-23 19:00,129.790000,129.800000,129.010000,129.070000,223787
2025-07-23 19:15,129.070000,129.490000,129.040000,129.380000,64907
2025-07-23 19:30,129.410000,129.530000,129.310000,129.510000,65826
2025-07-23 19:45,129.500000,129.560000,129.320000,129.330000,13097
2025-07-23 20:00,129.330000,129.430000,129.310000,129.370000,7522
2025-07-23 20:15,129.390000,129.390000,129.030000,129.180000,73142
2025-07-23 20:30,129.180000,129.240000,129.150000,129.180000,16007
2025-07-23 20:45,129.180000,129.260000,129.140000,129.200000,9492
2025-07-24 03:45,129.010000,129.010000,129.010000,129.010000,1646
2025-07-24 04:00,129.020000,129.410000,129.010000,129.140000,67424
2025-07-24 04:15,129.130000,129.260000,129.050000,129.170000,20173
2025-07-24 04:30,129.170000,129.270000,129.110000,129.270000,6949
2025-07-24 04:45,129.270000,129.430000,129.260000,129.400000,14766
2025-07-24 05:00,129.400000,129.440000,129.250000,129.260000,16879
2025-07-24 05:15,129.250000,129.310000,129.230000,129.270000,7452
2025-07-24 05:30,129.270000,129.390000,129.240000,129.370000,5742
2025-07-24 05:45,129.370000,129.470000,129.250000,129.340000,31646
2025-07-24 06:00,129.350000,129.490000,129.310000,129.490000,19816
2025-07-24 06:15,129.490000,129.690000,129.480000,129.650000,49570
2025-07-24 06:30,129.660000,129.660000,129.440000,129.490000,15107
2025-07-24 06:45,129.490000,129.500000,129.330000,129.400000,19234
2025-07-24 07:00,129.400000,129.490000,129.260000,129.430000,32047
2025-07-24 07:15,129.440000,129.460000,129.290000,129.440000,25707
2025-07-24 07:30,129.450000,129.490000,129.110000,129.130000,53566
2025-07-24 07:45,129.120000,129.210000,128.570000,128.860000,171936
2025-07-24 08:00,128.860000,129.060000,128.100000,128.390000,255462
2025-07-24 08:15,128.390000,128.570000,128.170000,128.480000,135565
2025-07-24 08:30,128.480000,128.480000,128.160000,128.400000,70604
2025-07-24 08:45,128.390000,128.850000,128.380000,128.710000,75885
2025-07-24 09:00,128.710000,128.760000,128.200000,128.380000,87778
2025-07-24 09:15,128.380000,128.840000,128.320000,128.670000,76763
2025-07-24 09:30,128.670000,128.770000,128.520000,128.540000,14594
2025-07-24 09:45,128.540000,128.590000,128.470000,128.560000,17675
2025-07-24 10:00,128.560000,128.700000,128.510000,128.580000,25343
2025-07-24 10:15,128.590000,128.670000,128.020000,128.180000,72023
2025-07-24 10:30,128.170000,128.260000,128.090000,128.260000,27898
2025-07-24 10:45,128.250000,128.280000,127.850000,128.130000,129544
2025-07-24 11:00,128.100000,128.100000,127.800000,127.940000,45377
2025-07-24 11:15,127.930000,128.030000,127.810000,127.840000,47653
2025-07-24 11:30,127.850000,127.880000,127.520000,127.670000,133662
2025-07-24 11:45,127.660000,128.040000,127.610000,127.970000,69582
2025-07-24 12:00,127.980000,128.370000,127.900000,128.300000,86496
2025-07-24 12:15,128.300000,128.520000,128.180000,128.260000,89075
2025-07-24 12:30,128.250000,128.250000,127.900000,128.090000,59212
2025-07-24 12:45,128.090000,128.240000,128.000000,128.160000,28867
2025-07-24 13:00,128.150000,128.170000,127.860000,127.910000,47325
2025-07-24 13:15,127.920000,128.080000,127.880000,127.920000,34824
2025-07-24 13:30,127.940000,127.990000,127.730000,127.850000,54702
2025-07-24 13:45,127.840000,127.860000,127.610000,127.850000,93791
2025-07-24 14:00,127.850000,127.980000,127.760000,127.880000,34881
2025-07-24 14:15,127.880000,127.880000,127.750000,127.790000,17090
2025-07-24 14:30,127.790000,127.820000,127.600000,127.660000,45459
2025-07-24 14:45,127.670000,127.830000,127.620000,127.660000,26708
2025-07-24 15:00,127.650000,127.690000,127.400000,127.510000,119146
2025-07-24 15:15,127.510000,127.510000,127.010000,127.290000,180407
2025-07-24 15:30,127.300000,127.440000,127.190000,127.370000,55974
2025-07-24 15:45,127.400000,127.400000,127.400000,127.400000,20715
2025-07-24 16:00,127.400000,127.460000,127.190000,127.280000,71723
2025-07-24 16:15,127.280000,127.390000,127.230000,127.240000,25630
2025-07-24 16:30,127.250000,127.530000,127.230000,127.530000,44685
2025-07-24 16:45,127.530000,127.690000,127.440000,127.650000,18747
2025-07-24 17:00,127.660000,128.050000,127.660000,127.800000,66036
2025-07-24 17:15,127.800000,127.920000,127.660000,127.690000,20597
2025-07-24 17:30,127.680000,127.790000,127.680000,127.760000,7015
2025-07-24 17:45,127.760000,127.860000,127.740000,127.740000,8172
2025-07-24 18:00,127.740000,128.000000,127.740000,127.830000,25810
2025-07-24 18:15,127.830000,127.980000,127.790000,127.980000,11150
2025-07-24 18:30,127.970000,127.970000,127.810000,127.860000,14523
2025-07-24 18:45,127.860000,127.940000,127.810000,127.910000,16610
2025-07-24 19:00,127.920000,128.000000,127.850000,127.900000,36151
2025-07-24 19:15,127.920000,127.930000,127.810000,127.880000,5389
2025-07-24 19:30,127.850000,127.890000,127.710000,127.730000,6244
2025-07-24 19:45,127.730000,127.810000,127.660000,127.700000,5924
2025-07-24 20:00,127.700000,127.820000,127.670000,127.810000,12052
2025-07-24 20:15,127.820000,127.910000,127.780000,127.780000,18410
2025-07-24 20:30,127.800000,127.950000,127.780000,127.950000,21195
2025-07-24 20:45,127.940000,128.040000,127.910000,128.040000,15858
2025-07-25 03:45,128.250000,128.250000,128.250000,128.250000,1203
2025-07-25 04:00,128.240000,128.320000,128.040000,128.200000,50159
2025-07-25 04:15,128.190000,128.480000,128.190000,128.230000,34694
2025-07-25 04:30,128.230000,128.450000,128.230000,128.390000,11414
2025-07-25 04:45,128.390000,128.430000,128.250000,128.250000,8214
2025-07-25 05:00,128.250000,128.410000,128.200000,128.410000,9312
2025-07-25 05:15,128.380000,128.430000,128.130000,128.170000,13946
2025-07-25 05:30,128.200000,128.300000,128.150000,128.180000,11371
2025-07-25 05:45,128.170000,128.200000,128.070000,128.150000,6082
2025-07-25 06:00,128.140000,128.400000,128.120000,128.340000,30830
2025-07-25 06:15,128.340000,128.350000,128.070000,128.090000,19427
2025-07-25 06:30,128.090000,128.170000,128.080000,128.110000,25360
2025-07-25 06:45,128.110000,128.150000,127.940000,127.940000,55379
2025-07-25 07:00,127.950000,128.060000,127.720000,128.060000,103318
2025-07-25 07:15,128.060000,128.160000,127.990000,128.150000,34690
2025-07-25 07:30,128.150000,128.150000,127.730000,127.810000,34429
2025-07-25 07:45,127.820000,127.840000,127.770000,127.840000,23766
2025-07-25 08:00,127.840000,127.980000,127.830000,127.900000,19392
2025-07-25 08:15,127.890000,127.890000,127.770000,127.850000,17834
2025-07-25 08:30,127.860000,127.950000,127.830000,127.920000,30153
2025-07-25 08:45,127.910000,127.960000,127.900000,127.940000,19774
2025-07-25 09:00,127.930000,128.720000,127.920000,128.400000,144379
2025-07-25 09:15,128.400000,128.680000,128.400000,128.640000,46270
2025-07-25 09:30,128.600000,128.680000,128.420000,128.470000,50308
2025-07-25 09:45,128.470000,128.590000,128.400000,128.400000,28703
2025-07-25 10:00,128.400000,128.420000,127.900000,127.990000,97832
2025-07-25 10:15,127.990000,128.590000,127.820000,128.560000,89084
2025-07-25 10:30,128.570000,129.150000,126.220000,127.390000,1351021
2025-07-25 10:45,127.380000,127.950000,127.300000,127.780000,250229
2025-07-25 11:00,127.770000,127.900000,127.260000,127.410000,176002
2025-07-25 11:15,127.410000,128.490000,127.400000,128.140000,182828
2025-07-25 11:30,128.150000,128.400000,128.060000,128.080000,72408
2025-07-25 11:45,128.070000,128.070000,127.760000,127.850000,54496
2025-07-25 12:00,127.840000,128.300000,127.670000,128.140000,81826
2025-07-25 12:15,128.120000,128.670000,127.950000,128.610000,99381
2025-07-25 12:30,128.590000,128.700000,127.790000,127.790000,117254
2025-07-25 12:45,127.810000,128.100000,127.300000,127.530000,204420
2025-07-25 13:00,127.520000,127.530000,126.700000,126.850000,188197
2025-07-25 13:15,126.830000,127.100000,126.700000,126.840000,184903
2025-07-25 13:30,126.830000,127.180000,126.620000,127.180000,114840
2025-07-25 13:45,127.180000,127.320000,126.810000,127.050000,121566
2025-07-25 14:00,127.040000,127.040000,126.120000,126.260000,202313
2025-07-25 14:15,126.260000,126.620000,126.120000,126.390000,121858
2025-07-25 14:30,126.370000,126.390000,126.130000,126.260000,100655
2025-07-25 14:45,126.270000,126.460000,126.260000,126.380000,83897
2025-07-25 15:00,126.370000,126.390000,125.780000,125.910000,170678
2025-07-25 15:15,125.910000,126.140000,125.820000,125.860000,69286
2025-07-25 15:30,125.860000,126.090000,125.760000,126.080000,77382
2025-07-25 15:45,126.180000,126.180000,126.180000,126.180000,23016
2025-07-25 16:00,126.180000,126.350000,125.950000,125.950000,66377
2025-07-25 16:15,125.950000,126.040000,125.670000,126.040000,111224
2025-07-25 16:30,126.040000,126.120000,125.890000,125.950000,30862
2025-07-25 16:45,125.950000,126.050000,125.820000,126.040000,14141
2025-07-25 17:00,126.040000,126.310000,126.020000,126.290000,30781
2025-07-25 17:15,126.280000,126.440000,126.210000,126.290000,52598
2025-07-25 17:30,126.290000,126.480000,126.250000,126.470000,34699
2025-07-25 17:45,126.480000,126.610000,126.440000,126.520000,53512
2025-07-25 18:00,126.520000,126.530000,126.420000,126.530000,7910
2025-07-25 18:15,126.530000,126.640000,126.520000,126.570000,16299
2025-07-25 18:30,126.560000,126.630000,126.360000,126.520000,24133
2025-07-25 18:45,126.520000,126.640000,126.520000,126.560000,9959
2025-07-25 19:00,126.560000,126.560000,126.450000,126.500000,5144
2025-07-25 19:15,126.500000,126.550000,126.460000,126.540000,9749
2025-07-25 19:30,126.540000,126.620000,126.490000,126.500000,16965
2025-07-25 19:45,126.520000,126.610000,126.500000,126.580000,28430
2025-07-25 20:00,126.570000,126.620000,126.500000,126.620000,13970
2025-07-25 20:15,126.600000,126.600000,126.500000,126.510000,13485
2025-07-25 20:30,126.510000,126.560000,126.460000,126.460000,13337
2025-07-25 20:45,126.470000,126.560000,126.460000,126.500000,19201
2025-07-25 23:00,127.420000,127.420000,125.700000,126.540000,172
2025-07-25 23:15,126.540000,126.540000,126.290000,126.450000,76
2025-07-25 23:30,126.450000,126.550000,126.450000,126.530000,106
2025-07-25 23:45,126.530000,126.600000,126.210000,126.600000,182
2025-07-26 00:00,126.610000,126.700000,126.250000,126.690000,13
2025-07-26 00:15,126.690000,127.100000,126.690000,127.100000,53
2025-07-26 00:30,127.090000,127.090000,127.090000,127.090000,7
2025-07-26 00:45,126.440000,126.860000,126.260000,126.860000,42
2025-07-26 01:00,126.530000,127.090000,126.390000,126.970000,148
2025-07-26 01:15,126.980000,126.980000,126.930000,126.930000,4
2025-07-26 01:30,126.920000,126.920000,126.580000,126.710000,16
2025-07-26 01:45,126.720000,126.720000,126.500000,126.500000,78
2025-07-26 02:00,126.640000,126.640000,126.600000,126.600000,13
2025-07-26 02:15,126.700000,126.720000,126.600000,126.600000,34
2025-07-26 02:30,126.700000,126.700000,126.600000,126.700000,302
2025-07-26 02:45,126.700000,126.700000,126.600000,126.600000,35
2025-07-26 03:00,126.700000,126.700000,126.510000,126.520000,96
2025-07-26 03:15,126.690000,127.100000,126.540000,126.600000,997
2025-07-26 03:30,126.700000,126.980000,126.680000,126.890000,122
2025-07-26 03:45,126.720000,126.850000,126.710000,126.850000,143
2025-07-26 04:00,126.850000,126.850000,126.710000,126.760000,178
2025-07-26 04:15,126.760000,126.840000,126.500000,126.650000,1060
2025-07-26 04:30,126.520000,126.900000,125.700000,126.470000,10543
2025-07-26 04:45,126.460000,126.530000,126.200000,126.220000,835
2025-07-26 05:00,126.220000,126.470000,125.870000,126.420000,2958
2025-07-26 05:15,126.310000,126.460000,126.300000,126.460000,235
2025-07-26 05:30,126.460000,126.980000,126.310000,126.550000,7314
2025-07-26 05:45,126.940000,127.090000,126.620000,127.090000,4601
2025-07-26 06:00,127.090000,127.100000,126.500000,126.910000,2524
2025-07-26 06:15,127.090000,127.360000,126.670000,126.860000,6035
2025-07-26 06:30,126.860000,126.940000,126.680000,126.720000,1079
2025-07-26 06:45,126.630000,126.630000,126.630000,126.630000,5064
2025-07-26 07:00,126.630000,126.820000,126.610000,126.710000,38065
2025-07-26 07:15,126.710000,126.730000,126.650000,126.670000,20374
2025-07-26 07:30,126.670000,126.700000,126.650000,126.700000,7942
2025-07-26 07:30,126.670000,126.700000,126.650000,126.700000,7942
2025-07-26 07:45,126.700000,126.730000,126.620000,126.700000,8689
2025-07-26 08:00,126.670000,126.720000,126.630000,126.660000,4553
2025-07-26 08:15,126.680000,126.720000,126.680000,126.680000,2477
2025-07-26 08:30,126.710000,126.720000,126.680000,126.700000,1395
2025-07-26 08:45,126.700000,126.710000,126.600000,126.610000,8058
2025-07-26 09:00,126.610000,126.680000,126.590000,126.660000,2793
2025-07-26 09:15,126.660000,126.670000,126.590000,126.650000,1071
2025-07-26 09:30,126.660000,126.660000,126.610000,126.610000,720
2025-07-26 09:45,126.630000,126.690000,126.600000,126.610000,10670
2025-07-26 10:00,126.610000,126.690000,126.600000,126.670000,1464
2025-07-26 10:15,126.670000,126.680000,126.570000,126.580000,4419
2025-07-26 10:30,126.590000,126.620000,126.570000,126.620000,4071
2025-07-26 10:45,126.620000,126.640000,126.590000,126.640000,456
2025-07-26 11:00,126.610000,126.670000,126.590000,126.610000,4845
2025-07-26 11:15,126.610000,126.610000,126.560000,126.560000,8617
2025-07-26 11:30,126.560000,126.570000,126.470000,126.470000,6196
2025-07-26 11:45,126.490000,126.500000,126.420000,126.440000,1463
2025-07-26 12:00,126.430000,126.490000,126.420000,126.460000,2573
2025-07-26 12:15,126.460000,126.490000,126.450000,126.490000,1174
2025-07-26 12:30,126.480000,126.490000,126.400000,126.450000,3229
2025-07-26 12:45,126.450000,126.450000,126.200000,126.200000,8931
2025-07-26 13:00,126.230000,126.300000,126.200000,126.280000,7182
2025-07-26 13:15,126.260000,126.300000,126.240000,126.300000,697
2025-07-26 13:30,126.290000,126.290000,126.220000,126.270000,3973
2025-07-26 13:45,126.280000,126.290000,126.190000,126.220000,3305
2025-07-26 14:00,126.240000,126.280000,126.190000,126.240000,1138
2025-07-26 14:15,126.270000,126.280000,126.240000,126.270000,590
2025-07-26 14:30,126.280000,126.280000,126.250000,126.260000,1148
2025-07-26 14:45,126.270000,126.300000,126.240000,126.250000,3339
2025-07-26 15:00,126.250000,126.330000,126.240000,126.320000,4164
2025-07-26 15:15,126.310000,126.400000,126.310000,126.400000,808
2025-07-26 15:30,126.400000,126.470000,126.360000,126.430000,4305
2025-07-26 15:45,126.430000,126.460000,126.370000,126.440000,2962
2025-07-26 16:00,126.090000,126.900000,126.050000,126.310000,442
2025-07-26 16:15,126.130000,126.350000,126.130000,126.220000,225
2025-07-26 16:30,126.260000,126.370000,126.210000,126.360000,137
2025-07-26 16:45,126.360000,126.790000,126.100000,126.240000,1956
2025-07-26 17:00,126.170000,126.210000,126.100000,126.200000,750
2025-07-26 17:15,126.200000,126.250000,126.160000,126.250000,244
2025-07-26 17:30,126.250000,126.260000,126.100000,126.230000,412
2025-07-26 17:45,126.230000,126.250000,126.150000,126.220000,385
2025-07-26 18:00,126.220000,126.360000,126.200000,126.360000,794
2025-07-26 18:15,126.420000,126.420000,126.180000,126.350000,667
2025-07-26 18:30,126.200000,126.360000,126.200000,126.360000,558
2025-07-26 18:45,126.370000,126.400000,126.240000,126.260000,291
2025-07-26 19:00,126.290000,126.390000,126.240000,126.240000,509
2025-07-26 19:15,126.240000,126.360000,126.200000,126.350000,269
2025-07-26 19:30,126.350000,126.360000,126.200000,126.340000,155
2025-07-26 19:45,126.200000,126.320000,126.200000,126.320000,118
2025-07-26 20:00,126.320000,126.380000,126.210000,126.230000,131
2025-07-26 20:15,126.230000,126.400000,126.210000,126.400000,685
2025-07-26 20:30,126.220000,126.460000,126.220000,126.240000,407
2025-07-26 20:45,126.250000,126.470000,126.250000,126.460000,274
2025-07-26 23:00,126.270000,126.890000,125.840000,126.430000,110
2025-07-26 23:15,126.210000,126.440000,126.200000,126.200000,5
2025-07-26 23:30,126.200000,126.430000,126.120000,126.300000,126
2025-07-26 23:45,126.420000,126.420000,126.150000,126.290000,14
2025-07-27 00:00,126.180000,126.430000,126.160000,126.430000,4
2025-07-27 00:15,126.160000,126.350000,126.140000,126.340000,70
2025-07-27 00:30,126.140000,126.370000,126.130000,126.370000,21
2025-07-27 00:45,126.240000,126.320000,126.130000,126.320000,27
2025-07-27 01:00,126.130000,126.320000,126.130000,126.320000,2
2025-07-27 01:15,126.150000,126.150000,126.140000,126.150000,3
2025-07-27 01:30,126.140000,126.310000,126.140000,126.310000,3
2025-07-27 01:45,126.150000,126.420000,126.150000,126.200000,70
2025-07-27 02:00,126.410000,126.420000,126.150000,126.150000,201
2025-07-27 02:15,126.410000,126.410000,126.150000,126.410000,16
2025-07-27 02:30,126.150000,126.410000,126.150000,126.150000,20
2025-07-27 02:45,126.160000,126.410000,126.130000,126.400000,75
2025-07-27 03:00,126.400000,126.400000,126.140000,126.400000,5
2025-07-27 03:15,126.400000,126.410000,126.170000,126.170000,7
2025-07-27 03:30,126.200000,126.420000,126.200000,126.410000,108
2025-07-27 03:45,126.420000,126.420000,126.220000,126.410000,343
2025-07-27 04:00,126.400000,126.400000,126.170000,126.170000,62
2025-07-27 04:15,126.380000,126.380000,126.150000,126.200000,39
2025-07-27 04:30,126.360000,126.370000,126.200000,126.200000,43
2025-07-27 04:45,126.350000,126.450000,126.210000,126.450000,347
2025-07-27 05:00,126.450000,126.450000,126.190000,126.370000,144
2025-07-27 05:15,126.200000,126.400000,126.180000,126.400000,176
2025-07-27 05:30,126.400000,126.450000,126.390000,126.400000,84
2025-07-27 05:45,126.450000,126.450000,126.130000,126.140000,1426
2025-07-27 06:00,126.140000,126.430000,126.100000,126.200000,992
2025-07-27 06:15,126.370000,126.380000,126.200000,126.350000,98
2025-07-27 06:30,126.210000,126.350000,126.210000,126.210000,33
2025-07-27 06:45,126.250000,126.250000,126.250000,126.250000,297
2025-07-27 07:00,126.250000,126.420000,126.210000,126.350000,10370
2025-07-27 07:15,126.350000,126.350000,126.150000,126.160000,8195
2025-07-27 07:30,126.150000,126.250000,126.050000,126.250000,11393
2025-07-27 07:45,126.250000,126.290000,126.210000,126.260000,2910
2025-07-27 08:00,126.260000,126.330000,126.040000,126.260000,19065
2025-07-27 08:15,126.250000,126.250000,126.160000,126.190000,1955
2025-07-27 08:30,126.190000,126.200000,126.150000,126.160000,1223
2025-07-27 08:45,126.160000,126.240000,126.160000,126.200000,1574
2025-07-27 09:00,126.180000,126.200000,126.000000,126.030000,7814
2025-07-27 09:15,126.040000,126.090000,125.980000,125.990000,12997
2025-07-27 09:30,125.990000,126.000000,125.890000,126.000000,12653
2025-07-27 09:45,126.000000,126.060000,125.970000,126.050000,2288
2025-07-27 10:00,126.050000,126.060000,126.030000,126.030000,644
2025-07-27 10:15,126.030000,126.200000,126.000000,126.140000,7636
2025-07-27 10:30,126.160000,126.160000,126.120000,126.160000,443
2025-07-27 10:45,126.150000,126.180000,126.130000,126.180000,1394
2025-07-27 11:00,126.170000,126.170000,126.110000,126.120000,761
2025-07-27 11:15,126.120000,126.130000,126.080000,126.100000,1076
2025-07-27 11:30,126.080000,126.100000,126.050000,126.070000,594
2025-07-27 11:45,126.070000,126.070000,126.040000,126.040000,1389
2025-07-27 12:00,126.050000,126.060000,125.970000,125.990000,4995
2025-07-27 12:15,125.980000,126.070000,125.980000,126.070000,1942
2025-07-27 12:30,126.060000,126.070000,125.920000,125.920000,8738
2025-07-27 12:45,125.920000,125.940000,125.900000,125.930000,7875
2025-07-27 13:00,125.920000,125.940000,125.910000,125.920000,814
2025-07-27 13:15,125.940000,125.940000,125.910000,125.930000,3762
2025-07-27 13:30,125.930000,125.940000,125.910000,125.920000,4558
2025-07-27 13:45,125.930000,125.940000,125.930000,125.930000,2716
2025-07-27 14:00,125.930000,125.940000,125.920000,125.920000,988
2025-07-27 14:15,125.940000,125.940000,125.920000,125.920000,2023
2025-07-27 14:30,125.920000,125.920000,125.840000,125.870000,5536
2025-07-27 14:45,125.870000,125.910000,125.820000,125.840000,5863
2025-07-27 15:00,125.840000,125.850000,125.820000,125.830000,3830
2025-07-27 15:15,125.830000,125.850000,125.810000,125.840000,2671
2025-07-27 15:30,125.840000,125.840000,125.800000,125.820000,7584
2025-07-27 15:45,125.820000,125.870000,125.800000,125.870000,14424
2025-07-27 16:00,125.290000,125.990000,125.280000,125.800000,297
2025-07-27 16:15,125.820000,125.840000,125.750000,125.810000,810
2025-07-27 16:30,125.750000,125.830000,125.610000,125.670000,292
2025-07-27 16:45,125.700000,125.800000,125.610000,125.610000,620
2025-07-27 17:00,125.620000,125.800000,125.610000,125.790000,553
2025-07-27 17:15,125.790000,125.830000,125.660000,125.800000,827
2025-07-27 17:30,125.690000,125.790000,125.620000,125.770000,195
2025-07-27 17:45,125.770000,125.770000,125.620000,125.620000,903
2025-07-27 18:00,125.770000,125.790000,125.560000,125.560000,834
2025-07-27 18:15,125.580000,125.610000,125.560000,125.600000,491
2025-07-27 18:30,125.610000,125.750000,125.560000,125.740000,277
2025-07-27 18:45,125.700000,125.790000,125.610000,125.790000,354
2025-07-27 19:00,125.630000,125.760000,125.620000,125.620000,362
2025-07-27 19:15,125.670000,125.780000,125.600000,125.620000,1197
2025-07-27 19:30,125.620000,125.820000,125.560000,125.700000,2587
2025-07-27 19:45,125.560000,125.700000,125.560000,125.690000,185
2025-07-27 20:00,125.690000,125.770000,125.560000,125.750000,290
2025-07-27 20:15,125.750000,125.750000,125.560000,125.720000,573
2025-07-27 20:30,125.720000,125.730000,125.520000,125.600000,637
2025-07-27 20:45,125.600000,125.720000,125.520000,125.520000,79
2025-07-28 03:45,126.050000,126.050000,126.050000,126.050000,2018
2025-07-28 04:00,126.020000,126.030000,125.330000,125.720000,74606
2025-07-28 04:15,125.730000,125.730000,125.400000,125.720000,41169
2025-07-28 04:30,125.670000,125.730000,125.510000,125.650000,14764
2025-07-28 04:45,125.680000,125.680000,125.250000,125.360000,43650
2025-07-28 05:00,125.360000,125.620000,125.000000,125.190000,136001
2025-07-28 05:15,125.190000,125.330000,125.020000,125.190000,32214
2025-07-28 05:30,125.160000,125.340000,125.130000,125.240000,21243
2025-07-28 05:45,125.240000,125.550000,125.210000,125.530000,27368
2025-07-28 06:00,125.520000,125.730000,124.910000,125.130000,158655
2025-07-28 06:15,125.130000,125.190000,124.920000,125.150000,41680
2025-07-28 06:30,125.150000,125.150000,124.660000,124.880000,129062
2025-07-28 06:45,124.870000,124.940000,124.490000,124.880000,91599
2025-07-28 07:00,124.840000,125.400000,124.510000,124.540000,274507
2025-07-28 07:15,124.530000,124.630000,124.210000,124.430000,151193
2025-07-28 07:30,124.430000,124.520000,124.110000,124.260000,133049
2025-07-28 07:45,124.270000,124.670000,124.110000,124.630000,171046
2025-07-28 08:00,124.640000,124.880000,124.400000,124.700000,133590
2025-07-28 08:15,124.700000,124.910000,124.650000,124.830000,92391
2025-07-28 08:30,124.830000,124.960000,124.520000,124.930000,90072
2025-07-28 08:45,124.930000,125.190000,124.920000,125.070000,92317
2025-07-28 09:00,125.080000,125.100000,124.670000,124.750000,123193
2025-07-28 09:15,124.760000,125.400000,124.760000,125.220000,107211
2025-07-28 09:30,125.220000,125.380000,124.940000,125.180000,103455
2025-07-28 09:45,125.160000,125.220000,124.930000,124.940000,30590
2025-07-28 10:00,124.950000,125.410000,124.950000,125.350000,43316
2025-07-28 10:15,125.350000,125.440000,124.930000,124.990000,71923
2025-07-28 10:30,124.990000,125.180000,124.950000,125.010000,16415
2025-07-28 10:45,125.050000,125.080000,124.730000,124.880000,47458
2025-07-28 11:00,124.830000,124.960000,124.710000,124.750000,33751
2025-07-28 11:15,124.760000,125.000000,124.640000,124.650000,40828
2025-07-28 11:30,124.640000,124.840000,124.640000,124.790000,33483
2025-07-28 11:45,124.790000,124.980000,123.950000,124.100000,294771
2025-07-28 12:00,124.100000,124.100000,122.920000,123.140000,532592
2025-07-28 12:15,123.130000,123.500000,122.600000,122.830000,455822
2025-07-28 12:30,122.820000,123.280000,122.710000,123.160000,160645
2025-07-28 12:45,123.190000,123.430000,123.160000,123.410000,96807
2025-07-28 13:00,123.410000,123.690000,122.020000,122.390000,618480
2025-07-28 13:15,122.410000,123.160000,122.340000,123.080000,323794
2025-07-28 13:30,123.080000,123.220000,122.710000,123.010000,143172
2025-07-28 13:45,123.010000,123.200000,122.800000,123.110000,85697
2025-07-28 14:00,123.100000,123.260000,122.780000,122.820000,86881
2025-07-28 14:15,122.810000,122.820000,122.340000,122.600000,127678
2025-07-28 14:30,122.610000,123.110000,122.430000,123.070000,117538
2025-07-28 14:45,123.070000,123.420000,123.040000,123.070000,121363
2025-07-28 15:00,123.080000,123.110000,122.710000,122.970000,84943
2025-07-28 15:15,122.970000,123.080000,122.740000,122.780000,90398
2025-07-28 15:30,122.810000,122.910000,122.780000,122.780000,38062
2025-07-28 15:45,122.780000,122.780000,122.780000,122.780000,2098
2025-07-28 16:00,122.790000,123.210000,122.780000,123.040000,76801
2025-07-28 16:15,123.040000,123.200000,122.920000,123.130000,70329
2025-07-28 16:30,123.130000,123.150000,122.970000,123.010000,25314
2025-07-28 16:45,123.000000,123.080000,122.760000,122.800000,29525
2025-07-28 17:00,122.810000,122.930000,122.720000,122.850000,27379
2025-07-28 17:15,122.850000,122.990000,122.790000,122.900000,20167
2025-07-28 17:30,122.930000,122.940000,122.700000,122.710000,25427
2025-07-28 17:45,122.710000,122.880000,122.660000,122.750000,44929
2025-07-28 18:00,122.750000,122.750000,122.530000,122.670000,34866
2025-07-28 18:15,122.660000,122.750000,122.610000,122.730000,27368
2025-07-28 18:30,122.720000,122.890000,122.650000,122.880000,23150
2025-07-28 18:45,122.890000,122.890000,122.720000,122.770000,13112
2025-07-28 19:00,122.780000,122.800000,122.620000,122.620000,26007
2025-07-28 19:15,122.630000,122.750000,122.580000,122.680000,18859
2025-07-28 19:30,122.680000,122.720000,122.480000,122.540000,43766
2025-07-28 19:45,122.540000,122.690000,122.520000,122.660000,22349
2025-07-28 20:00,122.660000,122.680000,122.630000,122.650000,4477
2025-07-28 20:15,122.640000,122.650000,122.500000,122.570000,20967
2025-07-28 20:30,122.570000,122.720000,122.570000,122.700000,32609
2025-07-28 20:45,122.700000,122.880000,122.700000,122.860000,26668
2025-07-29 03:45,123.280000,123.280000,123.280000,123.280000,2428
2025-07-29 04:00,123.280000,123.300000,122.900000,122.940000,23390
2025-07-29 04:15,122.940000,123.400000,122.940000,123.320000,53917
2025-07-29 04:30,123.330000,123.490000,123.080000,123.150000,36016
2025-07-29 04:45,123.150000,123.380000,123.130000,123.270000,14483
2025-07-29 05:00,123.260000,123.310000,123.170000,123.300000,8826
2025-07-29 05:15,123.300000,123.320000,123.010000,123.080000,13135
2025-07-29 05:30,123.080000,123.200000,123.080000,123.200000,2651
2025-07-29 05:45,123.200000,123.230000,123.070000,123.170000,6303
2025-07-29 06:00,123.170000,123.170000,122.660000,122.750000,58062
2025-07-29 06:15,122.740000,122.900000,122.660000,122.750000,22369
2025-07-29 06:30,122.750000,123.020000,122.730000,122.810000,28590
2025-07-29 06:45,122.810000,123.180000,122.800000,123.110000,32810
2025-07-29 07:00,123.110000,123.380000,123.000000,123.220000,88835
2025-07-29 07:15,123.230000,123.270000,122.230000,122.300000,187621
2025-07-29 07:30,122.300000,122.880000,122.230000,122.760000,116530
2025-07-29 07:45,122.760000,122.910000,122.320000,122.900000,68515
2025-07-29 08:00,122.890000,123.000000,122.330000,122.780000,209808
2025-07-29 08:15,122.790000,123.160000,122.780000,122.950000,160410
2025-07-29 08:30,122.950000,123.100000,122.700000,122.870000,51413
2025-07-29 08:45,122.880000,123.010000,122.680000,122.810000,61995
2025-07-29 09:00,122.820000,122.890000,122.410000,122.620000,74449
2025-07-29 09:15,122.640000,122.660000,122.350000,122.530000,55193
2025-07-29 09:30,122.530000,122.680000,122.460000,122.500000,42262
2025-07-29 09:45,122.520000,122.750000,122.500000,122.750000,34720
2025-07-29 10:00,122.750000,122.820000,122.580000,122.650000,38575
2025-07-29 10:15,122.620000,122.700000,122.460000,122.660000,50148
2025-07-29 10:30,122.650000,123.000000,122.540000,122.880000,87617
2025-07-29 10:45,122.860000,123.080000,122.810000,122.890000,53874
2025-07-29 11:00,122.900000,123.300000,122.830000,123.170000,76799
2025-07-29 11:15,123.170000,123.670000,123.170000,123.610000,174552
2025-07-29 11:30,123.610000,123.610000,123.130000,123.370000,113138
2025-07-29 11:45,123.370000,123.520000,123.280000,123.520000,42804
2025-07-29 12:00,123.520000,123.700000,123.500000,123.700000,52189
2025-07-29 12:15,123.700000,123.860000,123.700000,123.720000,110185
2025-07-29 12:30,123.730000,123.760000,123.430000,123.550000,76912
2025-07-29 12:45,123.550000,123.740000,123.460000,123.720000,40216
2025-07-29 13:00,123.710000,123.720000,123.310000,123.330000,45559
2025-07-29 13:15,123.350000,123.400000,123.120000,123.390000,62870
2025-07-29 13:30,123.390000,123.390000,123.000000,123.140000,52290
2025-07-29 13:45,123.130000,123.360000,123.000000,123.220000,59830
2025-07-29 14:00,123.190000,123.420000,123.140000,123.350000,28190
2025-07-29 14:15,123.330000,123.430000,123.240000,123.270000,26848
2025-07-29 14:30,123.290000,123.470000,123.290000,123.410000,27783
2025-07-29 14:45,123.410000,123.750000,123.390000,123.740000,61199
2025-07-29 15:00,123.740000,123.910000,123.710000,123.710000,91224
2025-07-29 15:15,123.700000,123.700000,123.400000,123.410000,41091
2025-07-29 15:30,123.400000,123.580000,123.330000,123.580000,39149
2025-07-29 15:45,123.530000,123.530000,123.530000,123.530000,674
2025-07-29 16:00,123.640000,123.760000,123.530000,123.570000,17925
2025-07-29 16:15,123.550000,123.650000,123.460000,123.610000,19664
2025-07-29 16:30,123.610000,123.650000,123.460000,123.500000,13337
2025-07-29 16:45,123.510000,123.580000,123.450000,123.500000,7640
2025-07-29 17:00,123.490000,123.540000,123.440000,123.540000,7114
2025-07-29 17:15,123.540000,123.630000,123.530000,123.570000,8126
2025-07-29 17:30,123.570000,123.580000,122.500000,122.530000,313836
2025-07-29 17:45,122.530000,122.600000,122.050000,122.220000,236448
2025-07-29 18:00,122.230000,122.420000,122.150000,122.360000,66107
2025-07-29 18:15,122.380000,122.470000,122.290000,122.440000,30152
2025-07-29 18:30,122.420000,122.480000,122.310000,122.340000,25129
2025-07-29 18:45,122.360000,122.480000,122.300000,122.450000,24647
2025-07-29 19:00,122.450000,122.600000,122.450000,122.540000,47491
2025-07-29 19:15,122.540000,122.670000,122.510000,122.660000,20983
2025-07-29 19:30,122.660000,122.700000,122.570000,122.600000,21972
2025-07-29 19:45,122.580000,122.650000,122.450000,122.610000,53641
2025-07-29 20:00,122.610000,122.690000,122.580000,122.670000,11561
2025-07-29 20:15,122.670000,123.000000,122.650000,122.800000,56591
2025-07-29 20:30,122.770000,122.810000,122.640000,122.730000,21490
2025-07-29 20:45,122.740000,122.760000,122.660000,122.690000,8395
2025-07-30 03:45,122.700000,122.700000,122.700000,122.700000,819
2025-07-30 04:00,122.700000,122.890000,122.260000,122.450000,50425
2025-07-30 04:15,122.440000,122.460000,122.160000,122.170000,38263
2025-07-30 04:30,122.160000,122.400000,122.100000,122.400000,37119
2025-07-30 04:45,122.400000,122.500000,122.280000,122.440000,16533
2025-07-30 05:00,122.430000,122.680000,122.290000,122.570000,20226
2025-07-30 05:15,122.580000,122.610000,122.450000,122.570000,8261
2025-07-30 05:30,122.570000,122.890000,122.460000,122.470000,37621
2025-07-30 05:45,122.460000,122.500000,122.430000,122.430000,11161
2025-07-30 06:00,122.440000,122.640000,122.380000,122.500000,44790
2025-07-30 06:15,122.460000,122.500000,122.410000,122.440000,5097
2025-07-30 06:30,122.450000,122.700000,122.450000,122.550000,19946
2025-07-30 06:45,122.550000,122.720000,122.510000,122.520000,19772
2025-07-30 07:00,122.530000,122.530000,121.650000,122.220000,276748
2025-07-30 07:15,122.220000,122.250000,122.100000,122.120000,46541
2025-07-30 07:30,122.120000,122.200000,121.840000,122.190000,80384
2025-07-30 07:45,122.190000,122.550000,122.160000,122.310000,69153
2025-07-30 08:00,122.310000,122.500000,122.190000,122.490000,34056
2025-07-30 08:15,122.490000,122.710000,122.320000,122.470000,38016
2025-07-30 08:30,122.450000,122.500000,122.220000,122.230000,31973
2025-07-30 08:45,122.220000,122.400000,122.130000,122.380000,21539
2025-07-30 09:00,122.370000,122.480000,122.190000,122.480000,51348
2025-07-30 09:15,122.450000,122.470000,122.150000,122.280000,40694
2025-07-30 09:30,122.310000,122.450000,122.280000,122.340000,31178
2025-07-30 09:45,122.350000,122.360000,121.960000,121.990000,69202
2025-07-30 10:00,121.970000,122.170000,121.960000,122.090000,21009
2025-07-30 10:15,122.100000,122.280000,122.020000,122.040000,25361
2025-07-30 10:30,122.020000,122.110000,121.850000,122.030000,48697
2025-07-30 10:45,122.060000,122.340000,122.020000,122.190000,62656
2025-07-30 11:00,122.210000,122.240000,122.190000,122.200000,13759
2025-07-30 11:15,122.200000,122.200000,121.920000,122.090000,37407
2025-07-30 11:30,122.090000,122.190000,122.040000,122.140000,24330
2025-07-30 11:45,122.150000,122.280000,122.090000,122.100000,28806
2025-07-30 12:00,122.120000,122.310000,122.100000,122.270000,31085
2025-07-30 12:15,122.250000,122.270000,121.500000,121.730000,218753
2025-07-30 12:30,121.740000,121.830000,121.520000,121.520000,91790
2025-07-30 12:45,121.520000,121.670000,121.230000,121.380000,178156
2025-07-30 13:00,121.380000,121.640000,121.130000,121.570000,104003
2025-07-30 13:15,121.570000,121.640000,121.400000,121.450000,44870
2025-07-30 13:30,121.470000,121.580000,121.000000,121.130000,168203
2025-07-30 13:45,121.130000,121.350000,121.130000,121.300000,65168
2025-07-30 14:00,121.330000,121.630000,121.280000,121.580000,50299
2025-07-30 14:15,121.590000,121.600000,121.210000,121.410000,44878
2025-07-30 14:30,121.400000,121.590000,121.390000,121.470000,18325
2025-07-30 14:45,121.480000,121.570000,121.340000,121.480000,18075
2025-07-30 15:00,121.480000,121.510000,121.310000,121.340000,13401
2025-07-30 15:15,121.330000,121.440000,121.270000,121.300000,15488
2025-07-30 15:30,121.300000,121.370000,121.230000,121.320000,24607
2025-07-30 15:45,121.310000,121.310000,121.310000,121.310000,2123
2025-07-30 16:00,121.320000,121.330000,121.200000,121.330000,32170
2025-07-30 16:15,121.320000,121.440000,121.270000,121.320000,17685
2025-07-30 16:30,121.320000,121.440000,121.320000,121.380000,10771
2025-07-30 16:45,121.380000,121.390000,121.100000,121.100000,29403
2025-07-30 17:00,121.150000,121.250000,121.090000,121.160000,23978
2025-07-30 17:15,121.170000,121.180000,121.070000,121.130000,33705
2025-07-30 17:30,121.140000,121.300000,121.120000,121.300000,11512
2025-07-30 17:45,121.300000,121.300000,121.190000,121.240000,15589
2025-07-30 18:00,121.260000,121.360000,121.240000,121.310000,13624
2025-07-30 18:15,121.320000,121.360000,121.210000,121.300000,21532
2025-07-30 18:30,121.300000,121.380000,121.300000,121.320000,14982
2025-07-30 18:45,121.350000,121.370000,121.200000,121.240000,6262
2025-07-30 19:00,121.240000,121.300000,121.190000,121.240000,7972
2025-07-30 19:15,121.240000,121.300000,121.230000,121.270000,3578
2025-07-30 19:30,121.270000,121.380000,121.240000,121.350000,9280
2025-07-30 19:45,121.380000,121.380000,121.350000,121.360000,4544
2025-07-30 20:00,121.350000,121.350000,121.260000,121.280000,6427
2025-07-30 20:15,121.280000,121.360000,121.250000,121.360000,16552
2025-07-30 20:30,121.360000,121.470000,121.300000,121.390000,30930
2025-07-30 20:45,121.380000,121.450000,121.340000,121.340000,14886
2025-07-31 03:45,121.480000,121.480000,121.480000,121.480000,226
2025-07-31 04:00,121.350000,121.590000,121.290000,121.480000,16435
2025-07-31 04:15,121.480000,121.590000,121.390000,121.400000,6969
2025-07-31 04:30,121.420000,121.860000,121.400000,121.850000,41055
2025-07-31 04:45,121.850000,121.940000,121.500000,121.500000,42279
2025-07-31 05:00,121.500000,121.750000,121.350000,121.700000,37545
2025-07-31 05:15,121.710000,121.760000,121.540000,121.750000,11937
2025-07-31 05:30,121.760000,121.860000,121.730000,121.780000,18510
2025-07-31 05:45,121.780000,121.850000,121.650000,121.650000,15781
2025-07-31 06:00,121.690000,121.940000,121.650000,121.940000,36551
2025-07-31 06:15,121.940000,122.260000,121.930000,122.210000,85393
2025-07-31 06:30,122.200000,122.200000,122.050000,122.070000,39175
2025-07-31 06:45,122.080000,122.170000,122.000000,122.020000,20922
2025-07-31 07:00,122.010000,122.420000,122.000000,122.080000,123614
2025-07-31 07:15,122.080000,122.080000,121.610000,121.820000,85179
2025-07-31 07:30,121.820000,121.900000,121.610000,121.640000,49898
2025-07-31 07:45,121.650000,121.650000,121.280000,121.450000,105699
2025-07-31 08:00,121.490000,121.680000,121.430000,121.430000,36017
2025-07-31 08:15,121.460000,121.470000,121.150000,121.260000,71237
2025-07-31 08:30,121.250000,121.440000,121.200000,121.270000,48778
2025-07-31 08:45,121.270000,121.330000,120.700000,121.070000,151529
2025-07-31 09:00,121.070000,121.570000,121.010000,121.550000,66578
2025-07-31 09:15,121.540000,121.600000,121.470000,121.580000,32487
2025-07-31 09:30,121.580000,121.890000,121.550000,121.850000,69098
2025-07-31 09:45,121.850000,122.000000,121.770000,121.780000,62027
2025-07-31 10:00,121.780000,122.000000,121.780000,121.890000,60182
2025-07-31 10:15,121.890000,121.920000,121.700000,121.900000,22834
2025-07-31 10:30,121.900000,121.980000,121.800000,121.980000,37779
2025-07-31 10:45,121.980000,122.180000,121.880000,121.880000,102250
2025-07-31 11:00,121.900000,122.110000,121.900000,122.030000,15573
2025-07-31 11:15,122.060000,122.100000,121.770000,121.800000,37473
2025-07-31 11:30,121.800000,121.880000,121.650000,121.670000,42856
2025-07-31 11:45,121.670000,121.700000,121.430000,121.500000,83182
2025-07-31 12:00,121.500000,121.500000,121.310000,121.390000,55422
2025-07-31 12:15,121.390000,121.530000,121.330000,121.470000,54992
2025-07-31 12:30,121.460000,121.600000,121.440000,121.460000,57383
2025-07-31 12:45,121.470000,121.600000,121.310000,121.410000,35723
2025-07-31 13:00,121.400000,121.580000,121.350000,121.460000,21382
2025-07-31 13:15,121.460000,121.540000,121.410000,121.500000,11312
2025-07-31 13:30,121.500000,122.190000,121.490000,122.040000,170398
2025-07-31 13:45,122.010000,122.080000,121.860000,122.010000,26737
2025-07-31 14:00,122.010000,122.080000,121.850000,121.860000,26772
2025-07-31 14:15,121.860000,122.060000,121.790000,121.920000,25220
2025-07-31 14:30,121.920000,122.080000,121.910000,121.980000,31675
2025-07-31 14:45,121.980000,122.080000,121.930000,122.060000,22702
2025-07-31 15:00,122.060000,122.150000,121.870000,122.150000,45595
2025-07-31 15:15,122.140000,122.400000,122.120000,122.260000,77371
2025-07-31 15:30,122.250000,122.300000,122.140000,122.150000,20253
2025-07-31 15:45,122.120000,122.120000,122.120000,122.120000,4155
2025-07-31 16:00,122.120000,122.840000,122.100000,122.260000,139849
2025-07-31 16:15,122.260000,122.510000,122.240000,122.450000,45201
2025-07-31 16:30,122.450000,122.480000,122.250000,122.260000,11380
2025-07-31 16:45,122.250000,122.400000,122.250000,122.380000,8832
2025-07-31 17:00,122.380000,122.490000,122.380000,122.480000,14441
2025-07-31 17:15,122.500000,122.510000,122.390000,122.510000,20986
2025-07-31 17:30,122.470000,122.710000,122.470000,122.630000,33224
2025-07-31 17:45,122.650000,122.750000,122.500000,122.540000,29827
2025-07-31 18:00,122.550000,122.610000,122.420000,122.420000,19409
2025-07-31 18:15,122.420000,122.570000,122.400000,122.420000,15119
2025-07-31 18:30,122.410000,122.410000,122.180000,122.250000,27760
2025-07-31 18:45,122.240000,122.300000,122.200000,122.300000,4591
2025-07-31 19:00,122.300000,122.430000,122.280000,122.280000,12385
2025-07-31 19:15,122.310000,122.320000,122.260000,122.310000,3910
2025-07-31 19:30,122.320000,122.320000,122.280000,122.320000,1572
2025-07-31 19:45,122.320000,122.390000,122.310000,122.340000,10109
2025-07-31 20:00,122.340000,122.610000,122.340000,122.610000,28927
2025-07-31 20:15,122.580000,122.610000,122.470000,122.610000,7029
2025-07-31 20:30,122.570000,122.750000,122.490000,122.720000,25429
2025-07-31 20:45,122.710000,122.760000,122.570000,122.570000,9741
2025-08-01 03:45,123.010000,123.010000,123.010000,123.010000,10713
2025-08-01 04:00,123.000000,123.680000,123.000000,123.570000,169696
2025-08-01 04:15,123.530000,123.800000,123.350000,123.630000,70552
2025-08-01 04:30,123.640000,124.290000,123.580000,123.860000,137394
2025-08-01 04:45,123.860000,124.390000,123.850000,124.220000,131816
2025-08-01 05:00,124.210000,124.330000,124.050000,124.050000,82966
2025-08-01 05:15,124.070000,124.200000,123.970000,124.070000,37258
2025-08-01 05:30,124.060000,124.840000,124.060000,124.320000,143181
2025-08-01 05:45,124.330000,124.400000,124.090000,124.100000,78464
2025-08-01 06:00,124.090000,124.380000,124.000000,124.230000,90846
2025-08-01 06:15,124.220000,124.230000,124.040000,124.080000,67208
2025-08-01 06:30,124.080000,124.120000,123.850000,123.860000,82978
2025-08-01 06:45,123.860000,124.150000,123.710000,124.030000,109468
2025-08-01 07:00,124.020000,124.260000,123.630000,123.630000,127226
2025-08-01 07:15,123.640000,123.780000,123.410000,123.550000,150469
2025-08-01 07:30,123.550000,123.670000,123.490000,123.600000,48563
2025-08-01 07:45,123.590000,123.760000,123.560000,123.660000,49204
2025-08-01 08:00,123.660000,123.720000,123.470000,123.520000,36122
2025-08-01 08:15,123.570000,123.580000,123.400000,123.440000,27840
2025-08-01 08:30,123.430000,123.450000,123.320000,123.350000,71774
2025-08-01 08:45,123.350000,123.680000,123.330000,123.630000,43596
2025-08-01 09:00,123.640000,123.640000,123.470000,123.500000,15661
2025-08-01 09:15,123.500000,123.570000,123.150000,123.340000,82540
2025-08-01 09:30,123.320000,123.420000,123.210000,123.220000,23268
2025-08-01 09:45,123.210000,123.310000,123.010000,123.300000,46817
2025-08-01 10:00,123.300000,123.360000,123.050000,123.100000,37666
2025-08-01 10:15,123.090000,123.330000,123.020000,123.310000,55115
2025-08-01 10:30,123.320000,123.480000,123.280000,123.370000,69442
2025-08-01 10:45,123.360000,123.400000,123.180000,123.290000,22035
2025-08-01 11:00,123.270000,123.290000,122.880000,123.050000,58729
2025-08-01 11:15,123.040000,123.110000,122.730000,123.000000,122221
2025-08-01 11:30,123.000000,123.000000,122.600000,122.810000,130902
2025-08-01 11:45,122.820000,122.870000,121.900000,122.230000,277183
2025-08-01 12:00,122.220000,122.410000,122.080000,122.380000,109881
2025-08-01 12:15,122.390000,122.570000,122.340000,122.360000,53270
2025-08-01 12:30,122.360000,122.490000,122.270000,122.370000,38030
2025-08-01 12:45,122.370000,122.430000,121.900000,121.930000,88712
2025-08-01 13:00,121.930000,122.380000,121.890000,122.340000,61674
2025-08-01 13:15,122.330000,122.450000,122.230000,122.410000,30223
2025-08-01 13:30,122.400000,122.450000,122.350000,122.450000,29540
2025-08-01 13:45,122.450000,122.450000,122.100000,122.260000,32581
2025-08-01 14:00,122.260000,122.290000,122.000000,122.040000,30421
2025-08-01 14:15,122.030000,122.260000,122.010000,122.250000,14358
2025-08-01 14:30,122.250000,122.350000,122.200000,122.330000,27599
2025-08-01 14:45,122.330000,122.400000,122.300000,122.390000,42362
2025-08-01 15:00,122.380000,122.380000,122.070000,122.090000,35234
2025-08-01 15:15,122.070000,122.150000,122.030000,122.130000,21428
2025-08-01 15:30,122.130000,122.130000,122.040000,122.040000,26068
2025-08-01 15:45,122.030000,122.030000,122.030000,122.030000,1763
2025-08-01 16:00,122.040000,122.290000,122.000000,122.290000,21786
2025-08-01 16:15,122.290000,122.300000,122.140000,122.250000,12762
2025-08-01 16:30,122.240000,122.340000,122.170000,122.240000,14459
2025-08-01 16:45,122.260000,122.410000,121.100000,121.330000,328405
2025-08-01 17:00,121.330000,121.340000,120.120000,121.330000,592258
2025-08-01 17:15,121.320000,121.420000,121.110000,121.180000,75669
2025-08-01 17:30,121.190000,121.570000,121.140000,121.520000,100389
2025-08-01 17:45,121.510000,121.790000,121.340000,121.780000,94562
2025-08-01 18:00,121.770000,121.810000,121.550000,121.670000,22275
2025-08-01 18:15,121.670000,121.880000,121.660000,121.860000,19131
2025-08-01 18:30,121.860000,122.020000,121.710000,121.920000,34954
2025-08-01 18:45,121.930000,121.960000,121.780000,121.930000,13279
2025-08-01 19:00,121.950000,121.950000,121.380000,121.640000,40100
2025-08-01 19:15,121.640000,121.700000,121.500000,121.660000,19471
2025-08-01 19:30,121.630000,121.710000,121.620000,121.660000,8161
2025-08-01 19:45,121.660000,121.870000,121.650000,121.730000,21218
2025-08-01 20:00,121.790000,121.850000,121.680000,121.800000,18799
2025-08-01 20:15,121.800000,122.000000,121.700000,121.720000,37448
2025-08-01 20:30,121.720000,121.860000,121.550000,121.570000,38027
2025-08-01 20:45,121.560000,121.650000,121.470000,121.630000,25524
2025-08-01 23:00,121.500000,121.570000,121.020000,121.280000,4132
2025-08-01 23:15,121.580000,121.730000,121.550000,121.650000,48
2025-08-01 23:30,121.660000,121.660000,121.320000,121.640000,59
2025-08-01 23:45,121.640000,121.680000,121.420000,121.680000,162
2025-08-02 00:00,121.680000,121.680000,121.460000,121.460000,8
2025-08-02 00:15,121.670000,121.680000,121.210000,121.600000,247
2025-08-02 00:30,121.580000,121.600000,121.330000,121.590000,74
2025-08-02 00:45,121.600000,121.600000,121.600000,121.600000,1
2025-08-02 01:00,121.600000,121.600000,121.330000,121.400000,123
2025-08-02 01:15,121.600000,121.600000,121.600000,121.600000,49
2025-08-02 01:30,121.600000,121.600000,121.500000,121.500000,198
2025-08-02 01:45,121.590000,121.590000,121.340000,121.500000,122
2025-08-02 02:00,121.340000,121.340000,121.340000,121.340000,11
2025-08-02 02:15,121.340000,121.600000,121.340000,121.540000,124
2025-08-02 02:30,121.600000,121.600000,121.530000,121.600000,740
2025-08-02 02:45,121.600000,121.600000,121.370000,121.400000,252
2025-08-02 03:00,121.400000,121.600000,121.400000,121.600000,67
2025-08-02 03:15,121.600000,121.620000,121.600000,121.620000,249
2025-08-02 03:30,121.620000,121.620000,121.600000,121.600000,157
2025-08-02 03:45,121.600000,121.620000,121.400000,121.470000,469
2025-08-02 04:00,121.470000,121.650000,121.250000,121.650000,1967
2025-08-02 04:15,121.650000,121.650000,121.260000,121.480000,1088
2025-08-02 04:30,121.480000,121.540000,121.400000,121.400000,161
2025-08-02 04:45,121.430000,121.530000,121.420000,121.530000,165
2025-08-02 05:00,121.530000,121.600000,121.420000,121.600000,299
2025-08-02 05:15,121.590000,121.650000,121.590000,121.650000,485
2025-08-02 05:30,121.650000,121.680000,121.600000,121.600000,719
2025-08-02 05:45,121.680000,121.690000,121.590000,121.650000,462
2025-08-02 06:00,121.600000,121.650000,121.590000,121.590000,732
2025-08-02 06:15,121.590000,121.640000,121.590000,121.590000,128
2025-08-02 06:30,121.590000,121.650000,121.590000,121.650000,133
2025-08-02 06:45,121.590000,121.690000,121.590000,121.690000,1217
2025-08-02 07:00,121.690000,121.700000,121.400000,121.650000,946
2025-08-02 07:15,121.650000,121.660000,121.400000,121.610000,864
2025-08-02 07:30,121.500000,121.640000,121.500000,121.640000,452
2025-08-02 07:30,121.500000,121.640000,121.500000,121.640000,452
2025-08-02 07:45,121.510000,121.640000,121.500000,121.600000,253
2025-08-02 08:00,121.520000,121.650000,121.520000,121.530000,843
2025-08-02 08:15,121.550000,121.650000,121.400000,121.400000,831
2025-08-02 08:30,121.560000,121.650000,121.420000,121.630000,529
2025-08-02 08:45,121.610000,121.630000,121.500000,121.610000,167
2025-08-02 09:00,121.520000,121.610000,121.500000,121.600000,139
2025-08-02 09:15,121.510000,121.730000,121.410000,121.720000,1977
2025-08-02 09:30,121.480000,121.700000,121.410000,121.500000,744
2025-08-02 09:45,121.600000,121.600000,121.450000,121.560000,397
2025-08-02 10:00,121.560000,121.600000,121.450000,121.590000,188
2025-08-02 10:15,121.470000,121.600000,121.450000,121.600000,183
2025-08-02 10:30,121.600000,121.730000,121.460000,121.730000,1651
2025-08-02 10:45,121.720000,121.730000,121.490000,121.700000,156
2025-08-02 11:00,121.620000,121.710000,121.610000,121.700000,490
2025-08-02 11:15,121.610000,121.700000,121.460000,121.470000,751
2025-08-02 11:30,121.690000,121.690000,121.420000,121.420000,1154
2025-08-02 11:45,121.610000,121.610000,121.420000,121.600000,567
2025-08-02 12:00,121.430000,121.600000,121.410000,121.490000,2005
2025-08-02 12:15,121.490000,121.550000,121.410000,121.420000,128
2025-08-02 12:30,121.540000,121.660000,121.410000,121.450000,936
2025-08-02 12:45,121.450000,121.600000,121.420000,121.430000,823
2025-08-02 13:00,121.430000,121.850000,121.430000,121.510000,6671
2025-08-02 13:15,121.670000,121.850000,121.520000,121.710000,588
2025-08-02 13:30,121.540000,121.670000,121.500000,121.660000,466
2025-08-02 13:45,121.540000,121.650000,121.510000,121.630000,197
2025-08-02 14:00,121.520000,121.640000,121.400000,121.450000,2940
2025-08-02 14:15,121.590000,121.590000,121.450000,121.540000,59
2025-08-02 14:30,121.540000,121.580000,121.450000,121.460000,132
2025-08-02 14:45,121.570000,121.620000,121.470000,121.480000,568
2025-08-02 15:00,121.600000,121.640000,121.500000,121.630000,299
2025-08-02 15:15,121.600000,121.860000,121.560000,121.860000,3487
2025-08-02 15:30,121.820000,122.290000,121.660000,122.290000,6845
2025-08-02 15:45,122.010000,122.950000,122.000000,122.300000,8090
2025-08-02 16:00,122.300000,122.470000,122.280000,122.330000,2128
2025-08-02 16:15,122.300000,122.530000,121.720000,122.370000,3223
2025-08-02 16:30,122.360000,122.370000,121.900000,122.040000,3021
2025-08-02 16:45,122.050000,122.300000,121.790000,122.020000,1611
2025-08-02 17:00,122.010000,122.220000,121.900000,122.210000,498
2025-08-02 17:15,122.010000,122.210000,121.930000,122.090000,348
2025-08-02 17:30,122.050000,122.350000,122.000000,122.050000,3061
2025-08-02 17:45,122.340000,122.700000,122.010000,122.400000,4578
2025-08-02 18:00,122.120000,122.520000,122.120000,122.310000,1241
2025-08-02 18:15,122.250000,122.310000,122.000000,122.260000,2564
2025-08-02 18:30,122.260000,122.350000,122.260000,122.350000,157
2025-08-02 18:45,122.320000,122.450000,122.060000,122.320000,1156
2025-08-02 19:00,122.070000,122.350000,122.060000,122.240000,329
2025-08-02 19:15,122.240000,122.240000,122.230000,122.240000,194
2025-08-02 19:30,122.230000,122.430000,122.000000,122.140000,1614
2025-08-02 19:45,122.400000,122.490000,122.210000,122.460000,1501
2025-08-02 20:00,122.280000,122.470000,122.280000,122.450000,996
2025-08-02 20:15,122.340000,122.520000,122.330000,122.520000,4327
2025-08-02 20:30,122.520000,122.700000,122.410000,122.620000,2270
2025-08-02 20:45,122.620000,122.620000,122.500000,122.620000,490
2025-08-02 23:00,122.610000,122.850000,122.210000,122.310000,72
2025-08-02 23:15,122.340000,122.590000,122.330000,122.590000,22
2025-08-02 23:30,122.580000,122.700000,122.370000,122.440000,14
2025-08-02 23:45,122.450000,122.710000,122.350000,122.360000,35
2025-08-03 00:00,122.360000,122.540000,122.350000,122.350000,28
2025-08-03 00:15,122.350000,122.560000,122.350000,122.560000,19
2025-08-03 00:30,122.560000,122.560000,122.400000,122.560000,5
2025-08-03 00:45,122.560000,122.630000,122.560000,122.620000,100
2025-08-03 01:00,122.620000,122.620000,122.620000,122.620000,1
2025-08-03 01:15,122.600000,122.600000,122.400000,122.400000,144
2025-08-03 01:30,122.620000,122.620000,122.400000,122.410000,8
2025-08-03 01:45,122.410000,122.620000,122.400000,122.410000,27
2025-08-03 02:00,122.400000,122.400000,122.400000,122.400000,2
2025-08-03 02:15,122.400000,122.410000,122.400000,122.410000,84
2025-08-03 02:30,122.410000,122.790000,122.400000,122.530000,1783
2025-08-03 02:45,122.530000,122.760000,122.400000,122.650000,573
2025-08-03 03:00,122.410000,122.750000,122.410000,122.430000,19
2025-08-03 03:15,122.450000,122.710000,122.440000,122.440000,106
2025-08-03 03:30,122.450000,122.450000,122.410000,122.450000,28
2025-08-03 03:45,122.450000,122.690000,122.450000,122.690000,80
2025-08-03 04:00,122.670000,122.670000,122.410000,122.600000,94
2025-08-03 04:15,122.590000,122.680000,122.470000,122.680000,136
2025-08-03 04:30,122.670000,122.670000,122.480000,122.660000,530
2025-08-03 04:45,122.600000,122.700000,122.480000,122.510000,331
2025-08-03 05:00,122.520000,122.640000,122.520000,122.530000,62
2025-08-03 05:15,122.640000,122.670000,122.480000,122.540000,477
2025-08-03 05:30,122.480000,122.750000,122.460000,122.570000,1001
2025-08-03 05:45,122.690000,122.780000,122.560000,122.780000,1345
2025-08-03 06:00,122.610000,122.900000,122.610000,122.660000,1835
2025-08-03 06:15,122.670000,122.750000,122.500000,122.670000,3065
2025-08-03 06:30,122.660000,122.740000,122.540000,122.690000,826
2025-08-03 06:45,122.570000,122.730000,122.530000,122.530000,878
2025-08-03 07:00,122.540000,122.670000,122.510000,122.620000,923
2025-08-03 07:15,122.650000,122.680000,122.500000,122.680000,908
2025-08-03 07:30,122.670000,122.700000,122.550000,122.550000,1083
2025-08-03 07:45,122.590000,122.650000,122.520000,122.540000,421
2025-08-03 08:00,122.540000,122.640000,122.400000,122.620000,966
2025-08-03 08:15,122.610000,122.610000,122.400000,122.400000,1479
2025-08-03 08:30,122.410000,122.570000,122.410000,122.460000,206
2025-08-03 08:45,122.560000,122.620000,122.450000,122.590000,998
2025-08-03 09:00,122.460000,122.580000,122.440000,122.440000,1064
2025-08-03 09:15,122.450000,122.560000,122.410000,122.560000,282
2025-08-03 09:30,122.560000,122.600000,122.420000,122.580000,1318
2025-08-03 09:45,122.580000,122.580000,122.420000,122.420000,361
2025-08-03 10:00,122.420000,122.600000,122.420000,122.420000,633
2025-08-03 10:15,122.420000,122.510000,122.420000,122.500000,67
2025-08-03 10:30,122.500000,122.590000,122.440000,122.440000,124
2025-08-03 10:45,122.570000,122.600000,122.450000,122.470000,590
2025-08-03 11:00,122.470000,122.580000,122.450000,122.580000,255
2025-08-03 11:15,122.460000,122.590000,122.450000,122.450000,371
2025-08-03 11:30,122.460000,122.580000,122.450000,122.580000,325
2025-08-03 11:45,122.580000,122.580000,122.420000,122.430000,1115
2025-08-03 12:00,122.560000,122.560000,122.440000,122.440000,788
2025-08-03 12:15,122.560000,122.580000,122.450000,122.470000,300
2025-08-03 12:30,122.570000,122.580000,122.450000,122.450000,410
2025-08-03 12:45,122.560000,122.560000,122.450000,122.560000,21
2025-08-03 13:00,122.560000,122.570000,122.450000,122.450000,283
2025-08-03 13:15,122.560000,122.560000,122.440000,122.440000,774
2025-08-03 13:30,122.540000,122.550000,122.440000,122.450000,382
2025-08-03 13:45,122.540000,122.590000,122.450000,122.590000,428
2025-08-03 14:00,122.580000,122.580000,122.440000,122.530000,622
2025-08-03 14:15,122.440000,122.520000,122.440000,122.440000,126
2025-08-03 14:30,122.440000,122.540000,122.440000,122.510000,239
2025-08-03 14:45,122.510000,122.540000,122.440000,122.440000,879
2025-08-03 15:00,122.440000,122.500000,122.440000,122.440000,361
2025-08-03 15:15,122.440000,122.520000,122.440000,122.450000,802
2025-08-03 15:30,122.500000,122.510000,122.400000,122.500000,1964
2025-08-03 15:45,122.410000,122.500000,122.400000,122.490000,679
2025-08-03 16:00,122.400000,122.500000,122.300000,122.310000,1177
2025-08-03 16:15,122.310000,122.450000,122.310000,122.320000,1059
2025-08-03 16:30,122.430000,122.430000,122.300000,122.300000,966
2025-08-03 16:45,122.410000,122.410000,122.300000,122.300000,200
2025-08-03 17:00,122.350000,122.350000,122.300000,122.300000,398
2025-08-03 17:15,122.350000,122.350000,122.300000,122.310000,148
2025-08-03 17:30,122.350000,122.400000,122.300000,122.310000,344
2025-08-03 17:45,122.430000,122.490000,122.310000,122.310000,66
2025-08-03 18:00,122.310000,122.490000,122.300000,122.480000,944
2025-08-03 18:15,122.480000,122.560000,122.300000,122.400000,460
2025-08-03 18:30,122.450000,122.520000,122.300000,122.490000,257
2025-08-03 18:45,122.400000,122.500000,122.260000,122.270000,234
2025-08-03 19:00,122.470000,122.500000,122.280000,122.310000,569
2025-08-03 19:15,122.340000,122.600000,122.300000,122.550000,2121
2025-08-03 19:30,122.510000,122.540000,122.330000,122.340000,154
2025-08-03 19:45,122.490000,122.500000,122.340000,122.490000,266
2025-08-03 20:00,122.490000,122.530000,122.360000,122.380000,323
2025-08-03 20:15,122.520000,122.530000,122.340000,122.530000,429
2025-08-03 20:30,122.530000,122.600000,122.310000,122.490000,806
2025-08-03 20:45,122.320000,122.590000,122.300000,122.300000,570
2025-08-04 03:45,122.330000,122.330000,122.330000,122.330000,2854
2025-08-04 04:00,122.330000,122.660000,122.170000,122.580000,114660
2025-08-04 04:15,122.570000,122.660000,122.440000,122.440000,18598
2025-08-04 04:30,122.440000,122.450000,122.180000,122.350000,24464
2025-08-04 04:45,122.350000,122.390000,122.250000,122.260000,13736
2025-08-04 05:00,122.250000,122.410000,122.250000,122.410000,6957
2025-08-04 05:15,122.400000,122.400000,122.250000,122.360000,34733
2025-08-04 05:30,122.370000,122.380000,122.260000,122.270000,4883
2025-08-04 05:45,122.270000,122.340000,122.250000,122.260000,10657
2025-08-04 06:00,122.260000,122.290000,121.810000,122.020000,79907
2025-08-04 06:15,122.020000,122.120000,121.750000,121.910000,72876
2025-08-04 06:30,121.920000,122.090000,121.920000,121.980000,21616
2025-08-04 06:45,121.990000,122.140000,121.830000,121.990000,35436
2025-08-04 07:00,121.970000,122.020000,121.800000,121.970000,41829
2025-08-04 07:15,121.970000,122.090000,121.850000,121.950000,43923
2025-08-04 07:30,121.930000,122.440000,121.930000,122.400000,83582
2025-08-04 07:45,122.390000,123.120000,122.380000,122.920000,224424
2025-08-04 08:00,122.920000,123.250000,122.790000,123.180000,98000
2025-08-04 08:15,123.200000,123.370000,123.020000,123.020000,127780
2025-08-04 08:30,123.020000,123.190000,123.020000,123.050000,56511
2025-08-04 08:45,123.050000,123.070000,122.710000,122.870000,58797
2025-08-04 09:00,122.880000,123.110000,122.810000,122.840000,35968
2025-08-04 09:15,122.870000,123.470000,122.870000,123.230000,125865
2025-08-04 09:30,123.240000,123.360000,123.040000,123.350000,40069
2025-08-04 09:45,123.350000,123.360000,123.140000,123.250000,27429
2025-08-04 10:00,123.250000,123.290000,123.020000,123.240000,19061
2025-08-04 10:15,123.230000,123.280000,123.080000,123.220000,18173
2025-08-04 10:30,123.220000,123.670000,123.180000,123.650000,124676
2025-08-04 10:45,123.640000,124.000000,123.530000,123.960000,245270
2025-08-04 11:00,123.960000,124.330000,123.880000,124.280000,290170
2025-08-04 11:15,124.280000,124.420000,124.200000,124.380000,245115
2025-08-04 11:30,124.380000,124.470000,124.210000,124.210000,155612
2025-08-04 11:45,124.210000,124.310000,124.180000,124.240000,223602
2025-08-04 12:00,124.240000,124.440000,124.170000,124.250000,128528
2025-08-04 12:15,124.260000,124.280000,123.930000,124.100000,111298
2025-08-04 12:30,124.110000,124.450000,124.110000,124.370000,90022
2025-08-04 12:45,124.380000,124.680000,124.380000,124.500000,152793
2025-08-04 13:00,124.510000,124.880000,124.460000,124.730000,180944
2025-08-04 13:15,124.730000,124.980000,124.700000,124.880000,154671
2025-08-04 13:30,124.860000,124.980000,124.660000,124.700000,176280
2025-08-04 13:45,124.700000,124.870000,124.580000,124.600000,104162
2025-08-04 14:00,124.600000,124.910000,124.420000,124.800000,182393
2025-08-04 14:15,124.800000,125.540000,124.790000,125.310000,388851
2025-08-04 14:30,125.310000,125.550000,125.300000,125.500000,218002
2025-08-04 14:45,125.500000,125.700000,124.940000,125.090000,382791
2025-08-04 15:00,125.090000,125.500000,125.050000,125.130000,167218
2025-08-04 15:15,125.160000,125.750000,125.050000,125.640000,229577
2025-08-04 15:30,125.630000,126.050000,125.600000,125.810000,211680
2025-08-04 15:45,125.800000,125.800000,125.800000,125.800000,4363
2025-08-04 16:00,125.660000,125.820000,125.640000,125.710000,67446
2025-08-04 16:15,125.720000,125.810000,125.660000,125.770000,51038
2025-08-04 16:30,125.780000,125.790000,125.110000,125.220000,137662
2025-08-04 16:45,125.230000,125.520000,125.200000,125.450000,57488
2025-08-04 17:00,125.440000,125.630000,125.240000,125.240000,42636
2025-08-04 17:15,125.240000,125.360000,125.110000,125.310000,87548
2025-08-04 17:30,125.290000,125.760000,125.250000,125.720000,52771
2025-08-04 17:45,125.720000,125.810000,125.590000,125.650000,41776
2025-08-04 18:00,125.640000,125.710000,125.460000,125.480000,19488
2025-08-04 18:15,125.480000,125.570000,125.350000,125.350000,25575
2025-08-04 18:30,125.370000,125.540000,125.340000,125.500000,20958
2025-08-04 18:45,125.500000,125.720000,125.410000,125.700000,46360
2025-08-04 19:00,125.710000,125.710000,125.540000,125.680000,34416
2025-08-04 19:15,125.690000,125.790000,125.640000,125.780000,32242
2025-08-04 19:30,125.780000,125.800000,125.730000,125.750000,18234
2025-08-04 19:45,125.760000,125.760000,125.450000,125.530000,68336
2025-08-04 20:00,125.520000,125.730000,125.520000,125.680000,18717
2025-08-04 20:15,125.710000,125.770000,125.600000,125.760000,26438
2025-08-04 20:30,125.760000,125.960000,125.700000,125.960000,46462
2025-08-04 20:45,125.960000,125.980000,125.770000,125.940000,18492
2025-08-05 03:45,125.900000,125.900000,125.900000,125.900000,4425
2025-08-05 04:00,125.900000,126.100000,125.480000,125.840000,153572
2025-08-05 04:15,125.820000,125.870000,125.600000,125.820000,58083
2025-08-05 04:30,125.830000,125.940000,125.660000,125.780000,37966
2025-08-05 04:45,125.760000,125.760000,125.390000,125.430000,67527
2025-08-05 05:00,125.460000,125.860000,125.370000,125.770000,41300
2025-08-05 05:15,125.780000,125.780000,125.540000,125.550000,11011
2025-08-05 05:30,125.550000,125.620000,125.410000,125.490000,21053
2025-08-05 05:45,125.490000,125.630000,125.450000,125.630000,19498
2025-08-05 06:00,125.600000,126.600000,125.520000,126.440000,265664
2025-08-05 06:15,126.440000,126.480000,126.200000,126.350000,93126
2025-08-05 06:30,126.350000,126.820000,126.330000,126.520000,138208
2025-08-05 06:45,126.520000,126.540000,126.160000,126.320000,83650
2025-08-05 07:00,126.310000,126.320000,125.650000,125.690000,229616
2025-08-05 07:15,125.700000,126.080000,125.690000,125.980000,73593
2025-08-05 07:30,125.990000,126.120000,125.970000,126.060000,48479
2025-08-05 07:45,126.060000,126.060000,125.700000,125.730000,49403
2025-08-05 08:00,125.730000,125.750000,125.150000,125.420000,252508
2025-08-05 08:15,125.410000,125.740000,125.380000,125.600000,94352
2025-08-05 08:30,125.620000,125.660000,125.450000,125.530000,47353
2025-08-05 08:45,125.530000,125.540000,125.250000,125.250000,53146
2025-08-05 09:00,125.270000,125.420000,125.230000,125.380000,52950
2025-08-05 09:15,125.400000,125.410000,125.020000,125.080000,115864
2025-08-05 09:30,125.090000,125.190000,124.800000,125.180000,207616
2025-08-05 09:45,125.180000,125.330000,124.950000,125.080000,71471
2025-08-05 10:00,125.080000,125.380000,125.080000,125.280000,49877
2025-08-05 10:15,125.280000,125.400000,125.130000,125.130000,64147
2025-08-05 10:30,125.140000,125.190000,124.900000,125.090000,86992
2025-08-05 10:45,125.080000,125.370000,125.080000,125.240000,49776
2025-08-05 11:00,125.230000,125.250000,124.970000,125.030000,48695
2025-08-05 11:15,125.050000,125.290000,125.000000,125.280000,28389
2025-08-05 11:30,125.290000,125.510000,125.180000,125.480000,89609
2025-08-05 11:45,125.480000,125.580000,125.390000,125.430000,66530
2025-08-05 12:00,125.420000,125.420000,124.850000,124.890000,184794
2025-08-05 12:15,124.900000,125.290000,124.800000,125.280000,117467
2025-08-05 12:30,125.280000,125.980000,125.170000,125.650000,218372
2025-08-05 12:45,125.650000,126.310000,125.580000,125.870000,207113
2025-08-05 13:00,125.860000,126.000000,125.730000,125.940000,64234
2025-08-05 13:15,125.920000,125.940000,125.710000,125.730000,58547
2025-08-05 13:30,125.730000,125.880000,125.550000,125.880000,75663
2025-08-05 13:45,125.880000,126.130000,125.850000,125.850000,93541
2025-08-05 14:00,125.850000,126.110000,125.840000,126.040000,57374
2025-08-05 14:15,126.040000,126.130000,126.000000,126.060000,41030
2025-08-05 14:30,126.040000,126.100000,125.600000,125.730000,77499
2025-08-05 14:45,125.730000,125.860000,125.580000,125.740000,48029
2025-08-05 15:00,125.730000,126.000000,125.690000,125.880000,45593
2025-08-05 15:15,125.890000,125.960000,125.650000,125.650000,21386
2025-08-05 15:30,125.650000,125.770000,125.560000,125.610000,45466
2025-08-05 15:45,125.950000,125.950000,125.950000,125.950000,33627
2025-08-05 16:00,125.840000,125.840000,125.710000,125.760000,15970
2025-08-05 16:15,125.780000,125.780000,125.640000,125.710000,11046
2025-08-05 16:30,125.700000,126.270000,125.680000,126.010000,115603
2025-08-05 16:45,126.000000,126.000000,125.800000,125.960000,27409
2025-08-05 17:00,125.950000,126.500000,125.950000,126.380000,187536
2025-08-05 17:15,126.370000,126.440000,126.180000,126.250000,48886
2025-08-05 17:30,126.240000,126.270000,125.960000,125.990000,66734
2025-08-05 17:45,125.990000,126.100000,125.850000,125.910000,32621
2025-08-05 18:00,125.910000,126.090000,125.800000,125.970000,29614
2025-08-05 18:15,125.970000,126.110000,125.880000,125.980000,11770
2025-08-05 18:30,125.980000,126.170000,125.870000,126.100000,36755
2025-08-05 18:45,126.120000,126.230000,126.120000,126.170000,18245
2025-08-05 19:00,126.180000,126.280000,126.120000,126.120000,20190
2025-08-05 19:15,126.160000,126.180000,125.980000,126.080000,59646
2025-08-05 19:30,126.110000,126.130000,126.050000,126.060000,20849
2025-08-05 19:45,126.060000,126.070000,126.000000,126.020000,10586
2025-08-05 20:00,126.020000,126.070000,126.000000,126.060000,18792
2025-08-05 20:15,126.060000,126.060000,125.930000,126.000000,21062
2025-08-05 20:30,126.000000,126.020000,125.870000,125.900000,32941
2025-08-05 20:45,125.910000,125.980000,125.900000,125.980000,9927
2025-08-06 03:45,126.290000,126.290000,126.290000,126.290000,1432
2025-08-06 04:00,126.170000,126.290000,126.080000,126.190000,34862
2025-08-06 04:15,126.220000,126.220000,126.060000,126.130000,10686
2025-08-06 04:30,126.140000,126.150000,125.950000,125.950000,17047
2025-08-06 04:45,125.950000,126.050000,125.950000,126.030000,8279
2025-08-06 05:00,126.030000,126.100000,126.010000,126.020000,11763
2025-08-06 05:15,126.010000,126.030000,125.980000,126.000000,13444
2025-08-06 05:30,126.000000,126.010000,125.920000,125.930000,9908
2025-08-06 05:45,125.930000,125.940000,125.730000,125.910000,27484
2025-08-06 06:00,125.920000,126.400000,125.910000,126.300000,87113
2025-08-06 06:15,126.300000,126.430000,126.240000,126.260000,73674
2025-08-06 06:30,126.260000,126.390000,126.150000,126.150000,45568
2025-08-06 06:45,126.150000,126.310000,126.110000,126.310000,33881
2025-08-06 07:00,126.280000,126.690000,126.220000,126.290000,103827
2025-08-06 07:15,126.280000,126.280000,125.880000,126.020000,85601
2025-08-06 07:30,126.030000,126.140000,125.810000,125.950000,74077
2025-08-06 07:45,125.950000,125.970000,125.760000,125.970000,43991
2025-08-06 08:00,125.970000,126.030000,125.860000,125.950000,21856
2025-08-06 08:15,125.950000,126.170000,125.900000,126.060000,37668
2025-08-06 08:30,126.070000,126.090000,125.770000,125.960000,67140
2025-08-06 08:45,125.960000,125.970000,125.340000,125.700000,144837
2025-08-06 09:00,125.710000,125.880000,125.560000,125.800000,30376
2025-08-06 09:15,125.790000,125.870000,125.760000,125.850000,33424
2025-08-06 09:30,125.850000,125.850000,125.550000,125.840000,35139
2025-08-06 09:45,125.840000,125.840000,125.720000,125.840000,17406
2025-08-06 10:00,125.840000,125.850000,125.620000,125.850000,56038
2025-08-06 10:15,125.840000,126.000000,125.740000,125.750000,77485
2025-08-06 10:30,125.750000,125.880000,125.660000,125.850000,30186
2025-08-06 10:45,125.850000,125.860000,125.610000,125.780000,35479
2025-08-06 11:00,125.770000,125.840000,125.390000,125.500000,66338
2025-08-06 11:15,125.490000,125.710000,125.460000,125.680000,25997
2025-08-06 11:30,125.680000,125.700000,125.580000,125.690000,23840
2025-08-06 11:45,125.690000,125.950000,125.520000,125.890000,123514
2025-08-06 12:00,125.900000,126.300000,125.680000,126.140000,259637
2025-08-06 12:15,126.150000,126.310000,125.720000,125.870000,210754
2025-08-06 12:30,125.870000,125.880000,125.340000,125.600000,171363
2025-08-06 12:45,125.620000,125.640000,125.500000,125.520000,49601
2025-08-06 13:00,125.520000,125.590000,125.400000,125.520000,55484
2025-08-06 13:15,125.530000,125.590000,125.400000,125.570000,56124
2025-08-06 13:30,125.580000,125.620000,125.500000,125.600000,56904
2025-08-06 13:45,125.600000,125.830000,124.310000,124.860000,416829
2025-08-06 14:00,124.870000,126.370000,124.730000,124.900000,557711
2025-08-06 14:15,124.900000,125.410000,123.840000,124.300000,514817
2025-08-06 14:30,124.320000,124.530000,124.100000,124.520000,237298
2025-08-06 14:45,124.520000,124.530000,124.040000,124.160000,149697
2025-08-06 15:00,124.160000,124.470000,123.860000,123.990000,191886
2025-08-06 15:15,123.990000,124.610000,123.930000,124.450000,123503
2025-08-06 15:30,124.450000,124.470000,124.250000,124.320000,38084
2025-08-06 15:45,124.400000,124.400000,124.400000,124.400000,3766
2025-08-06 16:00,124.450000,124.480000,124.110000,124.230000,63707
2025-08-06 16:15,124.220000,124.500000,124.210000,124.460000,30910
2025-08-06 16:30,124.480000,125.760000,124.250000,124.650000,434868
2025-08-06 16:45,124.650000,124.660000,123.730000,124.540000,300501
2025-08-06 17:00,124.550000,126.580000,124.420000,126.300000,937946
2025-08-06 17:15,126.310000,127.200000,126.070000,126.450000,601106
2025-08-06 17:30,126.440000,126.660000,126.210000,126.380000,156865
2025-08-06 17:45,126.370000,126.960000,126.310000,126.710000,187742
2025-08-06 18:00,126.760000,127.300000,126.760000,127.190000,339884
2025-08-06 18:15,127.200000,127.360000,126.930000,127.120000,214115
2025-08-06 18:30,127.090000,127.090000,126.650000,126.730000,129837
2025-08-06 18:45,126.740000,130.880000,126.730000,130.800000,994324
2025-08-06 19:00,130.790000,132.000000,129.400000,130.800000,1735461
2025-08-06 19:15,130.800000,132.500000,130.570000,131.890000,1814964
2025-08-06 19:30,131.910000,132.900000,131.080000,132.520000,1657370
2025-08-06 19:45,132.550000,132.600000,130.700000,130.850000,920062
2025-08-06 20:00,130.880000,131.450000,129.190000,129.320000,1250163
2025-08-06 20:15,129.340000,131.390000,129.290000,130.880000,1019699
2025-08-06 20:30,130.880000,131.250000,129.500000,130.170000,758038
2025-08-06 20:45,130.170000,130.600000,129.410000,130.110000,488166
2025-08-07 03:45,130.200000,130.200000,130.200000,130.200000,20821
2025-08-07 04:00,130.220000,130.780000,129.400000,129.910000,491819
2025-08-07 04:15,129.910000,130.260000,129.800000,130.000000,132304
2025-08-07 04:30,130.000000,130.090000,129.800000,129.870000,76328
2025-08-07 04:45,129.870000,130.380000,129.850000,130.130000,52357
2025-08-07 05:00,130.120000,130.130000,129.700000,129.760000,49323
2025-08-07 05:15,129.790000,130.000000,129.700000,129.910000,33010
2025-08-07 05:30,129.910000,130.110000,129.660000,129.860000,64153
2025-08-07 05:45,129.860000,130.630000,129.800000,130.360000,121468
2025-08-07 06:00,130.370000,130.570000,129.900000,129.910000,116476
2025-08-07 06:15,129.920000,130.280000,129.900000,130.220000,39889
2025-08-07 06:30,130.210000,130.260000,130.050000,130.140000,50898
2025-08-07 06:45,130.150000,130.300000,129.930000,130.000000,68921
2025-08-07 07:00,130.000000,131.140000,129.700000,129.720000,760618
2025-08-07 07:15,129.710000,130.280000,129.650000,130.010000,305166
2025-08-07 07:30,129.990000,130.990000,129.980000,130.810000,267239
2025-08-07 07:45,130.820000,130.880000,130.570000,130.690000,169691
2025-08-07 08:00,130.700000,135.000000,130.700000,134.970000,3551160
2025-08-07 08:15,134.980000,135.390000,134.250000,134.510000,1742877
2025-08-07 08:30,134.510000,135.200000,134.340000,134.360000,948794
2025-08-07 08:45,134.350000,135.780000,134.350000,135.160000,1710694
2025-08-07 09:00,135.170000,135.590000,134.730000,134.730000,832816
2025-08-07 09:15,134.730000,135.110000,134.550000,135.020000,735801
2025-08-07 09:30,135.020000,135.080000,134.360000,134.870000,570980
2025-08-07 09:45,134.870000,135.020000,134.600000,134.670000,243049
2025-08-07 10:00,134.670000,134.930000,134.420000,134.840000,281683
2025-08-07 10:15,134.830000,135.230000,134.650000,134.780000,283512
2025-08-07 10:30,134.770000,135.150000,134.630000,134.640000,236410
2025-08-07 10:45,134.630000,135.990000,134.630000,135.470000,1044100
2025-08-07 11:00,135.490000,135.740000,134.830000,135.700000,594959
2025-08-07 11:15,135.700000,135.900000,135.630000,135.800000,417531
2025-08-07 11:30,135.780000,135.850000,135.200000,135.670000,390486
2025-08-07 11:45,135.710000,135.850000,135.500000,135.680000,202869
2025-08-07 12:00,135.680000,135.970000,134.410000,134.660000,1018441
2025-08-07 12:15,134.660000,135.150000,134.500000,135.080000,392254
2025-08-07 12:30,135.070000,135.180000,134.670000,135.020000,241921
2025-08-07 12:45,135.020000,135.300000,134.880000,135.170000,117007
2025-08-07 13:00,135.180000,135.180000,134.770000,134.930000,162596
2025-08-07 13:15,134.930000,135.100000,134.750000,134.900000,121206
2025-08-07 13:30,134.910000,134.950000,134.370000,134.820000,383728
2025-08-07 13:45,134.810000,135.000000,134.690000,134.920000,143076
2025-08-07 14:00,134.930000,135.050000,134.800000,135.040000,122758
2025-08-07 14:15,135.020000,135.200000,134.720000,134.870000,157599
2025-08-07 14:30,134.880000,135.000000,134.680000,134.990000,132865
2025-08-07 14:45,134.970000,135.080000,134.610000,135.000000,254408
2025-08-07 15:00,135.000000,135.240000,133.240000,133.660000,1218960
2025-08-07 15:15,133.640000,133.740000,132.850000,133.140000,1169748
2025-08-07 15:30,133.140000,133.320000,132.040000,132.470000,788304
2025-08-07 15:45,132.690000,132.690000,132.690000,132.690000,79094
2025-08-07 16:00,132.660000,132.660000,131.340000,131.930000,931824
2025-08-07 16:15,131.930000,133.150000,131.920000,132.820000,606846
2025-08-07 16:30,132.820000,133.200000,132.290000,133.000000,254359
2025-08-07 16:45,132.980000,133.200000,132.710000,132.750000,132451
2025-08-07 17:00,132.750000,132.840000,132.320000,132.450000,148490
2025-08-07 17:15,132.480000,132.820000,132.250000,132.730000,124434
2025-08-07 17:30,132.750000,132.910000,132.190000,132.340000,201269
2025-08-07 17:45,132.310000,132.490000,131.790000,131.980000,259787
2025-08-07 18:00,131.970000,132.300000,131.830000,132.130000,155169
2025-08-07 18:15,132.130000,134.000000,132.090000,133.540000,1140974
2025-08-07 18:30,133.530000,133.710000,133.290000,133.350000,189842
2025-08-07 18:45,133.350000,133.670000,133.260000,133.590000,60285
2025-08-07 19:00,133.600000,133.600000,133.290000,133.490000,82996
2025-08-07 19:15,133.490000,133.550000,133.260000,133.470000,113301
2025-08-07 19:30,133.440000,133.550000,133.300000,133.550000,56449
2025-08-07 19:45,133.550000,133.990000,133.540000,133.770000,186339
2025-08-07 20:00,133.760000,133.770000,133.140000,133.300000,135470
2025-08-07 20:15,133.270000,136.000000,133.200000,135.110000,1184578
2025-08-07 20:30,135.150000,135.200000,134.290000,134.790000,362733
2025-08-07 20:45,134.790000,134.800000,134.130000,134.240000,155771
2025-08-08 03:45,134.740000,134.740000,134.740000,134.740000,4541
2025-08-08 04:00,134.740000,135.000000,134.060000,134.600000,205970
2025-08-08 04:15,134.600000,134.760000,134.330000,134.330000,61237
2025-08-08 04:30,134.330000,134.350000,134.020000,134.340000,59229
2025-08-08 04:45,134.340000,134.340000,133.730000,133.910000,66156
2025-08-08 05:00,133.910000,134.500000,133.850000,134.450000,43239
2025-08-08 05:15,134.450000,134.920000,134.380000,134.650000,74266
2025-08-08 05:30,134.650000,134.670000,134.450000,134.640000,39617
2025-08-08 05:45,134.610000,134.830000,134.510000,134.570000,22641
2025-08-08 06:00,134.550000,134.670000,134.240000,134.350000,62033
2025-08-08 06:15,134.340000,134.770000,134.340000,134.700000,61792
2025-08-08 06:30,134.710000,134.760000,134.550000,134.630000,54736
2025-08-08 06:45,134.620000,134.770000,134.560000,134.640000,33272
2025-08-08 07:00,134.630000,134.630000,133.750000,133.960000,357222
2025-08-08 07:15,133.940000,134.160000,133.540000,133.600000,195404
2025-08-08 07:30,133.590000,133.740000,133.350000,133.360000,224679
2025-08-08 07:45,133.360000,133.680000,133.090000,133.340000,184393
2025-08-08 08:00,133.330000,133.560000,133.150000,133.360000,113888
2025-08-08 08:15,133.350000,133.610000,133.330000,133.410000,97872
2025-08-08 08:30,133.410000,133.660000,133.160000,133.540000,136071
2025-08-08 08:45,133.540000,133.690000,133.410000,133.680000,196407
2025-08-08 09:00,133.680000,133.930000,133.500000,133.530000,160551
2025-08-08 09:15,133.520000,133.700000,133.400000,133.430000,50658
2025-08-08 09:30,133.450000,133.450000,133.150000,133.290000,128291
2025-08-08 09:45,133.280000,133.480000,132.900000,133.120000,254246
2025-08-08 10:00,133.130000,133.130000,132.600000,132.850000,234236
2025-08-08 10:15,132.850000,133.120000,132.810000,132.940000,176192
2025-08-08 10:30,132.920000,133.600000,132.800000,133.310000,322186
2025-08-08 10:45,133.310000,133.680000,133.160000,133.500000,124905
2025-08-08 11:00,133.470000,133.640000,133.320000,133.350000,118463
2025-08-08 11:15,133.380000,133.580000,133.320000,133.430000,81855
2025-08-08 11:30,133.440000,134.090000,133.420000,133.970000,311159
2025-08-08 11:45,133.970000,134.450000,133.940000,134.280000,354816
2025-08-08 12:00,134.260000,134.570000,134.250000,134.290000,205275
2025-08-08 12:15,134.280000,134.550000,134.130000,134.540000,187202
2025-08-08 12:30,134.540000,134.590000,133.910000,134.060000,227544
2025-08-08 12:45,134.050000,134.240000,133.810000,133.860000,126997
2025-08-08 13:00,133.850000,134.090000,133.810000,134.070000,60583
2025-08-08 13:15,134.080000,134.130000,133.950000,133.990000,68802
2025-08-08 13:30,133.970000,134.080000,133.800000,134.050000,102468
2025-08-08 13:45,134.060000,134.370000,134.040000,134.340000,82808
2025-08-08 14:00,134.330000,135.900000,133.730000,134.750000,1487063
2025-08-08 14:15,134.750000,135.440000,134.370000,134.920000,688733
2025-08-08 14:30,134.910000,136.140000,134.910000,136.060000,979469
2025-08-08 14:45,136.060000,137.680000,136.010000,137.590000,2045981
2025-08-08 15:00,137.580000,138.810000,137.070000,138.140000,1677382
2025-08-08 15:15,138.170000,138.320000,137.260000,137.350000,942380
2025-08-08 15:30,137.390000,138.110000,137.300000,137.540000,395545
2025-08-08 15:45,137.770000,137.770000,137.770000,137.770000,15674
2025-08-08 16:00,137.770000,138.150000,137.140000,137.900000,295764
2025-08-08 16:15,137.870000,138.050000,137.380000,137.610000,152121
2025-08-08 16:30,137.610000,138.150000,137.610000,137.990000,207813
2025-08-08 16:45,138.000000,138.020000,137.600000,137.920000,119913
2025-08-08 17:00,137.920000,138.280000,137.490000,137.510000,331063
2025-08-08 17:15,137.520000,137.710000,137.110000,137.490000,207999
2025-08-08 17:30,137.490000,138.100000,137.490000,137.950000,184162
2025-08-08 17:45,137.950000,138.020000,137.810000,137.850000,115430
2025-08-08 18:00,137.820000,137.940000,137.770000,137.930000,87001
2025-08-08 18:15,137.920000,138.330000,137.690000,137.870000,343262
2025-08-08 18:30,137.870000,137.980000,137.640000,137.730000,81650
2025-08-08 18:45,137.730000,138.040000,137.700000,137.970000,97868
2025-08-08 19:00,137.970000,138.080000,137.920000,138.070000,159737
2025-08-08 19:15,138.080000,138.130000,138.000000,138.040000,96671
2025-08-08 19:30,138.060000,138.110000,137.930000,138.000000,181946
2025-08-08 19:45,137.970000,138.100000,137.790000,138.080000,78339
2025-08-08 20:00,138.070000,139.290000,138.010000,138.980000,1045420
2025-08-08 20:15,138.980000,140.700000,138.680000,140.130000,1643072
2025-08-08 20:30,140.150000,141.580000,140.060000,141.230000,1484538
2025-08-08 20:45,141.250000,141.460000,140.860000,141.160000,335353
2025-08-08 23:00,143.150000,144.650000,143.150000,144.250000,109562
2025-08-08 23:15,144.500000,144.650000,144.250000,144.630000,26192
2025-08-08 23:30,144.640000,144.650000,144.430000,144.650000,32600
2025-08-08 23:45,144.650000,144.650000,144.510000,144.650000,10187
2025-08-09 00:00,144.650000,144.650000,144.350000,144.650000,32822
2025-08-09 00:15,144.640000,144.650000,144.390000,144.410000,3570
2025-08-09 00:30,144.410000,144.620000,144.410000,144.600000,3674
2025-08-09 00:45,144.600000,144.640000,144.390000,144.390000,3444
2025-08-09 01:00,144.590000,144.600000,144.350000,144.580000,7057
2025-08-09 01:15,144.580000,144.650000,144.440000,144.650000,8122
2025-08-09 01:30,144.650000,144.650000,144.650000,144.650000,1998
2025-08-09 01:45,144.650000,144.650000,144.650000,144.650000,3892
2025-08-09 02:00,144.650000,144.650000,144.650000,144.650000,5706
2025-08-09 02:15,144.650000,144.650000,144.650000,144.650000,6182
2025-08-09 02:30,144.650000,144.650000,144.650000,144.650000,10012
2025-08-09 02:45,144.650000,144.650000,144.650000,144.650000,4247
2025-08-09 03:00,144.650000,144.650000,144.650000,144.650000,4265
2025-08-09 03:15,144.650000,144.650000,144.650000,144.650000,3203
2025-08-09 03:30,144.650000,144.650000,144.600000,144.620000,7272
2025-08-09 03:45,144.620000,144.650000,144.350000,144.650000,21198
2025-08-09 04:00,144.650000,144.650000,144.380000,144.650000,11795
2025-08-09 04:15,144.640000,144.650000,144.380000,144.650000,11403
2025-08-09 04:30,144.640000,144.650000,144.640000,144.650000,14164
2025-08-09 04:45,144.650000,144.650000,144.350000,144.650000,24655
2025-08-09 05:00,144.650000,144.650000,144.380000,144.650000,12383
2025-08-09 05:15,144.650000,144.650000,144.600000,144.650000,12925
2025-08-09 05:30,144.650000,144.650000,144.560000,144.610000,8557
2025-08-09 05:45,144.610000,144.650000,144.610000,144.650000,13392
2025-08-09 06:00,144.650000,144.650000,144.240000,144.250000,38498
2025-08-09 06:15,144.240000,144.380000,141.600000,142.680000,109252
2025-08-09 06:30,142.680000,143.600000,142.520000,143.250000,60170
2025-08-09 06:45,143.250000,143.390000,142.800000,143.000000,35252
2025-08-09 07:00,143.000000,143.400000,142.890000,143.400000,33316
2025-08-09 07:15,143.400000,143.400000,142.740000,142.740000,44882
2025-08-09 07:30,142.750000,143.330000,141.750000,141.980000,94736
2025-08-09 07:30,142.750000,143.330000,141.750000,141.980000,94736
2025-08-09 07:45,141.980000,142.000000,141.600000,141.670000,53173
2025-08-09 08:00,141.700000,142.620000,141.670000,142.200000,58733
2025-08-09 08:15,142.200000,142.340000,141.760000,142.070000,27133
2025-08-09 08:30,142.070000,142.340000,142.070000,142.330000,21612
2025-08-09 08:45,142.330000,142.400000,142.240000,142.250000,7322
2025-08-09 09:00,142.250000,142.300000,141.840000,141.840000,26618
2025-08-09 09:15,142.000000,142.340000,141.820000,142.310000,24089
2025-08-09 09:30,142.340000,143.380000,142.340000,142.500000,69393
2025-08-09 09:45,142.370000,142.990000,142.310000,142.900000,18592
2025-08-09 10:00,142.740000,142.920000,142.690000,142.880000,3747
2025-08-09 10:15,142.880000,142.980000,142.750000,142.760000,12365
2025-08-09 10:30,142.760000,142.890000,142.580000,142.580000,6887
2025-08-09 10:45,142.580000,142.950000,142.520000,142.910000,15959
2025-08-09 11:00,142.910000,142.940000,142.690000,142.800000,6622
2025-08-09 11:15,142.900000,142.920000,142.730000,142.900000,2601
2025-08-09 11:30,142.900000,142.980000,142.730000,142.920000,12336
2025-08-09 11:45,142.810000,142.980000,142.800000,142.860000,2373
2025-08-09 12:00,142.860000,142.980000,142.760000,142.930000,6345
2025-08-09 12:15,142.790000,142.930000,142.760000,142.860000,2148
2025-08-09 12:30,142.800000,142.800000,142.420000,142.440000,12589
2025-08-09 12:45,142.630000,142.640000,142.380000,142.400000,9296
2025-08-09 13:00,142.400000,142.770000,142.380000,142.640000,6488
2025-08-09 13:15,142.640000,142.750000,142.640000,142.700000,1700
2025-08-09 13:30,142.690000,142.750000,142.420000,142.630000,2985
2025-08-09 13:45,142.630000,142.630000,142.030000,142.240000,19118
2025-08-09 14:00,142.510000,142.510000,142.210000,142.420000,3677
2025-08-09 14:15,142.420000,142.500000,142.110000,142.140000,5945
2025-08-09 14:30,142.150000,142.380000,142.080000,142.370000,10735
2025-08-09 14:45,142.350000,142.380000,142.170000,142.340000,6329
2025-08-09 15:00,142.190000,142.360000,142.190000,142.290000,1909
2025-08-09 15:15,142.210000,142.350000,142.170000,142.170000,7574
2025-08-09 15:30,142.170000,142.300000,142.050000,142.120000,6908
2025-08-09 15:45,142.120000,142.350000,142.120000,142.150000,3349
2025-08-09 16:00,142.150000,142.300000,142.090000,142.150000,4489
2025-08-09 16:15,142.150000,142.270000,142.080000,142.200000,3656
2025-08-09 16:30,142.200000,142.350000,142.100000,142.350000,3095
2025-08-09 16:45,142.340000,142.380000,142.170000,142.320000,4996
2025-08-09 17:00,142.220000,142.380000,142.190000,142.310000,3636
2025-08-09 17:15,142.380000,142.390000,142.250000,142.350000,2253
2025-08-09 17:30,142.270000,142.390000,142.250000,142.390000,2618
2025-08-09 17:45,142.270000,142.560000,142.270000,142.550000,10231
2025-08-09 18:00,142.460000,142.680000,142.360000,142.560000,5187
2025-08-09 18:15,142.560000,142.700000,142.450000,142.650000,3258
2025-08-09 18:30,142.650000,142.680000,142.540000,142.570000,1863
2025-08-09 18:45,142.570000,142.730000,142.470000,142.680000,8577
2025-08-09 19:00,142.680000,142.690000,142.600000,142.680000,1428
2025-08-09 19:15,142.600000,142.660000,142.450000,142.460000,2062
2025-08-09 19:30,142.500000,142.660000,142.400000,142.480000,2739
2025-08-09 19:45,142.650000,142.660000,142.400000,142.600000,5841
2025-08-09 20:00,142.590000,142.630000,142.360000,142.490000,3537
2025-08-09 20:15,142.490000,142.500000,142.400000,142.500000,5061
2025-08-09 20:30,142.490000,142.560000,142.280000,142.290000,5165
2025-08-09 20:45,142.400000,142.400000,142.250000,142.250000,3462
2025-08-09 23:00,142.880000,142.880000,142.250000,142.500000,1234
2025-08-09 23:15,142.500000,142.700000,142.450000,142.550000,228
2025-08-09 23:30,142.550000,142.690000,142.550000,142.690000,149
2025-08-09 23:45,142.690000,142.700000,142.550000,142.690000,52
2025-08-10 00:00,142.690000,142.700000,142.550000,142.560000,279
2025-08-10 00:15,142.700000,142.700000,142.560000,142.570000,43
2025-08-10 00:30,142.700000,142.700000,142.570000,142.600000,59
2025-08-10 00:45,142.700000,142.700000,142.700000,142.700000,24
2025-08-10 01:00,142.700000,142.730000,142.610000,142.720000,927
2025-08-10 01:15,142.610000,142.700000,142.610000,142.610000,73
2025-08-10 01:30,142.700000,142.720000,142.700000,142.700000,126
2025-08-10 01:45,142.720000,142.730000,142.700000,142.730000,214
2025-08-10 02:00,142.730000,142.760000,142.700000,142.700000,1222
2025-08-10 02:15,142.760000,142.800000,142.690000,142.690000,440
2025-08-10 02:30,142.700000,142.790000,142.700000,142.790000,353
2025-08-10 02:45,142.750000,142.800000,142.700000,142.780000,755
2025-08-10 03:00,142.700000,142.790000,142.700000,142.710000,288
2025-08-10 03:15,142.780000,142.780000,142.710000,142.780000,392
2025-08-10 03:30,142.710000,142.800000,142.560000,142.560000,1058
2025-08-10 03:45,142.770000,142.800000,142.560000,142.800000,530
2025-08-10 04:00,142.790000,142.840000,142.770000,142.770000,4204
2025-08-10 04:15,142.770000,142.850000,142.600000,142.840000,6524
2025-08-10 04:30,142.840000,142.840000,142.600000,142.610000,497
2025-08-10 04:45,142.620000,142.840000,142.600000,142.840000,1944
2025-08-10 05:00,142.830000,142.870000,142.630000,142.810000,1977
2025-08-10 05:15,142.820000,142.820000,142.600000,142.790000,1174
2025-08-10 05:30,142.790000,142.790000,142.710000,142.760000,474
2025-08-10 05:45,142.720000,142.780000,142.710000,142.710000,1741
2025-08-10 06:00,142.710000,142.770000,142.650000,142.700000,971
2025-08-10 06:15,142.700000,142.740000,142.630000,142.660000,1437
2025-08-10 06:30,142.660000,142.710000,142.630000,142.680000,1668
2025-08-10 06:45,142.680000,142.700000,142.660000,142.700000,2494
2025-08-10 07:00,142.710000,142.710000,142.500000,142.680000,4981
2025-08-10 07:15,142.680000,142.680000,142.370000,142.380000,4332
2025-08-10 07:30,142.380000,142.400000,142.370000,142.370000,3791
2025-08-10 07:45,142.370000,142.390000,142.330000,142.330000,4432
2025-08-10 08:00,142.330000,142.400000,142.040000,142.130000,12744
2025-08-10 08:15,142.130000,142.400000,142.060000,142.240000,6922
2025-08-10 08:30,142.170000,142.380000,142.100000,142.150000,5447
2025-08-10 08:45,142.330000,142.380000,142.140000,142.360000,2819
2025-08-10 09:00,142.350000,142.600000,142.350000,142.600000,9956
2025-08-10 09:15,142.600000,142.600000,142.370000,142.380000,2582
2025-08-10 09:30,142.380000,142.490000,142.350000,142.400000,1590
2025-08-10 09:45,142.300000,142.460000,142.300000,142.460000,1832
2025-08-10 10:00,142.360000,142.460000,142.310000,142.320000,2705
2025-08-10 10:15,142.340000,142.480000,142.340000,142.460000,1077
2025-08-10 10:30,142.460000,142.570000,142.460000,142.490000,1492
2025-08-10 10:45,142.490000,142.590000,142.340000,142.590000,2700
2025-08-10 11:00,142.560000,142.590000,142.370000,142.400000,664
2025-08-10 11:15,142.400000,142.630000,142.340000,142.390000,8038
2025-08-10 11:30,142.530000,142.590000,142.350000,142.360000,935
2025-08-10 11:45,142.490000,142.500000,142.340000,142.350000,2533
2025-08-10 12:00,142.370000,142.470000,142.340000,142.440000,1186
2025-08-10 12:15,142.450000,142.650000,142.440000,142.520000,6444
2025-08-10 12:30,142.520000,142.670000,142.410000,142.670000,5708
2025-08-10 12:45,142.660000,142.660000,142.520000,142.550000,1456
2025-08-10 13:00,142.650000,142.650000,142.520000,142.570000,3963
2025-08-10 13:15,142.650000,142.680000,142.570000,142.680000,4265
2025-08-10 13:30,142.610000,142.700000,142.610000,142.620000,3875
2025-08-10 13:45,142.620000,142.700000,142.610000,142.690000,2374
2025-08-10 14:00,142.680000,142.700000,142.550000,142.690000,6130
2025-08-10 14:15,142.690000,142.690000,142.570000,142.600000,4046
2025-08-10 14:30,142.600000,142.770000,142.580000,142.760000,6899
2025-08-10 14:45,142.770000,143.210000,142.760000,143.210000,20725
2025-08-10 15:00,143.210000,143.250000,142.900000,143.180000,18509
2025-08-10 15:15,143.180000,143.240000,143.000000,143.150000,6543
2025-08-10 15:30,143.230000,143.230000,143.050000,143.140000,3755
2025-08-10 15:45,143.160000,143.250000,143.100000,143.150000,8816
2025-08-10 16:00,143.150000,143.820000,143.100000,143.460000,20502
2025-08-10 16:15,143.470000,143.700000,143.400000,143.560000,8095
2025-08-10 16:30,143.560000,143.600000,143.200000,143.350000,14384
2025-08-10 16:45,143.350000,143.690000,143.310000,143.590000,5996
2025-08-10 17:00,143.660000,143.670000,143.330000,143.500000,4555
2025-08-10 17:15,143.490000,143.690000,143.400000,143.600000,8976
2025-08-10 17:30,143.670000,143.680000,143.340000,143.580000,4919
2025-08-10 17:45,143.580000,143.590000,143.460000,143.500000,3608
2025-08-10 18:00,143.500000,143.570000,143.350000,143.410000,5362
2025-08-10 18:15,143.410000,143.680000,143.410000,143.600000,8710
2025-08-10 18:30,143.600000,143.660000,143.400000,143.470000,4481
2025-08-10 18:45,143.470000,143.690000,143.460000,143.690000,8953
2025-08-10 19:00,143.570000,143.690000,143.570000,143.600000,4219
2025-08-10 19:15,143.600000,143.700000,143.560000,143.560000,11081
2025-08-10 19:30,143.560000,143.700000,143.450000,143.580000,10612
2025-08-10 19:45,143.500000,143.580000,143.450000,143.570000,4752
2025-08-10 20:00,143.570000,143.600000,143.420000,143.590000,5939
2025-08-10 20:15,143.600000,143.820000,143.420000,143.780000,11115
2025-08-10 20:30,143.780000,143.830000,143.500000,143.550000,15369
2025-08-10 20:45,143.780000,143.890000,143.600000,143.600000,5349
2025-08-11 03:45,144.100000,144.100000,144.100000,144.100000,66907
2025-08-11 04:00,144.110000,144.180000,142.500000,142.810000,1181465
2025-08-11 04:15,142.860000,143.790000,142.740000,143.360000,423407
2025-08-11 04:30,143.360000,144.400000,143.160000,143.840000,444172
2025-08-11 04:45,143.840000,144.000000,143.360000,143.880000,324833
2025-08-11 05:00,143.880000,144.000000,143.160000,143.210000,337435
2025-08-11 05:15,143.210000,143.600000,143.050000,143.530000,187241
2025-08-11 05:30,143.530000,143.600000,143.100000,143.450000,172403
2025-08-11 05:45,143.450000,143.460000,143.000000,143.100000,201344
2025-08-11 06:00,143.110000,143.200000,142.100000,142.860000,793478
2025-08-11 06:15,142.870000,143.100000,142.670000,142.790000,210919
2025-08-11 06:30,142.770000,142.870000,142.430000,142.820000,228488
2025-08-11 06:45,142.820000,143.040000,142.590000,142.650000,208885
2025-08-11 07:00,142.660000,142.990000,141.810000,142.150000,638029
2025-08-11 07:15,142.150000,142.350000,141.770000,141.890000,516479
2025-08-11 07:30,141.890000,142.550000,141.750000,141.760000,485595
2025-08-11 07:45,141.750000,142.230000,141.600000,141.780000,550953
2025-08-11 08:00,141.790000,142.200000,141.760000,142.050000,214486
2025-08-11 08:15,142.050000,142.470000,141.810000,141.840000,286754
2025-08-11 08:30,141.840000,142.750000,141.810000,142.540000,403267
2025-08-11 08:45,142.550000,142.850000,142.240000,142.540000,213992
2025-08-11 09:00,142.550000,142.750000,142.300000,142.420000,399081
2025-08-11 09:15,142.420000,142.470000,141.950000,142.400000,222637
2025-08-11 09:30,142.400000,142.410000,141.930000,142.050000,112955
2025-08-11 09:45,142.020000,142.320000,141.810000,142.050000,129912
2025-08-11 10:00,142.050000,142.100000,141.540000,141.700000,378536
2025-08-11 10:15,141.690000,141.930000,141.610000,141.910000,245517
2025-08-11 10:30,141.920000,142.130000,141.900000,142.060000,124691
2025-08-11 10:45,142.100000,142.230000,141.850000,141.990000,106543
2025-08-11 11:00,142.000000,142.400000,141.760000,142.180000,136901
2025-08-11 11:15,142.180000,142.720000,142.160000,142.600000,250443
2025-08-11 11:30,142.610000,142.930000,142.450000,142.620000,370681
2025-08-11 11:45,142.620000,142.890000,142.500000,142.510000,80967
2025-08-11 12:00,142.500000,142.680000,142.310000,142.400000,100697
2025-08-11 12:15,142.400000,142.450000,142.150000,142.430000,73568
2025-08-11 12:30,142.440000,142.600000,142.280000,142.540000,91405
2025-08-11 12:45,142.550000,142.690000,142.350000,142.360000,158265
2025-08-11 13:00,142.360000,142.390000,141.890000,142.080000,171395
2025-08-11 13:15,142.080000,142.120000,141.800000,142.000000,202160
2025-08-11 13:30,141.990000,142.010000,141.510000,141.960000,194748
2025-08-11 13:45,141.960000,142.570000,141.870000,142.350000,169121
2025-08-11 14:00,142.370000,142.690000,142.240000,142.620000,176607
2025-08-11 14:15,142.610000,142.670000,142.280000,142.290000,86105
2025-08-11 14:30,142.300000,142.320000,142.060000,142.170000,61068
2025-08-11 14:45,142.180000,143.070000,142.140000,142.640000,418469
2025-08-11 15:00,142.630000,142.890000,142.450000,142.460000,163694
2025-08-11 15:15,142.460000,142.800000,142.320000,142.700000,133036
2025-08-11 15:30,142.700000,142.850000,137.900000,139.770000,2642515
2025-08-11 15:45,140.000000,140.000000,140.000000,140.000000,222462
2025-08-11 16:00,139.880000,140.770000,138.960000,140.410000,1037409
2025-08-11 16:15,140.410000,140.550000,139.030000,139.400000,537111
2025-08-11 16:30,139.400000,139.930000,139.000000,139.390000,298140
2025-08-11 16:45,139.350000,139.780000,138.610000,139.030000,386124
2025-08-11 17:00,139.030000,139.440000,138.870000,139.180000,133511
2025-08-11 17:15,139.180000,140.190000,139.180000,139.800000,236944
2025-08-11 17:30,139.800000,140.160000,139.710000,139.960000,71869
2025-08-11 17:45,139.960000,139.970000,139.420000,139.610000,90363
2025-08-11 18:00,139.590000,140.100000,139.590000,139.810000,88589
2025-08-11 18:15,139.810000,139.820000,139.500000,139.520000,39709
2025-08-11 18:30,139.540000,140.110000,139.500000,139.940000,100201
2025-08-11 18:45,139.940000,140.160000,139.900000,139.950000,45910
2025-08-11 19:00,139.950000,140.050000,139.810000,140.040000,42691
2025-08-11 19:15,140.050000,140.050000,139.600000,139.870000,62376
2025-08-11 19:30,139.870000,140.000000,139.710000,139.920000,21195
2025-08-11 19:45,139.920000,140.040000,139.900000,139.990000,18918
2025-08-11 20:00,140.000000,140.150000,139.950000,140.110000,32446
2025-08-11 20:15,140.110000,140.300000,139.980000,140.080000,55974
2025-08-11 20:30,140.060000,140.060000,139.850000,139.910000,48319
2025-08-11 20:45,139.910000,140.100000,139.870000,140.000000,25103
2025-08-12 03:45,140.000000,140.000000,140.000000,140.000000,3760
2025-08-12 04:00,140.100000,140.260000,139.550000,139.830000,98046
2025-08-12 04:15,139.820000,139.820000,139.060000,139.270000,124925
2025-08-12 04:30,139.270000,139.400000,138.870000,139.200000,97326
2025-08-12 04:45,139.200000,139.320000,138.800000,138.800000,78947
2025-08-12 05:00,138.810000,139.310000,138.520000,139.190000,163395
2025-08-12 05:15,139.180000,139.270000,138.970000,139.070000,54536
2025-08-12 05:30,139.140000,139.390000,139.070000,139.230000,45864
2025-08-12 05:45,139.150000,139.390000,139.020000,139.390000,38320
2025-08-12 06:00,139.390000,139.640000,139.390000,139.620000,164212
2025-08-12 06:15,139.620000,139.960000,139.620000,139.870000,74972
2025-08-12 06:30,139.880000,139.880000,139.580000,139.690000,83387
2025-08-12 06:45,139.690000,139.770000,139.370000,139.760000,62936
2025-08-12 07:00,139.760000,140.030000,139.200000,139.330000,204530
2025-08-12 07:15,139.340000,140.140000,139.280000,140.010000,162063
2025-08-12 07:30,140.050000,140.070000,139.610000,139.740000,104265
2025-08-12 07:45,139.710000,139.840000,139.500000,139.510000,83313
2025-08-12 08:00,139.510000,139.750000,139.420000,139.640000,73969
2025-08-12 08:15,139.630000,139.950000,139.360000,139.460000,148075
2025-08-12 08:30,139.460000,139.460000,138.910000,139.180000,269188
2025-08-12 08:45,139.190000,139.510000,139.170000,139.350000,122283
2025-08-12 09:00,139.350000,139.580000,139.140000,139.310000,105596
2025-08-12 09:15,139.310000,139.670000,139.210000,139.650000,77337
2025-08-12 09:30,139.650000,139.710000,139.470000,139.530000,54297
2025-08-12 09:45,139.540000,139.740000,139.500000,139.710000,59628
2025-08-12 10:00,139.710000,139.900000,139.660000,139.890000,117812
2025-08-12 10:15,139.890000,139.900000,139.530000,139.530000,51903
2025-08-12 10:30,139.530000,139.760000,139.530000,139.730000,33943
2025-08-12 10:45,139.720000,139.730000,139.150000,139.400000,102557
2025-08-12 11:00,139.400000,139.420000,138.920000,139.290000,219850
2025-08-12 11:15,139.290000,139.490000,139.160000,139.340000,79823
2025-08-12 11:30,139.350000,139.460000,139.000000,139.140000,91830
2025-08-12 11:45,139.150000,139.250000,139.080000,139.190000,38103
2025-08-12 12:00,139.190000,139.230000,139.060000,139.080000,32953
2025-08-12 12:15,139.090000,139.180000,138.880000,139.010000,230248
2025-08-12 12:30,139.020000,139.290000,139.010000,139.280000,105188
2025-08-12 12:45,139.270000,139.620000,139.270000,139.600000,147452
2025-08-12 13:00,139.610000,139.620000,139.340000,139.400000,109497
2025-08-12 13:15,139.400000,139.500000,139.150000,139.400000,93752
2025-08-12 13:30,139.400000,140.470000,139.400000,139.890000,703525
2025-08-12 13:45,139.890000,140.060000,139.670000,139.900000,121564
2025-08-12 14:00,139.900000,140.170000,139.900000,140.080000,162195
2025-08-12 14:15,140.100000,140.700000,140.000000,140.570000,243070
2025-08-12 14:30,140.570000,141.040000,140.450000,140.720000,384854
2025-08-12 14:45,140.720000,141.250000,140.330000,140.620000,466719
2025-08-12 15:00,140.610000,140.920000,140.450000,140.920000,170883
2025-08-12 15:15,140.910000,141.430000,140.910000,141.250000,274703
2025-08-12 15:30,141.250000,141.250000,140.650000,140.910000,133129
2025-08-12 15:45,141.000000,141.000000,141.000000,141.000000,15370
2025-08-12 16:00,141.000000,141.250000,140.680000,140.880000,119377
2025-08-12 16:15,140.880000,141.140000,140.670000,140.870000,100630
2025-08-12 16:30,140.880000,140.900000,140.740000,140.900000,33529
2025-08-12 16:45,140.900000,140.900000,140.800000,140.870000,27831
2025-08-12 17:00,140.860000,140.870000,140.230000,140.750000,188693
2025-08-12 17:15,140.750000,140.980000,140.060000,140.370000,145032
2025-08-12 17:30,140.380000,140.700000,140.360000,140.650000,63762
2025-08-12 17:45,140.640000,140.950000,140.640000,140.930000,74919
2025-08-12 18:00,140.940000,141.050000,140.810000,140.860000,35501
2025-08-12 18:15,140.860000,140.940000,140.810000,140.810000,17508
2025-08-12 18:30,140.820000,140.950000,140.810000,140.920000,31027
2025-08-12 18:45,140.920000,140.950000,140.810000,140.940000,23350
2025-08-12 19:00,140.920000,140.950000,140.850000,140.950000,10304
2025-08-12 19:15,140.950000,141.050000,140.870000,140.880000,54806
2025-08-12 19:30,140.870000,140.950000,140.760000,140.790000,22541
2025-08-12 19:45,140.780000,140.850000,140.710000,140.750000,13319
2025-08-12 20:00,140.760000,140.920000,140.750000,140.900000,21064
2025-08-12 20:15,140.900000,140.920000,140.740000,140.770000,18106
2025-08-12 20:30,140.760000,140.770000,140.560000,140.680000,30397
2025-08-12 20:45,140.680000,140.800000,140.640000,140.800000,24599
2025-08-13 03:45,141.000000,141.000000,141.000000,141.000000,3082
2025-08-13 04:00,141.000000,141.840000,140.900000,141.570000,240107
2025-08-13 04:15,141.540000,141.800000,141.420000,141.420000,99832
2025-08-13 04:30,141.430000,141.720000,141.410000,141.430000,66395
2025-08-13 04:45,141.440000,141.890000,141.440000,141.740000,155671
2025-08-13 05:00,141.740000,141.740000,141.350000,141.470000,75862
2025-08-13 05:15,141.420000,141.600000,141.220000,141.580000,51682
2025-08-13 05:30,141.570000,141.590000,141.410000,141.500000,20836
2025-08-13 05:45,141.500000,141.590000,141.480000,141.510000,19420
2025-08-13 06:00,141.500000,141.790000,141.240000,141.730000,69408
2025-08-13 06:15,141.710000,141.780000,141.530000,141.740000,39978
2025-08-13 06:30,141.730000,141.750000,141.460000,141.600000,49837
2025-08-13 06:45,141.600000,141.740000,141.560000,141.690000,46337
2025-08-13 07:00,141.670000,141.940000,141.150000,141.510000,251181
2025-08-13 07:15,141.510000,141.530000,141.100000,141.160000,139936
2025-08-13 07:30,141.160000,141.280000,140.830000,141.050000,204813
2025-08-13 07:45,141.030000,141.190000,140.200000,140.350000,327694
2025-08-13 08:00,140.360000,140.530000,140.200000,140.400000,241000
2025-08-13 08:15,140.400000,140.560000,140.100000,140.100000,235801
2025-08-13 08:30,140.100000,140.270000,139.710000,139.930000,325352
2025-08-13 08:45,139.920000,140.110000,139.730000,140.100000,122606
2025-08-13 09:00,140.100000,140.110000,139.530000,139.960000,187086
2025-08-13 09:15,139.960000,140.380000,139.850000,140.210000,161813
2025-08-13 09:30,140.200000,140.380000,140.010000,140.280000,70056
2025-08-13 09:45,140.280000,140.520000,139.920000,139.960000,192741
2025-08-13 10:00,139.990000,140.150000,139.710000,139.800000,237256
2025-08-13 10:15,139.800000,140.030000,139.590000,139.840000,94018
2025-08-13 10:30,139.830000,140.300000,139.730000,140.110000,107493
2025-08-13 10:45,140.110000,140.510000,140.040000,140.240000,280146
2025-08-13 11:00,140.240000,140.410000,139.950000,140.020000,164030
2025-08-13 11:15,140.000000,140.310000,139.730000,140.000000,80484
2025-08-13 11:30,139.990000,140.010000,139.740000,139.790000,82405
2025-08-13 11:45,139.780000,139.860000,139.280000,139.520000,214795
2025-08-13 12:00,139.530000,139.720000,139.480000,139.690000,100921
2025-08-13 12:15,139.680000,140.560000,139.530000,140.270000,209163
2025-08-13 12:30,140.270000,140.730000,140.030000,140.430000,364522
2025-08-13 12:45,140.430000,140.440000,140.000000,140.050000,134176
2025-08-13 13:00,140.050000,140.200000,139.760000,139.810000,120788
2025-08-13 13:15,139.820000,140.080000,139.760000,139.910000,129335
2025-08-13 13:30,139.910000,140.070000,139.570000,139.830000,169039
2025-08-13 13:45,139.820000,140.440000,139.760000,140.050000,246838
2025-08-13 14:00,140.050000,140.260000,139.430000,139.690000,437326
2025-08-13 14:15,139.710000,140.690000,139.310000,139.740000,708568
2025-08-13 14:30,139.770000,140.150000,139.510000,139.540000,244647
2025-08-13 14:45,139.530000,139.910000,139.410000,139.740000,236523
2025-08-13 15:00,139.720000,140.030000,139.620000,139.670000,173112
2025-08-13 15:15,139.660000,140.200000,139.570000,140.140000,269181
2025-08-13 15:30,140.150000,140.280000,140.050000,140.050000,112945
2025-08-13 15:45,140.060000,140.060000,140.060000,140.060000,4004
2025-08-13 16:00,140.050000,140.250000,139.810000,140.070000,67595
2025-08-13 16:15,140.070000,140.070000,139.620000,139.720000,92914
2025-08-13 16:30,139.720000,140.400000,139.440000,139.890000,201486
2025-08-13 16:45,139.890000,139.920000,139.700000,139.710000,34842
2025-08-13 17:00,139.700000,139.700000,139.400000,139.560000,90996
2025-08-13 17:15,139.560000,139.760000,139.440000,139.730000,58418
2025-08-13 17:30,139.740000,139.800000,139.610000,139.760000,22036
2025-08-13 17:45,139.750000,139.790000,139.530000,139.660000,25326
2025-08-13 18:00,139.660000,139.700000,139.520000,139.600000,25120
2025-08-13 18:15,139.590000,139.770000,139.590000,139.700000,17056
2025-08-13 18:30,139.700000,139.890000,139.700000,139.890000,26289
2025-08-13 18:45,139.890000,140.000000,139.780000,139.800000,21772
2025-08-13 19:00,139.780000,139.850000,139.650000,139.700000,12229
2025-08-13 19:15,139.700000,139.710000,139.520000,139.540000,24446
2025-08-13 19:30,139.540000,139.590000,139.440000,139.470000,46756
2025-08-13 19:45,139.480000,139.610000,139.480000,139.540000,13257
2025-08-13 20:00,139.540000,139.540000,139.110000,139.200000,167675
2025-08-13 20:15,139.200000,139.270000,138.950000,139.230000,157434
2025-08-13 20:30,139.200000,139.270000,139.030000,139.210000,58031
2025-08-13 20:45,139.210000,139.490000,139.210000,139.390000,27433
2025-08-14 03:45,139.370000,139.370000,139.370000,139.370000,2218
2025-08-14 04:00,139.370000,139.590000,137.370000,138.460000,509392
2025-08-14 04:15,138.470000,138.680000,138.330000,138.650000,51301
2025-08-14 04:30,138.640000,138.640000,138.000000,138.200000,111754
2025-08-14 04:45,138.200000,138.360000,138.000000,138.150000,59692
2025-08-14 05:00,138.150000,138.340000,138.040000,138.300000,35593
2025-08-14 05:15,138.320000,138.590000,138.310000,138.380000,40744
2025-08-14 05:30,138.380000,138.450000,138.150000,138.190000,33883
2025-08-14 05:45,138.180000,138.300000,138.110000,138.300000,36262
2025-08-14 06:00,138.300000,138.830000,138.150000,138.370000,215841
2025-08-14 06:15,138.360000,138.640000,138.360000,138.470000,63505
2025-08-14 06:30,138.500000,138.600000,138.300000,138.390000,50053
2025-08-14 06:45,138.400000,138.400000,138.180000,138.400000,82388
2025-08-14 07:00,138.400000,138.400000,137.580000,137.900000,318531
2025-08-14 07:15,137.890000,137.950000,137.560000,137.750000,268904
2025-08-14 07:30,137.760000,138.090000,137.550000,137.830000,161140
2025-08-14 07:45,137.830000,138.010000,137.610000,137.930000,206459
2025-08-14 08:00,137.930000,138.000000,137.670000,137.960000,92742
2025-08-14 08:15,137.960000,138.110000,137.600000,137.620000,159623
2025-08-14 08:30,137.630000,137.630000,137.210000,137.260000,346243
2025-08-14 08:45,137.250000,137.510000,137.160000,137.210000,325439
2025-08-14 09:00,137.200000,137.700000,137.160000,137.620000,222127
2025-08-14 09:15,137.610000,138.140000,137.580000,138.040000,337636
2025-08-14 09:30,138.030000,138.310000,137.840000,138.220000,244345
2025-08-14 09:45,138.220000,138.270000,137.760000,137.970000,210096
2025-08-14 10:00,137.960000,138.400000,137.850000,138.400000,178497
2025-08-14 10:15,138.390000,138.650000,138.310000,138.380000,226436
2025-08-14 10:30,138.390000,138.650000,138.200000,138.550000,115553
2025-08-14 10:45,138.560000,138.700000,138.350000,138.550000,90715
2025-08-14 11:00,138.550000,138.800000,138.340000,138.640000,148133
2025-08-14 11:15,138.640000,138.940000,138.520000,138.860000,183461
2025-08-14 11:30,138.860000,139.000000,138.710000,139.000000,159429
2025-08-14 11:45,138.990000,139.080000,138.800000,138.950000,126755
2025-08-14 12:00,138.940000,139.450000,138.940000,139.300000,280703
2025-08-14 12:15,139.310000,139.310000,139.050000,139.140000,141010
2025-08-14 12:30,139.150000,139.280000,139.010000,139.270000,98203
2025-08-14 12:45,139.280000,139.850000,139.280000,139.770000,314280
2025-08-14 13:00,139.770000,139.900000,139.550000,139.850000,182669
2025-08-14 13:15,139.850000,140.100000,139.800000,139.830000,332027
2025-08-14 13:30,139.840000,140.080000,139.620000,140.050000,250770
2025-08-14 13:45,140.050000,140.590000,140.010000,140.490000,443868
2025-08-14 14:00,140.510000,140.550000,139.300000,139.820000,651409
2025-08-14 14:15,139.820000,139.830000,139.090000,139.460000,362638
2025-08-14 14:30,139.440000,139.860000,139.400000,139.790000,134350
2025-08-14 14:45,139.770000,139.800000,139.280000,139.470000,116203
2025-08-14 15:00,139.470000,139.660000,139.180000,139.280000,106512
2025-08-14 15:15,139.270000,139.350000,139.080000,139.340000,129609
2025-08-14 15:30,139.320000,139.500000,139.300000,139.380000,35654
2025-08-14 15:45,139.480000,139.480000,139.480000,139.480000,15814
2025-08-14 16:00,139.380000,139.690000,139.190000,139.590000,101263
2025-08-14 16:15,139.560000,139.750000,139.120000,139.150000,156743
2025-08-14 16:30,139.150000,139.520000,139.120000,139.420000,56874
2025-08-14 16:45,139.420000,139.700000,139.410000,139.590000,70274
2025-08-14 17:00,139.620000,139.740000,139.550000,139.650000,35365
2025-08-14 17:15,139.650000,139.790000,139.630000,139.790000,71573
2025-08-14 17:30,139.780000,140.400000,139.780000,140.110000,233523
2025-08-14 17:45,140.110000,140.320000,139.920000,140.180000,84131
2025-08-14 18:00,140.190000,140.440000,140.190000,140.300000,84664
2025-08-14 18:15,140.320000,140.710000,140.220000,140.680000,217720
2025-08-14 18:30,140.680000,140.790000,140.180000,140.430000,153672
2025-08-14 18:45,140.430000,140.650000,140.400000,140.450000,70192
2025-08-14 19:00,140.430000,140.490000,140.270000,140.300000,53264
2025-08-14 19:15,140.290000,140.380000,140.040000,140.100000,98032
2025-08-14 19:30,140.100000,140.340000,140.030000,140.100000,37485
2025-08-14 19:45,140.100000,140.300000,140.100000,140.280000,16154
2025-08-14 20:00,140.250000,140.360000,140.180000,140.320000,29223
2025-08-14 20:15,140.310000,140.390000,140.290000,140.300000,22625
2025-08-14 20:30,140.300000,140.340000,140.030000,140.270000,38161
2025-08-14 20:45,140.260000,140.290000,140.110000,140.260000,25511
2025-08-15 03:45,140.400000,140.400000,140.400000,140.400000,3199
2025-08-15 04:00,140.400000,140.960000,140.310000,140.630000,164046
2025-08-15 04:15,140.630000,140.650000,140.210000,140.370000,57876
2025-08-15 04:30,140.360000,140.440000,140.230000,140.270000,36275
2025-08-15 04:45,140.280000,140.430000,140.220000,140.260000,50431
2025-08-15 05:00,140.260000,140.260000,139.730000,140.110000,94952
2025-08-15 05:15,140.110000,140.430000,140.110000,140.340000,38348
2025-08-15 05:30,140.380000,140.580000,140.320000,140.350000,34908
2025-08-15 05:45,140.340000,140.550000,140.260000,140.440000,33634
2025-08-15 06:00,140.440000,140.540000,140.220000,140.350000,51185
2025-08-15 06:15,140.320000,140.400000,140.110000,140.380000,33454
2025-08-15 06:30,140.380000,140.500000,140.350000,140.430000,34821
2025-08-15 06:45,140.440000,140.550000,140.150000,140.270000,57427
2025-08-15 07:00,140.260000,140.260000,139.670000,139.980000,313591
2025-08-15 07:15,139.970000,140.010000,139.770000,139.780000,109073
2025-08-15 07:30,139.770000,139.990000,139.720000,139.770000,86385
2025-08-15 07:45,139.770000,140.320000,139.730000,140.130000,109251
2025-08-15 08:00,140.130000,140.150000,140.000000,140.080000,37220
2025-08-15 08:15,140.070000,140.360000,140.030000,140.330000,48828
2025-08-15 08:30,140.320000,140.420000,140.130000,140.270000,85765
2025-08-15 08:45,140.300000,140.630000,140.300000,140.510000,209975
2025-08-15 09:00,140.500000,140.760000,140.350000,140.650000,122295
2025-08-15 09:15,140.640000,140.780000,140.610000,140.740000,92702
2025-08-15 09:30,140.740000,141.010000,140.700000,140.860000,250977
2025-08-15 09:45,140.860000,140.930000,140.600000,140.600000,157157
2025-08-15 10:00,140.600000,140.930000,140.380000,140.900000,109406
2025-08-15 10:15,140.890000,141.130000,140.790000,140.960000,274164
2025-08-15 10:30,140.970000,141.010000,140.610000,140.860000,100362
2025-08-15 10:45,140.860000,140.950000,140.780000,140.920000,71792
2025-08-15 11:00,140.920000,141.110000,140.840000,141.080000,163586
2025-08-15 11:15,141.080000,141.360000,140.700000,140.730000,327391
2025-08-15 11:30,140.780000,141.280000,140.700000,141.170000,103344
2025-08-15 11:45,141.170000,141.440000,141.000000,141.340000,144101
2025-08-15 12:00,141.330000,141.700000,141.320000,141.510000,381598
2025-08-15 12:15,141.520000,141.730000,140.780000,140.970000,444232
2025-08-15 12:30,140.970000,141.310000,140.710000,140.880000,272086
2025-08-15 12:45,140.870000,141.500000,140.870000,141.450000,270824
2025-08-15 13:00,141.430000,141.560000,141.310000,141.430000,170651
2025-08-15 13:15,141.460000,141.690000,141.340000,141.670000,188545
2025-08-15 13:30,141.670000,142.120000,141.550000,141.710000,525060
2025-08-15 13:45,141.700000,142.560000,141.700000,142.530000,444414
2025-08-15 14:00,142.520000,143.130000,142.390000,142.950000,629954
2025-08-15 14:15,142.940000,143.070000,142.530000,142.900000,440019
2025-08-15 14:30,142.920000,143.000000,142.360000,142.830000,207258
2025-08-15 14:45,142.830000,142.840000,142.450000,142.530000,141714
2025-08-15 15:00,142.530000,142.850000,142.400000,142.780000,176362
2025-08-15 15:15,142.790000,142.790000,142.370000,142.500000,105993
2025-08-15 15:30,142.490000,142.770000,142.490000,142.690000,54908
2025-08-15 15:45,142.910000,142.910000,142.910000,142.910000,30415
2025-08-15 16:00,142.910000,142.910000,142.500000,142.580000,81623
2025-08-15 16:15,142.580000,142.820000,142.500000,142.540000,80308
2025-08-15 16:30,142.540000,142.770000,142.540000,142.770000,37672
2025-08-15 16:45,142.770000,143.110000,142.750000,143.110000,284255
2025-08-15 17:00,143.100000,143.220000,142.700000,142.730000,185810
2025-08-15 17:15,142.750000,143.060000,142.730000,142.830000,99111
2025-08-15 17:30,142.830000,142.850000,142.550000,142.710000,85546
2025-08-15 17:45,142.670000,142.810000,142.370000,142.730000,229282
2025-08-15 18:00,142.730000,142.830000,142.650000,142.830000,48550
2025-08-15 18:15,142.830000,143.040000,142.760000,142.780000,83994
2025-08-15 18:30,142.790000,143.200000,142.770000,143.170000,141133
2025-08-15 18:45,143.170000,143.450000,143.000000,143.030000,246112
2025-08-15 19:00,143.020000,143.200000,142.800000,142.950000,161010
2025-08-15 19:15,142.950000,143.140000,142.780000,142.980000,195920
2025-08-15 19:30,142.980000,143.060000,141.760000,142.120000,596497
2025-08-15 19:45,142.140000,142.440000,141.900000,142.380000,229607
2025-08-15 20:00,142.380000,142.600000,142.200000,142.260000,209256
2025-08-15 20:15,142.260000,142.730000,142.110000,142.660000,142266
2025-08-15 20:30,142.660000,143.000000,142.400000,142.440000,287570
2025-08-15 20:45,142.430000,142.650000,142.130000,142.530000,201672
2025-08-15 23:00,143.460000,149.150000,135.770000,136.500000,421442
2025-08-15 23:15,136.950000,138.500000,136.320000,136.900000,128195
2025-08-15 23:30,136.890000,136.890000,135.770000,135.770000,205793
2025-08-15 23:45,136.000000,136.230000,135.770000,135.800000,109229
2025-08-16 00:00,135.800000,136.090000,135.770000,135.770000,75865
2025-08-16 00:15,135.770000,136.790000,135.770000,136.700000,43169
2025-08-16 00:30,136.700000,136.860000,136.330000,136.700000,8831
2025-08-16 00:45,136.700000,137.870000,136.700000,137.690000,55758
2025-08-16 01:00,137.670000,137.970000,137.190000,137.710000,30312
2025-08-16 01:15,137.800000,138.680000,137.700000,138.570000,116324
2025-08-16 01:30,138.570000,138.980000,138.410000,138.980000,50672
2025-08-16 01:45,138.970000,139.300000,138.690000,138.790000,34512
2025-08-16 02:00,138.790000,139.100000,138.620000,138.990000,22979
2025-08-16 02:15,138.990000,139.190000,138.700000,139.020000,18351
2025-08-16 02:30,139.000000,139.140000,138.620000,138.900000,14766
2025-08-16 02:45,138.880000,139.080000,138.650000,138.700000,11651
2025-08-16 03:00,138.700000,139.050000,138.100000,138.500000,24363
2025-08-16 03:15,138.400000,138.790000,138.300000,138.520000,5962
2025-08-16 03:30,138.550000,138.770000,138.160000,138.330000,25428
2025-08-16 03:45,138.480000,138.800000,138.320000,138.440000,12211
2025-08-16 04:00,138.440000,138.950000,138.350000,138.940000,22430
2025-08-16 04:15,138.730000,138.950000,138.580000,138.740000,14452
2025-08-16 04:30,138.700000,138.740000,138.420000,138.480000,17429
2025-08-16 04:45,138.480000,138.950000,138.430000,138.840000,18719
2025-08-16 05:00,138.900000,139.050000,138.600000,138.800000,20284
2025-08-16 05:15,138.800000,138.980000,138.640000,138.900000,7643
2025-08-16 05:30,138.800000,138.900000,138.610000,138.840000,18895
2025-08-16 05:45,138.840000,138.850000,138.350000,138.370000,11817
2025-08-16 06:00,138.380000,138.600000,138.310000,138.520000,18278
2025-08-16 06:15,138.520000,138.590000,138.290000,138.430000,24659
2025-08-16 06:30,138.430000,138.500000,138.270000,138.330000,4144
2025-08-16 06:45,138.140000,138.140000,138.140000,138.140000,86174
2025-08-16 07:00,138.140000,138.690000,138.140000,138.160000,1260208
2025-08-16 07:15,138.160000,138.850000,138.140000,138.570000,534597
2025-08-16 07:30,138.560000,138.670000,138.210000,138.300000,121226
2025-08-16 07:30,138.560000,138.670000,138.210000,138.300000,121226
2025-08-16 07:45,138.300000,138.560000,138.210000,138.320000,126071
2025-08-16 08:00,138.360000,138.400000,138.140000,138.140000,193704
2025-08-16 08:15,138.140000,138.140000,138.140000,138.140000,27322
2025-08-16 08:30,138.140000,138.140000,138.140000,138.140000,13565
2025-08-16 08:45,138.140000,138.140000,138.140000,138.140000,17964
2025-08-16 09:00,138.140000,138.140000,138.140000,138.140000,20132
2025-08-16 09:15,138.140000,138.140000,138.140000,138.140000,12803
2025-08-16 09:30,138.140000,138.140000,138.140000,138.140000,63180
2025-08-16 09:45,138.140000,138.140000,138.140000,138.140000,10112
2025-08-16 10:00,138.140000,138.140000,138.140000,138.140000,14175
2025-08-16 10:15,138.140000,138.140000,138.140000,138.140000,6341
2025-08-16 10:30,138.140000,138.140000,138.140000,138.140000,18060
2025-08-16 10:45,138.140000,138.140000,138.140000,138.140000,3767
2025-08-16 11:00,138.140000,138.140000,138.140000,138.140000,226147
2025-08-16 11:15,138.140000,138.140000,138.140000,138.140000,8283
2025-08-16 11:30,138.140000,138.140000,138.140000,138.140000,8661
2025-08-16 11:45,138.140000,138.140000,138.140000,138.140000,9628
2025-08-16 12:00,138.140000,138.140000,138.140000,138.140000,48775
2025-08-16 12:15,138.140000,138.140000,138.140000,138.140000,48652
2025-08-16 12:30,138.140000,138.140000,138.140000,138.140000,327356
2025-08-16 12:45,138.140000,138.260000,138.140000,138.140000,57320
2025-08-16 13:00,138.140000,138.230000,138.140000,138.190000,69886
2025-08-16 13:15,138.190000,138.340000,138.140000,138.160000,97032
2025-08-16 13:30,138.160000,138.330000,138.140000,138.290000,66421
2025-08-16 13:45,138.270000,138.290000,138.150000,138.160000,41822
2025-08-16 14:00,138.150000,138.180000,138.140000,138.140000,49806
2025-08-16 14:15,138.140000,138.170000,138.140000,138.140000,11116
2025-08-16 14:30,138.140000,138.140000,138.140000,138.140000,16504
2025-08-16 14:45,138.140000,138.140000,138.140000,138.140000,7355
2025-08-16 15:00,138.140000,138.140000,138.140000,138.140000,2793
2025-08-16 15:15,138.140000,138.140000,138.140000,138.140000,34231
2025-08-16 15:30,138.140000,138.140000,138.140000,138.140000,36484
2025-08-16 15:45,138.140000,138.140000,138.140000,138.140000,11867
2025-08-16 16:00,137.500000,139.510000,137.010000,138.180000,43584
2025-08-16 16:15,138.160000,138.200000,138.000000,138.070000,6704
2025-08-16 16:30,138.070000,138.140000,138.000000,138.000000,5258
2025-08-16 16:45,138.100000,138.100000,137.810000,137.810000,22057
2025-08-16 17:00,137.990000,138.000000,137.800000,137.830000,2470
2025-08-16 17:15,137.830000,137.830000,137.700000,137.700000,7854
2025-08-16 17:30,137.810000,137.810000,137.200000,137.300000,37423
2025-08-16 17:45,137.210000,137.350000,137.070000,137.220000,37551
2025-08-16 18:00,137.220000,137.590000,137.220000,137.490000,20734
2025-08-16 18:15,137.400000,137.800000,137.400000,137.760000,7865
2025-08-16 18:30,137.760000,137.800000,137.380000,137.790000,8896
2025-08-16 18:45,137.790000,137.860000,137.580000,137.720000,22353
2025-08-16 19:00,137.720000,137.900000,137.560000,137.820000,8806
2025-08-16 19:15,137.810000,137.880000,137.580000,137.870000,1824
2025-08-16 19:30,137.730000,137.870000,137.560000,137.710000,1827
2025-08-16 19:45,137.810000,137.850000,137.700000,137.800000,8170
2025-08-16 20:00,137.800000,137.800000,137.640000,137.650000,2201
2025-08-16 20:15,137.750000,137.800000,137.590000,137.600000,5355
2025-08-16 20:30,137.790000,137.790000,137.560000,137.620000,847
2025-08-16 20:45,137.610000,137.760000,137.600000,137.600000,2194
2025-08-16 23:00,137.450000,138.190000,137.440000,137.710000,1386
2025-08-16 23:15,137.840000,138.000000,137.840000,138.000000,652
2025-08-16 23:30,137.990000,137.990000,137.840000,137.970000,297
2025-08-16 23:45,137.970000,137.970000,137.840000,137.850000,872
2025-08-17 00:00,137.850000,137.960000,137.850000,137.930000,87
2025-08-17 00:15,137.880000,137.950000,137.850000,137.950000,519
2025-08-17 00:30,137.850000,137.930000,137.840000,137.930000,106
2025-08-17 00:45,137.840000,137.930000,137.840000,137.920000,1276
2025-08-17 01:00,137.930000,137.930000,137.920000,137.920000,10
2025-08-17 01:15,137.930000,137.930000,137.850000,137.850000,185
2025-08-17 01:30,137.850000,137.930000,137.850000,137.850000,84
2025-08-17 01:45,137.930000,137.930000,137.850000,137.850000,30
2025-08-17 02:00,137.850000,137.920000,137.850000,137.920000,394
2025-08-17 02:15,137.920000,137.920000,137.840000,137.840000,624
2025-08-17 02:30,137.840000,137.850000,137.840000,137.840000,12
2025-08-17 02:45,137.850000,137.890000,137.840000,137.850000,26
2025-08-17 03:00,137.840000,137.850000,137.670000,137.840000,987
2025-08-17 03:15,137.680000,137.840000,137.680000,137.700000,823
2025-08-17 03:30,137.710000,137.840000,137.690000,137.700000,503
2025-08-17 03:45,137.840000,137.850000,137.660000,137.850000,1392
2025-08-17 04:00,137.850000,137.850000,137.710000,137.830000,621
2025-08-17 04:15,137.830000,137.840000,137.700000,137.840000,1506
2025-08-17 04:30,137.730000,137.840000,137.690000,137.710000,1561
2025-08-17 04:45,137.720000,137.800000,137.710000,137.710000,239
2025-08-17 05:00,137.770000,137.840000,137.710000,137.840000,1576
2025-08-17 05:15,137.740000,137.840000,137.570000,137.650000,10474
2025-08-17 05:30,137.660000,137.880000,137.660000,137.880000,1186
2025-08-17 05:45,137.730000,137.880000,137.700000,137.730000,771
2025-08-17 06:00,137.870000,137.880000,137.730000,137.870000,312
2025-08-17 06:15,137.760000,137.900000,137.740000,137.800000,957
2025-08-17 06:30,137.800000,137.930000,137.800000,137.850000,329
2025-08-17 06:45,138.140000,138.140000,138.140000,138.140000,6567
2025-08-17 07:00,138.140000,138.140000,138.140000,138.140000,16824
2025-08-17 07:15,138.140000,138.140000,138.140000,138.140000,5727
2025-08-17 07:30,138.140000,138.140000,138.140000,138.140000,6975
2025-08-17 07:45,138.140000,138.140000,138.140000,138.140000,1608
2025-08-17 08:00,138.140000,138.140000,138.140000,138.140000,2690
2025-08-17 08:15,138.140000,138.140000,138.140000,138.140000,9112
2025-08-17 08:30,138.140000,138.140000,138.140000,138.140000,1165
2025-08-17 08:45,138.140000,138.140000,138.140000,138.140000,636
2025-08-17 09:00,138.140000,138.140000,138.140000,138.140000,1143
2025-08-17 09:15,138.140000,138.140000,138.140000,138.140000,3807
2025-08-17 09:30,138.140000,138.140000,138.140000,138.140000,3594
2025-08-17 09:45,138.140000,138.140000,138.140000,138.140000,2361
2025-08-17 10:00,138.140000,138.140000,138.140000,138.140000,7901
2025-08-17 10:15,138.140000,138.140000,138.140000,138.140000,1018
2025-08-17 10:30,138.140000,138.140000,138.140000,138.140000,480
2025-08-17 10:45,138.140000,138.140000,138.140000,138.140000,1468
2025-08-17 11:00,138.140000,138.140000,138.140000,138.140000,16667
2025-08-17 11:15,138.140000,138.140000,138.140000,138.140000,2783
2025-08-17 11:30,138.140000,138.140000,138.140000,138.140000,846
2025-08-17 11:45,138.140000,138.140000,138.140000,138.140000,494
2025-08-17 12:00,138.140000,138.140000,138.140000,138.140000,6388
2025-08-17 12:15,138.140000,138.140000,138.140000,138.140000,2293
2025-08-17 12:30,138.140000,138.140000,138.140000,138.140000,377
2025-08-17 12:45,138.140000,138.140000,138.140000,138.140000,1829
2025-08-17 13:00,138.140000,138.140000,138.140000,138.140000,1542
2025-08-17 13:15,138.140000,138.140000,138.140000,138.140000,4744
2025-08-17 13:30,138.140000,138.140000,138.140000,138.140000,7289
2025-08-17 13:45,138.140000,138.140000,138.140000,138.140000,2314
2025-08-17 14:00,138.140000,138.140000,138.140000,138.140000,25253
2025-08-17 14:15,138.140000,138.140000,138.140000,138.140000,5660
2025-08-17 14:30,138.140000,138.140000,138.140000,138.140000,3101
2025-08-17 14:45,138.140000,138.140000,138.140000,138.140000,4104
2025-08-17 15:00,138.140000,138.140000,138.140000,138.140000,2032
2025-08-17 15:15,138.140000,138.140000,138.140000,138.140000,2754
2025-08-17 15:30,138.140000,138.140000,138.140000,138.140000,3827
2025-08-17 15:45,138.140000,138.140000,138.140000,138.140000,8139
2025-08-17 16:00,137.500000,137.700000,136.640000,137.700000,11220
2025-08-17 16:15,137.700000,138.120000,137.360000,137.760000,51298
2025-08-17 16:30,137.760000,137.840000,137.340000,137.420000,18758
2025-08-17 16:45,137.440000,137.800000,137.420000,137.430000,4136
2025-08-17 17:00,137.430000,137.590000,137.380000,137.380000,5007
2025-08-17 17:15,137.380000,137.590000,137.230000,137.240000,4025
2025-08-17 17:30,137.300000,137.580000,137.100000,137.380000,8289
2025-08-17 17:45,137.380000,137.410000,137.100000,137.130000,7751
2025-08-17 18:00,137.350000,137.360000,137.140000,137.170000,2936
2025-08-17 18:15,137.320000,137.360000,137.100000,137.300000,3211
2025-08-17 18:30,137.300000,137.390000,137.020000,137.100000,3677
2025-08-17 18:45,137.090000,137.350000,137.060000,137.090000,3810
2025-08-17 19:00,137.100000,137.560000,137.090000,137.540000,5477
2025-08-17 19:15,137.420000,137.610000,137.420000,137.610000,7441
2025-08-17 19:30,137.600000,137.700000,137.420000,137.500000,1416
2025-08-17 19:45,137.500000,137.500000,137.250000,137.370000,1689
2025-08-17 20:00,137.350000,137.370000,137.170000,137.220000,4006
2025-08-17 20:15,137.370000,137.660000,137.170000,137.190000,2136
2025-08-17 20:30,137.190000,137.500000,137.170000,137.220000,2137
2025-08-17 20:45,137.230000,137.290000,137.060000,137.060000,5947
2025-08-18 03:45,136.400000,136.400000,136.400000,136.400000,37257
2025-08-18 04:00,136.410000,137.870000,135.690000,137.620000,849813
2025-08-18 04:15,137.640000,137.940000,137.400000,137.770000,138163
2025-08-18 04:30,137.770000,138.140000,137.770000,138.050000,177075
2025-08-18 04:45,138.040000,138.430000,137.820000,138.220000,203878
2025-08-18 05:00,138.200000,138.870000,138.200000,138.750000,317873
2025-08-18 05:15,138.750000,138.770000,138.490000,138.490000,190061
2025-08-18 05:30,138.500000,138.590000,138.320000,138.560000,75281
2025-08-18 05:45,138.560000,138.570000,138.290000,138.500000,118098
2025-08-18 06:00,138.500000,138.510000,137.670000,137.810000,543452
2025-08-18 06:15,137.840000,138.000000,137.710000,137.800000,150437
2025-08-18 06:30,137.800000,137.860000,137.260000,137.500000,346693
2025-08-18 06:45,137.510000,137.930000,137.500000,137.690000,200106
2025-08-18 07:00,137.700000,137.700000,136.940000,137.160000,529212
2025-08-18 07:15,137.160000,137.390000,136.820000,137.320000,287430
2025-08-18 07:30,137.320000,137.440000,137.100000,137.280000,224219
2025-08-18 07:45,137.280000,137.720000,136.890000,137.580000,324925
2025-08-18 08:00,137.570000,137.680000,137.320000,137.350000,106881
2025-08-18 08:15,137.350000,137.490000,137.160000,137.300000,145659
2025-08-18 08:30,137.300000,137.890000,137.220000,137.750000,390080
2025-08-18 08:45,137.750000,138.070000,137.700000,137.990000,154886
2025-08-18 09:00,138.000000,138.270000,137.820000,138.160000,212474
2025-08-18 09:15,138.160000,138.500000,138.060000,138.080000,233103
2025-08-18 09:30,138.080000,138.220000,138.080000,138.170000,39347
2025-08-18 09:45,138.180000,138.370000,138.100000,138.130000,112972
2025-08-18 10:00,138.130000,138.200000,137.910000,137.990000,82193
2025-08-18 10:15,137.990000,138.040000,137.780000,137.780000,43544
2025-08-18 10:30,137.790000,137.940000,137.580000,137.640000,80251
2025-08-18 10:45,137.630000,137.900000,137.610000,137.890000,59378
2025-08-18 11:00,137.900000,138.010000,137.730000,137.740000,77131
2025-08-18 11:15,137.740000,137.880000,137.440000,137.440000,61565
2025-08-18 11:30,137.440000,137.710000,137.290000,137.590000,104510
2025-08-18 11:45,137.590000,137.830000,137.580000,137.790000,49224
2025-08-18 12:00,137.790000,138.110000,137.650000,138.080000,101194
2025-08-18 12:15,138.080000,138.120000,138.040000,138.050000,69757
2025-08-18 12:30,138.040000,138.300000,137.830000,138.300000,98921
2025-08-18 12:45,138.290000,138.770000,138.290000,138.580000,270634
2025-08-18 13:00,138.580000,138.940000,138.500000,138.940000,152920
2025-08-18 13:15,138.930000,139.000000,138.390000,138.500000,186113
2025-08-18 13:30,138.520000,138.560000,138.250000,138.340000,65404
2025-08-18 13:45,138.330000,138.470000,138.120000,138.160000,61775
2025-08-18 14:00,138.160000,138.450000,137.860000,138.290000,230625
2025-08-18 14:15,138.290000,138.380000,138.080000,138.140000,73649
2025-08-18 14:30,138.130000,138.150000,137.530000,137.590000,175702
2025-08-18 14:45,137.590000,137.750000,137.370000,137.510000,163045
2025-08-18 15:00,137.530000,137.710000,137.450000,137.650000,68983
2025-08-18 15:15,137.650000,137.790000,137.600000,137.620000,44148
2025-08-18 15:30,137.610000,137.620000,137.080000,137.320000,198536
2025-08-18 15:45,137.670000,137.670000,137.670000,137.670000,51557
2025-08-18 16:00,137.410000,137.550000,137.220000,137.230000,79546
2025-08-18 16:15,137.230000,137.450000,137.080000,137.350000,72031
2025-08-18 16:30,137.340000,138.200000,137.330000,137.920000,269683
2025-08-18 16:45,137.910000,138.000000,137.060000,137.450000,143642
2025-08-18 17:00,137.460000,137.590000,137.310000,137.590000,59356
2025-08-18 17:15,137.580000,138.440000,137.450000,138.200000,337034
2025-08-18 17:30,138.200000,138.350000,137.600000,138.110000,179177
2025-08-18 17:45,138.100000,138.110000,137.540000,137.900000,107994
2025-08-18 18:00,137.920000,138.120000,137.860000,137.970000,45100
2025-08-18 18:15,138.000000,138.000000,137.570000,137.690000,60828
2025-08-18 18:30,137.720000,137.930000,137.700000,137.860000,27901
2025-08-18 18:45,137.850000,140.300000,137.710000,139.810000,1182685
2025-08-18 19:00,139.830000,141.980000,138.530000,139.810000,2068221
2025-08-18 19:15,139.820000,140.060000,138.650000,139.300000,824925
2025-08-18 19:30,139.300000,139.590000,139.090000,139.380000,243379
2025-08-18 19:45,139.390000,139.960000,139.200000,139.370000,269952
2025-08-18 20:00,139.350000,139.700000,139.310000,139.610000,140106
2025-08-18 20:15,139.610000,139.610000,139.200000,139.230000,88059
2025-08-18 20:30,139.240000,139.970000,139.150000,139.600000,237633
2025-08-18 20:45,139.600000,139.640000,139.350000,139.500000,76049
2025-08-19 03:45,140.500000,140.500000,140.500000,140.500000,56780
2025-08-19 04:00,140.510000,140.700000,139.410000,139.680000,666299
2025-08-19 04:15,139.680000,140.270000,139.470000,140.230000,182310
2025-08-19 04:30,140.250000,140.800000,140.000000,140.730000,166578
2025-08-19 04:45,140.730000,140.730000,140.050000,140.110000,122697
2025-08-19 05:00,140.110000,140.200000,139.910000,140.090000,94127
2025-08-19 05:15,140.090000,140.100000,139.910000,140.080000,53871
2025-08-19 05:30,140.090000,140.120000,139.830000,140.000000,47965
2025-08-19 05:45,140.000000,140.400000,140.000000,140.030000,56051
2025-08-19 06:00,140.030000,140.500000,139.950000,140.300000,189126
2025-08-19 06:15,140.300000,140.400000,140.140000,140.160000,94635
2025-08-19 06:30,140.180000,140.310000,140.170000,140.240000,36806
2025-08-19 06:45,140.250000,140.750000,140.240000,140.340000,186380
2025-08-19 07:00,140.320000,140.700000,140.260000,140.340000,306305
2025-08-19 07:15,140.340000,140.470000,139.860000,139.870000,233256
2025-08-19 07:30,139.870000,140.170000,139.720000,140.120000,240076
2025-08-19 07:45,140.120000,140.150000,139.900000,140.000000,70100
2025-08-19 08:00,139.990000,140.100000,139.660000,139.710000,132933
2025-08-19 08:15,139.710000,140.000000,139.620000,139.850000,106182
2025-08-19 08:30,139.840000,140.220000,139.830000,140.020000,96516
2025-08-19 08:45,140.020000,140.070000,139.880000,139.890000,74367
2025-08-19 09:00,139.890000,140.100000,139.810000,140.000000,113033
2025-08-19 09:15,139.970000,140.550000,139.950000,140.120000,256602
2025-08-19 09:30,140.110000,140.130000,139.630000,139.880000,151643
2025-08-19 09:45,139.880000,139.960000,139.150000,139.340000,330047
2025-08-19 10:00,139.320000,139.710000,139.230000,139.600000,112272
2025-08-19 10:15,139.600000,139.680000,139.220000,139.350000,94549
2025-08-19 10:30,139.310000,139.500000,139.130000,139.130000,78119
2025-08-19 10:45,139.120000,139.440000,138.810000,139.360000,203832
2025-08-19 11:00,139.370000,139.680000,139.350000,139.640000,134034
2025-08-19 11:15,139.640000,139.900000,139.580000,139.770000,108476
2025-08-19 11:30,139.750000,139.950000,139.710000,139.780000,80317
2025-08-19 11:45,139.790000,140.110000,139.680000,140.000000,192442
2025-08-19 12:00,140.000000,140.110000,139.300000,139.310000,328690
2025-08-19 12:15,139.310000,139.570000,139.210000,139.410000,212809
2025-08-19 12:30,139.410000,139.660000,139.400000,139.480000,119801
2025-08-19 12:45,139.490000,139.550000,138.930000,139.130000,190815
2025-08-19 13:00,139.110000,139.260000,138.800000,139.160000,226598
2025-08-19 13:15,139.150000,139.380000,139.130000,139.240000,37979
2025-08-19 13:30,139.240000,139.350000,139.210000,139.250000,29472
2025-08-19 13:45,139.250000,139.570000,139.240000,139.460000,97147
2025-08-19 14:00,139.480000,139.600000,139.000000,139.040000,112869
2025-08-19 14:15,139.030000,139.270000,138.880000,139.030000,148815
2025-08-19 14:30,139.030000,139.190000,138.900000,139.130000,60667
2025-08-19 14:45,139.130000,139.340000,138.880000,138.940000,121479
2025-08-19 15:00,138.950000,139.000000,138.220000,138.280000,449691
2025-08-19 15:15,138.260000,138.280000,137.720000,137.900000,688947
2025-08-19 15:30,137.910000,138.050000,137.350000,137.480000,238290
2025-08-19 15:45,137.770000,137.770000,137.770000,137.770000,43774
2025-08-19 16:00,137.500000,137.700000,137.320000,137.480000,189970
2025-08-19 16:15,137.480000,138.050000,137.400000,137.940000,131562
2025-08-19 16:30,137.980000,137.980000,137.660000,137.810000,50008
2025-08-19 16:45,137.800000,137.890000,137.650000,137.830000,35725
2025-08-19 17:00,137.830000,137.830000,136.880000,137.100000,335817
2025-08-19 17:15,137.100000,137.900000,137.010000,137.890000,192186
2025-08-19 17:30,137.890000,138.540000,137.890000,138.250000,323266
2025-08-19 17:45,138.240000,138.750000,138.070000,138.310000,158033
2025-08-19 18:00,138.310000,138.640000,138.180000,138.610000,111198
2025-08-19 18:15,138.610000,138.620000,138.330000,138.370000,75213
2025-08-19 18:30,138.360000,138.400000,137.940000,138.030000,92992
2025-08-19 18:45,138.010000,138.180000,138.000000,138.180000,26196
2025-08-19 19:00,138.180000,138.300000,138.120000,138.130000,30179
2025-08-19 19:15,138.120000,138.310000,138.120000,138.250000,37711
2025-08-19 19:30,138.250000,138.420000,138.250000,138.300000,29071
2025-08-19 19:45,138.300000,138.480000,138.260000,138.420000,22957
2025-08-19 20:00,138.420000,138.430000,138.060000,138.070000,41454
2025-08-19 20:15,138.080000,138.260000,138.080000,138.140000,20161
2025-08-19 20:30,138.150000,138.170000,137.850000,137.900000,62408
2025-08-19 20:45,137.900000,138.400000,137.800000,137.810000,45817
2025-08-20 03:45,137.820000,137.820000,137.820000,137.820000,1103
2025-08-20 04:00,137.820000,138.250000,137.810000,138.140000,70754
2025-08-20 04:15,138.150000,138.300000,138.110000,138.240000,27922
2025-08-20 04:30,138.250000,138.290000,137.870000,137.910000,32650
2025-08-20 04:45,137.900000,138.090000,137.840000,138.050000,33854
2025-08-20 05:00,138.050000,138.160000,137.900000,137.940000,13644
2025-08-20 05:15,137.950000,138.060000,137.840000,137.850000,15486
2025-08-20 05:30,137.840000,138.000000,137.820000,137.990000,22997
2025-08-20 05:45,138.000000,138.000000,137.710000,137.760000,25270
2025-08-20 06:00,137.770000,138.260000,137.410000,138.150000,137929
2025-08-20 06:15,138.150000,138.350000,138.050000,138.210000,33426
2025-08-20 06:30,138.210000,138.230000,138.140000,138.140000,15674
2025-08-20 06:45,138.140000,138.440000,138.020000,138.390000,73432
2025-08-20 07:00,138.390000,138.400000,137.920000,137.970000,151566
2025-08-20 07:15,137.970000,138.140000,137.730000,137.790000,69896
2025-08-20 07:30,137.790000,137.890000,137.650000,137.740000,123968
2025-08-20 07:45,137.740000,137.900000,137.590000,137.640000,61376
2025-08-20 08:00,137.600000,137.640000,137.170000,137.450000,151336
2025-08-20 08:15,137.460000,137.820000,137.150000,137.260000,278358
2025-08-20 08:30,137.250000,137.630000,137.200000,137.500000,92130
2025-08-20 08:45,137.500000,137.500000,137.350000,137.500000,31409
2025-08-20 09:00,137.500000,137.590000,137.040000,137.190000,255599
2025-08-20 09:15,137.190000,137.400000,137.010000,137.270000,180946
2025-08-20 09:30,137.280000,137.280000,136.970000,137.160000,132296
2025-08-20 09:45,137.150000,137.250000,136.880000,136.890000,97948
2025-08-20 10:00,136.880000,137.440000,136.800000,137.340000,147558
2025-08-20 10:15,137.320000,137.320000,137.060000,137.150000,43303
2025-08-20 10:30,137.140000,137.460000,137.070000,137.120000,54867
2025-08-20 10:45,137.120000,137.160000,136.860000,136.970000,119345
2025-08-20 11:00,136.970000,137.170000,136.600000,136.750000,228972
2025-08-20 11:15,136.750000,137.050000,136.560000,136.690000,175486
2025-08-20 11:30,136.680000,136.700000,136.300000,136.340000,455500
2025-08-20 11:45,136.330000,136.580000,136.140000,136.450000,292355
2025-08-20 12:00,136.450000,136.450000,136.100000,136.120000,150851
2025-08-20 12:15,136.110000,136.300000,135.890000,136.140000,373350
2025-08-20 12:30,136.130000,136.300000,136.000000,136.280000,134632
2025-08-20 12:45,136.250000,136.410000,136.140000,136.400000,100863
2025-08-20 13:00,136.400000,136.450000,136.010000,136.040000,116577
2025-08-20 13:15,136.030000,136.210000,135.950000,135.960000,98390
2025-08-20 13:30,135.950000,135.960000,135.150000,135.560000,593755
2025-08-20 13:45,135.550000,135.590000,134.700000,135.100000,529008
2025-08-20 14:00,135.080000,135.250000,134.850000,135.240000,325887
2025-08-20 14:15,135.240000,135.390000,135.090000,135.200000,219067
2025-08-20 14:30,135.200000,135.400000,135.190000,135.400000,57587
2025-08-20 14:45,135.400000,135.400000,135.070000,135.080000,69445
2025-08-20 15:00,135.080000,135.460000,134.910000,135.430000,149339
2025-08-20 15:15,135.430000,135.530000,135.220000,135.220000,81128
2025-08-20 15:30,135.230000,135.460000,135.210000,135.420000,45470
2025-08-20 15:45,135.470000,135.470000,135.470000,135.470000,17250
2025-08-20 16:00,135.470000,135.480000,135.110000,135.210000,52364
2025-08-20 16:15,135.200000,135.200000,135.010000,135.160000,92124
2025-08-20 16:30,135.160000,135.370000,134.900000,135.000000,99719
2025-08-20 16:45,135.010000,135.050000,134.790000,135.050000,251361
2025-08-20 17:00,135.050000,135.140000,134.850000,135.060000,70819
2025-08-20 17:15,135.050000,135.150000,135.030000,135.110000,23142
2025-08-20 17:30,135.110000,135.280000,135.080000,135.140000,33593
2025-08-20 17:45,135.130000,135.140000,135.000000,135.000000,23732
2025-08-20 18:00,135.010000,135.110000,134.950000,135.110000,41567
2025-08-20 18:15,135.110000,135.210000,135.020000,135.130000,28083
2025-08-20 18:30,135.130000,135.190000,135.100000,135.180000,13128
2025-08-20 18:45,135.180000,135.380000,135.040000,135.250000,49729
2025-08-20 19:00,135.240000,135.310000,135.230000,135.260000,9290
2025-08-20 19:15,135.250000,135.390000,135.230000,135.380000,23620
2025-08-20 19:30,135.380000,135.400000,135.290000,135.340000,12603
2025-08-20 19:45,135.370000,135.390000,135.250000,135.280000,13874
2025-08-20 20:00,135.260000,135.300000,135.250000,135.270000,11501
2025-08-20 20:15,135.280000,135.280000,135.150000,135.150000,26057
2025-08-20 20:30,135.150000,135.290000,135.140000,135.210000,20013
2025-08-20 20:45,135.210000,135.380000,135.210000,135.310000,21618
2025-08-21 03:45,135.210000,135.210000,135.210000,135.210000,1546
2025-08-21 04:00,135.260000,135.480000,134.940000,134.940000,53788
2025-08-21 04:15,134.950000,135.140000,134.940000,135.120000,20259
2025-08-21 04:30,135.120000,135.120000,135.030000,135.080000,21718
2025-08-21 04:45,135.080000,135.330000,135.030000,135.210000,38093
2025-08-21 05:00,135.210000,135.210000,134.340000,134.430000,157183
2025-08-21 05:15,134.430000,134.920000,134.370000,134.920000,89589
2025-08-21 05:30,134.920000,134.960000,134.650000,134.740000,43242
2025-08-21 05:45,134.750000,134.800000,134.610000,134.780000,46725
2025-08-21 06:00,134.780000,135.190000,134.770000,135.020000,111568
2025-08-21 06:15,135.030000,135.170000,134.940000,135.100000,19571
2025-08-21 06:30,135.110000,135.300000,135.010000,135.060000,25242
2025-08-21 06:45,135.070000,135.070000,134.690000,134.690000,75322
2025-08-21 07:00,134.690000,134.840000,134.270000,134.690000,223226
2025-08-21 07:15,134.690000,134.760000,134.120000,134.190000,255708
2025-08-21 07:30,134.190000,134.410000,133.770000,133.900000,322468
2025-08-21 07:45,133.900000,134.170000,133.830000,133.980000,129966
2025-08-21 08:00,133.980000,133.990000,133.540000,133.620000,306983
2025-08-21 08:15,133.610000,133.880000,133.500000,133.880000,250889
2025-08-21 08:30,133.870000,133.880000,133.570000,133.710000,178032
2025-08-21 08:45,133.720000,133.850000,133.280000,133.440000,246743
2025-08-21 09:00,133.450000,133.790000,133.110000,133.780000,261601
2025-08-21 09:15,133.770000,133.790000,133.710000,133.730000,117416
2025-08-21 09:30,133.740000,134.180000,133.660000,134.100000,160919
2025-08-21 09:45,134.110000,134.390000,134.100000,134.220000,208330
2025-08-21 10:00,134.220000,134.320000,133.930000,133.990000,116754
2025-08-21 10:15,134.000000,134.080000,132.680000,133.230000,682074
2025-08-21 10:30,133.240000,133.500000,133.200000,133.370000,141545
2025-08-21 10:45,133.390000,133.400000,133.060000,133.280000,103907
2025-08-21 11:00,133.270000,134.740000,133.050000,134.720000,623983
2025-08-21 11:15,134.720000,135.100000,134.320000,134.530000,328566
2025-08-21 11:30,134.530000,134.700000,133.810000,133.900000,193997
2025-08-21 11:45,133.910000,134.380000,133.910000,134.250000,69663
2025-08-21 12:00,134.240000,134.520000,134.130000,134.230000,71108
2025-08-21 12:15,134.230000,134.400000,134.000000,134.070000,44816
2025-08-21 12:30,134.060000,134.410000,134.000000,134.260000,59209
2025-08-21 12:45,134.260000,134.330000,134.040000,134.280000,39632
2025-08-21 13:00,134.280000,134.290000,133.400000,133.490000,185312
2025-08-21 13:15,133.480000,133.610000,133.350000,133.370000,129832
2025-08-21 13:30,133.380000,133.460000,132.810000,133.040000,274291
2025-08-21 13:45,133.060000,133.120000,132.580000,132.760000,288500
2025-08-21 14:00,132.760000,132.930000,132.210000,132.390000,415933
2025-08-21 14:15,132.390000,132.570000,132.010000,132.080000,674953
2025-08-21 14:30,132.100000,132.340000,132.000000,132.010000,253289
2025-08-21 14:45,132.010000,132.080000,131.500000,131.670000,458871
2025-08-21 15:00,131.670000,132.000000,131.000000,131.060000,516623
2025-08-21 15:15,131.060000,131.400000,130.770000,131.030000,571975
2025-08-21 15:30,131.040000,131.040000,130.350000,130.680000,408676
2025-08-21 15:45,130.770000,130.770000,130.770000,130.770000,27339
2025-08-21 16:00,130.790000,130.980000,130.550000,130.780000,186928
2025-08-21 16:15,130.780000,131.190000,130.460000,131.190000,269704
2025-08-21 16:30,131.190000,131.310000,131.040000,131.160000,123363
2025-08-21 16:45,131.170000,131.250000,130.800000,130.980000,100160
2025-08-21 17:00,130.980000,131.230000,130.650000,130.880000,86967
2025-08-21 17:15,130.900000,131.300000,130.900000,131.100000,78017
2025-08-21 17:30,131.110000,131.290000,131.080000,131.270000,49820
2025-08-21 17:45,131.270000,131.320000,131.150000,131.320000,48312
2025-08-21 18:00,131.330000,131.350000,130.950000,131.120000,39297
2025-08-21 18:15,131.120000,131.200000,130.990000,131.020000,39672
2025-08-21 18:30,131.030000,131.030000,130.550000,130.640000,81745
2025-08-21 18:45,130.640000,130.830000,130.610000,130.750000,74664
2025-08-21 19:00,130.780000,130.920000,130.780000,130.820000,27689
2025-08-21 19:15,130.810000,131.010000,130.600000,130.630000,78396
2025-08-21 19:30,130.630000,130.680000,130.400000,130.500000,118231
2025-08-21 19:45,130.500000,130.530000,130.340000,130.460000,90414
2025-08-21 20:00,130.460000,130.740000,130.440000,130.670000,31159
2025-08-21 20:15,130.670000,130.740000,130.490000,130.740000,61265
2025-08-21 20:30,130.730000,131.070000,130.730000,130.930000,87470
2025-08-21 20:45,130.930000,131.140000,130.900000,131.130000,35482
2025-08-22 03:45,131.150000,131.150000,131.150000,131.150000,1936
2025-08-22 04:00,131.180000,131.410000,130.840000,131.100000,96025
2025-08-22 04:15,131.080000,131.230000,130.750000,131.020000,38439
2025-08-22 04:30,131.030000,131.040000,130.610000,130.680000,24088
2025-08-22 04:45,130.670000,130.800000,130.380000,130.490000,50090
2025-08-22 05:00,130.490000,130.900000,130.420000,130.870000,62991
2025-08-22 05:15,130.860000,130.900000,130.540000,130.880000,32261
2025-08-22 05:30,130.880000,130.900000,130.800000,130.810000,21280
2025-08-22 05:45,130.820000,130.980000,130.810000,130.900000,17752
2025-08-22 06:00,130.900000,131.850000,130.890000,131.490000,219103
2025-08-22 06:15,131.490000,131.790000,131.430000,131.500000,80710
2025-08-22 06:30,131.490000,131.500000,130.930000,131.040000,120572
2025-08-22 06:45,131.040000,131.300000,131.020000,131.260000,92277
2025-08-22 07:00,131.240000,131.650000,131.130000,131.200000,252755
2025-08-22 07:15,131.200000,131.590000,131.020000,131.500000,117156
2025-08-22 07:30,131.490000,131.500000,130.770000,131.010000,151219
2025-08-22 07:45,131.010000,131.180000,130.650000,130.930000,109497
2025-08-22 08:00,130.930000,131.340000,130.840000,131.130000,133621
2025-08-22 08:15,131.120000,131.260000,130.900000,130.940000,81357
2025-08-22 08:30,130.940000,131.040000,130.830000,130.850000,159682
2025-08-22 08:45,130.850000,131.000000,130.760000,130.860000,68577
2025-08-22 09:00,130.860000,131.240000,130.710000,130.810000,177440
2025-08-22 09:15,130.800000,131.550000,130.800000,131.390000,183770
2025-08-22 09:30,131.390000,131.500000,131.130000,131.350000,78897
2025-08-22 09:45,131.350000,131.360000,131.010000,131.030000,65481
2025-08-22 10:00,131.020000,131.170000,131.010000,131.110000,49210
2025-08-22 10:15,131.110000,131.780000,131.100000,131.780000,144286
2025-08-22 10:30,131.780000,131.780000,131.470000,131.660000,105728
2025-08-22 10:45,131.660000,132.180000,131.660000,131.990000,278828
2025-08-22 11:00,132.050000,132.470000,131.900000,131.940000,295003
2025-08-22 11:15,131.900000,132.210000,131.780000,131.890000,121601
2025-08-22 11:30,131.900000,132.730000,131.890000,132.370000,278974
2025-08-22 11:45,132.370000,132.490000,132.010000,132.340000,154597
2025-08-22 12:00,132.340000,132.430000,131.710000,131.770000,147060
2025-08-22 12:15,131.780000,132.120000,131.770000,132.070000,84184
2025-08-22 12:30,132.080000,132.470000,132.080000,132.320000,164380
2025-08-22 12:45,132.310000,132.480000,131.610000,131.630000,130662
2025-08-22 13:00,131.640000,132.040000,131.640000,131.810000,160809
2025-08-22 13:15,131.800000,131.870000,131.620000,131.630000,123531
2025-08-22 13:30,131.620000,131.870000,131.620000,131.800000,64475
2025-08-22 13:45,131.810000,132.310000,131.800000,132.000000,128724
2025-08-22 14:00,131.990000,132.490000,131.990000,132.370000,139769
2025-08-22 14:15,132.370000,132.370000,131.970000,132.000000,71668
2025-08-22 14:30,132.020000,132.280000,131.990000,132.190000,49500
2025-08-22 14:45,132.220000,132.230000,131.350000,131.530000,197061
2025-08-22 15:00,131.520000,131.900000,131.460000,131.720000,119188
2025-08-22 15:15,131.710000,131.930000,131.700000,131.900000,104463
2025-08-22 15:30,131.880000,132.230000,131.880000,132.080000,73895
2025-08-22 15:45,132.000000,132.000000,132.000000,132.000000,10827
2025-08-22 16:00,132.050000,132.250000,131.960000,132.170000,25876
2025-08-22 16:15,132.180000,132.290000,131.820000,131.820000,52854
2025-08-22 16:30,131.820000,132.100000,131.770000,132.100000,27632
2025-08-22 16:45,132.110000,132.150000,131.950000,132.040000,13058
2025-08-22 17:00,132.050000,132.120000,131.980000,132.040000,14669
2025-08-22 17:15,132.050000,132.050000,131.820000,131.960000,18941
2025-08-22 17:30,131.970000,132.320000,131.550000,131.680000,140582
2025-08-22 17:45,131.680000,131.970000,131.650000,131.870000,38610
2025-08-22 18:00,131.880000,131.920000,131.720000,131.770000,18790
2025-08-22 18:15,131.780000,131.910000,131.710000,131.760000,12846
2025-08-22 18:30,131.760000,131.800000,131.700000,131.800000,14512
2025-08-22 18:45,131.790000,131.960000,131.780000,131.880000,21045
2025-08-22 19:00,131.880000,131.880000,131.800000,131.830000,20446
2025-08-22 19:15,131.870000,131.990000,131.810000,131.980000,15570
2025-08-22 19:30,131.980000,132.300000,131.940000,132.270000,57514
2025-08-22 19:45,132.210000,132.250000,132.110000,132.130000,20247
2025-08-22 20:00,132.120000,132.410000,132.110000,132.370000,59142
2025-08-22 20:15,132.370000,132.600000,132.340000,132.560000,94644
2025-08-22 20:30,132.550000,132.600000,132.380000,132.430000,57427
2025-08-22 20:45,132.420000,132.570000,132.390000,132.570000,12829
2025-08-22 23:00,132.990000,132.990000,131.690000,132.690000,381
2025-08-22 23:15,132.690000,132.690000,132.080000,132.470000,245
2025-08-22 23:30,132.470000,132.470000,132.210000,132.210000,79
2025-08-22 23:45,132.220000,132.470000,132.210000,132.210000,33
2025-08-23 00:00,132.470000,132.660000,132.470000,132.660000,519
2025-08-23 00:15,132.680000,132.690000,132.380000,132.380000,65
2025-08-23 00:30,132.640000,132.640000,132.210000,132.210000,152
2025-08-23 00:45,132.210000,132.390000,132.100000,132.110000,1023
2025-08-23 01:00,132.110000,132.600000,132.110000,132.600000,190
2025-08-23 01:15,132.590000,132.670000,132.590000,132.670000,58
2025-08-23 01:30,132.660000,132.660000,132.390000,132.390000,78
2025-08-23 01:45,132.420000,132.550000,132.390000,132.550000,126
2025-08-23 02:00,132.540000,132.560000,132.220000,132.560000,274
2025-08-23 02:15,132.550000,132.550000,132.300000,132.540000,118
2025-08-23 02:30,132.350000,132.540000,132.330000,132.360000,85
2025-08-23 02:45,132.540000,132.540000,132.230000,132.500000,354
2025-08-23 03:00,132.490000,132.520000,132.450000,132.500000,73
2025-08-23 03:15,132.500000,132.560000,132.500000,132.500000,372
2025-08-23 03:30,132.550000,132.550000,132.310000,132.330000,128
2025-08-23 03:45,132.330000,132.520000,132.310000,132.500000,459
2025-08-23 04:00,132.340000,132.550000,132.320000,132.340000,348
2025-08-23 04:15,132.490000,132.550000,132.350000,132.550000,137
2025-08-23 04:30,132.550000,132.550000,132.360000,132.390000,49
2025-08-23 04:45,132.480000,132.480000,132.340000,132.350000,192
2025-08-23 05:00,132.470000,132.490000,132.350000,132.480000,328
2025-08-23 05:15,132.480000,132.500000,132.350000,132.350000,581
2025-08-23 05:30,132.460000,132.460000,132.320000,132.460000,823
2025-08-23 05:45,132.330000,132.500000,132.330000,132.490000,438
2025-08-23 06:00,132.480000,132.490000,132.340000,132.400000,290
2025-08-23 06:15,132.490000,132.490000,132.320000,132.480000,342
2025-08-23 06:30,132.320000,132.470000,132.310000,132.440000,675
2025-08-23 06:45,132.560000,132.560000,132.560000,132.560000,1046
2025-08-23 07:00,132.560000,132.810000,132.390000,132.390000,28529
2025-08-23 07:15,132.400000,132.670000,132.390000,132.630000,9947
2025-08-23 07:30,132.650000,132.650000,132.500000,132.630000,7950
2025-08-23 07:30,132.650000,132.650000,132.500000,132.630000,7950
2025-08-23 07:45,132.630000,132.630000,132.490000,132.500000,6222
2025-08-23 08:00,132.490000,132.600000,132.420000,132.440000,13993
2025-08-23 08:15,132.440000,132.620000,132.430000,132.600000,10250
2025-08-23 08:30,132.570000,132.800000,132.570000,132.700000,25057
2025-08-23 08:45,132.720000,132.890000,132.720000,132.850000,24396
2025-08-23 09:00,132.850000,132.900000,132.800000,132.810000,16089
2025-08-23 09:15,132.810000,132.850000,132.630000,132.760000,11166
2025-08-23 09:30,132.760000,132.840000,132.740000,132.780000,4768
2025-08-23 09:45,132.760000,132.850000,132.740000,132.840000,7539
2025-08-23 10:00,132.840000,132.850000,132.800000,132.800000,3561
2025-08-23 10:15,132.800000,132.880000,132.780000,132.850000,6993
2025-08-23 10:30,132.840000,132.890000,132.660000,132.800000,13904
2025-08-23 10:45,132.770000,132.890000,132.760000,132.790000,5110
2025-08-23 11:00,132.780000,132.790000,132.700000,132.780000,10058
2025-08-23 11:15,132.750000,132.750000,132.700000,132.720000,4345
2025-08-23 11:30,132.720000,132.730000,132.680000,132.710000,5162
2025-08-23 11:45,132.710000,132.750000,132.690000,132.730000,1171
2025-08-23 12:00,132.750000,132.790000,132.730000,132.740000,1405
2025-08-23 12:15,132.740000,132.800000,132.740000,132.800000,1947
2025-08-23 12:30,132.800000,132.900000,132.780000,132.870000,10647
2025-08-23 12:45,132.870000,132.880000,132.790000,132.820000,2815
2025-08-23 13:00,132.820000,132.820000,132.740000,132.800000,2586
2025-08-23 13:15,132.770000,132.800000,132.740000,132.750000,1945
2025-08-23 13:30,132.770000,132.790000,132.720000,132.750000,2593
2025-08-23 13:45,132.750000,132.750000,132.690000,132.700000,1914
2025-08-23 14:00,132.700000,132.790000,132.630000,132.770000,5886
2025-08-23 14:15,132.770000,132.770000,132.630000,132.630000,3288
2025-08-23 14:30,132.630000,132.720000,132.620000,132.630000,3386
2025-08-23 14:45,132.630000,132.670000,132.620000,132.640000,2858
2025-08-23 15:00,132.640000,132.800000,132.640000,132.700000,6370
2025-08-23 15:15,132.710000,132.790000,132.700000,132.750000,4472
2025-08-23 15:30,132.730000,132.790000,132.710000,132.790000,4967
2025-08-23 15:45,132.790000,132.870000,132.760000,132.760000,10775
2025-08-23 16:00,132.170000,133.200000,132.170000,132.680000,97
2025-08-23 16:15,132.780000,132.890000,132.670000,132.880000,671
2025-08-23 16:30,132.890000,132.890000,132.690000,132.840000,220
2025-08-23 16:45,132.810000,132.990000,132.800000,132.970000,1366
2025-08-23 17:00,132.970000,132.980000,132.800000,132.940000,681
2025-08-23 17:15,132.940000,132.960000,132.810000,132.810000,573
2025-08-23 17:30,132.880000,132.880000,132.670000,132.680000,1520
2025-08-23 17:45,132.680000,132.850000,132.670000,132.840000,466
2025-08-23 18:00,132.800000,132.870000,132.680000,132.800000,302
2025-08-23 18:15,132.690000,132.870000,132.560000,132.870000,1940
2025-08-23 18:30,132.840000,132.870000,132.480000,132.730000,1523
2025-08-23 18:45,132.850000,132.860000,132.580000,132.590000,278
2025-08-23 19:00,132.600000,132.760000,132.560000,132.750000,499
2025-08-23 19:15,132.720000,132.740000,132.560000,132.590000,218
2025-08-23 19:30,132.590000,132.680000,132.530000,132.560000,159
2025-08-23 19:45,132.690000,132.760000,132.640000,132.750000,816
2025-08-23 20:00,132.750000,132.780000,132.520000,132.780000,1986
2025-08-23 20:15,132.780000,132.780000,132.560000,132.560000,395
2025-08-23 20:30,132.560000,132.780000,132.510000,132.560000,396
2025-08-23 20:45,132.560000,132.800000,132.500000,132.500000,543
2025-08-23 23:00,132.520000,132.830000,132.520000,132.620000,108
2025-08-23 23:15,132.620000,132.770000,132.580000,132.770000,127
2025-08-23 23:30,132.580000,132.770000,132.580000,132.770000,7
2025-08-23 23:45,132.770000,132.900000,132.760000,132.900000,504
2025-08-24 00:00,132.610000,132.900000,132.590000,132.640000,29
2025-08-24 00:15,132.880000,132.880000,132.600000,132.880000,33
2025-08-24 00:30,132.600000,132.890000,132.600000,132.890000,23
2025-08-24 00:45,132.890000,132.890000,132.600000,132.800000,19
2025-08-24 01:00,132.600000,132.870000,132.580000,132.770000,135
2025-08-24 01:15,132.590000,132.770000,132.580000,132.770000,21
2025-08-24 01:30,132.590000,132.990000,132.590000,132.990000,212
2025-08-24 01:45,132.860000,132.970000,132.600000,132.600000,109
2025-08-24 02:00,132.870000,132.870000,132.810000,132.810000,3
2025-08-24 02:15,132.610000,132.950000,132.610000,132.670000,63
2025-08-24 02:30,132.730000,132.940000,132.730000,132.740000,9
2025-08-24 02:45,132.740000,132.890000,132.740000,132.890000,25
2025-08-24 03:00,132.890000,132.890000,132.740000,132.740000,62
2025-08-24 03:15,132.880000,132.890000,132.740000,132.890000,22
2025-08-24 03:30,132.740000,132.740000,132.590000,132.590000,187
2025-08-24 03:45,132.600000,132.600000,132.580000,132.600000,297
2025-08-24 04:00,132.600000,132.800000,132.580000,132.590000,355
2025-08-24 04:15,132.790000,132.800000,132.570000,132.600000,205
2025-08-24 04:30,132.780000,132.810000,132.610000,132.810000,32
2025-08-24 04:45,132.610000,132.800000,132.610000,132.700000,51
2025-08-24 05:00,132.700000,132.800000,132.630000,132.790000,110
2025-08-24 05:15,132.790000,132.890000,132.640000,132.880000,615
2025-08-24 05:30,132.870000,132.880000,132.680000,132.820000,157
2025-08-24 05:45,132.710000,132.850000,132.660000,132.670000,2462
2025-08-24 06:00,132.770000,132.900000,132.770000,132.900000,1631
2025-08-24 06:15,132.900000,132.900000,132.700000,132.800000,290
2025-08-24 06:30,132.710000,132.850000,132.710000,132.850000,66
2025-08-24 06:45,132.590000,132.590000,132.590000,132.590000,1617
2025-08-24 07:00,132.590000,132.830000,132.010000,132.080000,84091
2025-08-24 07:15,132.080000,132.130000,131.720000,132.000000,44151
2025-08-24 07:30,132.000000,132.000000,131.610000,131.850000,44782
2025-08-24 07:45,131.830000,132.150000,131.730000,132.140000,20217
2025-08-24 08:00,132.120000,132.200000,132.050000,132.190000,7946
2025-08-24 08:15,132.190000,132.200000,132.080000,132.090000,8326
2025-08-24 08:30,132.090000,132.100000,131.890000,131.890000,16738
2025-08-24 08:45,131.880000,131.960000,131.850000,131.880000,4361
2025-08-24 09:00,131.870000,132.500000,131.870000,132.200000,39389
2025-08-24 09:15,132.200000,132.320000,132.200000,132.210000,4475
2025-08-24 09:30,132.220000,132.340000,132.210000,132.310000,3720
2025-08-24 09:45,132.300000,132.500000,132.030000,132.190000,46965
2025-08-24 10:00,132.190000,132.220000,132.100000,132.140000,2064
2025-08-24 10:15,132.140000,132.210000,132.140000,132.160000,2786
2025-08-24 10:30,132.160000,132.210000,132.160000,132.180000,1512
2025-08-24 10:45,132.180000,132.190000,132.170000,132.190000,788
2025-08-24 11:00,132.200000,132.200000,132.110000,132.160000,3702
2025-08-24 11:15,132.170000,132.220000,132.170000,132.220000,2503
2025-08-24 11:30,132.220000,132.330000,132.200000,132.330000,8407
2025-08-24 11:45,132.330000,132.400000,132.270000,132.280000,4006
2025-08-24 12:00,132.320000,132.330000,132.230000,132.300000,769
2025-08-24 12:15,132.300000,132.330000,132.130000,132.250000,21729
2025-08-24 12:30,132.250000,132.300000,132.060000,132.300000,11137
2025-08-24 12:45,132.250000,132.280000,132.200000,132.240000,1582
2025-08-24 13:00,132.230000,132.250000,131.790000,131.990000,29331
2025-08-24 13:15,131.950000,132.440000,131.950000,132.240000,26370
2025-08-24 13:30,132.230000,132.230000,132.040000,132.060000,7095
2025-08-24 13:45,132.060000,132.220000,132.060000,132.190000,4989
2025-08-24 14:00,132.190000,132.200000,132.180000,132.200000,514
2025-08-24 14:15,132.200000,132.210000,132.180000,132.210000,5186
2025-08-24 14:30,132.210000,132.210000,132.080000,132.210000,5113
2025-08-24 14:45,132.200000,132.210000,132.090000,132.140000,4895
2025-08-24 15:00,132.130000,132.210000,132.100000,132.200000,1540
2025-08-24 15:15,132.200000,132.200000,132.020000,132.030000,11054
2025-08-24 15:30,132.030000,132.140000,132.020000,132.080000,4908
2025-08-24 15:45,132.100000,132.210000,132.070000,132.130000,10802
2025-08-24 16:00,132.130000,132.150000,131.870000,132.150000,3089
2025-08-24 16:15,132.000000,132.140000,131.810000,132.080000,2046
2025-08-24 16:30,132.070000,132.080000,131.900000,132.020000,361
2025-08-24 16:45,132.060000,132.060000,131.890000,131.890000,1333
2025-08-24 17:00,131.890000,132.140000,131.890000,132.130000,1455
2025-08-24 17:15,131.920000,132.190000,131.910000,132.190000,1415
2025-08-24 17:30,132.130000,132.200000,131.900000,132.180000,1068
2025-08-24 17:45,131.970000,132.170000,131.900000,132.100000,713
2025-08-24 18:00,132.100000,132.130000,131.890000,132.090000,269
2025-08-24 18:15,131.910000,132.070000,131.900000,131.940000,325
2025-08-24 18:30,131.940000,132.080000,131.940000,132.080000,362
2025-08-24 18:45,132.080000,132.090000,131.960000,132.090000,454
2025-08-24 19:00,132.090000,132.200000,131.950000,132.190000,3305
2025-08-24 19:15,132.010000,132.150000,132.010000,132.150000,251
2025-08-24 19:30,132.020000,132.200000,132.010000,132.150000,352
2025-08-24 19:45,132.180000,132.200000,132.150000,132.200000,555
2025-08-24 20:00,132.020000,132.200000,132.020000,132.200000,66
2025-08-24 20:15,132.180000,132.200000,132.030000,132.190000,154
2025-08-24 20:30,132.190000,132.200000,132.040000,132.040000,1105
2025-08-24 20:45,132.190000,132.190000,132.190000,132.190000,673
2025-08-25 03:45,132.130000,132.130000,132.130000,132.130000,2529
2025-08-25 04:00,132.190000,132.470000,131.530000,131.790000,77682
2025-08-25 04:15,131.790000,131.940000,131.640000,131.940000,22013
2025-08-25 04:30,131.940000,131.940000,131.520000,131.640000,25716
2025-08-25 04:45,131.640000,131.770000,131.100000,131.200000,63258
2025-08-25 05:00,131.220000,131.540000,131.220000,131.350000,17831
2025-08-25 05:15,131.350000,131.650000,131.350000,131.510000,21826
2025-08-25 05:30,131.500000,131.900000,131.400000,131.870000,33261
2025-08-25 05:45,131.850000,131.990000,131.810000,131.820000,25987
2025-08-25 06:00,131.830000,131.880000,131.450000,131.450000,55024
2025-08-25 06:15,131.480000,131.640000,131.210000,131.310000,77533
2025-08-25 06:30,131.330000,131.740000,131.220000,131.690000,70814
2025-08-25 06:45,131.690000,131.770000,131.540000,131.700000,46458
2025-08-25 07:00,131.700000,131.980000,131.530000,131.680000,86549
2025-08-25 07:15,131.680000,131.860000,131.620000,131.760000,69971
2025-08-25 07:30,131.770000,131.770000,131.500000,131.510000,59562
2025-08-25 07:45,131.510000,131.750000,131.510000,131.530000,35352
2025-08-25 08:00,131.530000,131.550000,131.070000,131.320000,164924
2025-08-25 08:15,131.330000,131.330000,130.810000,130.930000,179548
2025-08-25 08:30,130.920000,131.000000,129.810000,130.160000,556135
2025-08-25 08:45,130.160000,130.460000,130.130000,130.370000,209443
2025-08-25 09:00,130.380000,130.770000,130.340000,130.580000,181026
2025-08-25 09:15,130.600000,131.000000,130.560000,130.770000,151848
2025-08-25 09:30,130.780000,130.870000,130.400000,130.660000,88107
2025-08-25 09:45,130.620000,130.750000,130.440000,130.500000,61407
2025-08-25 10:00,130.460000,130.900000,130.430000,130.860000,105921
2025-08-25 10:15,130.840000,130.860000,130.530000,130.680000,60795
2025-08-25 10:30,130.680000,130.860000,130.650000,130.770000,29922
2025-08-25 10:45,130.770000,130.900000,130.540000,130.860000,48444
2025-08-25 11:00,130.870000,130.900000,130.630000,130.630000,30942
2025-08-25 11:15,130.620000,130.900000,130.590000,130.870000,72490
2025-08-25 11:30,130.870000,130.930000,130.780000,130.830000,39814
2025-08-25 11:45,130.830000,130.850000,130.200000,130.340000,188550
2025-08-25 12:00,130.350000,130.510000,130.160000,130.440000,61382
2025-08-25 12:15,130.450000,130.510000,130.060000,130.160000,123389
2025-08-25 12:30,130.170000,130.360000,129.800000,129.800000,198614
2025-08-25 12:45,129.810000,130.180000,129.700000,130.160000,157708
2025-08-25 13:00,130.160000,130.510000,129.950000,130.400000,119499
2025-08-25 13:15,130.400000,130.740000,130.270000,130.510000,156543
2025-08-25 13:30,130.520000,130.600000,130.430000,130.560000,46225
2025-08-25 13:45,130.560000,131.320000,130.560000,131.150000,287782
2025-08-25 14:00,131.120000,131.370000,131.120000,131.350000,172761
2025-08-25 14:15,131.350000,131.600000,131.220000,131.480000,181384
2025-08-25 14:30,131.480000,131.650000,131.200000,131.220000,115230
2025-08-25 14:45,131.230000,131.330000,131.020000,131.120000,75956
2025-08-25 15:00,131.120000,131.790000,131.090000,131.790000,189972
2025-08-25 15:15,131.790000,131.900000,131.600000,131.850000,125005
2025-08-25 15:30,131.860000,132.190000,131.790000,131.970000,145950
2025-08-25 15:45,132.000000,132.000000,132.000000,132.000000,16088
2025-08-25 16:00,132.040000,132.770000,132.010000,132.540000,206991
2025-08-25 16:15,132.550000,132.600000,132.130000,132.380000,109253
2025-08-25 16:30,132.380000,132.400000,132.120000,132.330000,42711
2025-08-25 16:45,132.340000,132.600000,132.230000,132.480000,80504
2025-08-25 17:00,132.450000,132.560000,132.420000,132.470000,38929
2025-08-25 17:15,132.460000,132.490000,132.030000,132.100000,83786
2025-08-25 17:30,132.110000,132.290000,132.110000,132.290000,25989
2025-08-25 17:45,132.290000,132.400000,132.220000,132.380000,19074
2025-08-25 18:00,132.370000,132.400000,132.200000,132.230000,15869
2025-08-25 18:15,132.230000,132.250000,132.030000,132.210000,17083
2025-08-25 18:30,132.210000,132.340000,132.160000,132.240000,9760
2025-08-25 18:45,132.240000,132.260000,132.170000,132.230000,3940
2025-08-25 19:00,132.200000,132.250000,132.160000,132.200000,26167
2025-08-25 19:15,132.200000,132.220000,132.170000,132.200000,5428
2025-08-25 19:30,132.200000,132.300000,132.180000,132.290000,7711
2025-08-25 19:45,132.290000,132.380000,132.270000,132.330000,8319
2025-08-25 20:00,132.330000,132.330000,132.290000,132.320000,8873
2025-08-25 20:15,132.310000,132.330000,132.230000,132.330000,13028
2025-08-25 20:30,132.330000,132.400000,132.290000,132.360000,17099
2025-08-25 20:45,132.360000,132.530000,132.270000,132.380000,21787
2025-08-26 03:45,132.240000,132.240000,132.240000,132.240000,1201
2025-08-26 04:00,132.360000,133.000000,132.250000,132.800000,78941
2025-08-26 04:15,132.810000,133.300000,132.810000,133.210000,143139
2025-08-26 04:30,133.210000,133.480000,133.150000,133.380000,112091
2025-08-26 04:45,133.380000,133.390000,133.170000,133.170000,40091
2025-08-26 05:00,133.170000,133.290000,133.000000,133.250000,49096
2025-08-26 05:15,133.270000,133.350000,133.210000,133.260000,35359
2025-08-26 05:30,133.240000,133.270000,133.010000,133.050000,52277
2025-08-26 05:45,133.040000,133.150000,133.000000,133.080000,31402
2025-08-26 06:00,133.060000,133.190000,132.820000,133.110000,97283
2025-08-26 06:15,133.110000,133.760000,133.090000,133.760000,95538
2025-08-26 06:30,133.760000,133.820000,133.340000,133.550000,128119
2025-08-26 06:45,133.550000,133.800000,133.500000,133.690000,103152
2025-08-26 07:00,133.690000,134.400000,133.680000,134.170000,566732
2025-08-26 07:15,134.140000,134.200000,133.810000,133.960000,225205
2025-08-26 07:30,133.960000,134.440000,133.920000,134.180000,260008
2025-08-26 07:45,134.180000,134.200000,133.710000,133.770000,143741
2025-08-26 08:00,133.780000,133.980000,133.700000,133.960000,63278
2025-08-26 08:15,133.960000,134.050000,133.500000,133.500000,92880
2025-08-26 08:30,133.500000,133.910000,133.500000,133.810000,59361
2025-08-26 08:45,133.800000,133.880000,133.640000,133.850000,69843
2025-08-26 09:00,133.850000,133.910000,133.520000,133.600000,46570
2025-08-26 09:15,133.600000,133.830000,133.500000,133.760000,70671
2025-08-26 09:30,133.730000,133.750000,133.210000,133.320000,111732
2025-08-26 09:45,133.310000,133.500000,133.180000,133.370000,89314
2025-08-26 10:00,133.380000,133.500000,133.350000,133.460000,28666
2025-08-26 10:15,133.460000,133.740000,133.450000,133.510000,67388
2025-08-26 10:30,133.510000,133.860000,133.360000,133.690000,67421
2025-08-26 10:45,133.720000,134.000000,133.710000,133.890000,58707
2025-08-26 11:00,133.900000,134.200000,133.770000,134.130000,100756
2025-08-26 11:15,134.130000,134.140000,133.870000,134.020000,58173
2025-08-26 11:30,134.020000,134.070000,133.710000,133.790000,35204
2025-08-26 11:45,133.780000,134.010000,133.770000,133.770000,50885
2025-08-26 12:00,133.770000,133.990000,133.570000,133.900000,46716
2025-08-26 12:15,133.880000,133.890000,133.550000,133.840000,51763
2025-08-26 12:30,133.840000,133.880000,133.510000,133.510000,46564
2025-08-26 12:45,133.520000,133.570000,133.370000,133.450000,69025
2025-08-26 13:00,133.450000,133.460000,133.210000,133.340000,74336
2025-08-26 13:15,133.350000,133.500000,133.110000,133.160000,113372
2025-08-26 13:30,133.160000,133.160000,132.810000,133.130000,322028
2025-08-26 13:45,133.130000,133.140000,132.530000,132.650000,223121
2025-08-26 14:00,132.660000,133.130000,132.600000,133.040000,124994
2025-08-26 14:15,133.020000,133.020000,132.670000,132.840000,76312
2025-08-26 14:30,132.830000,132.960000,132.640000,132.660000,52699
2025-08-26 14:45,132.660000,132.700000,132.270000,132.380000,184628
2025-08-26 15:00,132.380000,132.560000,132.100000,132.550000,149942
2025-08-26 15:15,132.560000,132.700000,132.520000,132.650000,58742
2025-08-26 15:30,132.660000,132.850000,132.620000,132.800000,53208
2025-08-26 15:45,132.800000,132.800000,132.800000,132.800000,4412
2025-08-26 16:00,132.800000,132.950000,132.770000,132.840000,39973
2025-08-26 16:15,132.840000,132.870000,132.670000,132.740000,15948
2025-08-26 16:30,132.780000,132.840000,132.420000,132.560000,45523
2025-08-26 16:45,132.570000,132.710000,132.340000,132.700000,61578
2025-08-26 17:00,132.690000,132.770000,132.680000,132.770000,13926
2025-08-26 17:15,132.780000,132.840000,132.680000,132.730000,20433
2025-08-26 17:30,132.720000,132.780000,132.370000,132.530000,44787
2025-08-26 17:45,132.500000,132.660000,132.480000,132.570000,17167
2025-08-26 18:00,132.580000,132.840000,132.570000,132.690000,33065
2025-08-26 18:15,132.700000,132.820000,132.680000,132.810000,12072
2025-08-26 18:30,132.810000,133.340000,132.810000,133.030000,103313
2025-08-26 18:45,133.030000,133.270000,133.030000,133.140000,24974
2025-08-26 19:00,133.140000,133.140000,132.820000,133.080000,53761
2025-08-26 19:15,133.090000,133.090000,132.950000,133.040000,23098
2025-08-26 19:30,133.040000,133.350000,133.040000,133.320000,63664
2025-08-26 19:45,133.320000,133.350000,133.210000,133.270000,29687
2025-08-26 20:00,133.260000,133.290000,133.180000,133.200000,9016
2025-08-26 20:15,133.210000,133.350000,133.190000,133.300000,37856
2025-08-26 20:30,133.320000,133.600000,133.300000,133.570000,59623
2025-08-26 20:45,133.570000,133.730000,133.410000,133.690000,37437
2025-08-27 03:45,133.320000,133.320000,133.320000,133.320000,12112
2025-08-27 04:00,133.320000,133.880000,133.320000,133.650000,105334
2025-08-27 04:15,133.650000,133.700000,133.600000,133.600000,27595
2025-08-27 04:30,133.610000,133.630000,133.550000,133.620000,14288
2025-08-27 04:45,133.630000,133.670000,133.550000,133.620000,10030
2025-08-27 05:00,133.630000,133.690000,133.600000,133.610000,8260
2025-08-27 05:15,133.610000,133.700000,133.610000,133.660000,8965
2025-08-27 05:30,133.620000,133.710000,133.610000,133.680000,17960
2025-08-27 05:45,133.680000,133.730000,133.640000,133.660000,16586
2025-08-27 06:00,133.650000,133.660000,133.010000,133.410000,103713
2025-08-27 06:15,133.410000,133.410000,132.830000,132.960000,64185
2025-08-27 06:30,132.990000,133.300000,132.950000,133.280000,45907
2025-08-27 06:45,133.300000,133.320000,133.100000,133.160000,17062
2025-08-27 07:00,133.160000,133.370000,133.050000,133.290000,53840
2025-08-27 07:15,133.300000,133.960000,133.290000,133.880000,143526
2025-08-27 07:30,133.870000,134.180000,133.760000,134.030000,198707
2025-08-27 07:45,134.030000,134.030000,133.740000,133.810000,51799
2025-08-27 08:00,133.850000,134.070000,133.620000,133.760000,92480
2025-08-27 08:15,133.750000,133.880000,133.720000,133.860000,90151
2025-08-27 08:30,133.860000,133.860000,133.430000,133.540000,53558
2025-08-27 08:45,133.540000,133.770000,133.410000,133.760000,45527
2025-08-27 09:00,133.760000,133.880000,133.720000,133.870000,85369
2025-08-27 09:15,133.880000,133.880000,133.570000,133.680000,36440
2025-08-27 09:30,133.690000,133.800000,133.600000,133.710000,28483
2025-08-27 09:45,133.700000,133.820000,133.570000,133.620000,70693
2025-08-27 10:00,133.630000,133.700000,133.500000,133.640000,48353
2025-08-27 10:15,133.670000,133.850000,133.670000,133.720000,36630
2025-08-27 10:30,133.720000,133.820000,133.670000,133.780000,32491
2025-08-27 10:45,133.790000,133.800000,133.560000,133.750000,14641
2025-08-27 11:00,133.720000,133.920000,133.600000,133.890000,80421
2025-08-27 11:15,133.880000,134.170000,133.830000,133.920000,159200
2025-08-27 11:30,133.930000,134.740000,133.900000,134.700000,377084
2025-08-27 11:45,134.690000,135.000000,134.610000,134.630000,374250
2025-08-27 12:00,134.630000,134.840000,134.630000,134.670000,102387
2025-08-27 12:15,134.640000,134.930000,134.610000,134.750000,154960
2025-08-27 12:30,134.730000,134.860000,134.650000,134.820000,105512
2025-08-27 12:45,134.820000,135.600000,134.810000,135.550000,569825
2025-08-27 13:00,135.560000,135.800000,135.230000,135.800000,289905
2025-08-27 13:15,135.790000,136.050000,135.610000,135.640000,249623
2025-08-27 13:30,135.640000,135.660000,135.130000,135.320000,185547
2025-08-27 13:45,135.320000,135.450000,135.110000,135.260000,91862
2025-08-27 14:00,135.260000,135.830000,135.240000,135.420000,180052
2025-08-27 14:15,135.410000,135.740000,135.320000,135.490000,106377
2025-08-27 14:30,135.530000,135.670000,135.340000,135.670000,133613
2025-08-27 14:45,135.650000,135.720000,135.360000,135.370000,76624
2025-08-27 15:00,135.370000,135.400000,135.210000,135.270000,87109
2025-08-27 15:15,135.270000,135.270000,134.930000,135.170000,154920
2025-08-27 15:30,135.170000,135.400000,135.060000,135.220000,52243
2025-08-27 15:45,135.230000,135.230000,135.230000,135.230000,5821
2025-08-27 16:00,135.450000,135.480000,135.190000,135.250000,57744
2025-08-27 16:15,135.230000,135.800000,135.200000,135.800000,142311
2025-08-27 16:30,135.790000,135.790000,135.360000,135.380000,43080
2025-08-27 16:45,135.380000,135.640000,135.370000,135.530000,24383
2025-08-27 17:00,135.530000,135.600000,135.340000,135.600000,40199
2025-08-27 17:15,135.610000,135.860000,135.590000,135.860000,113180
2025-08-27 17:30,135.850000,135.870000,135.560000,135.610000,42468
2025-08-27 17:45,135.600000,135.820000,135.600000,135.780000,46770
2025-08-27 18:00,135.790000,136.060000,135.750000,136.010000,166516
2025-08-27 18:15,136.010000,136.260000,136.000000,136.140000,125902
2025-08-27 18:30,136.150000,136.200000,135.830000,136.000000,55110
2025-08-27 18:45,136.000000,136.050000,135.910000,135.980000,80549
2025-08-27 19:00,135.990000,135.990000,135.810000,135.900000,21982
2025-08-27 19:15,135.900000,135.930000,135.750000,135.920000,31584
2025-08-27 19:30,135.920000,135.920000,135.740000,135.840000,30503
2025-08-27 19:45,135.850000,135.990000,135.740000,135.960000,53252
2025-08-27 20:00,135.950000,136.000000,135.800000,135.800000,33303
2025-08-27 20:15,135.810000,135.880000,135.690000,135.720000,59630
2025-08-27 20:30,135.750000,135.770000,135.390000,135.570000,88225
2025-08-27 20:45,135.570000,135.590000,135.420000,135.510000,13291
2025-08-28 03:45,135.860000,135.860000,135.860000,135.860000,4052
2025-08-28 04:00,135.860000,135.860000,135.280000,135.550000,47053
2025-08-28 04:15,135.550000,135.680000,135.500000,135.620000,11909
2025-08-28 04:30,135.640000,135.700000,135.610000,135.700000,12202
2025-08-28 04:45,135.700000,135.760000,135.600000,135.610000,28016
2025-08-28 05:00,135.600000,135.610000,135.410000,135.600000,15016
2025-08-28 05:15,135.600000,135.610000,135.310000,135.370000,18068
2025-08-28 05:30,135.370000,135.500000,135.360000,135.490000,10913
2025-08-28 05:45,135.480000,135.770000,135.480000,135.760000,18941
2025-08-28 06:00,135.750000,135.890000,135.700000,135.710000,73341
2025-08-28 06:15,135.700000,135.700000,135.440000,135.540000,28920
2025-08-28 06:30,135.530000,135.620000,135.400000,135.620000,32466
2025-08-28 06:45,135.620000,135.680000,135.370000,135.400000,31052
2025-08-28 07:00,135.400000,135.620000,135.240000,135.390000,165915
2025-08-28 07:15,135.400000,135.500000,135.060000,135.180000,108189
2025-08-28 07:30,135.180000,135.300000,134.920000,135.170000,198006
2025-08-28 07:45,135.190000,135.230000,134.790000,134.850000,160514
2025-08-28 08:00,134.880000,135.280000,134.780000,135.080000,164473
2025-08-28 08:15,135.080000,135.120000,134.850000,134.900000,105059
2025-08-28 08:30,134.880000,135.020000,134.820000,134.840000,45981
2025-08-28 08:45,134.840000,135.090000,134.710000,134.930000,127453
2025-08-28 09:00,134.930000,134.930000,134.630000,134.790000,92420
2025-08-28 09:15,134.800000,135.080000,134.760000,135.000000,102787
2025-08-28 09:30,135.000000,135.040000,134.740000,135.010000,76513
2025-08-28 09:45,135.000000,135.260000,134.930000,135.120000,191376
2025-08-28 10:00,135.130000,135.450000,135.050000,135.180000,145233
2025-08-28 10:15,135.160000,135.300000,134.820000,134.920000,78870
2025-08-28 10:30,134.930000,134.970000,134.800000,134.860000,35444
2025-08-28 10:45,134.840000,134.990000,134.310000,134.540000,240061
2025-08-28 11:00,134.540000,134.710000,134.350000,134.500000,71532
2025-08-28 11:15,134.500000,134.730000,134.340000,134.610000,81790
2025-08-28 11:30,134.610000,134.820000,134.500000,134.740000,41635
2025-08-28 11:45,134.730000,134.780000,134.410000,134.490000,35888
2025-08-28 12:00,134.480000,134.990000,134.440000,134.900000,132245
2025-08-28 12:15,134.900000,135.000000,134.820000,134.890000,74779
2025-08-28 12:30,134.890000,135.000000,134.850000,134.990000,56487
2025-08-28 12:45,134.990000,135.170000,134.970000,135.120000,61748
2025-08-28 13:00,135.110000,135.260000,135.010000,135.040000,87003
2025-08-28 13:15,135.030000,135.180000,134.890000,135.080000,50683
2025-08-28 13:30,135.050000,135.150000,134.660000,134.740000,100011
2025-08-28 13:45,134.750000,134.780000,134.360000,134.480000,125769
2025-08-28 14:00,134.480000,134.850000,134.410000,134.780000,76937
2025-08-28 14:15,134.760000,134.850000,134.560000,134.580000,48295
2025-08-28 14:30,134.560000,134.700000,134.480000,134.660000,42392
2025-08-28 14:45,134.660000,134.750000,134.570000,134.650000,64543
2025-08-28 15:00,134.650000,135.000000,134.640000,135.000000,76694
2025-08-28 15:15,135.000000,135.090000,134.490000,134.520000,93173
2025-08-28 15:30,134.520000,134.700000,134.490000,134.590000,80308
2025-08-28 15:45,134.700000,134.700000,134.700000,134.700000,9152
2025-08-28 16:00,134.700000,134.700000,134.360000,134.440000,52939
2025-08-28 16:15,134.440000,134.520000,134.360000,134.510000,23223
2025-08-28 16:30,134.510000,134.590000,134.500000,134.540000,11979
2025-08-28 16:45,134.540000,134.850000,134.530000,134.650000,82370
2025-08-28 17:00,134.640000,134.830000,133.400000,133.690000,476068
2025-08-28 17:15,133.690000,134.350000,133.580000,134.020000,347321
2025-08-28 17:30,134.010000,134.030000,131.730000,132.210000,978775
2025-08-28 17:45,132.240000,132.710000,132.110000,132.710000,443750
2025-08-28 18:00,132.690000,132.690000,132.300000,132.360000,137882
2025-08-28 18:15,132.350000,132.440000,131.520000,132.110000,405503
2025-08-28 18:30,132.150000,132.880000,132.100000,132.660000,153823
2025-08-28 18:45,132.710000,132.830000,132.540000,132.770000,88265
2025-08-28 19:00,132.770000,132.770000,132.360000,132.390000,107953
2025-08-28 19:15,132.380000,132.400000,132.110000,132.280000,93651
2025-08-28 19:30,132.280000,132.290000,131.810000,132.150000,110967
2025-08-28 19:45,132.150000,132.280000,132.030000,132.190000,57347
2025-08-28 20:00,132.190000,132.480000,132.100000,132.460000,41327
2025-08-28 20:15,132.420000,132.750000,132.270000,132.740000,73119
2025-08-28 20:30,132.740000,133.340000,132.740000,133.280000,152335
2025-08-28 20:45,133.220000,133.490000,133.180000,133.250000,46705
2025-08-29 03:45,133.700000,133.700000,133.700000,133.700000,3114
2025-08-29 04:00,133.690000,133.730000,133.270000,133.300000,79640
2025-08-29 04:15,133.300000,133.380000,133.270000,133.290000,21116
2025-08-29 04:30,133.290000,133.310000,132.910000,133.070000,28288
2025-08-29 04:45,133.050000,133.270000,133.000000,133.080000,12958
2025-08-29 05:00,133.100000,133.140000,132.990000,133.050000,8636
2025-08-29 05:15,133.140000,133.500000,133.060000,133.460000,27360
2025-08-29 05:30,133.450000,133.660000,133.320000,133.640000,29400
2025-08-29 05:45,133.600000,133.610000,133.450000,133.490000,21836
2025-08-29 06:00,133.470000,133.980000,133.310000,133.870000,97090
2025-08-29 06:15,133.870000,133.890000,133.730000,133.830000,54740
2025-08-29 06:30,133.840000,133.840000,133.410000,133.630000,84953
2025-08-29 06:45,133.620000,133.620000,133.310000,133.400000,54648
2025-08-29 07:00,133.400000,133.850000,133.270000,133.340000,108157
2025-08-29 07:15,133.350000,133.720000,133.030000,133.590000,100317
2025-08-29 07:30,133.600000,134.170000,133.480000,133.990000,183443
2025-08-29 07:45,134.000000,134.370000,133.790000,134.150000,173159
2025-08-29 08:00,134.160000,134.340000,133.900000,133.990000,135722
2025-08-29 08:15,133.990000,134.020000,133.730000,133.750000,74237
2025-08-29 08:30,133.750000,134.190000,133.630000,134.110000,81347
2025-08-29 08:45,134.110000,134.390000,133.900000,134.230000,74844
2025-08-29 09:00,134.230000,134.290000,133.750000,133.880000,66478
2025-08-29 09:15,133.890000,134.000000,133.690000,133.800000,20946
2025-08-29 09:30,133.800000,133.880000,133.030000,133.290000,160889
2025-08-29 09:45,133.290000,133.510000,133.200000,133.440000,53037
2025-08-29 10:00,133.450000,133.670000,133.200000,133.400000,158227
2025-08-29 10:15,133.400000,133.580000,133.140000,133.260000,97882
2025-08-29 10:30,133.260000,133.260000,132.330000,132.820000,313800
2025-08-29 10:45,132.830000,133.360000,132.580000,133.280000,222142
2025-08-29 11:00,133.290000,133.310000,132.000000,132.140000,317731
2025-08-29 11:15,132.150000,132.880000,131.890000,132.640000,270993
2025-08-29 11:30,132.640000,132.790000,132.330000,132.760000,74221
2025-08-29 11:45,132.790000,133.280000,132.730000,133.030000,98852
2025-08-29 12:00,133.040000,133.080000,132.720000,132.960000,67152
2025-08-29 12:15,132.980000,133.110000,132.750000,132.910000,34306
2025-08-29 12:30,132.940000,133.100000,132.850000,133.100000,38734
2025-08-29 12:45,133.100000,133.260000,132.820000,133.200000,64390
2025-08-29 13:00,133.190000,133.520000,133.150000,133.370000,85436
2025-08-29 13:15,133.380000,133.490000,133.140000,133.430000,43518
2025-08-29 13:30,133.420000,133.570000,133.180000,133.180000,51367
2025-08-29 13:45,133.190000,133.320000,132.890000,132.960000,55707
2025-08-29 14:00,132.970000,135.930000,132.970000,135.580000,1825573
2025-08-29 14:15,135.580000,136.470000,135.220000,135.400000,839114
2025-08-29 14:30,135.400000,135.500000,134.910000,135.200000,352604
2025-08-29 14:45,135.200000,135.870000,135.200000,135.630000,322467
2025-08-29 15:00,135.620000,136.360000,135.320000,135.590000,560672
2025-08-29 15:15,135.600000,135.720000,135.100000,135.210000,281786
2025-08-29 15:30,135.210000,135.530000,135.140000,135.370000,119262
2025-08-29 15:45,135.380000,135.380000,135.380000,135.380000,19556
2025-08-29 16:00,135.400000,135.490000,135.260000,135.270000,100473
2025-08-29 16:15,135.260000,135.390000,135.130000,135.290000,51715
2025-08-29 16:30,135.280000,135.580000,135.270000,135.370000,52060
2025-08-29 16:45,135.360000,135.550000,135.290000,135.340000,52012
2025-08-29 17:00,135.350000,135.420000,135.290000,135.340000,36069
2025-08-29 17:15,135.350000,135.780000,135.340000,135.660000,195399
2025-08-29 17:30,135.660000,135.920000,135.660000,135.810000,187265
2025-08-29 17:45,135.810000,135.990000,135.710000,135.990000,86268
2025-08-29 18:00,135.980000,136.080000,135.640000,135.690000,98886
2025-08-29 18:15,135.680000,135.800000,135.680000,135.780000,17843
2025-08-29 18:30,135.780000,135.850000,135.640000,135.740000,40925
2025-08-29 18:45,135.730000,135.770000,135.620000,135.770000,21082
2025-08-29 19:00,135.760000,135.770000,135.540000,135.590000,46352
2025-08-29 19:15,135.600000,135.620000,135.420000,135.570000,48563
2025-08-29 19:30,135.570000,135.660000,135.520000,135.620000,24712
2025-08-29 19:45,135.620000,135.740000,135.570000,135.730000,17434
2025-08-29 20:00,135.720000,135.810000,135.620000,135.710000,44631
2025-08-29 20:15,135.730000,135.940000,135.620000,135.900000,67917
2025-08-29 20:30,135.910000,135.950000,135.850000,135.930000,49244
2025-08-29 20:45,135.930000,135.950000,135.620000,135.880000,49231
2025-08-29 23:00,135.880000,136.400000,135.440000,135.940000,4696
2025-08-29 23:15,135.940000,136.090000,135.940000,136.080000,1248
2025-08-29 23:30,136.080000,136.080000,135.940000,135.940000,1225
2025-08-29 23:45,136.060000,136.080000,136.000000,136.000000,136
2025-08-30 00:00,135.940000,136.060000,135.940000,136.060000,73
2025-08-30 00:15,136.050000,136.050000,135.940000,136.000000,45
2025-08-30 00:30,136.000000,136.000000,135.940000,136.000000,362
2025-08-30 00:45,135.940000,135.940000,135.940000,135.940000,465
2025-08-30 01:00,135.940000,136.080000,135.940000,136.080000,51
2025-08-30 01:15,136.080000,136.080000,135.940000,135.940000,189
2025-08-30 01:30,136.070000,136.080000,135.940000,136.070000,520
2025-08-30 01:45,135.950000,136.070000,135.950000,135.950000,6
2025-08-30 02:00,135.950000,136.070000,135.940000,136.070000,28
2025-08-30 02:15,136.060000,136.070000,135.940000,136.070000,185
2025-08-30 02:30,135.950000,136.070000,135.940000,136.050000,38
2025-08-30 02:45,136.050000,136.050000,135.940000,136.050000,92
2025-08-30 03:00,136.050000,136.050000,135.960000,135.960000,36
2025-08-30 03:15,136.040000,136.060000,135.940000,135.940000,1432
2025-08-30 03:30,136.050000,136.050000,135.930000,135.990000,389
2025-08-30 03:45,135.970000,135.970000,135.930000,135.960000,168
2025-08-30 04:00,135.960000,135.990000,135.920000,135.920000,1863
2025-08-30 04:15,135.920000,136.000000,135.900000,135.910000,1209
2025-08-30 04:30,135.950000,135.960000,135.880000,135.900000,431
2025-08-30 04:45,135.890000,135.890000,135.810000,135.820000,342
2025-08-30 05:00,135.820000,135.890000,135.810000,135.880000,220
2025-08-30 05:15,135.880000,135.950000,135.650000,135.870000,1426
2025-08-30 05:30,135.870000,135.930000,135.700000,135.910000,1362
2025-08-30 05:45,135.880000,135.900000,135.700000,135.720000,803
2025-08-30 06:00,135.800000,135.910000,135.740000,135.850000,712
2025-08-30 06:15,135.850000,135.960000,135.820000,135.950000,1656
2025-08-30 06:30,135.950000,135.950000,135.850000,135.880000,1285
2025-08-30 06:45,135.860000,135.860000,135.860000,135.860000,8401
2025-08-30 07:00,135.850000,136.110000,135.630000,135.910000,71715
2025-08-30 07:15,135.910000,135.940000,135.780000,135.900000,29129
2025-08-30 07:30,135.900000,135.980000,135.840000,135.910000,7676
2025-08-30 07:30,135.900000,135.980000,135.840000,135.910000,7676
2025-08-30 07:45,135.900000,136.270000,135.900000,136.210000,52611
2025-08-30 08:00,136.210000,136.280000,136.200000,136.250000,45233
2025-08-30 08:15,136.250000,136.280000,136.100000,136.100000,36671
2025-08-30 08:30,136.100000,136.130000,135.860000,135.940000,49002
2025-08-30 08:45,135.940000,136.030000,135.890000,135.960000,9439
2025-08-30 09:00,135.960000,135.990000,135.880000,135.940000,16749
2025-08-30 09:15,135.930000,136.030000,135.900000,135.980000,10704
2025-08-30 09:30,135.990000,136.030000,135.950000,136.020000,5224
2025-08-30 09:45,136.000000,136.070000,135.990000,136.050000,5803
2025-08-30 10:00,136.050000,136.060000,135.950000,135.960000,14146
2025-08-30 10:15,135.970000,136.030000,135.930000,135.930000,17902
2025-08-30 10:30,135.940000,136.000000,135.890000,135.900000,8986
2025-08-30 10:45,135.890000,135.960000,135.890000,135.930000,3049
2025-08-30 11:00,135.930000,136.070000,135.900000,136.020000,23337
2025-08-30 11:15,136.020000,136.050000,135.940000,135.990000,4173
2025-08-30 11:30,135.990000,136.000000,135.920000,135.990000,7238
2025-08-30 11:45,136.010000,136.030000,135.900000,135.960000,6627
2025-08-30 12:00,135.990000,136.000000,135.890000,135.970000,6824
2025-08-30 12:15,135.960000,136.000000,135.900000,135.980000,3068
2025-08-30 12:30,135.940000,135.980000,135.920000,135.960000,1727
2025-08-30 12:45,135.970000,136.120000,135.920000,136.010000,32234
2025-08-30 13:00,136.000000,136.010000,135.940000,136.010000,12079
2025-08-30 13:15,136.000000,136.020000,135.960000,136.000000,7081
2025-08-30 13:30,135.970000,136.030000,135.950000,135.990000,9167
2025-08-30 13:45,135.970000,136.080000,135.970000,136.000000,16428
2025-08-30 14:00,136.000000,136.000000,135.810000,135.880000,25983
2025-08-30 14:15,135.880000,135.960000,135.780000,135.780000,20356
2025-08-30 14:30,135.800000,135.800000,135.620000,135.650000,26389
2025-08-30 14:45,135.650000,135.750000,135.640000,135.660000,6235
2025-08-30 15:00,135.650000,135.660000,135.290000,135.380000,60478
2025-08-30 15:15,135.370000,135.390000,135.150000,135.380000,49000
2025-08-30 15:30,135.370000,135.400000,135.330000,135.400000,22000
2025-08-30 15:45,135.400000,135.740000,135.360000,135.640000,97086
2025-08-30 16:00,135.940000,135.940000,134.740000,135.680000,999
2025-08-30 16:15,135.680000,135.810000,135.440000,135.580000,1673
2025-08-30 16:30,135.440000,135.580000,135.290000,135.550000,542
2025-08-30 16:45,135.550000,135.600000,135.410000,135.440000,1349
2025-08-30 17:00,135.440000,135.790000,135.420000,135.640000,1194
2025-08-30 17:15,135.640000,135.680000,135.420000,135.550000,371
2025-08-30 17:30,135.670000,135.670000,135.550000,135.640000,155
2025-08-30 17:45,135.550000,135.640000,135.550000,135.620000,505
2025-08-30 18:00,135.620000,135.790000,135.580000,135.580000,752
2025-08-30 18:15,135.690000,135.690000,135.580000,135.580000,240
2025-08-30 18:30,135.580000,135.620000,135.550000,135.550000,1213
2025-08-30 18:45,135.550000,135.600000,135.540000,135.540000,358
2025-08-30 19:00,135.570000,135.590000,135.510000,135.520000,1034
2025-08-30 19:15,135.510000,135.620000,135.510000,135.580000,724
2025-08-30 19:30,135.580000,135.620000,135.560000,135.610000,401
2025-08-30 19:45,135.610000,135.610000,135.510000,135.600000,526
2025-08-30 20:00,135.550000,135.550000,135.420000,135.550000,815
2025-08-30 20:15,135.430000,135.610000,135.430000,135.570000,1732
2025-08-30 20:30,135.550000,135.610000,135.500000,135.590000,850
2025-08-30 20:45,135.600000,135.600000,135.430000,135.600000,1302
2025-08-30 23:00,135.930000,135.930000,135.120000,135.270000,2604
2025-08-30 23:15,135.670000,135.670000,135.360000,135.610000,53
2025-08-30 23:30,135.610000,135.790000,135.500000,135.500000,11
2025-08-30 23:45,135.430000,135.760000,135.290000,135.620000,232
2025-08-31 00:00,135.590000,135.590000,135.390000,135.590000,11
2025-08-31 00:15,135.600000,135.650000,135.600000,135.650000,7
2025-08-31 00:30,135.700000,135.740000,135.650000,135.710000,32
2025-08-31 00:45,135.710000,135.710000,135.510000,135.510000,8
2025-08-31 01:00,135.510000,135.730000,135.510000,135.710000,29
2025-08-31 01:15,135.710000,135.750000,135.410000,135.750000,110
2025-08-31 01:30,135.460000,135.710000,135.420000,135.610000,60
2025-08-31 01:45,135.610000,135.700000,135.610000,135.680000,103
2025-08-31 02:00,135.680000,135.760000,135.680000,135.760000,116
2025-08-31 02:15,135.750000,135.750000,135.640000,135.640000,24
2025-08-31 02:30,135.550000,135.780000,135.550000,135.770000,124
2025-08-31 02:45,135.570000,135.780000,135.460000,135.780000,161
2025-08-31 03:00,135.780000,135.790000,135.700000,135.790000,1356
2025-08-31 03:15,135.720000,135.850000,135.450000,135.740000,250
2025-08-31 03:30,135.670000,135.800000,135.500000,135.650000,273
2025-08-31 03:45,135.790000,135.850000,135.660000,135.840000,86
2025-08-31 04:00,135.670000,135.830000,135.500000,135.570000,159
2025-08-31 04:15,135.610000,135.780000,135.550000,135.640000,85
2025-08-31 04:30,135.640000,135.640000,135.520000,135.590000,303
2025-08-31 04:45,135.590000,135.830000,135.590000,135.830000,559
2025-08-31 05:00,135.830000,135.830000,135.780000,135.800000,251
2025-08-31 05:15,135.800000,135.820000,135.700000,135.810000,299
2025-08-31 05:30,135.820000,135.830000,135.750000,135.820000,887
2025-08-31 05:45,135.820000,135.890000,135.820000,135.880000,3039
2025-08-31 06:00,135.880000,135.900000,135.750000,135.900000,565
2025-08-31 06:15,135.900000,135.910000,135.770000,135.910000,3329
2025-08-31 06:30,135.910000,135.910000,135.800000,135.900000,478
2025-08-31 06:45,135.690000,135.690000,135.690000,135.690000,2329
2025-08-31 07:00,135.690000,136.250000,135.680000,136.070000,150102
2025-08-31 07:15,136.080000,136.250000,136.000000,136.240000,48244
2025-08-31 07:30,136.250000,136.330000,136.100000,136.220000,44757
2025-08-31 07:45,136.220000,136.270000,136.000000,136.190000,37312
2025-08-31 08:00,136.170000,136.350000,136.110000,136.350000,27355
2025-08-31 08:15,136.350000,136.400000,136.270000,136.270000,24891
2025-08-31 08:30,136.280000,136.400000,136.280000,136.290000,21243
2025-08-31 08:45,136.290000,136.310000,136.090000,136.270000,40197
2025-08-31 09:00,136.300000,136.310000,136.130000,136.170000,11871
2025-08-31 09:15,136.170000,136.200000,136.110000,136.200000,4234
2025-08-31 09:30,136.200000,136.230000,136.180000,136.220000,8029
2025-08-31 09:45,136.200000,136.290000,136.000000,136.220000,23096
2025-08-31 10:00,136.220000,136.330000,136.200000,136.240000,7932
2025-08-31 10:15,136.230000,136.300000,136.230000,136.280000,5231
2025-08-31 10:30,136.290000,136.300000,136.210000,136.300000,6512
2025-08-31 10:45,136.260000,136.370000,136.090000,136.120000,23558
2025-08-31 11:00,136.100000,136.290000,136.000000,136.100000,26461
2025-08-31 11:15,136.110000,136.120000,136.000000,136.110000,15776
2025-08-31 11:30,136.120000,136.280000,136.110000,136.200000,5276
2025-08-31 11:45,136.200000,136.290000,136.200000,136.200000,5424
2025-08-31 12:00,136.190000,136.270000,136.130000,136.170000,18709
2025-08-31 12:15,136.170000,136.180000,136.020000,136.170000,14162
2025-08-31 12:30,136.150000,136.170000,136.110000,136.130000,1274
2025-08-31 12:45,136.130000,136.160000,135.860000,136.020000,52381
2025-08-31 13:00,136.030000,136.080000,135.910000,136.050000,10345
2025-08-31 13:15,136.030000,136.120000,136.020000,136.120000,5484
2025-08-31 13:30,136.090000,136.180000,136.060000,136.120000,14403
2025-08-31 13:45,136.120000,136.200000,136.040000,136.130000,16090
2025-08-31 14:00,136.130000,136.200000,136.080000,136.150000,6651
2025-08-31 14:15,136.120000,136.370000,136.050000,136.270000,22584
2025-08-31 14:30,136.250000,136.380000,136.200000,136.320000,13379
2025-08-31 14:45,136.280000,136.350000,136.280000,136.350000,7201
2025-08-31 15:00,136.360000,136.440000,136.170000,136.400000,47152
2025-08-31 15:15,136.410000,136.470000,136.270000,136.370000,28701
2025-08-31 15:30,136.320000,136.470000,136.320000,136.330000,51685
2025-08-31 15:45,136.360000,136.470000,136.340000,136.370000,44401
2025-08-31 16:00,136.770000,136.770000,136.120000,136.270000,1753
2025-08-31 16:15,136.450000,136.490000,136.280000,136.490000,1696
2025-08-31 16:30,136.400000,136.490000,136.400000,136.480000,800
2025-08-31 16:45,136.480000,136.680000,136.320000,136.560000,5194
2025-08-31 17:00,136.390000,136.630000,136.390000,136.500000,1889
2025-08-31 17:15,136.400000,136.570000,136.400000,136.560000,1464
2025-08-31 17:30,136.560000,136.560000,136.390000,136.410000,1236
2025-08-31 17:45,136.410000,136.490000,136.340000,136.480000,3960
2025-08-31 18:00,136.480000,136.530000,136.330000,136.340000,1665
2025-08-31 18:15,136.340000,136.500000,136.330000,136.400000,2393
2025-08-31 18:30,136.360000,136.480000,136.360000,136.470000,1176
2025-08-31 18:45,136.470000,136.500000,136.360000,136.360000,3392
2025-08-31 19:00,136.470000,136.500000,136.360000,136.360000,945
2025-08-31 19:15,136.360000,136.550000,136.360000,136.540000,3252
2025-08-31 19:30,136.540000,136.540000,136.410000,136.500000,1703
2025-08-31 19:45,136.510000,136.540000,136.340000,136.350000,1849
2025-08-31 20:00,136.350000,136.540000,136.340000,136.530000,1069
2025-08-31 20:15,136.520000,136.520000,136.200000,136.320000,8356
2025-08-31 20:30,136.430000,136.440000,136.350000,136.400000,330
2025-08-31 20:45,136.400000,136.440000,136.330000,136.330000,2327
2025-09-01 03:45,136.370000,136.370000,136.370000,136.370000,8110
2025-09-01 04:00,136.400000,136.900000,136.380000,136.780000,129937
2025-09-01 04:15,136.750000,136.850000,136.650000,136.810000,37907
2025-09-01 04:30,136.790000,137.080000,136.660000,136.920000,74731
2025-09-01 04:45,136.920000,137.060000,136.870000,137.060000,45285
2025-09-01 05:00,137.050000,137.300000,136.930000,137.210000,79365
2025-09-01 05:15,137.220000,137.300000,137.070000,137.070000,54054
2025-09-01 05:30,137.080000,137.090000,136.720000,137.010000,90873
2025-09-01 05:45,137.020000,137.070000,136.870000,136.900000,31472
2025-09-01 06:00,136.900000,136.990000,136.810000,136.970000,43835
2025-09-01 06:15,136.970000,137.370000,136.970000,137.300000,141606
2025-09-01 06:30,137.300000,137.450000,136.970000,137.120000,124623
2025-09-01 06:45,137.120000,137.120000,136.860000,137.070000,98950
2025-09-01 07:00,137.070000,137.170000,136.600000,136.770000,231677
2025-09-01 07:15,136.770000,136.790000,136.270000,136.590000,267976
2025-09-01 07:30,136.590000,136.720000,136.380000,136.470000,69566
2025-09-01 07:45,136.460000,136.470000,135.810000,135.990000,205320
2025-09-01 08:00,135.990000,136.300000,135.890000,136.280000,105865
2025-09-01 08:15,136.290000,136.390000,136.120000,136.190000,59313
2025-09-01 08:30,136.220000,136.220000,135.910000,136.020000,50044
2025-09-01 08:45,136.020000,136.330000,136.000000,136.220000,64267
2025-09-01 09:00,136.250000,136.540000,136.230000,136.360000,113476
2025-09-01 09:15,136.360000,136.520000,136.110000,136.110000,47482
2025-09-01 09:30,136.110000,136.350000,136.010000,136.170000,52786
2025-09-01 09:45,136.160000,136.220000,135.820000,135.880000,75268
2025-09-01 10:00,135.880000,135.940000,135.630000,135.920000,138899
2025-09-01 10:15,135.920000,136.050000,135.800000,135.810000,68201
2025-09-01 10:30,135.800000,136.230000,135.800000,135.970000,67044
2025-09-01 10:45,135.980000,136.090000,135.830000,136.000000,27749
2025-09-01 11:00,136.000000,136.290000,135.960000,136.250000,54491
2025-09-01 11:15,136.260000,136.290000,136.070000,136.210000,36264
2025-09-01 11:30,136.210000,136.220000,136.050000,136.090000,35247
2025-09-01 11:45,136.090000,136.180000,136.020000,136.060000,17226
2025-09-01 12:00,136.030000,136.160000,136.020000,136.090000,16324
2025-09-01 12:15,136.090000,136.100000,136.000000,136.000000,37044
2025-09-01 12:30,136.000000,136.260000,135.750000,136.000000,90258
2025-09-01 12:45,136.000000,136.060000,135.880000,135.920000,40792
2025-09-01 13:00,135.910000,135.940000,135.330000,135.580000,170369
2025-09-01 13:15,135.570000,135.590000,135.260000,135.400000,90710
2025-09-01 13:30,135.400000,135.730000,135.380000,135.700000,100667
2025-09-01 13:45,135.710000,135.730000,135.400000,135.490000,50969
2025-09-01 14:00,135.500000,135.550000,135.050000,135.090000,93579
2025-09-01 14:15,135.080000,135.190000,134.650000,134.850000,378041
2025-09-01 14:30,134.850000,134.940000,134.520000,134.570000,151858
2025-09-01 14:45,134.590000,134.960000,134.020000,134.810000,300553
2025-09-01 15:00,134.810000,135.100000,134.630000,135.010000,117258
2025-09-01 15:15,135.010000,135.160000,134.830000,134.850000,97120
2025-09-01 15:30,134.850000,134.850000,134.390000,134.470000,81898
2025-09-01 15:45,134.380000,134.380000,134.380000,134.380000,9121
2025-09-01 16:00,134.450000,134.660000,134.300000,134.630000,64179
2025-09-01 16:15,134.620000,134.750000,134.460000,134.490000,40707
2025-09-01 16:30,134.510000,134.650000,134.320000,134.320000,37033
2025-09-01 16:45,134.380000,134.390000,133.850000,134.110000,200812
2025-09-01 17:00,134.100000,134.140000,133.900000,134.140000,41838
2025-09-01 17:15,134.140000,134.340000,134.090000,134.290000,56393
2025-09-01 17:30,134.300000,134.530000,134.290000,134.510000,40910
2025-09-01 17:45,134.530000,134.530000,134.450000,134.470000,22878
2025-09-01 18:00,134.470000,134.810000,134.460000,134.760000,45055
2025-09-01 18:15,134.740000,134.820000,134.680000,134.680000,17189
2025-09-01 18:30,134.670000,134.710000,134.250000,134.270000,63474
2025-09-01 18:45,134.300000,134.530000,134.300000,134.530000,11882
2025-09-01 19:00,134.480000,134.790000,134.440000,134.770000,20324
2025-09-01 19:15,134.750000,134.790000,134.670000,134.740000,8088
2025-09-01 19:30,134.730000,134.790000,134.730000,134.790000,23444
2025-09-01 19:45,134.790000,134.910000,134.790000,134.910000,15118
2025-09-01 20:00,134.900000,134.920000,134.680000,134.690000,48252
2025-09-01 20:15,134.680000,134.900000,134.620000,134.900000,30413
2025-09-01 20:30,134.900000,134.960000,134.780000,134.870000,20507
2025-09-01 20:45,134.900000,134.910000,134.830000,134.910000,2170
2025-09-02 03:45,135.030000,135.030000,135.030000,135.030000,2995
2025-09-02 04:00,135.060000,135.350000,134.760000,135.070000,113813
2025-09-02 04:15,135.050000,135.230000,135.020000,135.120000,22501
2025-09-02 04:30,135.120000,136.180000,135.070000,135.770000,461876
2025-09-02 04:45,135.760000,136.410000,135.510000,135.840000,385270
2025-09-02 05:00,135.840000,136.170000,135.510000,135.560000,265899
2025-09-02 05:15,135.590000,135.870000,135.220000,135.330000,142713
2025-09-02 05:30,135.330000,135.570000,135.250000,135.550000,118849
2025-09-02 05:45,135.570000,135.820000,135.480000,135.700000,99892
2025-09-02 06:00,135.700000,135.700000,135.280000,135.550000,212016
2025-09-02 06:15,135.550000,135.550000,134.690000,134.700000,234349
2025-09-02 06:30,134.690000,134.700000,134.120000,134.570000,330816
2025-09-02 06:45,134.570000,134.600000,133.950000,134.060000,251503
2025-09-02 07:00,134.060000,134.060000,133.210000,134.000000,641694
2025-09-02 07:15,134.000000,134.320000,133.740000,134.260000,244006
2025-09-02 07:30,134.260000,134.340000,134.050000,134.090000,117191
2025-09-02 07:45,134.080000,134.330000,133.530000,133.780000,158985
2025-09-02 08:00,133.780000,133.850000,133.270000,133.770000,236295
2025-09-02 08:15,133.750000,133.970000,133.590000,133.940000,86068
2025-09-02 08:30,133.930000,134.090000,133.650000,133.800000,122361
2025-09-02 08:45,133.770000,134.270000,133.660000,134.050000,94001
2025-09-02 09:00,134.040000,134.180000,133.660000,134.040000,86871
2025-09-02 09:15,134.040000,134.200000,133.750000,133.790000,117296
2025-09-02 09:30,133.840000,134.860000,133.710000,134.560000,268984
2025-09-02 09:45,134.560000,134.740000,134.140000,134.140000,151392
2025-09-02 10:00,134.140000,134.280000,133.770000,133.970000,109873
2025-09-02 10:15,133.930000,134.140000,133.870000,134.090000,49196
2025-09-02 10:30,134.100000,134.210000,133.850000,133.850000,41971
2025-09-02 10:45,133.850000,133.970000,133.650000,133.940000,96741
2025-09-02 11:00,133.920000,134.300000,133.890000,133.900000,110381
2025-09-02 11:15,133.890000,133.990000,133.750000,133.900000,55102
2025-09-02 11:30,133.890000,133.990000,133.850000,133.990000,51360
2025-09-02 11:45,133.980000,134.090000,133.810000,134.040000,92847
2025-09-02 12:00,134.050000,134.500000,133.810000,134.120000,223983
2025-09-02 12:15,134.120000,134.320000,133.500000,133.560000,188681
2025-09-02 12:30,133.560000,133.570000,132.460000,132.640000,662296
2025-09-02 12:45,132.650000,132.780000,132.240000,132.380000,371480
2025-09-02 13:00,132.380000,132.380000,131.350000,131.530000,875536
2025-09-02 13:15,131.520000,131.850000,131.300000,131.840000,554766
2025-09-02 13:30,131.840000,131.870000,131.700000,131.710000,211737
2025-09-02 13:45,131.710000,131.860000,131.700000,131.840000,127632
2025-09-02 14:00,131.860000,131.960000,131.730000,131.900000,114813
2025-09-02 14:15,131.900000,132.000000,131.610000,131.630000,134368
2025-09-02 14:30,131.630000,131.880000,131.620000,131.770000,99629
2025-09-02 14:45,131.780000,131.790000,131.350000,131.460000,218464
2025-09-02 15:00,131.460000,131.490000,130.470000,130.820000,741095
2025-09-02 15:15,130.820000,131.040000,130.740000,130.940000,192347
2025-09-02 15:30,130.910000,131.030000,130.450000,130.700000,205801
2025-09-02 15:45,130.700000,130.700000,130.700000,130.700000,39667
2025-09-02 16:00,130.680000,131.080000,130.680000,130.870000,105377
2025-09-02 16:15,130.860000,131.270000,130.860000,131.140000,98729
2025-09-02 16:30,131.140000,131.330000,131.000000,131.200000,79389
2025-09-02 16:45,131.190000,131.380000,131.050000,131.320000,72236
2025-09-02 17:00,131.330000,131.330000,131.070000,131.260000,29398
2025-09-02 17:15,131.250000,131.290000,131.010000,131.170000,34322
2025-09-02 17:30,131.170000,131.280000,130.510000,130.850000,145077
2025-09-02 17:45,130.860000,130.890000,130.500000,130.850000,103062
2025-09-02 18:00,130.840000,131.200000,130.840000,131.020000,61328
2025-09-02 18:15,131.020000,131.200000,130.890000,130.920000,60138
2025-09-02 18:30,130.950000,131.280000,130.910000,131.230000,40328
2025-09-02 18:45,131.220000,131.870000,131.210000,131.800000,215259
2025-09-02 19:00,131.790000,132.090000,131.550000,131.880000,147351
2025-09-02 19:15,131.900000,132.160000,131.780000,132.030000,205620
2025-09-02 19:30,132.030000,132.090000,131.840000,131.850000,90218
2025-09-02 19:45,131.850000,132.110000,131.820000,131.980000,54695
2025-09-02 20:00,131.970000,132.200000,131.880000,132.180000,51537
2025-09-02 20:15,132.180000,132.180000,132.030000,132.120000,49591
2025-09-02 20:30,132.120000,132.130000,131.980000,132.040000,50680
2025-09-02 20:45,132.070000,132.180000,131.990000,132.180000,34505
2025-09-03 03:45,132.340000,132.340000,132.340000,132.340000,2463
2025-09-03 04:00,132.310000,132.330000,131.530000,131.660000,106415
2025-09-03 04:15,131.670000,131.790000,131.600000,131.750000,23554
2025-09-03 04:30,131.750000,131.780000,131.370000,131.520000,70415
2025-09-03 04:45,131.510000,131.750000,131.510000,131.730000,24400
2025-09-03 05:00,131.730000,131.780000,131.610000,131.650000,6443
2025-09-03 05:15,131.650000,131.660000,131.400000,131.440000,25895
2025-09-03 05:30,131.440000,131.670000,131.390000,131.660000,16880
2025-09-03 05:45,131.660000,131.990000,131.610000,131.950000,28490
2025-09-03 06:00,131.930000,132.150000,131.750000,131.830000,59069
2025-09-03 06:15,131.830000,131.860000,131.590000,131.690000,16604
2025-09-03 06:30,131.700000,131.790000,131.590000,131.630000,33698
2025-09-03 06:45,131.650000,132.130000,131.650000,132.010000,49719
2025-09-03 07:00,132.000000,132.680000,131.870000,131.880000,213869
2025-09-03 07:15,131.880000,131.980000,131.270000,131.400000,183342
2025-09-03 07:30,131.410000,131.640000,131.190000,131.250000,118500
2025-09-03 07:45,131.250000,131.630000,131.030000,131.480000,92833
2025-09-03 08:00,131.470000,131.550000,131.200000,131.290000,72721
2025-09-03 08:15,131.280000,131.340000,130.680000,130.770000,176436
2025-09-03 08:30,130.770000,131.040000,130.740000,130.970000,100957
2025-09-03 08:45,130.970000,131.100000,130.700000,131.100000,82643
2025-09-03 09:00,131.100000,131.550000,131.080000,131.360000,127856
2025-09-03 09:15,131.360000,131.590000,131.220000,131.360000,70948
2025-09-03 09:30,131.360000,131.370000,131.110000,131.320000,32078
2025-09-03 09:45,131.300000,131.310000,131.120000,131.160000,20304
2025-09-03 10:00,131.160000,131.750000,131.150000,131.680000,51939
2025-09-03 10:15,131.650000,131.870000,131.380000,131.540000,80985
2025-09-03 10:30,131.540000,131.800000,131.430000,131.460000,52839
2025-09-03 10:45,131.460000,131.510000,131.230000,131.310000,35278
2025-09-03 11:00,131.300000,131.520000,131.220000,131.260000,44959
2025-09-03 11:15,131.260000,131.820000,131.260000,131.490000,94031
2025-09-03 11:30,131.490000,131.750000,131.420000,131.700000,28312
2025-09-03 11:45,131.690000,131.700000,131.520000,131.590000,18443
2025-09-03 12:00,131.590000,131.670000,131.170000,131.190000,60535
2025-09-03 12:15,131.210000,131.430000,131.020000,131.120000,78425
2025-09-03 12:30,131.130000,131.340000,130.850000,131.280000,122391
2025-09-03 12:45,131.270000,131.490000,131.210000,131.480000,41852
2025-09-03 13:00,131.460000,131.510000,131.120000,131.300000,20200
2025-09-03 13:15,131.300000,131.590000,131.200000,131.500000,41661
2025-09-03 13:30,131.500000,132.220000,131.320000,131.930000,279526
2025-09-03 13:45,131.930000,132.320000,130.870000,131.180000,383425
2025-09-03 14:00,131.180000,131.420000,131.110000,131.320000,81535
2025-09-03 14:15,131.320000,131.490000,131.050000,131.240000,69498
2025-09-03 14:30,131.240000,131.390000,131.060000,131.150000,64556
2025-09-03 14:45,131.190000,131.280000,130.910000,131.260000,59446
2025-09-03 15:00,131.260000,131.490000,131.150000,131.230000,44585
2025-09-03 15:15,131.230000,131.290000,131.080000,131.240000,42308
2025-09-03 15:30,131.230000,131.250000,131.080000,131.090000,39317
2025-09-03 15:45,131.100000,131.100000,131.100000,131.100000,14544
2025-09-03 16:00,131.220000,131.750000,131.170000,131.580000,188841
2025-09-03 16:15,131.590000,132.120000,131.590000,131.860000,235380
2025-09-03 16:30,131.850000,132.030000,131.750000,131.850000,43978
2025-09-03 16:45,131.850000,131.870000,131.160000,131.500000,172273
2025-09-03 17:00,131.490000,131.850000,131.470000,131.820000,66359
2025-09-03 17:15,131.830000,131.850000,131.680000,131.830000,26092
2025-09-03 17:30,131.800000,131.970000,131.680000,131.890000,35048
2025-09-03 17:45,131.890000,131.900000,131.700000,131.800000,18810
2025-09-03 18:00,131.790000,131.880000,131.750000,131.820000,11140
2025-09-03 18:15,131.830000,131.840000,131.570000,131.690000,29250
2025-09-03 18:30,131.690000,131.800000,131.560000,131.750000,50247
2025-09-03 18:45,131.750000,131.900000,131.710000,131.880000,31822
2025-09-03 19:00,131.880000,132.290000,131.880000,132.280000,112466
2025-09-03 19:15,132.280000,132.290000,132.100000,132.100000,39701
2025-09-03 19:30,132.110000,132.260000,132.060000,132.250000,39237
2025-09-03 19:45,132.250000,132.280000,132.190000,132.270000,14590
2025-09-03 20:00,132.260000,132.270000,132.100000,132.180000,20738
2025-09-03 20:15,132.180000,132.190000,132.020000,132.020000,23704
2025-09-03 20:30,132.030000,132.140000,132.010000,132.120000,26051
2025-09-03 20:45,132.080000,132.280000,132.060000,132.180000,21151
2025-09-04 03:45,132.170000,132.170000,132.170000,132.170000,1599
2025-09-04 04:00,132.170000,132.320000,131.810000,132.210000,46820
2025-09-04 04:15,132.210000,132.210000,131.700000,131.930000,106306
2025-09-04 04:30,131.940000,131.950000,131.660000,131.690000,19066
2025-09-04 04:45,131.680000,132.010000,131.660000,132.000000,26006
2025-09-04 05:00,132.010000,132.070000,131.870000,132.050000,10102
2025-09-04 05:15,132.040000,132.180000,131.970000,132.180000,15173
2025-09-04 05:30,132.180000,132.530000,132.170000,132.280000,86099
2025-09-04 05:45,132.260000,132.350000,132.170000,132.260000,24284
2025-09-04 06:00,132.250000,132.280000,131.710000,131.860000,84215
2025-09-04 06:15,131.860000,132.230000,131.840000,132.200000,37812
2025-09-04 06:30,132.170000,132.200000,132.000000,132.060000,30140
2025-09-04 06:45,132.060000,132.400000,132.020000,132.300000,35415
2025-09-04 07:00,132.300000,132.590000,132.120000,132.450000,159999
2025-09-04 07:15,132.440000,132.490000,132.210000,132.350000,105727
2025-09-04 07:30,132.350000,132.400000,132.000000,132.190000,182301
2025-09-04 07:45,132.190000,132.350000,132.190000,132.350000,52874
2025-09-04 08:00,132.350000,132.500000,131.910000,132.050000,113438
2025-09-04 08:15,132.060000,132.160000,131.960000,132.090000,55137
2025-09-04 08:30,132.090000,132.310000,132.060000,132.160000,43385
2025-09-04 08:45,132.160000,132.210000,132.020000,132.130000,65653
2025-09-04 09:00,132.130000,132.390000,132.050000,132.060000,86620
2025-09-04 09:15,132.080000,132.160000,131.320000,131.630000,216877
2025-09-04 09:30,131.620000,132.140000,131.460000,131.800000,134091
2025-09-04 09:45,131.800000,131.930000,131.670000,131.670000,61926
2025-09-04 10:00,131.680000,131.940000,131.680000,131.760000,32405
2025-09-04 10:15,131.760000,132.010000,131.650000,131.860000,90679
2025-09-04 10:30,131.860000,131.870000,131.710000,131.800000,30063
2025-09-04 10:45,131.800000,131.820000,131.650000,131.680000,44299
2025-09-04 11:00,131.680000,131.840000,131.620000,131.620000,27888
2025-09-04 11:15,131.660000,131.750000,131.420000,131.650000,72693
2025-09-04 11:30,131.650000,131.680000,131.500000,131.560000,25614
2025-09-04 11:45,131.540000,131.650000,131.510000,131.630000,15722
2025-09-04 12:00,131.650000,131.750000,131.500000,131.660000,60047
2025-09-04 12:15,131.660000,131.680000,131.060000,131.100000,212749
2025-09-04 12:30,131.100000,131.300000,130.950000,131.190000,192557
2025-09-04 12:45,131.200000,131.200000,130.960000,131.150000,51163
2025-09-04 13:00,131.160000,131.330000,130.940000,131.200000,68400
2025-09-04 13:15,131.210000,131.670000,131.210000,131.360000,119933
2025-09-04 13:30,131.370000,131.660000,131.300000,131.640000,36578
2025-09-04 13:45,131.650000,131.740000,131.440000,131.510000,53791
2025-09-04 14:00,131.500000,131.550000,131.000000,131.200000,115295
2025-09-04 14:15,131.200000,131.200000,130.130000,130.400000,616445
2025-09-04 14:30,130.400000,130.730000,129.830000,130.120000,528030
2025-09-04 14:45,130.110000,130.430000,130.060000,130.240000,221419
2025-09-04 15:00,130.250000,130.600000,129.980000,130.370000,231658
2025-09-04 15:15,130.370000,130.510000,130.210000,130.430000,91470
2025-09-04 15:30,130.410000,130.560000,130.240000,130.490000,86578
2025-09-04 15:45,130.490000,130.490000,130.490000,130.490000,3094
2025-09-04 16:00,130.550000,130.590000,130.250000,130.560000,75207
2025-09-04 16:15,130.530000,130.580000,130.250000,130.320000,50566
2025-09-04 16:30,130.320000,130.370000,130.290000,130.340000,10665
2025-09-04 16:45,130.330000,130.650000,130.320000,130.410000,56309
2025-09-04 17:00,130.400000,130.750000,130.350000,130.700000,36720
2025-09-04 17:15,130.710000,130.750000,130.490000,130.510000,56636
2025-09-04 17:30,130.500000,130.700000,130.490000,130.560000,11897
2025-09-04 17:45,130.560000,131.160000,130.530000,130.970000,182284
2025-09-04 18:00,130.950000,131.290000,130.850000,131.040000,122581
2025-09-04 18:15,131.040000,131.200000,130.960000,131.080000,47181
2025-09-04 18:30,131.080000,131.090000,130.900000,130.930000,21811
2025-09-04 18:45,130.950000,131.170000,130.910000,131.130000,21872
2025-09-04 19:00,131.120000,131.130000,130.830000,130.900000,16835
2025-09-04 19:15,130.900000,130.950000,130.810000,130.950000,27727
2025-09-04 19:30,130.950000,131.000000,130.770000,130.830000,20325
2025-09-04 19:45,130.860000,130.950000,130.820000,130.890000,10886
2025-09-04 20:00,130.900000,131.100000,130.860000,131.040000,23205
2025-09-04 20:15,131.040000,131.120000,130.950000,130.970000,20549
2025-09-04 20:30,130.970000,130.980000,130.790000,130.870000,26894
2025-09-04 20:45,130.870000,130.890000,130.710000,130.800000,36610
2025-09-05 03:45,131.000000,131.000000,131.000000,131.000000,727
2025-09-05 04:00,131.010000,131.400000,130.950000,131.250000,101634
2025-09-05 04:15,131.250000,131.310000,131.150000,131.300000,16602
2025-09-05 04:30,131.300000,131.590000,131.210000,131.530000,53740
2025-09-05 04:45,131.520000,131.570000,131.030000,131.070000,51287
2025-09-05 05:00,131.130000,131.130000,130.950000,131.040000,36715
2025-09-05 05:15,131.040000,131.130000,130.930000,131.070000,18196
2025-09-05 05:30,131.070000,131.500000,130.910000,131.430000,73314
2025-09-05 05:45,131.430000,131.500000,131.190000,131.390000,33640
2025-09-05 06:00,131.370000,131.740000,131.340000,131.390000,99458
2025-09-05 06:15,131.380000,131.400000,131.200000,131.290000,30027
2025-09-05 06:30,131.280000,131.470000,131.270000,131.460000,29739
2025-09-05 06:45,131.460000,131.550000,131.290000,131.410000,44530
2025-09-05 07:00,131.400000,131.410000,131.100000,131.300000,75160
2025-09-05 07:15,131.290000,131.450000,131.160000,131.340000,54144
2025-09-05 07:30,131.340000,131.360000,131.140000,131.350000,65113
2025-09-05 07:45,131.360000,131.470000,131.230000,131.310000,75517
2025-09-05 08:00,131.290000,131.460000,131.210000,131.380000,45743
2025-09-05 08:15,131.380000,131.380000,131.100000,131.170000,40735
2025-09-05 08:30,131.170000,131.350000,131.160000,131.330000,37431
2025-09-05 08:45,131.340000,132.380000,131.340000,132.200000,743173
2025-09-05 09:00,132.200000,132.500000,131.850000,131.920000,322364
2025-09-05 09:15,131.920000,132.000000,131.810000,131.880000,70910
2025-09-05 09:30,131.870000,131.960000,131.530000,131.940000,147023
2025-09-05 09:45,131.940000,132.190000,131.780000,132.000000,114867
2025-09-05 10:00,131.990000,132.080000,131.810000,132.030000,47405
2025-09-05 10:15,132.040000,132.040000,131.690000,131.730000,65828
2025-09-05 10:30,131.740000,131.980000,131.700000,131.890000,34245
2025-09-05 10:45,131.890000,131.930000,131.710000,131.930000,31761
2025-09-05 11:00,131.930000,131.990000,131.730000,131.810000,32177
2025-09-05 11:15,131.810000,131.980000,131.810000,131.940000,27426
2025-09-05 11:30,131.930000,132.000000,131.930000,131.960000,80938
2025-09-05 11:45,131.960000,132.000000,131.900000,132.000000,50527
2025-09-05 12:00,132.000000,132.050000,131.700000,131.710000,72766
2025-09-05 12:15,131.730000,131.930000,131.700000,131.810000,22289
2025-09-05 12:30,131.810000,131.880000,131.790000,131.810000,29766
2025-09-05 12:45,131.820000,132.240000,131.820000,132.220000,97422
2025-09-05 13:00,132.210000,132.300000,132.110000,132.210000,102539
2025-09-05 13:15,132.220000,132.230000,132.010000,132.100000,41891
2025-09-05 13:30,132.090000,132.300000,131.810000,132.070000,62940
2025-09-05 13:45,132.090000,132.220000,132.050000,132.200000,29512
2025-09-05 14:00,132.180000,132.370000,132.180000,132.320000,98673
2025-09-05 14:15,132.300000,132.380000,132.090000,132.220000,62440
2025-09-05 14:30,132.230000,132.290000,132.190000,132.270000,30757
2025-09-05 14:45,132.270000,132.290000,131.920000,131.950000,48074
2025-09-05 15:00,131.950000,132.100000,131.770000,132.100000,67731
2025-09-05 15:15,132.100000,132.210000,132.030000,132.120000,46066
2025-09-05 15:30,132.110000,132.130000,131.960000,132.000000,17339
2025-09-05 15:45,132.000000,132.000000,132.000000,132.000000,2239
2025-09-05 16:00,131.950000,132.020000,131.850000,131.850000,21764
2025-09-05 16:15,131.880000,131.990000,131.800000,131.870000,19548
2025-09-05 16:30,131.880000,131.990000,131.800000,131.920000,20818
2025-09-05 16:45,131.920000,132.030000,131.720000,132.020000,27581
2025-09-05 17:00,132.020000,132.110000,131.980000,132.090000,33231
2025-09-05 17:15,132.070000,132.180000,131.970000,132.010000,28782
2025-09-05 17:30,132.020000,132.080000,131.990000,131.990000,17470
2025-09-05 17:45,132.000000,132.010000,131.890000,131.900000,13564
2025-09-05 18:00,131.910000,131.950000,131.760000,131.860000,22584
2025-09-05 18:15,131.860000,131.920000,131.840000,131.910000,9489
2025-09-05 18:30,131.900000,131.910000,131.770000,131.770000,11235
2025-09-05 18:45,131.780000,131.870000,131.770000,131.860000,5938
2025-09-05 19:00,131.870000,131.900000,131.850000,131.890000,25455
2025-09-05 19:15,131.890000,132.000000,131.870000,131.900000,14931
2025-09-05 19:30,131.890000,132.040000,131.880000,132.010000,33014
2025-09-05 19:45,132.020000,132.020000,131.900000,131.920000,9609
2025-09-05 20:00,131.900000,131.960000,131.800000,131.880000,25504
2025-09-05 20:15,131.870000,131.980000,131.870000,131.930000,11623
2025-09-05 20:30,131.940000,131.950000,131.800000,131.870000,37873
2025-09-05 20:45,131.870000,131.900000,131.800000,131.870000,12427
2025-09-05 23:00,131.620000,132.370000,131.620000,132.110000,809
2025-09-05 23:15,131.960000,132.100000,131.790000,132.050000,52
2025-09-05 23:30,131.840000,132.050000,131.820000,132.040000,19
2025-09-05 23:45,132.040000,132.180000,131.850000,132.170000,113
2025-09-06 00:00,132.010000,132.310000,132.010000,132.030000,259
2025-09-06 00:15,132.030000,132.300000,132.000000,132.290000,53
2025-09-06 00:30,132.020000,132.290000,132.000000,132.020000,100
2025-09-06 00:45,132.290000,132.290000,132.030000,132.290000,28
2025-09-06 01:00,132.040000,132.040000,132.030000,132.030000,8
2025-09-06 01:15,132.040000,132.060000,132.020000,132.060000,312
2025-09-06 01:30,132.060000,132.210000,132.030000,132.030000,13
2025-09-06 01:45,132.030000,132.210000,132.030000,132.030000,24
2025-09-06 02:00,132.020000,132.210000,132.020000,132.020000,30
2025-09-06 02:15,132.020000,132.280000,132.000000,132.000000,269
2025-09-06 02:30,132.000000,132.270000,132.000000,132.010000,101
2025-09-06 02:45,132.200000,132.270000,132.020000,132.050000,300
2025-09-06 03:00,132.050000,132.260000,132.050000,132.260000,109
2025-09-06 03:15,132.070000,132.250000,132.060000,132.250000,19
2025-09-06 03:30,132.250000,132.250000,132.080000,132.190000,52
2025-09-06 03:45,132.080000,132.190000,132.080000,132.090000,46
2025-09-06 04:00,132.190000,132.190000,132.100000,132.130000,155
2025-09-06 04:15,132.130000,132.260000,132.090000,132.260000,638
2025-09-06 04:30,132.250000,132.260000,132.100000,132.200000,1333
2025-09-06 04:45,132.200000,132.230000,132.070000,132.070000,833
2025-09-06 05:00,132.220000,132.220000,131.880000,131.900000,1087
2025-09-06 05:15,131.880000,132.170000,131.760000,131.770000,1012
2025-09-06 05:30,131.870000,132.000000,131.770000,131.990000,218
2025-09-06 05:45,131.870000,132.000000,131.790000,131.790000,692
2025-09-06 06:00,131.990000,132.060000,131.770000,132.040000,1064
2025-09-06 06:15,132.030000,132.050000,131.770000,131.780000,607
2025-09-06 06:30,132.050000,132.050000,131.780000,132.000000,187
2025-09-06 06:45,132.000000,132.000000,132.000000,132.000000,791
2025-09-06 07:00,132.010000,132.170000,131.870000,132.010000,39515
2025-09-06 07:15,132.010000,132.090000,131.970000,132.080000,7309
2025-09-06 07:30,132.080000,132.090000,132.050000,132.080000,7489
2025-09-06 07:30,132.080000,132.090000,132.050000,132.080000,7489
2025-09-06 07:45,132.080000,132.090000,132.040000,132.070000,2546
2025-09-06 08:00,132.070000,132.070000,132.010000,132.040000,4433
2025-09-06 08:15,132.040000,132.040000,131.980000,131.980000,1752
2025-09-06 08:30,131.980000,132.000000,131.930000,131.970000,2747
2025-09-06 08:45,131.930000,131.950000,131.830000,131.860000,8940
2025-09-06 09:00,131.870000,132.010000,131.830000,131.990000,5810
2025-09-06 09:15,131.990000,132.020000,131.960000,132.010000,1879
2025-09-06 09:30,132.020000,132.020000,131.980000,131.980000,2837
2025-09-06 09:45,132.000000,132.000000,131.840000,131.950000,2675
2025-09-06 10:00,131.960000,131.960000,131.820000,131.960000,2568
2025-09-06 10:15,131.960000,132.000000,131.920000,132.000000,1822
2025-09-06 10:30,131.990000,132.030000,131.930000,131.930000,2618
2025-09-06 10:45,131.960000,131.990000,131.900000,131.960000,1273
2025-09-06 11:00,131.960000,131.960000,131.780000,131.800000,14331
2025-09-06 11:15,131.810000,131.830000,131.800000,131.810000,1575
2025-09-06 11:30,131.810000,131.830000,131.610000,131.640000,19279
2025-09-06 11:45,131.630000,131.780000,131.600000,131.770000,9480
2025-09-06 12:00,131.770000,131.940000,131.770000,131.850000,11807
2025-09-06 12:15,131.850000,131.880000,131.810000,131.840000,1071
2025-09-06 12:30,131.850000,131.860000,131.810000,131.860000,3400
2025-09-06 12:45,131.830000,131.850000,131.820000,131.840000,1018
2025-09-06 13:00,131.840000,131.890000,131.750000,131.780000,4470
2025-09-06 13:15,131.780000,131.800000,131.720000,131.720000,5232
2025-09-06 13:30,131.710000,131.750000,131.700000,131.720000,3651
2025-09-06 13:45,131.710000,131.800000,131.700000,131.790000,2602
2025-09-06 14:00,131.790000,131.830000,131.770000,131.810000,2695
2025-09-06 14:15,131.800000,131.810000,131.740000,131.810000,3998
2025-09-06 14:30,131.800000,131.830000,131.780000,131.820000,1655
2025-09-06 14:45,131.820000,131.860000,131.820000,131.830000,1210
2025-09-06 15:00,131.830000,131.860000,131.830000,131.860000,1950
2025-09-06 15:15,131.850000,131.900000,131.820000,131.900000,4113
2025-09-06 15:30,131.900000,131.940000,131.830000,131.830000,6901
2025-09-06 15:45,131.830000,131.920000,131.760000,131.920000,5584
2025-09-06 16:00,131.910000,131.960000,131.700000,131.960000,172
2025-09-06 16:15,131.800000,131.960000,131.790000,131.800000,281
2025-09-06 16:30,131.920000,131.920000,131.700000,131.740000,1205
2025-09-06 16:45,131.870000,131.870000,131.710000,131.720000,680
2025-09-06 17:00,131.790000,131.920000,131.720000,131.910000,554
2025-09-06 17:15,131.890000,131.890000,131.730000,131.850000,108
2025-09-06 17:30,131.850000,131.960000,131.750000,131.780000,844
2025-09-06 17:45,131.760000,131.960000,131.760000,131.950000,199
2025-09-06 18:00,131.950000,131.960000,131.800000,131.930000,601
2025-09-06 18:15,131.820000,131.940000,131.820000,131.830000,327
2025-09-06 18:30,131.830000,131.930000,131.830000,131.920000,245
2025-09-06 18:45,131.920000,131.930000,131.830000,131.930000,1642
2025-09-06 19:00,131.930000,131.940000,131.700000,131.700000,2907
2025-09-06 19:15,131.890000,131.900000,131.690000,131.800000,800
2025-09-06 19:30,131.800000,131.950000,131.700000,131.930000,1504
2025-09-06 19:45,131.930000,131.940000,131.770000,131.940000,451
2025-09-06 20:00,131.940000,131.940000,131.800000,131.880000,97
2025-09-06 20:15,131.880000,131.900000,131.780000,131.780000,504
2025-09-06 20:30,131.800000,131.950000,131.640000,131.650000,1119
2025-09-06 20:45,131.890000,131.900000,131.650000,131.660000,133
2025-09-06 23:00,131.930000,132.000000,131.550000,131.670000,70
2025-09-06 23:15,131.960000,131.960000,131.610000,131.750000,20
2025-09-06 23:30,131.960000,131.960000,131.750000,131.960000,3
2025-09-06 23:45,131.670000,131.850000,131.600000,131.830000,53
2025-09-07 00:00,131.790000,131.950000,131.610000,131.620000,13
2025-09-07 00:15,131.760000,131.960000,131.760000,131.960000,3
2025-09-07 00:45,131.950000,131.960000,131.950000,131.960000,103
2025-09-07 01:00,131.690000,131.900000,131.640000,131.640000,22
2025-09-07 01:15,131.640000,131.790000,131.640000,131.780000,9
2025-09-07 01:30,131.650000,131.960000,131.620000,131.620000,197
2025-09-07 01:45,131.920000,131.920000,131.600000,131.600000,193
2025-09-07 02:00,131.610000,131.610000,131.590000,131.590000,112
2025-09-07 02:15,131.590000,131.960000,131.590000,131.610000,119
2025-09-07 02:30,131.880000,131.880000,131.600000,131.830000,43
2025-09-07 02:45,131.600000,131.830000,131.600000,131.830000,7
2025-09-07 03:00,131.700000,131.830000,131.600000,131.830000,35
2025-09-07 03:15,131.600000,131.880000,131.600000,131.880000,60
2025-09-07 03:30,131.880000,131.880000,131.630000,131.880000,26
2025-09-07 03:45,131.650000,131.870000,131.650000,131.650000,21
2025-09-07 04:00,131.860000,131.860000,131.650000,131.840000,64
2025-09-07 04:15,131.840000,131.850000,131.680000,131.850000,47
2025-09-07 04:30,131.850000,131.850000,131.660000,131.840000,301
2025-09-07 04:45,131.680000,131.830000,131.670000,131.690000,41
2025-09-07 05:00,131.790000,131.810000,131.680000,131.800000,64
2025-09-07 05:15,131.800000,131.850000,131.680000,131.800000,147
2025-09-07 05:30,131.850000,131.970000,131.690000,131.970000,1415
2025-09-07 05:45,131.970000,131.970000,131.810000,131.810000,74
2025-09-07 06:00,131.940000,131.990000,131.810000,131.900000,334
2025-09-07 06:15,131.980000,131.990000,131.820000,131.980000,359
2025-09-07 06:30,131.830000,131.980000,131.830000,131.840000,140
2025-09-07 06:45,131.920000,131.920000,131.920000,131.920000,673
2025-09-07 07:00,131.970000,132.170000,131.750000,132.000000,23610
2025-09-07 07:15,132.000000,132.060000,131.940000,131.990000,3780
2025-09-07 07:30,131.960000,132.000000,131.860000,131.910000,2130
2025-09-07 07:45,131.880000,132.000000,131.880000,132.000000,1645
2025-09-07 08:00,132.000000,132.020000,131.950000,132.010000,2000
2025-09-07 08:15,132.010000,132.010000,131.920000,131.940000,3423
2025-09-07 08:30,131.940000,131.990000,131.930000,131.990000,1065
2025-09-07 08:45,131.990000,132.090000,131.980000,132.080000,6022
2025-09-07 09:00,132.080000,132.090000,132.060000,132.060000,5441
2025-09-07 09:15,132.060000,132.090000,132.050000,132.080000,2350
2025-09-07 09:30,132.050000,132.090000,132.050000,132.080000,1801
2025-09-07 09:45,132.070000,132.100000,132.070000,132.070000,3542
2025-09-07 10:00,132.070000,132.200000,132.070000,132.170000,6615
2025-09-07 10:15,132.170000,132.230000,132.170000,132.220000,9427
2025-09-07 10:30,132.220000,132.280000,132.170000,132.270000,13902
2025-09-07 10:45,132.280000,132.350000,132.220000,132.320000,12367
2025-09-07 11:00,132.320000,132.570000,132.320000,132.530000,31704
2025-09-07 11:15,132.530000,132.570000,132.450000,132.520000,20701
2025-09-07 11:30,132.510000,132.530000,132.340000,132.370000,9548
2025-09-07 11:45,132.350000,132.360000,132.270000,132.340000,4914
2025-09-07 12:00,132.340000,132.350000,132.300000,132.330000,3346
2025-09-07 12:15,132.330000,132.330000,132.200000,132.290000,3558
2025-09-07 12:30,132.280000,132.320000,132.220000,132.300000,2121
2025-09-07 12:45,132.300000,132.390000,132.260000,132.350000,6917
2025-09-07 13:00,132.320000,132.380000,132.310000,132.360000,1187
2025-09-07 13:15,132.370000,132.480000,132.130000,132.130000,25254
2025-09-07 13:30,132.120000,132.250000,132.120000,132.180000,2577
2025-09-07 13:45,132.170000,132.180000,132.130000,132.140000,3331
2025-09-07 14:00,132.160000,132.350000,132.140000,132.240000,8697
2025-09-07 14:15,132.240000,132.240000,132.150000,132.170000,1190
2025-09-07 14:30,132.170000,132.240000,132.170000,132.180000,1824
2025-09-07 14:45,132.180000,132.240000,132.180000,132.230000,4087
2025-09-07 15:00,132.230000,132.380000,132.220000,132.380000,6983
2025-09-07 15:15,132.380000,132.390000,132.240000,132.360000,5681
2025-09-07 15:30,132.360000,132.360000,132.260000,132.360000,11599
2025-09-07 15:45,132.350000,132.360000,132.260000,132.300000,5863
2025-09-07 16:00,132.690000,132.690000,131.420000,131.990000,7929
2025-09-07 16:15,131.980000,132.040000,131.670000,132.010000,3535
2025-09-07 16:30,131.990000,132.020000,131.700000,131.970000,974
2025-09-07 16:45,131.970000,131.990000,131.700000,131.840000,2967
2025-09-07 17:00,131.840000,131.950000,131.750000,131.900000,2720
2025-09-07 17:15,131.800000,131.900000,131.720000,131.800000,3353
2025-09-07 17:30,131.800000,132.000000,131.690000,131.960000,2335
2025-09-07 17:45,131.960000,132.000000,131.700000,131.710000,1924
2025-09-07 18:00,131.700000,131.970000,131.690000,131.720000,2115
2025-09-07 18:15,131.910000,131.980000,131.720000,131.950000,1044
2025-09-07 18:30,131.950000,131.950000,131.750000,131.920000,123
2025-09-07 18:45,131.760000,131.950000,131.760000,131.790000,277
2025-09-07 19:00,131.790000,131.980000,131.790000,131.980000,725
2025-09-07 19:15,131.970000,131.980000,131.780000,131.970000,162
2025-09-07 19:30,131.780000,131.980000,131.780000,131.970000,372
2025-09-07 19:45,131.940000,131.940000,131.780000,131.790000,361
2025-09-07 20:00,131.790000,131.930000,131.790000,131.810000,212
2025-09-07 20:15,131.900000,131.940000,131.790000,131.940000,1353
2025-09-07 20:30,131.940000,131.940000,131.800000,131.940000,722
2025-09-07 20:45,131.940000,131.980000,131.850000,131.980000,221
2025-09-08 03:45,132.330000,132.330000,132.330000,132.330000,3625
2025-09-08 04:00,132.350000,132.530000,132.110000,132.230000,65456
2025-09-08 04:15,132.220000,132.230000,131.950000,132.160000,38332
2025-09-08 04:30,132.170000,132.360000,132.170000,132.300000,17523
2025-09-08 04:45,132.310000,132.400000,132.300000,132.380000,18487
2025-09-08 05:00,132.380000,132.490000,132.340000,132.470000,22875
2025-09-08 05:15,132.470000,132.470000,132.340000,132.400000,8145
2025-09-08 05:30,132.400000,132.420000,132.340000,132.340000,6142
2025-09-08 05:45,132.380000,132.420000,132.340000,132.350000,7047
2025-09-08 06:00,132.360000,133.280000,132.360000,133.190000,297084
2025-09-08 06:15,133.190000,133.290000,132.980000,133.210000,85172
2025-09-08 06:30,133.210000,133.260000,133.010000,133.100000,68427
2025-09-08 06:45,133.100000,133.220000,132.950000,132.980000,101481
2025-09-08 07:00,132.990000,133.190000,132.900000,132.910000,111521
2025-09-08 07:15,132.920000,133.190000,132.820000,132.980000,115060
2025-09-08 07:30,132.940000,133.260000,132.890000,133.190000,93163
2025-09-08 07:45,133.200000,133.410000,133.190000,133.210000,144464
2025-09-08 08:00,133.210000,133.400000,133.210000,133.280000,89685
2025-09-08 08:15,133.290000,133.740000,133.280000,133.680000,163582
2025-09-08 08:30,133.690000,133.880000,133.500000,133.850000,165507
2025-09-08 08:45,133.850000,134.000000,133.680000,133.860000,264575
2025-09-08 09:00,133.870000,133.890000,133.500000,133.530000,154703
2025-09-08 09:15,133.520000,133.640000,133.500000,133.630000,65658
2025-09-08 09:30,133.620000,133.630000,133.500000,133.610000,39100
2025-09-08 09:45,133.610000,133.830000,133.590000,133.760000,46676
2025-09-08 10:00,133.780000,133.780000,133.280000,133.480000,210674
2025-09-08 10:15,133.480000,133.510000,133.050000,133.280000,94228
2025-09-08 10:30,133.290000,133.440000,133.200000,133.360000,51847
2025-09-08 10:45,133.360000,133.380000,133.040000,133.270000,74490
2025-09-08 11:00,133.270000,133.270000,133.050000,133.110000,45799
2025-09-08 11:15,133.100000,133.290000,133.090000,133.220000,52952
2025-09-08 11:30,133.260000,133.300000,133.170000,133.300000,45181
2025-09-08 11:45,133.300000,133.300000,133.260000,133.300000,20818
2025-09-08 12:00,133.290000,133.300000,133.020000,133.030000,45256
2025-09-08 12:15,133.040000,133.100000,132.860000,132.970000,171410
2025-09-08 12:30,132.980000,133.090000,132.900000,132.940000,65563
2025-09-08 12:45,132.940000,133.030000,132.620000,132.790000,129044
2025-09-08 13:00,132.790000,133.150000,132.630000,133.020000,82634
2025-09-08 13:15,133.060000,133.140000,133.000000,133.130000,30424
2025-09-08 13:30,133.130000,133.130000,132.940000,133.020000,69443
2025-09-08 13:45,133.020000,133.080000,132.860000,133.080000,52527
2025-09-08 14:00,133.070000,133.230000,132.970000,133.060000,47947
2025-09-08 14:15,133.050000,133.210000,133.030000,133.200000,50205
2025-09-08 14:30,133.200000,133.300000,133.030000,133.220000,112234
2025-09-08 14:45,133.210000,133.300000,133.060000,133.070000,60427
2025-09-08 15:00,133.070000,133.210000,132.850000,132.870000,57302
2025-09-08 15:15,132.860000,133.210000,132.820000,133.160000,67682
2025-09-08 15:30,133.150000,133.240000,133.110000,133.240000,21863
2025-09-08 15:45,133.240000,133.240000,133.240000,133.240000,1191
2025-09-08 16:00,133.240000,133.480000,133.230000,133.460000,57445
2025-09-08 16:15,133.460000,133.770000,133.390000,133.660000,135700
2025-09-08 16:30,133.650000,133.660000,133.440000,133.460000,52015
2025-09-08 16:45,133.460000,133.540000,133.360000,133.510000,23015
2025-09-08 17:00,133.480000,133.560000,133.440000,133.490000,20460
2025-09-08 17:15,133.490000,133.500000,133.380000,133.410000,12128
2025-09-08 17:30,133.410000,133.500000,133.300000,133.380000,16227
2025-09-08 17:45,133.370000,133.430000,133.290000,133.290000,9395
2025-09-08 18:00,133.290000,133.330000,133.230000,133.320000,16427
2025-09-08 18:15,133.320000,133.540000,133.300000,133.450000,25175
2025-09-08 18:30,133.450000,133.480000,133.340000,133.420000,9063
2025-09-08 18:45,133.430000,133.520000,133.420000,133.480000,6435
2025-09-08 19:00,133.480000,133.500000,133.410000,133.410000,12245
2025-09-08 19:15,133.410000,133.480000,133.380000,133.390000,6241
2025-09-08 19:30,133.380000,133.470000,133.330000,133.470000,12331
2025-09-08 19:45,133.470000,133.550000,133.470000,133.510000,20035
2025-09-08 20:00,133.500000,133.510000,133.360000,133.450000,31785
2025-09-08 20:15,133.440000,133.540000,133.420000,133.530000,10337
2025-09-08 20:30,133.520000,133.520000,133.400000,133.450000,26655
2025-09-08 20:45,133.440000,133.480000,133.400000,133.480000,10750
2025-09-09 03:45,133.650000,133.650000,133.650000,133.650000,1161
2025-09-09 04:00,133.650000,133.820000,133.480000,133.660000,58632
2025-09-09 04:15,133.640000,133.900000,133.590000,133.800000,33238
2025-09-09 04:30,133.790000,133.790000,133.560000,133.600000,22922
2025-09-09 04:45,133.630000,133.660000,133.530000,133.590000,16446
2025-09-09 05:00,133.580000,133.730000,133.580000,133.690000,8124
2025-09-09 05:15,133.700000,133.810000,133.670000,133.800000,14556
2025-09-09 05:30,133.790000,133.820000,133.640000,133.760000,9644
2025-09-09 05:45,133.770000,133.790000,133.630000,133.710000,6232
2025-09-09 06:00,133.700000,133.890000,133.620000,133.890000,24751
2025-09-09 06:15,133.890000,133.960000,133.800000,133.830000,28597
2025-09-09 06:30,133.830000,133.830000,133.320000,133.430000,83129
2025-09-09 06:45,133.440000,133.560000,133.340000,133.560000,27222
2025-09-09 07:00,133.560000,133.630000,133.390000,133.540000,41619
2025-09-09 07:15,133.530000,133.600000,133.370000,133.590000,42087
2025-09-09 07:30,133.590000,133.830000,133.590000,133.820000,51961
2025-09-09 07:45,133.830000,133.830000,133.450000,133.690000,51282
2025-09-09 08:00,133.690000,133.760000,133.580000,133.690000,34078
2025-09-09 08:15,133.680000,133.740000,133.510000,133.550000,67130
2025-09-09 08:30,133.550000,133.730000,133.330000,133.350000,60683
2025-09-09 08:45,133.350000,133.350000,133.050000,133.190000,131018
2025-09-09 09:00,133.180000,133.320000,133.110000,133.160000,53475
2025-09-09 09:15,133.160000,133.160000,132.850000,133.160000,157833
2025-09-09 09:30,133.150000,133.160000,132.760000,132.800000,103894
2025-09-09 09:45,132.800000,132.990000,132.660000,132.900000,94064
2025-09-09 10:00,132.890000,132.900000,132.720000,132.820000,44022
2025-09-09 10:15,132.810000,132.850000,132.550000,132.560000,139225
2025-09-09 10:30,132.560000,132.770000,132.520000,132.740000,104645
2025-09-09 10:45,132.740000,132.780000,132.570000,132.680000,75119
2025-09-09 11:00,132.690000,132.800000,132.580000,132.760000,52062
2025-09-09 11:15,132.770000,133.050000,132.680000,132.980000,85308
2025-09-09 11:30,132.980000,133.040000,132.880000,132.910000,28276
2025-09-09 11:45,132.920000,132.970000,132.750000,132.780000,30596
2025-09-09 12:00,132.780000,132.800000,132.700000,132.700000,42006
2025-09-09 12:15,132.710000,132.750000,132.540000,132.700000,56406
2025-09-09 12:30,132.730000,132.880000,132.570000,132.830000,42394
2025-09-09 12:45,132.820000,132.850000,132.720000,132.750000,12371
2025-09-09 13:00,132.730000,132.810000,132.610000,132.700000,25955
2025-09-09 13:15,132.700000,133.400000,132.700000,133.070000,412399
2025-09-09 13:30,133.080000,133.130000,132.750000,133.060000,88268
2025-09-09 13:45,133.040000,133.100000,132.810000,132.810000,67908
2025-09-09 14:00,132.810000,133.080000,132.810000,132.980000,45570
2025-09-09 14:15,132.960000,133.100000,132.860000,133.030000,29316
2025-09-09 14:30,133.030000,133.120000,133.010000,133.020000,15634
2025-09-09 14:45,133.020000,133.180000,132.920000,133.160000,38135
2025-09-09 15:00,133.170000,133.350000,133.100000,133.210000,70123
2025-09-09 15:15,133.220000,133.320000,133.160000,133.320000,44763
2025-09-09 15:30,133.310000,133.470000,133.310000,133.420000,63691
2025-09-09 15:45,133.500000,133.500000,133.500000,133.500000,76775
2025-09-09 16:00,133.500000,133.500000,133.170000,133.190000,35786
2025-09-09 16:15,133.190000,133.240000,133.060000,133.240000,41392
2025-09-09 16:30,133.250000,133.330000,133.150000,133.180000,25734
2025-09-09 16:45,133.150000,133.200000,133.100000,133.140000,7230
2025-09-09 17:00,133.150000,133.200000,132.830000,133.080000,68081
2025-09-09 17:15,133.080000,133.350000,132.950000,133.220000,30483
2025-09-09 17:30,133.230000,133.280000,133.160000,133.260000,7509
2025-09-09 17:45,133.260000,133.310000,133.220000,133.260000,17079
2025-09-09 18:00,133.260000,133.350000,133.250000,133.320000,12448
2025-09-09 18:15,133.330000,133.350000,133.310000,133.350000,19285
2025-09-09 18:30,133.350000,133.480000,133.300000,133.450000,25646
2025-09-09 18:45,133.440000,133.480000,133.440000,133.470000,17227
2025-09-09 19:00,133.480000,133.500000,133.380000,133.380000,12558
2025-09-09 19:15,133.390000,133.400000,133.220000,133.330000,13455
2025-09-09 19:30,133.320000,133.340000,133.230000,133.260000,11609
2025-09-09 19:45,133.230000,133.270000,133.230000,133.240000,5156
2025-09-09 20:00,133.250000,133.290000,133.250000,133.270000,8937
2025-09-09 20:15,133.270000,133.600000,133.260000,133.580000,64171
2025-09-09 20:30,133.550000,133.660000,133.480000,133.580000,42580
2025-09-09 20:45,133.580000,133.600000,133.500000,133.520000,6249
2025-09-10 03:45,133.480000,133.480000,133.480000,133.480000,3320
2025-09-10 04:00,133.450000,133.580000,133.260000,133.300000,39347
2025-09-10 04:15,133.300000,133.320000,132.910000,133.000000,84523
2025-09-10 04:30,133.000000,133.150000,132.860000,132.880000,31125
2025-09-10 04:45,132.900000,132.990000,132.730000,132.790000,49751
2025-09-10 05:00,132.780000,132.880000,132.600000,132.600000,84546
2025-09-10 05:15,132.640000,132.660000,132.100000,132.400000,174879
2025-09-10 05:30,132.390000,132.550000,132.150000,132.540000,94494
2025-09-10 05:45,132.540000,132.590000,132.280000,132.400000,42847
2025-09-10 06:00,132.400000,132.630000,132.150000,132.180000,118001
2025-09-10 06:15,132.180000,132.250000,131.900000,132.240000,143987
2025-09-10 06:30,132.220000,132.260000,132.140000,132.210000,40738
2025-09-10 06:45,132.200000,132.260000,131.970000,132.080000,70363
2025-09-10 07:00,132.080000,132.460000,131.900000,132.350000,189761
2025-09-10 07:15,132.350000,132.430000,132.190000,132.310000,33650
2025-09-10 07:30,132.300000,132.450000,132.130000,132.420000,66100
2025-09-10 07:45,132.430000,132.600000,132.320000,132.470000,84673
2025-09-10 08:00,132.460000,132.650000,132.300000,132.610000,117278
2025-09-10 08:15,132.610000,132.710000,132.420000,132.430000,112056
2025-09-10 08:30,132.420000,132.640000,132.160000,132.180000,106326
2025-09-10 08:45,132.180000,132.190000,131.910000,132.000000,185822
2025-09-10 09:00,132.010000,132.010000,131.520000,131.910000,297027
2025-09-10 09:15,131.920000,131.980000,131.580000,131.600000,112777
2025-09-10 09:30,131.600000,131.750000,131.540000,131.720000,111319
2025-09-10 09:45,131.700000,132.000000,131.650000,131.890000,182160
2025-09-10 10:00,131.880000,131.890000,131.650000,131.730000,73116
2025-09-10 10:15,131.730000,131.760000,131.540000,131.600000,111317
2025-09-10 10:30,131.600000,131.940000,131.370000,131.710000,259240
2025-09-10 10:45,131.710000,131.720000,131.200000,131.390000,161628
2025-09-10 11:00,131.400000,131.750000,131.210000,131.680000,141501
2025-09-10 11:15,131.680000,131.700000,131.440000,131.550000,54909
2025-09-10 11:30,131.540000,131.730000,131.300000,131.400000,84590
2025-09-10 11:45,131.410000,131.410000,131.100000,131.140000,166300
2025-09-10 12:00,131.130000,131.270000,130.910000,131.110000,231851
2025-09-10 12:15,131.120000,131.150000,130.670000,130.880000,200074
2025-09-10 12:30,130.880000,130.940000,130.730000,130.750000,92792
2025-09-10 12:45,130.740000,130.960000,130.630000,130.880000,120710
2025-09-10 13:00,130.870000,131.160000,130.760000,131.060000,120806
2025-09-10 13:15,131.080000,131.150000,130.920000,131.070000,55106
2025-09-10 13:30,131.050000,131.160000,130.800000,131.020000,59827
2025-09-10 13:45,131.020000,131.160000,130.960000,131.010000,44284
2025-09-10 14:00,131.020000,131.150000,131.000000,131.150000,37486
2025-09-10 14:15,131.150000,131.150000,130.840000,131.100000,97044
2025-09-10 14:30,131.090000,131.100000,130.820000,130.920000,49091
2025-09-10 14:45,130.910000,131.090000,130.900000,131.090000,34477
2025-09-10 15:00,131.080000,131.150000,130.730000,130.790000,70121
2025-09-10 15:15,130.780000,130.800000,130.550000,130.710000,201520
2025-09-10 15:30,130.710000,130.820000,130.120000,130.220000,288531
2025-09-10 15:45,130.350000,130.350000,130.350000,130.350000,13153
2025-09-10 16:00,130.350000,130.400000,130.070000,130.400000,211573
2025-09-10 16:15,130.390000,130.580000,130.290000,130.580000,64981
2025-09-10 16:30,130.570000,130.650000,130.350000,130.620000,72001
2025-09-10 16:45,130.620000,130.740000,130.590000,130.680000,55169
2025-09-10 17:00,130.660000,130.740000,130.600000,130.740000,36326
2025-09-10 17:15,130.740000,130.740000,130.380000,130.500000,48602
2025-09-10 17:30,130.500000,130.690000,130.490000,130.670000,12878
2025-09-10 17:45,130.670000,131.080000,130.650000,130.950000,90320
2025-09-10 18:00,130.950000,131.030000,130.850000,131.020000,24883
2025-09-10 18:15,131.000000,131.040000,130.870000,131.020000,35290
2025-09-10 18:30,131.030000,131.040000,130.820000,130.930000,32270
2025-09-10 18:45,130.930000,130.980000,130.760000,130.910000,20464
2025-09-10 19:00,130.960000,130.990000,130.890000,130.890000,20994
2025-09-10 19:15,130.890000,130.900000,130.520000,130.660000,41011
2025-09-10 19:30,130.650000,130.660000,130.490000,130.530000,26924
2025-09-10 19:45,130.530000,130.640000,130.510000,130.580000,33190
2025-09-10 20:00,130.560000,130.680000,130.510000,130.660000,16562
2025-09-10 20:15,130.650000,130.760000,130.650000,130.760000,13522
2025-09-10 20:30,130.760000,130.770000,130.550000,130.650000,59972
2025-09-10 20:45,130.640000,130.740000,130.610000,130.730000,9312
2025-09-11 03:45,130.960000,130.960000,130.960000,130.960000,4069
2025-09-11 04:00,130.930000,131.180000,130.630000,130.960000,48687
2025-09-11 04:15,130.930000,130.950000,130.610000,130.780000,24895
2025-09-11 04:30,130.780000,130.950000,130.720000,130.860000,13189
2025-09-11 04:45,130.860000,130.940000,130.780000,130.840000,13022
2025-09-11 05:00,130.880000,130.970000,130.840000,130.930000,11736
2025-09-11 05:15,130.950000,131.150000,130.900000,131.010000,20915
2025-09-11 05:30,131.000000,131.330000,131.000000,131.130000,53890
2025-09-11 05:45,131.090000,131.150000,130.840000,130.880000,15312
2025-09-11 06:00,130.880000,131.040000,130.710000,131.020000,63249
2025-09-11 06:15,131.020000,131.110000,130.860000,131.050000,28721
2025-09-11 06:30,131.050000,131.120000,130.940000,131.120000,16071
2025-09-11 06:45,131.130000,131.130000,130.840000,130.930000,28312
2025-09-11 07:00,130.940000,130.990000,130.400000,130.420000,150328
2025-09-11 07:15,130.420000,130.540000,130.210000,130.220000,122232
2025-09-11 07:30,130.210000,130.450000,129.910000,130.430000,238558
2025-09-11 07:45,130.440000,130.620000,129.910000,129.960000,176771
2025-09-11 08:00,129.940000,129.960000,128.880000,129.400000,687972
2025-09-11 08:15,129.410000,129.620000,129.210000,129.340000,173650
2025-09-11 08:30,129.340000,129.690000,129.240000,129.610000,104460
2025-09-11 08:45,129.610000,129.890000,129.590000,129.700000,104927
2025-09-11 09:00,129.700000,129.740000,129.600000,129.610000,86134
2025-09-11 09:15,129.610000,129.800000,129.580000,129.770000,83527
2025-09-11 09:30,129.780000,129.850000,129.540000,129.700000,78698
2025-09-11 09:45,129.730000,129.820000,129.620000,129.670000,52718
2025-09-11 10:00,129.660000,129.680000,129.330000,129.490000,118245
2025-09-11 10:15,129.490000,129.600000,129.130000,129.600000,101114
2025-09-11 10:30,129.610000,129.610000,129.130000,129.240000,98313
2025-09-11 10:45,129.250000,129.720000,129.250000,129.700000,88728
2025-09-11 11:00,129.700000,130.080000,129.460000,129.960000,111051
2025-09-11 11:15,129.960000,130.010000,129.690000,129.920000,62718
2025-09-11 11:30,129.930000,130.420000,129.840000,130.320000,148827
2025-09-11 11:45,130.310000,130.390000,130.050000,130.070000,80995
2025-09-11 12:00,130.080000,130.270000,130.030000,130.140000,43769
2025-09-11 12:15,130.130000,130.200000,129.790000,129.870000,89102
2025-09-11 12:30,129.870000,129.890000,129.570000,129.590000,57015
2025-09-11 12:45,129.590000,129.880000,129.500000,129.870000,81837
2025-09-11 13:00,129.870000,129.870000,129.510000,129.850000,76135
2025-09-11 13:15,129.840000,130.310000,129.820000,130.050000,149776
2025-09-11 13:30,130.040000,130.120000,130.000000,130.090000,62854
2025-09-11 13:45,130.090000,130.400000,130.070000,130.330000,113179
2025-09-11 14:00,130.340000,130.880000,130.250000,130.700000,189704
2025-09-11 14:15,130.700000,130.710000,130.340000,130.450000,83577
2025-09-11 14:30,130.450000,130.730000,130.290000,130.410000,130952
2025-09-11 14:45,130.400000,130.620000,130.350000,130.390000,48926
2025-09-11 15:00,130.390000,130.490000,130.050000,130.250000,73191
2025-09-11 15:15,130.260000,130.380000,130.120000,130.290000,67554
2025-09-11 15:30,130.310000,130.440000,130.260000,130.300000,31122
2025-09-11 15:45,130.300000,130.300000,130.300000,130.300000,2424
2025-09-11 16:00,130.300000,130.470000,130.300000,130.460000,14200
2025-09-11 16:15,130.470000,130.600000,130.350000,130.350000,24228
2025-09-11 16:30,130.350000,130.400000,130.250000,130.250000,17131
2025-09-11 16:45,130.250000,130.250000,130.050000,130.060000,36498
2025-09-11 17:00,130.060000,130.280000,130.000000,130.280000,35703
2025-09-11 17:15,130.270000,130.300000,130.070000,130.100000,19273
2025-09-11 17:30,130.100000,130.110000,129.800000,130.050000,65939
2025-09-11 17:45,130.050000,130.120000,130.040000,130.090000,13457
2025-09-11 18:00,130.090000,130.170000,130.070000,130.140000,17281
2025-09-11 18:15,130.140000,130.360000,130.130000,130.350000,19719
2025-09-11 18:30,130.350000,130.380000,130.100000,130.160000,17790
2025-09-11 18:45,130.150000,130.300000,130.080000,130.160000,18138
2025-09-11 19:00,130.160000,130.220000,130.000000,130.150000,34646
2025-09-11 19:15,130.150000,130.250000,130.050000,130.110000,20741
2025-09-11 19:30,130.110000,130.170000,130.090000,130.160000,2752
2025-09-11 19:45,130.150000,130.170000,130.010000,130.040000,9916
2025-09-11 20:00,130.030000,130.160000,130.020000,130.050000,9093
2025-09-11 20:15,130.100000,130.100000,130.010000,130.060000,8520
2025-09-11 20:30,130.030000,130.100000,129.950000,129.990000,30374
2025-09-11 20:45,130.000000,130.060000,129.940000,130.020000,10943
2025-09-12 03:45,130.330000,130.330000,130.330000,130.330000,1025
2025-09-12 04:00,130.320000,130.320000,129.970000,130.280000,27961
2025-09-12 04:15,130.280000,130.400000,130.150000,130.230000,10762
2025-09-12 04:30,130.230000,130.380000,130.200000,130.380000,9438
2025-09-12 04:45,130.370000,130.450000,130.260000,130.270000,21051
2025-09-12 05:00,130.270000,130.270000,130.100000,130.170000,12136
2025-09-12 05:15,130.190000,130.220000,130.100000,130.180000,10286
2025-09-12 05:30,130.180000,130.240000,130.090000,130.140000,4074
2025-09-12 05:45,130.140000,130.340000,129.980000,130.270000,66619
2025-09-12 06:00,130.260000,130.290000,129.990000,130.000000,34874
2025-09-12 06:15,129.990000,130.160000,129.880000,130.150000,28600
2025-09-12 06:30,130.150000,130.150000,129.900000,129.940000,17718
2025-09-12 06:45,129.930000,129.930000,129.720000,129.850000,42893
2025-09-12 07:00,129.840000,129.880000,129.500000,129.690000,132511
2025-09-12 07:15,129.690000,129.700000,129.440000,129.650000,147282
2025-09-12 07:30,129.670000,130.000000,129.600000,129.860000,64181
2025-09-12 07:45,129.850000,129.880000,129.490000,129.600000,76726
2025-09-12 08:00,129.570000,129.720000,129.490000,129.640000,53854
2025-09-12 08:15,129.670000,129.720000,129.300000,129.300000,75901
2025-09-12 08:30,129.300000,129.720000,129.300000,129.720000,58073
2025-09-12 08:45,129.720000,129.750000,129.450000,129.550000,57740
2025-09-12 09:00,129.550000,129.550000,129.250000,129.390000,71176
2025-09-12 09:15,129.390000,129.460000,129.320000,129.440000,38797
2025-09-12 09:30,129.420000,129.460000,129.300000,129.460000,44122
2025-09-12 09:45,129.450000,129.500000,129.360000,129.430000,50099
2025-09-12 10:00,129.450000,129.540000,129.210000,129.230000,97004
2025-09-12 10:15,129.230000,129.460000,129.040000,129.290000,220180
2025-09-12 10:30,129.270000,129.270000,127.000000,128.350000,1285781
2025-09-12 10:45,128.360000,128.440000,127.870000,128.410000,292783
2025-09-12 11:00,128.410000,128.620000,128.220000,128.340000,179201
2025-09-12 11:15,128.340000,128.700000,128.230000,128.410000,124024
2025-09-12 11:30,128.410000,128.420000,127.800000,127.910000,188834
2025-09-12 11:45,127.930000,128.090000,127.820000,127.940000,105264
2025-09-12 12:00,127.940000,128.000000,127.370000,127.480000,365672
2025-09-12 12:15,127.450000,127.680000,127.170000,127.170000,243732
2025-09-12 12:30,127.180000,127.290000,125.910000,126.130000,988694
2025-09-12 12:45,126.100000,126.600000,126.000000,126.480000,351736
2025-09-12 13:00,126.480000,126.660000,126.310000,126.430000,192844
2025-09-12 13:15,126.440000,126.790000,126.200000,126.770000,170176
2025-09-12 13:30,126.760000,126.770000,125.700000,126.040000,361394
2025-09-12 13:45,126.060000,126.150000,125.770000,125.860000,149262
2025-09-12 14:00,125.870000,126.300000,125.860000,126.190000,129609
2025-09-12 14:15,126.190000,126.390000,126.070000,126.330000,89733
2025-09-12 14:30,126.360000,126.360000,126.090000,126.110000,92423
2025-09-12 14:45,126.110000,126.160000,125.430000,125.520000,216264
2025-09-12 15:00,125.530000,125.980000,125.510000,125.980000,141127
2025-09-12 15:15,125.960000,126.000000,125.700000,125.740000,82842
2025-09-12 15:30,125.740000,125.820000,125.540000,125.620000,71693
2025-09-12 15:45,125.710000,125.710000,125.710000,125.710000,19209
2025-09-12 16:00,125.730000,125.990000,125.640000,125.860000,113893
2025-09-12 16:15,125.850000,125.860000,125.150000,125.480000,289801
2025-09-12 16:30,125.480000,125.530000,125.240000,125.330000,74910
2025-09-12 16:45,125.300000,125.500000,125.220000,125.310000,54691
2025-09-12 17:00,125.300000,125.640000,125.280000,125.590000,73298
2025-09-12 17:15,125.590000,125.610000,125.390000,125.530000,67702
2025-09-12 17:30,125.540000,125.540000,125.260000,125.360000,90178
2025-09-12 17:45,125.360000,125.390000,125.250000,125.360000,40414
2025-09-12 18:00,125.370000,125.600000,125.350000,125.470000,52383
2025-09-12 18:15,125.460000,125.600000,125.400000,125.550000,28728
2025-09-12 18:30,125.560000,125.680000,125.420000,125.610000,40256
2025-09-12 18:45,125.610000,125.640000,125.570000,125.600000,30499
2025-09-12 19:00,125.600000,125.600000,125.480000,125.590000,28928
2025-09-12 19:15,125.570000,125.600000,125.450000,125.510000,40843
2025-09-12 19:30,125.500000,125.510000,125.280000,125.400000,37785
2025-09-12 19:45,125.390000,125.460000,125.350000,125.390000,14067
2025-09-12 20:00,125.380000,125.450000,125.350000,125.410000,8611
2025-09-12 20:15,125.400000,125.460000,125.390000,125.420000,12889
2025-09-12 20:30,125.420000,125.530000,125.410000,125.440000,30814
2025-09-12 20:45,125.420000,125.470000,125.410000,125.440000,13022
2025-09-12 23:00,124.750000,126.830000,124.440000,125.500000,1528
2025-09-12 23:15,125.680000,125.740000,125.200000,125.710000,477
2025-09-12 23:30,125.420000,125.740000,125.410000,125.740000,272
2025-09-12 23:45,125.730000,125.740000,125.660000,125.740000,71
2025-09-13 00:00,125.670000,125.740000,125.670000,125.670000,27
2025-09-13 00:15,125.670000,125.670000,125.220000,125.230000,237
2025-09-13 00:30,125.570000,125.590000,125.220000,125.450000,97
2025-09-13 00:45,125.450000,125.480000,125.270000,125.480000,87
2025-09-13 01:00,125.480000,125.480000,125.310000,125.480000,311
2025-09-13 01:15,125.470000,125.740000,125.110000,125.710000,1363
2025-09-13 01:30,125.700000,125.700000,125.550000,125.600000,59
2025-09-13 01:45,125.600000,125.600000,125.470000,125.580000,97
2025-09-13 02:00,125.610000,125.700000,125.500000,125.700000,149
2025-09-13 02:15,125.700000,125.700000,125.420000,125.450000,256
2025-09-13 02:30,125.450000,125.450000,125.430000,125.450000,85
2025-09-13 02:45,125.440000,125.450000,124.960000,125.430000,3157
2025-09-13 03:00,125.350000,125.440000,124.880000,125.370000,711
2025-09-13 03:15,125.370000,125.370000,124.410000,124.910000,4283
2025-09-13 03:30,124.890000,124.890000,124.100000,124.370000,6213
2025-09-13 03:45,124.370000,124.800000,124.350000,124.780000,2315
2025-09-13 04:00,124.770000,125.300000,124.530000,125.000000,16514
2025-09-13 04:15,125.050000,125.100000,125.000000,125.080000,1952
2025-09-13 04:30,125.080000,125.090000,125.080000,125.090000,1100
2025-09-13 04:45,125.090000,125.190000,125.090000,125.190000,6697
2025-09-13 05:00,125.190000,125.210000,125.100000,125.210000,783
2025-09-13 05:15,125.210000,125.230000,125.100000,125.230000,1127
2025-09-13 05:30,125.230000,125.240000,125.020000,125.190000,1647
2025-09-13 05:45,125.150000,125.230000,125.050000,125.230000,1017
2025-09-13 06:00,125.240000,125.260000,125.020000,125.260000,2735
2025-09-13 06:15,125.260000,125.260000,125.210000,125.260000,762
2025-09-13 06:30,125.260000,125.260000,125.100000,125.100000,477
2025-09-13 06:45,125.430000,125.430000,125.430000,125.430000,6115
2025-09-13 08:30,125.400000,125.430000,125.000000,125.090000,42593
2025-09-13 08:45,125.100000,125.690000,125.000000,125.640000,87773
2025-09-13 09:00,125.640000,125.680000,125.500000,125.660000,35081
2025-09-13 09:15,125.630000,125.670000,125.530000,125.630000,9965
2025-09-13 09:30,125.630000,125.650000,125.460000,125.510000,10078
2025-09-13 09:45,125.510000,125.510000,125.380000,125.460000,6687
2025-09-13 10:00,125.470000,125.500000,125.420000,125.490000,10155
2025-09-13 10:15,125.470000,125.500000,125.430000,125.440000,5440
2025-09-13 10:30,125.440000,125.450000,125.430000,125.450000,3762
2025-09-13 10:45,125.450000,125.450000,125.420000,125.430000,3784
2025-09-13 11:00,125.430000,125.440000,125.400000,125.410000,7250
2025-09-13 11:15,125.410000,125.430000,125.180000,125.360000,28351
2025-09-13 11:30,125.360000,125.400000,125.350000,125.400000,8293
2025-09-13 11:45,125.400000,125.400000,125.260000,125.380000,10107
2025-09-13 12:00,125.370000,125.380000,125.290000,125.380000,7118
2025-09-13 12:15,125.370000,125.400000,125.360000,125.390000,4340
2025-09-13 12:30,125.390000,125.440000,125.370000,125.400000,5179
2025-09-13 12:45,125.400000,125.440000,125.390000,125.440000,3856
2025-09-13 13:00,125.430000,125.450000,125.380000,125.420000,10475
2025-09-13 13:15,125.410000,125.450000,125.360000,125.430000,10959
2025-09-13 13:30,125.430000,125.450000,125.410000,125.440000,2022
2025-09-13 13:45,125.440000,125.450000,125.290000,125.300000,9257
2025-09-13 14:00,125.290000,125.340000,125.010000,125.090000,58161
2025-09-13 14:15,125.090000,125.170000,125.010000,125.120000,14180
2025-09-13 14:30,125.120000,125.150000,125.080000,125.140000,7685
2025-09-13 14:45,125.140000,125.180000,125.080000,125.160000,13261
2025-09-13 15:00,125.150000,125.230000,125.060000,125.170000,5717
2025-09-13 15:15,125.130000,125.240000,125.100000,125.130000,13269
2025-09-13 15:30,125.130000,125.190000,125.010000,125.050000,17830
2025-09-13 15:45,125.050000,125.050000,125.000000,125.000000,25533
2025-09-13 16:00,125.480000,125.480000,125.110000,125.120000,718
2025-09-13 16:15,125.120000,125.230000,125.020000,125.020000,1045
2025-09-13 16:30,125.140000,125.150000,125.020000,125.140000,1533
2025-09-13 16:45,125.030000,125.190000,125.010000,125.060000,1374
2025-09-13 17:00,125.060000,125.170000,125.030000,125.160000,422
2025-09-13 17:15,125.160000,125.160000,125.000000,125.100000,921
2025-09-13 17:30,125.140000,125.200000,125.000000,125.110000,1656
2025-09-13 17:45,125.080000,125.190000,125.010000,125.150000,1807
2025-09-13 18:00,125.150000,125.160000,125.020000,125.110000,630
2025-09-13 18:15,125.120000,125.120000,125.010000,125.010000,1022
2025-09-13 18:30,125.010000,125.110000,125.000000,125.000000,1464
2025-09-13 18:45,125.000000,125.060000,124.980000,125.050000,2279
2025-09-13 19:00,125.050000,125.130000,124.980000,125.110000,300
2025-09-13 19:15,125.010000,125.130000,125.010000,125.100000,254
2025-09-13 19:30,125.100000,125.100000,125.000000,125.060000,488
2025-09-13 19:45,125.010000,125.070000,124.990000,125.000000,596
2025-09-13 20:00,125.000000,125.100000,124.980000,125.100000,729
2025-09-13 20:15,125.010000,125.100000,125.010000,125.100000,134
2025-09-13 20:30,125.080000,125.100000,125.000000,125.100000,424
2025-09-13 20:45,125.100000,125.100000,124.990000,125.100000,288
2025-09-13 23:00,125.000000,125.450000,124.620000,125.020000,1212
2025-09-13 23:15,125.060000,125.060000,125.020000,125.020000,32
2025-09-13 23:30,125.030000,125.190000,125.030000,125.050000,53
2025-09-13 23:45,125.180000,125.330000,125.070000,125.100000,102
2025-09-14 00:00,125.100000,125.350000,124.900000,125.310000,866
2025-09-14 00:15,125.070000,125.260000,125.000000,125.260000,20
2025-09-14 00:30,125.160000,125.230000,125.030000,125.210000,31
2025-09-14 00:45,125.100000,125.210000,125.000000,125.000000,60
2025-09-14 01:00,125.210000,125.210000,125.190000,125.190000,17
2025-09-14 01:15,125.200000,125.200000,125.040000,125.200000,24
2025-09-14 01:30,125.150000,125.160000,125.070000,125.160000,16
2025-09-14 01:45,125.150000,125.230000,124.910000,125.170000,605
2025-09-14 02:00,125.050000,125.360000,125.020000,125.220000,396
2025-09-14 02:15,125.360000,125.360000,125.190000,125.310000,194
2025-09-14 02:30,125.310000,125.310000,125.310000,125.310000,15
2025-09-14 02:45,125.150000,125.310000,125.140000,125.270000,12
2025-09-14 03:00,125.150000,125.290000,125.130000,125.160000,29
2025-09-14 03:15,125.160000,125.300000,125.160000,125.160000,45
2025-09-14 03:30,125.220000,125.220000,125.160000,125.160000,8
2025-09-14 03:45,125.220000,125.290000,125.010000,125.290000,287
2025-09-14 04:00,125.290000,125.290000,125.010000,125.060000,67
2025-09-14 04:15,125.260000,125.260000,125.050000,125.240000,59
2025-09-14 04:30,125.240000,125.260000,125.050000,125.240000,124
2025-09-14 04:45,125.240000,125.250000,125.050000,125.250000,243
2025-09-14 05:00,125.240000,125.240000,125.070000,125.220000,203
2025-09-14 05:15,125.220000,125.280000,125.070000,125.280000,1475
2025-09-14 05:30,125.080000,125.400000,125.080000,125.400000,7702
2025-09-14 05:45,125.400000,125.450000,125.160000,125.170000,1996
2025-09-14 06:00,125.380000,125.410000,125.150000,125.360000,1435
2025-09-14 06:15,125.230000,125.350000,125.150000,125.300000,599
2025-09-14 06:30,125.300000,125.380000,125.150000,125.170000,254
2025-09-14 06:45,125.060000,125.060000,125.060000,125.060000,1412
2025-09-14 07:00,125.080000,125.290000,125.030000,125.170000,21430
2025-09-14 07:15,125.140000,125.240000,125.130000,125.180000,7675
2025-09-14 07:30,125.180000,125.250000,125.080000,125.210000,12103
2025-09-14 07:45,125.230000,125.360000,125.200000,125.330000,17156
2025-09-14 08:00,125.300000,125.430000,125.260000,125.400000,20570
2025-09-14 08:15,125.370000,125.400000,125.310000,125.350000,8582
2025-09-14 08:30,125.360000,125.360000,125.200000,125.220000,13811
2025-09-14 08:45,125.220000,125.300000,125.120000,125.240000,11418
2025-09-14 09:00,125.210000,125.270000,125.210000,125.230000,2686
2025-09-14 09:15,125.230000,125.240000,125.210000,125.240000,2552
2025-09-14 09:30,125.210000,125.280000,125.170000,125.250000,8822
2025-09-14 09:45,125.250000,125.440000,125.200000,125.380000,22982
2025-09-14 10:00,125.380000,125.400000,125.280000,125.400000,8825
2025-09-14 10:15,125.400000,125.400000,125.290000,125.400000,10490
2025-09-14 10:30,125.400000,125.470000,125.310000,125.470000,17694
2025-09-14 10:45,125.470000,125.640000,125.460000,125.600000,32466
2025-09-14 11:00,125.570000,125.690000,125.520000,125.610000,24035
2025-09-14 11:15,125.630000,125.740000,125.570000,125.730000,24847
2025-09-14 11:30,125.730000,125.790000,125.700000,125.770000,20588
2025-09-14 11:45,125.770000,125.960000,125.730000,125.950000,38814
2025-09-14 12:00,125.960000,125.980000,125.900000,125.970000,40662
2025-09-14 12:15,125.970000,126.250000,125.970000,126.090000,53047
2025-09-14 12:30,126.070000,126.090000,125.850000,125.950000,27842
2025-09-14 12:45,125.930000,126.030000,125.920000,125.920000,34389
2025-09-14 13:00,125.920000,126.060000,125.920000,126.050000,20933
2025-09-14 13:15,126.030000,126.080000,126.000000,126.040000,5554
2025-09-14 13:30,126.050000,126.300000,126.040000,126.290000,33955
2025-09-14 13:45,126.290000,126.460000,126.110000,126.200000,50641
2025-09-14 14:00,126.200000,126.370000,126.190000,126.300000,20726
2025-09-14 14:15,126.300000,126.490000,126.300000,126.420000,26882
2025-09-14 14:30,126.420000,126.600000,126.250000,126.270000,69582
2025-09-14 14:45,126.260000,126.430000,126.250000,126.340000,14603
2025-09-14 15:00,126.340000,126.340000,126.130000,126.220000,23135
2025-09-14 15:15,126.200000,126.300000,126.110000,126.220000,7925
2025-09-14 15:30,126.240000,126.240000,125.920000,126.080000,38324
2025-09-14 15:45,126.080000,126.190000,125.950000,126.190000,17241
2025-09-14 16:00,125.580000,126.380000,125.580000,126.040000,918
2025-09-14 16:15,126.270000,126.290000,126.040000,126.240000,1321
2025-09-14 16:30,126.120000,126.290000,126.120000,126.150000,1182
2025-09-14 16:45,126.270000,126.270000,126.150000,126.180000,365
2025-09-14 17:00,126.160000,126.280000,126.150000,126.270000,634
2025-09-14 17:15,126.270000,126.480000,126.220000,126.450000,2857
2025-09-14 17:30,126.350000,126.730000,126.100000,126.730000,4563
2025-09-14 17:45,126.720000,126.740000,126.150000,126.260000,577
2025-09-14 18:00,126.280000,126.580000,126.120000,126.230000,1887
2025-09-14 18:15,126.250000,126.420000,126.240000,126.410000,740
2025-09-14 18:30,126.400000,126.570000,126.130000,126.480000,2638
2025-09-14 18:45,126.320000,126.480000,126.180000,126.250000,1473
2025-09-14 19:00,126.210000,126.380000,126.210000,126.380000,151
2025-09-14 19:15,126.380000,126.380000,126.210000,126.330000,1017
2025-09-14 19:30,126.330000,126.340000,126.210000,126.320000,265
2025-09-14 19:45,126.330000,126.360000,126.210000,126.360000,361
2025-09-14 20:00,126.360000,126.380000,126.210000,126.300000,136
2025-09-14 20:15,126.340000,126.350000,126.200000,126.240000,1385
2025-09-14 20:30,126.240000,126.330000,126.200000,126.220000,873
2025-09-14 20:45,126.220000,126.330000,126.210000,126.300000,139
2025-09-15 03:45,126.260000,126.260000,126.260000,126.260000,2643
2025-09-15 04:00,126.270000,126.590000,125.800000,125.900000,84385
2025-09-15 04:15,125.920000,126.230000,125.800000,126.000000,46230
2025-09-15 04:30,125.980000,126.020000,125.450000,125.520000,70714
2025-09-15 04:45,125.580000,125.870000,125.510000,125.840000,42956
2025-09-15 05:00,125.820000,125.890000,125.680000,125.760000,13978
2025-09-15 05:15,125.760000,125.850000,125.640000,125.810000,8768
2025-09-15 05:30,125.820000,125.970000,125.630000,125.700000,34303
2025-09-15 05:45,125.700000,125.720000,125.600000,125.600000,23225
2025-09-15 06:00,125.640000,125.700000,125.310000,125.380000,66882
2025-09-15 06:15,125.370000,125.390000,125.010000,125.270000,143967
2025-09-15 06:30,125.300000,125.430000,125.170000,125.310000,29767
2025-09-15 06:45,125.310000,125.400000,125.000000,125.140000,87402
2025-09-15 07:00,125.170000,125.450000,125.080000,125.450000,109727
2025-09-15 07:15,125.450000,125.830000,125.410000,125.750000,114343
2025-09-15 07:30,125.760000,125.820000,125.530000,125.700000,106944
2025-09-15 07:45,125.710000,125.760000,125.470000,125.590000,114756
2025-09-15 08:00,125.590000,125.630000,125.370000,125.560000,120111
2025-09-15 08:15,125.550000,125.580000,124.640000,124.940000,482167
2025-09-15 08:30,124.940000,124.960000,124.200000,124.260000,316744
2025-09-15 08:45,124.260000,124.510000,124.210000,124.350000,156577
2025-09-15 09:00,124.350000,124.350000,123.900000,124.190000,279295
2025-09-15 09:15,124.200000,124.360000,124.060000,124.190000,112033
2025-09-15 09:30,124.180000,124.270000,124.070000,124.160000,53105
2025-09-15 09:45,124.160000,124.160000,123.780000,123.980000,195709
2025-09-15 10:00,123.990000,124.150000,123.950000,124.110000,77611
2025-09-15 10:15,124.110000,124.200000,123.970000,123.970000,100740
2025-09-15 10:30,123.970000,124.200000,123.780000,124.030000,122919
2025-09-15 10:45,124.030000,124.040000,123.520000,123.630000,231550
2025-09-15 11:00,123.630000,123.900000,123.500000,123.770000,141393
2025-09-15 11:15,123.770000,124.290000,123.570000,124.100000,175256
2025-09-15 11:30,124.120000,124.250000,124.000000,124.090000,96337
2025-09-15 11:45,124.090000,124.460000,124.040000,124.300000,150106
2025-09-15 12:00,124.310000,124.960000,124.310000,124.510000,365240
2025-09-15 12:15,124.510000,124.640000,124.310000,124.310000,137644
2025-09-15 12:30,124.320000,124.330000,123.840000,123.900000,106964
2025-09-15 12:45,123.900000,124.110000,123.810000,124.030000,119872
2025-09-15 13:00,124.030000,124.120000,123.840000,123.910000,65536
2025-09-15 13:15,123.910000,123.960000,123.700000,123.920000,97134
2025-09-15 13:30,123.920000,123.940000,123.520000,123.630000,126691
2025-09-15 13:45,123.630000,123.790000,123.550000,123.620000,38052
2025-09-15 14:00,123.610000,123.760000,123.540000,123.570000,75514
2025-09-15 14:15,123.560000,123.980000,123.520000,123.870000,70593
2025-09-15 14:30,123.870000,124.190000,123.830000,124.020000,162077
2025-09-15 14:45,124.020000,124.290000,123.990000,124.100000,124562
2025-09-15 15:00,124.110000,124.110000,124.000000,124.060000,44367
2025-09-15 15:15,124.060000,124.200000,124.000000,124.120000,55425
2025-09-15 15:30,124.120000,124.200000,124.040000,124.140000,43945
2025-09-15 15:45,124.000000,124.000000,124.000000,124.000000,14484
2025-09-15 16:00,124.140000,124.200000,123.960000,124.200000,25968
2025-09-15 16:15,124.200000,124.490000,124.160000,124.370000,53923
2025-09-15 16:30,124.360000,124.380000,124.220000,124.290000,23436
2025-09-15 16:45,124.270000,124.390000,124.140000,124.350000,42107
2025-09-15 17:00,124.350000,124.360000,124.220000,124.300000,28554
2025-09-15 17:15,124.300000,124.370000,124.250000,124.360000,14095
2025-09-15 17:30,124.360000,124.380000,124.180000,124.190000,30123
2025-09-15 17:45,124.190000,124.210000,124.100000,124.170000,17019
2025-09-15 18:00,124.160000,124.160000,123.800000,123.870000,56459
2025-09-15 18:15,123.880000,124.050000,123.880000,123.910000,20280
2025-09-15 18:30,123.910000,123.940000,123.740000,123.750000,17020
2025-09-15 18:45,123.750000,123.940000,123.740000,123.920000,23697
2025-09-15 19:00,123.920000,123.940000,123.800000,123.930000,13370
2025-09-15 19:15,123.930000,123.950000,123.890000,123.940000,5703
2025-09-15 19:30,123.940000,123.990000,123.850000,123.980000,20312
2025-09-15 19:45,123.980000,124.080000,123.980000,124.040000,9935
2025-09-15 20:00,124.040000,124.130000,124.030000,124.130000,7634
2025-09-15 20:15,124.130000,124.200000,124.100000,124.150000,11714
2025-09-15 20:30,124.110000,124.190000,124.020000,124.060000,12858
2025-09-15 20:45,124.060000,124.150000,124.020000,124.070000,5258
2025-09-16 03:45,124.070000,124.070000,124.070000,124.070000,1048
2025-09-16 04:00,124.100000,124.400000,123.930000,124.340000,56259
2025-09-16 04:15,124.340000,124.440000,124.230000,124.250000,20954
2025-09-16 04:30,124.280000,124.320000,124.180000,124.190000,25291
2025-09-16 04:45,124.190000,124.240000,124.070000,124.200000,14428
2025-09-16 05:00,124.190000,124.240000,124.040000,124.160000,13617
2025-09-16 05:15,124.160000,124.680000,124.160000,124.600000,180379
2025-09-16 05:30,124.600000,124.900000,124.570000,124.770000,117018
2025-09-16 05:45,124.760000,124.950000,124.610000,124.830000,80662
2025-09-16 06:00,124.890000,125.330000,124.510000,124.610000,208131
2025-09-16 06:15,124.630000,124.900000,124.630000,124.880000,41102
2025-09-16 06:30,124.890000,124.890000,124.740000,124.790000,37445
2025-09-16 06:45,124.790000,124.790000,124.580000,124.590000,40970
2025-09-16 07:00,124.590000,125.000000,124.390000,124.870000,197119
2025-09-16 07:15,124.870000,125.080000,124.830000,124.950000,132652
2025-09-16 07:30,124.950000,125.180000,124.720000,124.750000,111781
2025-09-16 07:45,124.750000,124.980000,124.510000,124.600000,73042
2025-09-16 08:00,124.600000,124.750000,124.590000,124.730000,28325
2025-09-16 08:15,124.740000,124.830000,124.640000,124.720000,27809
2025-09-16 08:30,124.730000,124.760000,123.710000,124.000000,314011
2025-09-16 08:45,123.980000,124.130000,123.000000,123.730000,370579
2025-09-16 09:00,123.730000,123.930000,123.220000,123.540000,163744
2025-09-16 09:15,123.540000,123.880000,123.260000,123.280000,100671
2025-09-16 09:30,123.280000,123.480000,122.360000,122.380000,554942
2025-09-16 09:45,122.380000,122.680000,122.220000,122.520000,354784
2025-09-16 10:00,122.520000,122.530000,121.810000,122.280000,482420
2025-09-16 10:15,122.260000,122.480000,122.110000,122.390000,135583
2025-09-16 10:30,122.390000,122.620000,122.260000,122.560000,121740
2025-09-16 10:45,122.570000,122.750000,122.490000,122.630000,91942
2025-09-16 11:00,122.620000,122.720000,122.510000,122.600000,61605
2025-09-16 11:15,122.600000,122.650000,122.370000,122.380000,72635
2025-09-16 11:30,122.380000,122.490000,122.210000,122.400000,102586
2025-09-16 11:45,122.410000,122.480000,122.290000,122.330000,93607
2025-09-16 12:00,122.330000,122.450000,122.220000,122.240000,60864
2025-09-16 12:15,122.240000,122.410000,122.220000,122.400000,53354
2025-09-16 12:30,122.400000,122.400000,122.240000,122.280000,46640
2025-09-16 12:45,122.250000,122.460000,122.230000,122.440000,29139
2025-09-16 13:00,122.440000,122.440000,122.240000,122.280000,62141
2025-09-16 13:15,122.270000,122.730000,122.230000,122.330000,201252
2025-09-16 13:30,122.320000,122.650000,122.260000,122.500000,68760
2025-09-16 13:45,122.500000,123.140000,122.400000,122.680000,551657
2025-09-16 14:00,122.680000,123.580000,122.670000,123.500000,407088
2025-09-16 14:15,123.500000,123.530000,123.180000,123.220000,145332
2025-09-16 14:30,123.220000,123.350000,123.070000,123.300000,59704
2025-09-16 14:45,123.300000,123.490000,123.150000,123.200000,64295
2025-09-16 15:00,123.180000,123.370000,123.050000,123.200000,65683
2025-09-16 15:15,123.240000,123.390000,123.120000,123.200000,59686
2025-09-16 15:30,123.210000,123.210000,123.050000,123.120000,34375
2025-09-16 15:45,123.140000,123.140000,123.140000,123.140000,1369
2025-09-16 16:00,123.190000,123.190000,123.090000,123.100000,18070
2025-09-16 16:15,123.100000,123.290000,123.100000,123.260000,22760
2025-09-16 16:30,123.290000,123.290000,123.240000,123.270000,9948
2025-09-16 16:45,123.270000,123.400000,123.270000,123.350000,20513
2025-09-16 17:00,123.350000,123.380000,123.130000,123.220000,22426
2025-09-16 17:15,123.200000,123.200000,123.070000,123.090000,31827
2025-09-16 17:30,123.070000,123.120000,123.000000,123.030000,55791
2025-09-16 17:45,123.030000,123.180000,123.010000,123.180000,29950
2025-09-16 18:00,123.180000,123.220000,123.010000,123.050000,33678
2025-09-16 18:15,123.060000,123.130000,123.050000,123.110000,8182
2025-09-16 18:30,123.090000,123.140000,123.070000,123.110000,7731
2025-09-16 18:45,123.110000,123.110000,123.070000,123.110000,13007
2025-09-16 19:00,123.110000,123.110000,123.040000,123.100000,19226
2025-09-16 19:15,123.100000,123.100000,123.000000,123.020000,17882
2025-09-16 19:30,123.020000,123.020000,122.920000,122.950000,19618
2025-09-16 19:45,122.950000,122.950000,122.690000,122.770000,63209
2025-09-16 20:00,122.760000,122.790000,122.740000,122.770000,8844
2025-09-16 20:15,122.780000,122.790000,122.650000,122.720000,18707
2025-09-16 20:30,122.710000,122.720000,122.490000,122.600000,80631
2025-09-16 20:45,122.570000,122.700000,122.530000,122.580000,14614
2025-09-17 03:45,122.620000,122.620000,122.620000,122.620000,622
2025-09-17 04:00,122.800000,122.970000,122.620000,122.880000,33308
2025-09-17 04:15,122.880000,122.880000,122.590000,122.610000,24859
2025-09-17 04:30,122.610000,122.790000,122.610000,122.750000,20745
2025-09-17 04:45,122.750000,122.800000,122.740000,122.760000,10332
2025-09-17 05:00,122.770000,122.770000,122.650000,122.670000,9742
2025-09-17 05:15,122.670000,122.850000,122.670000,122.800000,11930
2025-09-17 05:30,122.810000,122.810000,122.690000,122.770000,5186
2025-09-17 05:45,122.770000,122.870000,122.740000,122.870000,9842
2025-09-17 06:00,122.860000,122.870000,122.250000,122.430000,125526
2025-09-17 06:15,122.430000,122.480000,122.050000,122.170000,103260
2025-09-17 06:30,122.170000,122.590000,122.140000,122.280000,72492
2025-09-17 06:45,122.270000,122.500000,122.140000,122.340000,37572
2025-09-17 07:00,122.340000,122.620000,122.100000,122.470000,81759
2025-09-17 07:15,122.470000,122.560000,122.280000,122.410000,79550
2025-09-17 07:30,122.390000,122.480000,122.300000,122.410000,55466
2025-09-17 07:45,122.410000,122.420000,121.870000,122.230000,218738
2025-09-17 08:00,122.230000,122.470000,122.230000,122.430000,111793
2025-09-17 08:15,122.440000,122.480000,122.260000,122.370000,100045
2025-09-17 08:30,122.360000,122.390000,121.920000,122.020000,139120
2025-09-17 08:45,122.020000,122.140000,122.020000,122.140000,55732
2025-09-17 09:00,122.130000,122.270000,122.040000,122.150000,89047
2025-09-17 09:15,122.160000,122.490000,122.130000,122.300000,87901
2025-09-17 09:30,122.290000,122.430000,122.250000,122.300000,23670
2025-09-17 09:45,122.300000,122.350000,122.010000,122.080000,73610
2025-09-17 10:00,122.080000,122.260000,122.020000,122.210000,74177
2025-09-17 10:15,122.210000,122.800000,122.200000,122.800000,139080
2025-09-17 10:30,122.790000,123.200000,122.670000,123.140000,159291
2025-09-17 10:45,123.140000,123.340000,122.950000,123.010000,155590
2025-09-17 11:00,123.010000,123.120000,122.830000,122.950000,38836
2025-09-17 11:15,122.950000,122.970000,122.700000,122.800000,65397
2025-09-17 11:30,122.800000,122.950000,122.580000,122.660000,90107
2025-09-17 11:45,122.660000,122.820000,122.580000,122.660000,50524
2025-09-17 12:00,122.660000,122.940000,122.590000,122.860000,53046
2025-09-17 12:15,122.860000,123.080000,122.790000,122.970000,39336
2025-09-17 12:30,122.970000,122.990000,122.600000,122.820000,74921
2025-09-17 12:45,122.820000,123.150000,122.800000,123.040000,77070
2025-09-17 13:00,123.040000,123.230000,122.650000,123.160000,106407
2025-09-17 13:15,123.160000,123.190000,122.920000,122.960000,55009
2025-09-17 13:30,122.970000,123.260000,122.880000,122.990000,164136
2025-09-17 13:45,122.980000,123.170000,122.950000,123.000000,31168
2025-09-17 14:00,123.000000,123.440000,123.000000,123.380000,159787
2025-09-17 14:15,123.380000,123.900000,123.170000,123.700000,218233
2025-09-17 14:30,123.720000,124.070000,123.570000,123.930000,221492
2025-09-17 14:45,123.920000,124.650000,123.920000,124.390000,271448
2025-09-17 15:00,124.390000,124.740000,124.230000,124.360000,123834
2025-09-17 15:15,124.360000,124.880000,124.350000,124.870000,145480
2025-09-17 15:30,124.880000,125.120000,124.690000,124.800000,277676
2025-09-17 15:45,124.560000,124.560000,124.560000,124.560000,48316
2025-09-17 16:00,124.760000,125.440000,124.660000,125.000000,284814
2025-09-17 16:15,124.990000,125.030000,124.710000,124.740000,55213
2025-09-17 16:30,124.740000,125.080000,124.710000,125.010000,36536
2025-09-17 16:45,125.020000,125.160000,124.670000,124.710000,64510
2025-09-17 17:00,124.750000,124.950000,124.750000,124.810000,36974
2025-09-17 17:15,124.800000,124.810000,124.550000,124.690000,38092
2025-09-17 17:30,124.680000,124.910000,124.680000,124.910000,20387
2025-09-17 17:45,124.900000,124.900000,124.670000,124.790000,12259
2025-09-17 18:00,124.800000,124.840000,124.560000,124.630000,53284
2025-09-17 18:15,124.630000,124.740000,124.580000,124.740000,12359
2025-09-17 18:30,124.730000,125.140000,124.730000,124.840000,63849
2025-09-17 18:45,124.810000,125.150000,124.800000,124.900000,40444
2025-09-17 19:00,124.900000,125.030000,124.840000,124.940000,15908
2025-09-17 19:15,124.950000,125.020000,124.860000,125.000000,18183
2025-09-17 19:30,124.990000,125.110000,124.940000,125.020000,26975
2025-09-17 19:45,125.020000,125.050000,124.940000,124.970000,11948
2025-09-17 20:00,124.970000,125.040000,124.950000,124.970000,14229
2025-09-17 20:15,124.960000,124.990000,124.800000,124.870000,30516
2025-09-17 20:30,124.860000,125.020000,124.840000,124.990000,25930
2025-09-17 20:45,124.980000,125.090000,124.920000,125.000000,13372
2025-09-18 03:45,125.280000,125.280000,125.280000,125.280000,756
2025-09-18 04:00,125.270000,125.270000,124.850000,125.080000,47547
2025-09-18 04:15,125.060000,125.180000,124.720000,124.800000,35547
2025-09-18 04:30,124.800000,124.820000,124.610000,124.630000,45406
2025-09-18 04:45,124.640000,124.640000,124.610000,124.620000,14656
2025-09-18 05:00,124.620000,124.830000,124.510000,124.780000,51585
2025-09-18 05:15,124.760000,124.840000,124.760000,124.840000,8463
2025-09-18 05:30,124.840000,124.920000,124.660000,124.720000,14869
2025-09-18 05:45,124.720000,124.730000,124.560000,124.670000,23863
2025-09-18 06:00,124.670000,124.710000,124.250000,124.480000,82958
2025-09-18 06:15,124.480000,124.550000,124.480000,124.490000,15423
2025-09-18 06:30,124.500000,124.500000,124.330000,124.470000,30854
2025-09-18 06:45,124.460000,124.500000,124.340000,124.500000,28973
2025-09-18 07:00,124.500000,124.540000,123.990000,124.130000,162250
2025-09-18 07:15,124.130000,124.310000,124.060000,124.170000,92821
2025-09-18 07:30,124.160000,124.210000,124.040000,124.140000,140525
2025-09-18 07:45,124.140000,124.160000,123.810000,123.900000,140549
2025-09-18 08:00,123.900000,124.230000,123.870000,124.120000,94636
2025-09-18 08:15,124.120000,124.670000,124.080000,124.520000,107713
2025-09-18 08:30,124.520000,124.520000,124.070000,124.140000,118560
2025-09-18 08:45,124.130000,124.340000,124.090000,124.310000,68579
2025-09-18 09:00,124.310000,124.310000,124.100000,124.100000,67718
2025-09-18 09:15,124.110000,124.110000,123.830000,123.850000,107019
2025-09-18 09:30,123.850000,123.930000,123.730000,123.890000,115212
2025-09-18 09:45,123.900000,123.950000,123.850000,123.850000,42109
2025-09-18 10:00,123.850000,123.860000,123.500000,123.540000,185914
2025-09-18 10:15,123.540000,123.700000,123.450000,123.650000,77181
2025-09-18 10:30,123.640000,123.810000,123.120000,123.150000,175256
2025-09-18 10:45,123.150000,123.410000,123.140000,123.230000,67970
2025-09-18 11:00,123.220000,123.400000,123.160000,123.170000,69148
2025-09-18 11:15,123.170000,123.200000,123.000000,123.190000,127704
2025-09-18 11:30,123.200000,123.200000,122.910000,122.930000,113973
2025-09-18 11:45,122.930000,123.000000,122.660000,122.760000,200136
2025-09-18 12:00,122.740000,122.740000,122.160000,122.650000,663498
2025-09-18 12:15,122.650000,123.170000,122.560000,122.820000,553524
2025-09-18 12:30,122.820000,123.130000,122.610000,123.100000,621598
2025-09-18 12:45,123.080000,123.200000,122.600000,122.740000,507072
2025-09-18 13:00,122.750000,123.040000,122.660000,122.710000,113186
2025-09-18 13:15,122.720000,122.830000,122.200000,122.650000,233080
2025-09-18 13:30,122.650000,122.760000,122.500000,122.510000,75371
2025-09-18 13:45,122.520000,122.600000,122.310000,122.340000,113091
2025-09-18 14:00,122.350000,123.320000,122.340000,123.100000,287458
2025-09-18 14:15,123.100000,123.330000,122.660000,122.990000,170382
2025-09-18 14:30,123.000000,123.210000,122.700000,123.010000,156179
2025-09-18 14:45,123.000000,123.020000,122.730000,122.750000,68968
2025-09-18 15:00,122.760000,122.760000,122.390000,122.400000,132313
2025-09-18 15:15,122.390000,122.840000,122.380000,122.740000,162024
2025-09-18 15:30,122.740000,123.120000,122.590000,123.040000,123196
2025-09-18 15:45,122.970000,122.970000,122.970000,122.970000,59171
2025-09-18 16:00,123.050000,123.170000,122.990000,123.140000,36794
2025-09-18 16:15,123.150000,123.290000,123.060000,123.220000,65134
2025-09-18 16:30,123.230000,123.230000,122.960000,122.990000,33144
2025-09-18 16:45,123.000000,123.020000,122.800000,122.910000,26358
2025-09-18 17:00,122.900000,122.930000,122.810000,122.890000,20624
2025-09-18 17:15,122.880000,122.950000,122.720000,122.730000,19266
2025-09-18 17:30,122.720000,122.730000,122.520000,122.650000,59643
2025-09-18 17:45,122.660000,122.700000,122.350000,122.420000,59728
2025-09-18 18:00,122.420000,122.570000,122.160000,122.370000,140492
2025-09-18 18:15,122.370000,122.650000,122.250000,122.610000,58054
2025-09-18 18:30,122.600000,122.610000,122.420000,122.570000,14196
2025-09-18 18:45,122.560000,122.700000,122.510000,122.680000,11978
2025-09-18 19:00,122.680000,122.700000,122.620000,122.660000,11933
2025-09-18 19:15,122.670000,122.700000,122.630000,122.690000,16518
2025-09-18 19:30,122.690000,122.690000,122.580000,122.580000,20542
2025-09-18 19:45,122.570000,122.630000,122.530000,122.560000,7883
2025-09-18 20:00,122.560000,122.830000,122.530000,122.690000,48414
2025-09-18 20:15,122.690000,122.760000,122.610000,122.650000,16399
2025-09-18 20:30,122.650000,122.740000,122.610000,122.700000,16406
2025-09-18 20:45,122.710000,122.810000,122.710000,122.770000,13549
2025-09-19 03:45,122.850000,122.850000,122.850000,122.850000,1280
2025-09-19 04:00,122.850000,123.260000,122.780000,123.080000,66894
2025-09-19 04:15,123.080000,123.100000,122.360000,122.400000,40497
2025-09-19 04:30,122.400000,122.600000,122.320000,122.580000,26851
2025-09-19 04:45,122.580000,122.580000,122.370000,122.370000,11696
2025-09-19 05:00,122.400000,122.550000,122.220000,122.550000,47253
2025-09-19 05:15,122.550000,122.560000,122.330000,122.380000,27902
2025-09-19 05:30,122.360000,122.380000,122.170000,122.290000,59946
2025-09-19 05:45,122.270000,122.470000,122.210000,122.340000,35652
2025-09-19 06:00,122.330000,122.890000,122.300000,122.850000,101118
2025-09-19 06:15,122.860000,123.100000,122.770000,122.770000,135511
2025-09-19 06:30,122.770000,123.020000,122.710000,123.020000,47974
2025-09-19 06:45,123.020000,123.250000,122.980000,123.130000,90615
2025-09-19 07:00,123.120000,123.390000,122.880000,123.000000,131877
2025-09-19 07:15,123.010000,123.800000,122.930000,123.720000,197777
2025-09-19 07:30,123.710000,123.760000,123.220000,123.330000,100558
2025-09-19 07:45,123.320000,123.410000,123.200000,123.200000,53190
2025-09-19 08:00,123.210000,123.210000,122.580000,122.680000,147763
2025-09-19 08:15,122.680000,123.250000,122.580000,122.980000,111327
2025-09-19 08:30,122.990000,122.990000,122.570000,122.870000,75124
2025-09-19 08:45,122.850000,122.990000,122.730000,122.830000,40622
2025-09-19 09:00,122.820000,123.220000,122.650000,122.980000,73860
2025-09-19 09:15,122.990000,123.170000,122.720000,122.980000,59342
2025-09-19 09:30,122.980000,123.070000,122.700000,122.830000,86293
2025-09-19 09:45,122.820000,122.850000,122.600000,122.790000,99675
2025-09-19 10:00,122.790000,123.030000,122.550000,122.560000,123308
2025-09-19 10:15,122.550000,122.650000,122.250000,122.350000,138073
2025-09-19 10:30,122.370000,122.380000,122.000000,122.110000,273771
2025-09-19 10:45,122.110000,122.470000,122.050000,122.310000,76923
2025-09-19 11:00,122.310000,122.390000,121.810000,122.370000,225204
2025-09-19 11:15,122.380000,122.380000,122.040000,122.160000,65733
2025-09-19 11:30,122.150000,122.290000,122.130000,122.190000,43072
2025-09-19 11:45,122.190000,122.990000,122.110000,122.980000,191721
2025-09-19 12:00,122.980000,123.110000,122.590000,122.620000,117706
2025-09-19 12:15,122.620000,122.900000,122.460000,122.760000,62892
2025-09-19 12:30,122.760000,123.000000,122.640000,122.710000,98926
2025-09-19 12:45,122.720000,122.990000,122.710000,122.840000,49406
2025-09-19 13:00,122.820000,123.180000,122.760000,123.100000,64968
2025-09-19 13:15,123.100000,123.390000,122.830000,123.030000,129494
2025-09-19 13:30,123.030000,123.110000,122.720000,122.880000,78429
2025-09-19 13:45,122.860000,122.900000,122.710000,122.750000,41395
2025-09-19 14:00,122.760000,122.760000,122.540000,122.630000,95362
2025-09-19 14:15,122.630000,122.700000,122.300000,122.440000,108214
2025-09-19 14:30,122.440000,122.520000,121.950000,121.980000,296199
2025-09-19 14:45,121.990000,122.130000,121.440000,121.710000,530668
2025-09-19 15:00,121.710000,121.840000,121.210000,121.210000,384682
2025-09-19 15:15,121.210000,121.430000,120.660000,121.080000,691313
2025-09-19 15:30,121.080000,121.270000,120.580000,120.650000,250726
2025-09-19 15:45,120.820000,120.820000,120.820000,120.820000,14675
2025-09-19 16:00,120.980000,120.990000,120.650000,120.800000,134101
2025-09-19 16:15,120.800000,120.930000,120.000000,120.330000,398059
2025-09-19 16:30,120.330000,120.750000,120.260000,120.720000,189269
2025-09-19 16:45,120.730000,120.860000,120.580000,120.830000,65371
2025-09-19 17:00,120.840000,120.870000,120.660000,120.680000,47581
2025-09-19 17:15,120.680000,120.690000,120.510000,120.520000,44614
2025-09-19 17:30,120.520000,120.790000,120.500000,120.720000,87645
2025-09-19 17:45,120.720000,120.870000,120.700000,120.850000,40980
2025-09-19 18:00,120.840000,120.950000,120.770000,120.950000,19911
2025-09-19 18:15,120.950000,120.970000,120.740000,120.920000,27768
2025-09-19 18:30,120.920000,120.960000,120.600000,120.700000,35733
2025-09-19 18:45,120.700000,120.760000,120.630000,120.630000,16153
2025-09-19 19:00,120.620000,120.700000,120.430000,120.570000,60069
2025-09-19 19:15,120.580000,120.720000,120.550000,120.720000,20087
2025-09-19 19:30,120.710000,120.750000,120.640000,120.650000,27915
2025-09-19 19:45,120.650000,120.650000,120.500000,120.500000,33858
2025-09-19 20:00,120.500000,120.650000,120.500000,120.560000,41174
2025-09-19 20:15,120.550000,120.560000,120.270000,120.320000,44397
2025-09-19 20:30,120.320000,120.420000,120.250000,120.400000,60832
2025-09-19 20:45,120.400000,120.470000,120.350000,120.440000,12286
2025-09-19 23:00,120.410000,121.140000,120.400000,120.800000,1253
2025-09-19 23:15,120.770000,120.780000,120.620000,120.770000,513
2025-09-19 23:30,120.770000,120.920000,120.640000,120.920000,984
2025-09-19 23:45,120.700000,120.990000,120.650000,120.690000,442
2025-09-20 00:00,120.690000,120.940000,120.670000,120.930000,144
2025-09-20 00:15,120.920000,120.920000,120.650000,120.890000,96
2025-09-20 00:30,120.900000,120.900000,120.650000,120.680000,57
2025-09-20 00:45,120.890000,120.900000,120.650000,120.890000,72
2025-09-20 01:00,120.650000,120.900000,120.650000,120.890000,46
2025-09-20 01:15,120.890000,120.890000,120.650000,120.650000,26
2025-09-20 01:30,120.660000,120.870000,120.640000,120.640000,49
2025-09-20 01:45,120.870000,120.870000,120.610000,120.870000,89
2025-09-20 02:00,120.670000,120.850000,120.540000,120.800000,89
2025-09-20 02:15,120.810000,120.830000,120.660000,120.820000,72
2025-09-20 02:30,120.820000,120.830000,120.650000,120.820000,348
2025-09-20 02:45,120.650000,120.830000,120.530000,120.780000,164
2025-09-20 03:00,120.820000,120.890000,120.560000,120.820000,351
2025-09-20 03:15,120.820000,120.880000,120.550000,120.650000,953
2025-09-20 03:30,120.850000,120.890000,120.650000,120.700000,1227
2025-09-20 03:45,120.800000,120.900000,120.720000,120.870000,178
2025-09-20 04:00,120.750000,120.870000,120.560000,120.710000,885
2025-09-20 04:15,120.830000,120.910000,120.630000,120.900000,459
2025-09-20 04:30,120.680000,120.900000,120.680000,120.900000,234
2025-09-20 04:45,120.890000,120.890000,120.440000,120.800000,1249
2025-09-20 05:00,120.790000,120.890000,120.510000,120.790000,1462
2025-09-20 05:15,120.800000,120.860000,120.620000,120.620000,485
2025-09-20 05:30,120.620000,120.740000,120.510000,120.630000,143
2025-09-20 05:45,120.510000,120.670000,120.440000,120.480000,698
2025-09-20 06:00,120.540000,120.870000,120.400000,120.830000,3979
2025-09-20 06:15,120.810000,120.820000,120.400000,120.710000,757
2025-09-20 06:30,120.550000,120.760000,120.550000,120.760000,342
2025-09-20 06:45,120.760000,120.760000,120.040000,120.470000,7083
2025-09-20 07:00,120.460000,120.680000,120.070000,120.210000,1680
2025-09-20 07:15,120.210000,120.360000,120.090000,120.250000,573
2025-09-20 07:30,120.360000,120.400000,120.270000,120.400000,1531
2025-09-20 07:30,120.360000,120.400000,120.270000,120.400000,1531
2025-09-20 07:45,120.400000,120.460000,120.200000,120.400000,1581
2025-09-20 08:00,120.390000,120.400000,120.240000,120.300000,317
2025-09-20 08:15,120.340000,120.390000,120.240000,120.250000,1083
2025-09-20 08:30,120.250000,120.400000,120.230000,120.230000,1080
2025-09-20 08:45,120.240000,120.470000,120.210000,120.460000,1464
2025-09-20 09:00,120.460000,120.480000,120.260000,120.450000,733
2025-09-20 09:15,120.450000,120.480000,120.320000,120.440000,405
2025-09-20 09:30,120.440000,120.530000,120.330000,120.530000,2034
2025-09-20 09:45,120.500000,120.690000,120.380000,120.540000,1022
2025-09-20 10:00,120.640000,120.730000,120.290000,120.640000,1407
2025-09-20 10:15,120.610000,120.680000,120.300000,120.520000,340
2025-09-20 10:30,120.500000,120.510000,120.370000,120.400000,299
2025-09-20 10:45,120.400000,120.510000,120.300000,120.510000,5350
2025-09-20 11:00,120.510000,120.680000,120.340000,120.670000,695
2025-09-20 11:15,120.670000,120.680000,120.500000,120.510000,588
2025-09-20 11:30,120.600000,120.700000,120.300000,120.700000,2296
2025-09-20 11:45,120.700000,120.700000,120.550000,120.550000,1144
2025-09-20 12:00,120.550000,120.580000,120.440000,120.560000,559
2025-09-20 12:15,120.490000,120.570000,120.310000,120.310000,1311
2025-09-20 12:30,120.550000,120.550000,120.320000,120.450000,210
2025-09-20 12:45,120.510000,120.550000,120.320000,120.320000,667
2025-09-20 13:00,120.490000,120.560000,120.310000,120.540000,1406
2025-09-20 13:15,120.540000,120.560000,120.320000,120.330000,694
2025-09-20 13:30,120.340000,120.580000,120.320000,120.410000,2613
2025-09-20 13:45,120.580000,120.580000,120.330000,120.560000,767
2025-09-20 14:00,120.370000,120.560000,120.330000,120.510000,860
2025-09-20 14:15,120.510000,120.550000,120.310000,120.340000,938
2025-09-20 14:30,120.340000,120.560000,120.310000,120.510000,992
2025-09-20 14:45,120.500000,120.580000,120.390000,120.570000,274
2025-09-20 15:00,120.570000,120.570000,120.420000,120.530000,307
2025-09-20 15:15,120.520000,120.520000,120.410000,120.410000,119
2025-09-20 15:30,120.520000,120.580000,120.400000,120.560000,639
2025-09-20 15:45,120.560000,120.680000,120.440000,120.680000,576
2025-09-20 16:00,120.690000,120.690000,120.500000,120.660000,162
2025-09-20 16:15,120.660000,120.660000,120.530000,120.530000,588
2025-09-20 16:30,120.650000,120.690000,120.540000,120.600000,2574
2025-09-20 16:45,120.600000,120.690000,120.440000,120.440000,553
2025-09-20 17:00,120.610000,120.610000,120.400000,120.430000,407
2025-09-20 17:15,120.430000,120.440000,120.390000,120.440000,1431
2025-09-20 17:30,120.400000,120.560000,120.340000,120.340000,360
2025-09-20 17:45,120.550000,120.550000,120.350000,120.350000,398
2025-09-20 18:00,120.490000,120.550000,120.360000,120.360000,338
2025-09-20 18:15,120.370000,120.540000,120.360000,120.370000,690
2025-09-20 18:30,120.470000,120.470000,120.360000,120.450000,332
2025-09-20 18:45,120.450000,120.570000,120.370000,120.450000,347
2025-09-20 19:00,120.550000,120.550000,120.370000,120.490000,585
2025-09-20 19:15,120.490000,120.540000,120.480000,120.500000,146
2025-09-20 19:30,120.480000,120.570000,120.480000,120.560000,971
2025-09-20 19:45,120.550000,120.560000,120.480000,120.480000,71
2025-09-20 20:00,120.540000,120.540000,120.480000,120.480000,731
2025-09-20 20:15,120.480000,120.520000,120.480000,120.500000,194
2025-09-20 20:30,120.510000,120.600000,120.500000,120.500000,2028
2025-09-20 20:45,120.600000,120.770000,120.500000,120.760000,1628
2025-09-20 23:00,120.830000,120.840000,120.750000,120.750000,39
2025-09-20 23:15,120.550000,120.780000,120.520000,120.520000,42
2025-09-20 23:30,120.730000,120.750000,120.510000,120.510000,60
2025-09-20 23:45,120.740000,120.750000,120.740000,120.750000,31
2025-09-21 00:00,120.750000,120.750000,120.520000,120.750000,16
2025-09-21 00:15,120.750000,120.750000,120.520000,120.520000,24
2025-09-21 00:30,120.740000,120.750000,120.520000,120.750000,20
2025-09-21 00:45,120.550000,120.750000,120.540000,120.750000,6
2025-09-21 01:00,120.540000,120.750000,120.540000,120.750000,18
2025-09-21 01:15,120.750000,120.750000,120.750000,120.750000,1
2025-09-21 01:30,120.740000,120.740000,120.740000,120.740000,3
2025-09-21 01:45,120.740000,120.750000,120.550000,120.550000,9
2025-09-21 02:00,120.750000,120.750000,120.750000,120.750000,2
2025-09-21 02:15,120.750000,120.750000,120.500000,120.740000,73
2025-09-21 02:30,120.740000,120.740000,120.310000,120.340000,640
2025-09-21 02:45,120.310000,120.350000,120.310000,120.350000,23
2025-09-21 03:00,120.350000,120.750000,120.320000,120.740000,396
2025-09-21 03:15,120.740000,120.750000,120.330000,120.440000,37
2025-09-21 03:30,120.730000,120.740000,120.490000,120.690000,15
2025-09-21 03:45,120.690000,120.690000,120.320000,120.680000,111
2025-09-21 04:00,120.470000,120.590000,120.450000,120.450000,101
2025-09-21 04:15,120.500000,120.670000,120.470000,120.670000,167
2025-09-21 04:30,120.670000,120.670000,120.470000,120.670000,96
2025-09-21 04:45,120.470000,120.770000,120.460000,120.550000,622
2025-09-21 05:00,120.460000,120.720000,120.460000,120.690000,94
2025-09-21 05:15,120.490000,120.680000,120.450000,120.600000,216
2025-09-21 05:30,120.620000,120.700000,120.600000,120.690000,182
2025-09-21 05:45,120.690000,120.690000,120.470000,120.640000,182
2025-09-21 06:00,120.640000,120.650000,120.500000,120.630000,59
2025-09-21 06:15,120.530000,120.630000,120.490000,120.490000,210
2025-09-21 06:30,120.610000,120.630000,120.500000,120.620000,118
2025-09-21 06:45,120.510000,120.750000,120.400000,120.730000,2156
2025-09-21 07:00,120.550000,120.750000,120.510000,120.700000,262
2025-09-21 07:15,120.510000,120.720000,120.510000,120.700000,131
2025-09-21 07:30,120.720000,120.720000,120.700000,120.700000,887
2025-09-21 07:45,120.720000,120.720000,120.500000,120.680000,614
2025-09-21 08:00,120.680000,120.700000,120.500000,120.680000,741
2025-09-21 08:15,120.680000,120.680000,120.490000,120.510000,351
2025-09-21 08:30,120.510000,120.590000,120.440000,120.440000,544
2025-09-21 08:45,120.550000,120.640000,120.440000,120.550000,471
2025-09-21 09:00,120.640000,120.640000,120.400000,120.440000,2289
2025-09-21 09:15,120.550000,120.560000,120.440000,120.440000,245
2025-09-21 09:30,120.440000,120.560000,120.440000,120.440000,234
2025-09-21 09:45,120.500000,120.540000,120.390000,120.520000,1441
2025-09-21 10:00,120.520000,120.570000,120.360000,120.550000,3217
2025-09-21 10:15,120.550000,120.550000,120.390000,120.390000,199
2025-09-21 10:30,120.540000,120.570000,120.390000,120.450000,604
2025-09-21 10:45,120.450000,120.600000,120.400000,120.600000,656
2025-09-21 11:00,120.600000,120.700000,120.400000,120.580000,1266
2025-09-21 11:15,120.560000,120.600000,120.440000,120.480000,377
2025-09-21 11:30,120.580000,120.600000,120.470000,120.490000,270
2025-09-21 11:45,120.590000,120.600000,120.470000,120.470000,276
2025-09-21 12:00,120.580000,120.590000,120.440000,120.560000,303
2025-09-21 12:15,120.560000,120.580000,120.400000,120.400000,752
2025-09-21 12:30,120.490000,120.550000,120.410000,120.430000,255
2025-09-21 12:45,120.440000,120.580000,120.420000,120.560000,509
2025-09-21 13:00,120.560000,120.580000,120.400000,120.560000,768
2025-09-21 13:15,120.560000,120.570000,120.400000,120.570000,452
2025-09-21 13:30,120.570000,120.570000,120.410000,120.560000,271
2025-09-21 13:45,120.420000,120.560000,120.410000,120.540000,250
2025-09-21 14:00,120.540000,120.570000,120.500000,120.550000,192
2025-09-21 14:15,120.550000,120.550000,120.500000,120.500000,134
2025-09-21 14:30,120.550000,120.580000,120.430000,120.580000,739
2025-09-21 14:45,120.440000,120.660000,120.440000,120.660000,1646
2025-09-21 15:00,120.640000,120.690000,120.600000,120.690000,449
2025-09-21 15:15,120.690000,120.690000,120.600000,120.600000,483
2025-09-21 15:30,120.670000,120.670000,120.600000,120.660000,221
2025-09-21 15:45,120.660000,120.690000,120.600000,120.680000,224
2025-09-21 16:00,120.680000,120.690000,120.600000,120.620000,107
2025-09-21 16:15,120.620000,120.660000,120.600000,120.620000,791
2025-09-21 16:30,120.600000,120.680000,120.600000,120.670000,494
2025-09-21 16:45,120.670000,120.690000,120.600000,120.690000,654
2025-09-21 17:00,120.690000,120.690000,120.600000,120.680000,319
2025-09-21 17:15,120.680000,120.690000,120.610000,120.680000,320
2025-09-21 17:30,120.680000,120.690000,120.610000,120.610000,94
2025-09-21 17:45,120.680000,120.740000,120.610000,120.630000,833
2025-09-21 18:00,120.630000,120.730000,120.620000,120.700000,372
2025-09-21 18:15,120.700000,120.740000,120.610000,120.740000,235
2025-09-21 18:30,120.620000,120.740000,120.610000,120.620000,258
2025-09-21 18:45,120.640000,120.750000,120.610000,120.730000,949
2025-09-21 19:00,120.730000,120.750000,120.620000,120.750000,204
2025-09-21 19:15,120.740000,120.770000,120.630000,120.630000,468
2025-09-21 19:30,120.760000,120.760000,120.660000,120.750000,121
2025-09-21 19:45,120.700000,120.770000,120.700000,120.720000,450
2025-09-21 20:00,120.770000,120.770000,120.580000,120.580000,2626
2025-09-21 20:15,120.580000,120.580000,120.490000,120.580000,289
2025-09-21 20:30,120.580000,120.750000,120.490000,120.710000,161
2025-09-21 20:45,120.690000,120.700000,120.460000,120.700000,557
2025-09-22 03:45,120.500000,120.500000,120.500000,120.500000,5072
2025-09-22 04:00,120.500000,120.690000,120.100000,120.250000,132656
2025-09-22 04:15,120.240000,120.750000,120.240000,120.690000,55923
2025-09-22 04:30,120.660000,120.970000,120.610000,120.890000,42449
2025-09-22 04:45,120.890000,120.890000,120.490000,120.580000,60232
2025-09-22 05:00,120.580000,120.750000,120.520000,120.700000,19688
2025-09-22 05:15,120.710000,120.890000,120.660000,120.710000,28638
2025-09-22 05:30,120.710000,120.850000,120.680000,120.740000,47273
2025-09-22 05:45,120.730000,120.820000,120.700000,120.810000,19445
2025-09-22 06:00,120.790000,120.790000,120.510000,120.570000,71438
2025-09-22 06:15,120.550000,120.600000,120.030000,120.240000,109970
2025-09-22 06:30,120.250000,120.580000,120.190000,120.270000,64010
2025-09-22 06:45,120.270000,120.480000,119.630000,119.820000,199552
2025-09-22 07:00,119.810000,120.610000,119.460000,120.420000,391942
2025-09-22 07:15,120.420000,120.420000,119.750000,119.810000,158168
2025-09-22 07:30,119.800000,119.920000,119.180000,119.380000,383824
2025-09-22 07:45,119.380000,120.070000,119.380000,119.890000,216044
2025-09-22 08:00,119.890000,119.990000,119.720000,119.740000,62310
2025-09-22 08:15,119.740000,119.890000,119.540000,119.680000,104407
2025-09-22 08:30,119.670000,119.810000,119.560000,119.600000,74256
2025-09-22 08:45,119.600000,119.880000,119.440000,119.880000,189467
2025-09-22 09:00,119.870000,119.870000,119.200000,119.370000,190361
2025-09-22 09:15,119.360000,119.480000,119.320000,119.390000,73848
2025-09-22 09:30,119.380000,119.490000,119.040000,119.280000,178441
2025-09-22 09:45,119.270000,119.270000,118.380000,118.610000,632600
2025-09-22 10:00,118.610000,118.680000,118.200000,118.520000,272788
2025-09-22 10:15,118.530000,118.650000,118.310000,118.500000,152687
2025-09-22 10:30,118.510000,118.520000,117.720000,118.240000,508720
2025-09-22 10:45,118.240000,118.390000,118.000000,118.290000,159362
2025-09-22 11:00,118.260000,118.660000,118.170000,118.570000,128251
2025-09-22 11:15,118.590000,119.160000,118.580000,118.900000,182112
2025-09-22 11:30,118.900000,118.900000,118.620000,118.630000,64966
2025-09-22 11:45,118.640000,119.900000,118.230000,119.240000,487044
2025-09-22 12:00,119.240000,119.900000,119.220000,119.380000,284223
2025-09-22 12:15,119.390000,119.700000,119.120000,119.180000,134393
2025-09-22 12:30,119.180000,119.600000,119.020000,119.210000,89278
2025-09-22 12:45,119.200000,119.350000,119.010000,119.060000,61093
2025-09-22 13:00,119.050000,119.070000,118.560000,118.910000,202400
2025-09-22 13:15,118.910000,119.030000,118.700000,118.980000,117984
2025-09-22 13:30,118.950000,119.100000,118.760000,118.840000,126128
2025-09-22 13:45,118.860000,118.860000,118.600000,118.680000,112730
2025-09-22 14:00,118.680000,118.950000,118.460000,118.610000,184104
2025-09-22 14:15,118.610000,119.040000,118.300000,118.900000,149068
2025-09-22 14:30,118.890000,119.280000,118.880000,119.250000,136757
2025-09-22 14:45,119.270000,119.710000,119.260000,119.520000,195084
2025-09-22 15:00,119.530000,120.200000,119.530000,119.860000,282244
2025-09-22 15:15,119.850000,119.900000,119.380000,119.390000,160288
2025-09-22 15:30,119.380000,119.500000,119.310000,119.400000,44913
2025-09-22 15:45,119.570000,119.570000,119.570000,119.570000,6676
2025-09-22 16:00,119.520000,119.830000,119.320000,119.670000,74355
2025-09-22 16:15,119.670000,119.850000,119.650000,119.780000,65810
2025-09-22 16:30,119.780000,119.960000,119.690000,119.820000,49601
2025-09-22 16:45,119.820000,119.820000,119.680000,119.740000,19244
2025-09-22 17:00,119.740000,119.770000,119.590000,119.670000,33152
2025-09-22 17:15,119.670000,119.680000,119.300000,119.440000,48425
2025-09-22 17:30,119.430000,119.670000,119.400000,119.670000,10503
2025-09-22 17:45,119.670000,120.090000,119.670000,119.910000,109139
2025-09-22 18:00,119.910000,120.170000,119.910000,120.000000,78976
2025-09-22 18:15,120.000000,120.070000,119.900000,119.910000,72865
2025-09-22 18:30,119.920000,119.920000,119.670000,119.830000,43622
2025-09-22 18:45,119.840000,120.030000,119.840000,119.960000,21179
2025-09-22 19:00,119.950000,119.970000,119.760000,119.780000,16828
2025-09-22 19:15,119.780000,119.820000,119.580000,119.640000,38795
2025-09-22 19:30,119.640000,119.710000,119.510000,119.670000,28102
2025-09-22 19:45,119.700000,119.750000,119.620000,119.630000,8853
2025-09-22 20:00,119.630000,119.680000,119.250000,119.260000,44126
2025-09-22 20:15,119.260000,119.600000,119.250000,119.590000,29688
2025-09-22 20:30,119.600000,119.600000,119.360000,119.430000,18747
2025-09-22 20:45,119.460000,119.600000,119.460000,119.500000,9736
2025-09-23 03:45,119.520000,119.520000,119.520000,119.520000,1458
2025-09-23 04:00,119.570000,119.760000,119.210000,119.690000,32299
2025-09-23 04:15,119.690000,119.690000,119.330000,119.530000,19525
2025-09-23 04:30,119.530000,119.790000,119.470000,119.490000,19845
2025-09-23 04:45,119.470000,119.510000,119.200000,119.220000,17924
2025-09-23 05:00,119.220000,119.240000,119.130000,119.240000,18851
2025-09-23 05:15,119.240000,119.290000,119.060000,119.220000,22172
2025-09-23 05:30,119.220000,119.390000,119.160000,119.350000,9314
2025-09-23 05:45,119.350000,119.350000,119.110000,119.120000,10269
2025-09-23 06:00,119.120000,119.260000,119.010000,119.210000,32323
2025-09-23 06:15,119.220000,119.390000,119.200000,119.380000,10173
2025-09-23 06:30,119.390000,119.750000,119.370000,119.670000,44181
2025-09-23 06:45,119.680000,119.780000,119.560000,119.700000,40286
2025-09-23 07:00,119.680000,119.980000,119.170000,119.750000,158449
2025-09-23 07:15,119.750000,120.090000,119.530000,119.710000,114960
2025-09-23 07:30,119.700000,120.220000,119.620000,119.820000,139246
2025-09-23 07:45,119.810000,119.880000,119.350000,119.830000,117836
2025-09-23 08:00,119.830000,119.870000,119.220000,119.430000,89189
2025-09-23 08:15,119.440000,119.470000,119.250000,119.370000,88942
2025-09-23 08:30,119.380000,119.660000,119.370000,119.590000,117581
2025-09-23 08:45,119.590000,120.530000,119.580000,120.250000,379328
2025-09-23 09:00,120.260000,120.660000,120.210000,120.450000,201311
2025-09-23 09:15,120.450000,121.100000,120.440000,121.030000,198560
2025-09-23 09:30,121.030000,121.100000,120.710000,120.920000,222215
2025-09-23 09:45,120.910000,120.990000,120.710000,120.900000,61189
2025-09-23 10:00,120.900000,120.990000,120.630000,120.890000,64957
2025-09-23 10:15,120.880000,120.950000,120.730000,120.850000,75907
2025-09-23 10:30,120.830000,120.860000,120.620000,120.840000,75367
2025-09-23 10:45,120.840000,121.160000,120.770000,121.100000,103290
2025-09-23 11:00,121.100000,121.500000,121.030000,121.500000,214902
2025-09-23 11:15,121.500000,121.500000,121.010000,121.180000,88200
2025-09-23 11:30,121.190000,121.240000,120.650000,120.780000,100518
2025-09-23 11:45,120.780000,120.950000,120.780000,120.930000,33803
2025-09-23 12:00,120.940000,121.250000,120.760000,120.780000,102303
2025-09-23 12:15,120.760000,120.880000,120.310000,120.670000,114855
2025-09-23 12:30,120.660000,120.670000,120.320000,120.620000,55597
2025-09-23 12:45,120.620000,120.640000,120.490000,120.550000,19302
2025-09-23 13:00,120.590000,120.900000,120.560000,120.880000,54189
2025-09-23 13:15,120.850000,121.310000,120.740000,121.130000,113378
2025-09-23 13:30,121.130000,121.220000,120.910000,121.000000,102565
2025-09-23 13:45,121.000000,121.040000,120.800000,120.900000,47503
2025-09-23 14:00,120.890000,121.080000,120.630000,120.780000,68898
2025-09-23 14:15,120.780000,120.820000,120.490000,120.490000,53595
2025-09-23 14:30,120.490000,120.570000,120.130000,120.140000,101580
2025-09-23 14:45,120.140000,120.390000,120.120000,120.360000,51618
2025-09-23 15:00,120.350000,120.640000,120.350000,120.420000,60999
2025-09-23 15:15,120.410000,120.700000,120.210000,120.600000,88495
2025-09-23 15:30,120.590000,120.650000,120.500000,120.540000,28993
2025-09-23 15:45,120.410000,120.410000,120.410000,120.410000,1198
2025-09-23 16:00,120.540000,120.630000,120.430000,120.510000,16448
2025-09-23 16:15,120.510000,120.510000,120.160000,120.270000,47983
2025-09-23 16:30,120.270000,120.340000,119.800000,119.900000,144971
2025-09-23 16:45,119.900000,119.990000,119.820000,119.830000,18943
2025-09-23 17:00,119.850000,120.060000,119.730000,120.000000,35886
2025-09-23 17:15,119.990000,120.000000,119.830000,119.950000,17025
2025-09-23 17:30,119.950000,119.960000,119.610000,119.750000,59772
2025-09-23 17:45,119.750000,119.820000,119.520000,119.530000,81203
2025-09-23 18:00,119.520000,119.620000,119.460000,119.510000,53444
2025-09-23 18:15,119.510000,119.690000,119.480000,119.690000,34386
2025-09-23 18:30,119.680000,119.770000,119.600000,119.640000,15655
2025-09-23 18:45,119.630000,119.780000,118.680000,118.900000,285013
2025-09-23 19:00,118.910000,118.910000,117.220000,117.750000,899844
2025-09-23 19:15,117.750000,118.100000,117.300000,117.900000,397474
2025-09-23 19:30,117.900000,118.230000,117.030000,117.200000,373434
2025-09-23 19:45,117.200000,117.610000,116.860000,116.940000,395402
2025-09-23 20:00,116.930000,117.400000,116.880000,117.110000,277350
2025-09-23 20:15,117.100000,117.390000,116.930000,117.370000,135423
2025-09-23 20:30,117.380000,117.600000,117.050000,117.100000,130805
2025-09-23 20:45,117.120000,117.300000,117.020000,117.110000,35876
2025-09-24 03:45,117.660000,117.660000,117.660000,117.660000,4404
2025-09-24 04:00,117.690000,117.890000,117.340000,117.430000,151979
2025-09-24 04:15,117.430000,117.810000,117.400000,117.590000,104766
2025-09-24 04:30,117.590000,117.850000,117.570000,117.670000,61038
2025-09-24 04:45,117.670000,117.800000,117.400000,117.780000,60738
2025-09-24 05:00,117.790000,117.820000,117.420000,117.420000,42393
2025-09-24 05:15,117.420000,117.650000,117.380000,117.630000,42533
2025-09-24 05:30,117.620000,117.620000,117.300000,117.300000,62971
2025-09-24 05:45,117.310000,117.720000,117.290000,117.630000,47195
2025-09-24 06:00,117.630000,117.630000,116.240000,116.490000,452079
2025-09-24 06:15,116.490000,116.760000,116.050000,116.570000,285853
2025-09-24 06:30,116.570000,116.800000,116.460000,116.660000,115218
2025-09-24 06:45,116.660000,116.800000,116.450000,116.510000,119767
2025-09-24 07:00,116.500000,116.870000,115.880000,116.760000,779809
2025-09-24 07:15,116.760000,117.180000,116.540000,117.110000,310570
2025-09-24 07:30,117.090000,117.310000,116.870000,117.180000,232780
2025-09-24 07:45,117.170000,117.360000,116.930000,117.200000,112088
2025-09-24 08:00,117.210000,117.640000,117.110000,117.550000,195215
2025-09-24 08:15,117.550000,118.470000,117.520000,118.300000,381927
2025-09-24 08:30,118.270000,118.770000,118.220000,118.460000,329817
2025-09-24 08:45,118.470000,118.530000,117.970000,118.480000,330145
2025-09-24 09:00,118.470000,118.610000,118.340000,118.550000,135162
2025-09-24 09:15,118.540000,118.800000,118.000000,118.040000,179890
2025-09-24 09:30,118.020000,118.370000,118.020000,118.340000,79239
2025-09-24 09:45,118.340000,118.630000,118.180000,118.430000,81467
2025-09-24 10:00,118.440000,118.560000,118.050000,118.170000,64149
2025-09-24 10:15,118.160000,118.270000,117.910000,118.160000,77726
2025-09-24 10:30,118.160000,118.390000,117.810000,118.300000,81277
2025-09-24 10:45,118.290000,118.390000,118.040000,118.170000,51993
2025-09-24 11:00,118.150000,118.200000,117.840000,118.090000,48336
2025-09-24 11:15,118.100000,118.450000,118.010000,118.200000,88217
2025-09-24 11:30,118.200000,118.420000,118.200000,118.290000,27399
2025-09-24 11:45,118.280000,119.510000,118.260000,119.190000,343161
2025-09-24 12:00,119.200000,119.400000,119.020000,119.210000,101752
2025-09-24 12:15,119.190000,119.390000,118.560000,118.840000,131848
2025-09-24 12:30,118.820000,119.390000,118.820000,118.920000,96602
2025-09-24 12:45,118.900000,118.950000,118.600000,118.710000,94138
2025-09-24 13:00,118.690000,119.500000,118.440000,119.300000,249744
2025-09-24 13:15,119.300000,119.660000,119.270000,119.320000,98647
2025-09-24 13:30,119.320000,119.340000,118.870000,119.000000,133544
2025-09-24 13:45,118.970000,119.220000,118.810000,119.080000,55688
2025-09-24 14:00,119.100000,119.260000,118.850000,118.980000,43456
2025-09-24 14:15,118.980000,119.020000,118.510000,118.640000,73443
2025-09-24 14:30,118.640000,118.800000,118.530000,118.800000,53542
2025-09-24 14:45,118.800000,119.350000,118.790000,119.080000,74577
2025-09-24 15:00,119.080000,119.200000,118.810000,118.940000,46719
2025-09-24 15:15,118.900000,119.260000,118.710000,118.990000,58756
2025-09-24 15:30,118.990000,118.990000,118.710000,118.710000,29170
2025-09-24 15:45,118.700000,118.700000,118.700000,118.700000,1386
2025-09-24 16:00,118.710000,118.940000,118.700000,118.830000,22339
2025-09-24 16:15,118.820000,118.830000,118.360000,118.570000,78396
2025-09-24 16:30,118.580000,118.650000,118.480000,118.540000,19136
2025-09-24 16:45,118.540000,118.900000,118.540000,118.900000,43221
2025-09-24 17:00,118.900000,118.900000,118.780000,118.830000,69260
2025-09-24 17:15,118.830000,118.900000,118.530000,118.710000,47202
2025-09-24 17:30,118.700000,118.760000,118.600000,118.640000,15042
2025-09-24 17:45,118.630000,118.750000,118.520000,118.610000,27819
2025-09-24 18:00,118.620000,118.750000,118.570000,118.750000,12265
2025-09-24 18:15,118.750000,118.760000,118.650000,118.760000,14820
2025-09-24 18:30,118.750000,118.860000,118.730000,118.810000,22453
2025-09-24 18:45,118.810000,118.820000,118.360000,118.520000,37913
2025-09-24 19:00,118.500000,118.700000,118.500000,118.610000,16669
2025-09-24 19:15,118.600000,118.660000,118.600000,118.620000,14241
2025-09-24 19:30,118.620000,118.640000,118.560000,118.610000,6408
2025-09-24 19:45,118.610000,118.780000,118.570000,118.750000,20395
2025-09-24 20:00,118.750000,118.790000,118.740000,118.780000,9190
2025-09-24 20:15,118.770000,118.780000,118.680000,118.750000,17641
2025-09-24 20:30,118.770000,118.850000,118.640000,118.850000,31701
2025-09-24 20:45,118.840000,118.900000,118.780000,118.900000,20015
2025-09-25 03:45,118.950000,118.950000,118.950000,118.950000,1164
2025-09-25 04:00,118.940000,118.970000,118.770000,118.900000,21758
2025-09-25 04:15,118.890000,119.100000,118.870000,119.070000,31295
2025-09-25 04:30,119.040000,119.310000,118.960000,119.270000,54580
2025-09-25 04:45,119.270000,119.290000,119.110000,119.180000,11229
2025-09-25 05:00,119.180000,119.210000,119.030000,119.060000,13780
2025-09-25 05:15,119.050000,119.160000,119.040000,119.070000,7059
2025-09-25 05:30,119.070000,119.110000,118.910000,119.020000,23680
2025-09-25 05:45,119.020000,119.050000,118.950000,118.950000,6503
2025-09-25 06:00,118.950000,118.950000,118.540000,118.650000,71895
2025-09-25 06:15,118.650000,118.930000,118.540000,118.900000,22312
2025-09-25 06:30,118.910000,119.160000,118.840000,119.070000,39326
2025-09-25 06:45,119.070000,119.190000,118.940000,119.100000,25399
2025-09-25 07:00,119.090000,119.090000,118.700000,118.910000,48680
2025-09-25 07:15,118.920000,118.920000,118.310000,118.360000,82044
2025-09-25 07:30,118.360000,118.600000,118.060000,118.600000,194875
2025-09-25 07:45,118.590000,118.670000,118.160000,118.340000,75922
2025-09-25 08:00,118.350000,118.530000,118.080000,118.300000,98224
2025-09-25 08:15,118.290000,118.500000,118.250000,118.500000,67860
2025-09-25 08:30,118.490000,119.070000,118.470000,118.970000,121351
2025-09-25 08:45,118.970000,119.000000,118.760000,118.980000,57015
2025-09-25 09:00,118.990000,119.010000,118.670000,118.750000,69400
2025-09-25 09:15,118.750000,119.400000,118.710000,119.260000,101498
2025-09-25 09:30,119.260000,119.270000,118.930000,118.990000,55593
2025-09-25 09:45,119.000000,119.000000,118.810000,118.880000,32244
2025-09-25 10:00,118.890000,118.890000,118.540000,118.690000,34080
2025-09-25 10:15,118.690000,118.690000,118.450000,118.630000,54529
2025-09-25 10:30,118.580000,118.750000,118.440000,118.650000,26953
2025-09-25 10:45,118.650000,118.760000,118.550000,118.700000,26947
2025-09-25 11:00,118.700000,118.720000,118.550000,118.700000,21827
2025-09-25 11:15,118.690000,118.870000,118.620000,118.720000,23403
2025-09-25 11:30,118.710000,118.900000,118.610000,118.880000,28532
2025-09-25 11:45,118.880000,119.000000,118.830000,118.950000,41128
2025-09-25 12:00,118.960000,118.960000,118.780000,118.830000,12497
2025-09-25 12:15,118.840000,118.840000,118.550000,118.600000,33729
2025-09-25 12:30,118.600000,118.830000,118.590000,118.810000,44000
2025-09-25 12:45,118.800000,118.870000,118.540000,118.570000,30048
2025-09-25 13:00,118.570000,118.710000,118.370000,118.700000,110459
2025-09-25 13:15,118.700000,118.830000,118.340000,118.500000,92381
2025-09-25 13:30,118.500000,118.620000,118.210000,118.250000,70774
2025-09-25 13:45,118.250000,118.410000,118.150000,118.190000,63545
2025-09-25 14:00,118.190000,118.320000,117.810000,118.010000,149942
2025-09-25 14:15,118.000000,118.200000,117.930000,118.130000,52159
2025-09-25 14:30,118.130000,118.550000,118.100000,118.420000,60069
2025-09-25 14:45,118.410000,118.480000,118.220000,118.220000,20201
2025-09-25 15:00,118.220000,118.470000,118.100000,118.200000,54890
2025-09-25 15:15,118.190000,118.190000,117.050000,117.460000,261251
2025-09-25 15:30,117.450000,117.640000,117.360000,117.480000,59229
2025-09-25 15:45,117.780000,117.780000,117.780000,117.780000,31649
2025-09-25 16:00,117.600000,117.690000,117.120000,117.430000,128988
2025-09-25 16:15,117.430000,117.580000,116.680000,116.980000,250569
2025-09-25 16:30,116.970000,117.230000,116.960000,117.210000,81665
2025-09-25 16:45,117.200000,117.370000,117.060000,117.370000,43100
2025-09-25 17:00,117.370000,117.400000,117.210000,117.320000,36730
2025-09-25 17:15,117.330000,117.400000,117.140000,117.190000,53204
2025-09-25 17:30,117.190000,117.320000,117.150000,117.270000,29642
2025-09-25 17:45,117.270000,117.330000,117.130000,117.200000,19763
2025-09-25 18:00,117.210000,117.210000,117.010000,117.180000,23868
2025-09-25 18:15,117.190000,117.330000,117.170000,117.210000,18014
2025-09-25 18:30,117.210000,117.210000,117.010000,117.100000,24599
2025-09-25 18:45,117.110000,117.280000,117.100000,117.200000,41021
2025-09-25 19:00,117.210000,117.250000,117.190000,117.230000,8644
2025-09-25 19:15,117.240000,117.500000,117.200000,117.480000,52444
2025-09-25 19:30,117.480000,117.520000,117.390000,117.470000,21317
2025-09-25 19:45,117.480000,117.480000,117.440000,117.460000,5405
2025-09-25 20:00,117.460000,117.550000,117.450000,117.450000,24740
2025-09-25 20:15,117.460000,117.460000,117.240000,117.320000,33210
2025-09-25 20:30,117.330000,117.670000,117.310000,117.640000,35304
2025-09-25 20:45,117.640000,117.670000,117.640000,117.660000,9858
2025-09-26 03:45,117.600000,117.600000,117.600000,117.600000,1574
2025-09-26 04:00,117.600000,117.690000,117.060000,117.610000,58136
2025-09-26 04:15,117.610000,117.640000,117.290000,117.330000,25302
2025-09-26 04:30,117.330000,117.380000,117.100000,117.130000,31767
2025-09-26 04:45,117.120000,117.360000,117.100000,117.330000,19887
2025-09-26 05:00,117.320000,117.540000,117.260000,117.350000,22002
2025-09-26 05:15,117.350000,117.670000,117.270000,117.510000,31085
2025-09-26 05:30,117.510000,117.510000,117.440000,117.470000,7751
2025-09-26 05:45,117.460000,117.500000,117.310000,117.350000,21147
2025-09-26 06:00,117.350000,117.920000,117.340000,117.910000,84619
2025-09-26 06:15,117.920000,118.090000,117.680000,117.920000,54361
2025-09-26 06:30,117.900000,118.000000,117.730000,117.830000,24975
2025-09-26 06:45,117.820000,118.150000,117.820000,117.920000,78517
2025-09-26 07:00,117.920000,118.110000,117.560000,117.730000,95446
2025-09-26 07:15,117.740000,117.800000,117.400000,117.510000,108930
2025-09-26 07:30,117.510000,117.590000,117.410000,117.540000,164688
2025-09-26 07:45,117.540000,117.910000,117.410000,117.500000,133703
2025-09-26 08:00,117.490000,117.790000,117.400000,117.550000,133114
2025-09-26 08:15,117.570000,117.600000,117.090000,117.210000,108755
2025-09-26 08:30,117.200000,117.410000,117.110000,117.320000,50728
2025-09-26 08:45,117.330000,117.570000,117.170000,117.170000,56835
2025-09-26 09:00,117.180000,117.320000,117.150000,117.220000,37687
2025-09-26 09:15,117.230000,117.690000,117.220000,117.580000,95878
2025-09-26 09:30,117.590000,118.260000,117.510000,118.250000,190719
2025-09-26 09:45,118.260000,118.440000,118.110000,118.410000,183471
2025-09-26 10:00,118.400000,118.750000,118.160000,118.660000,176484
2025-09-26 10:15,118.640000,118.900000,118.400000,118.700000,166129
2025-09-26 10:30,118.700000,118.700000,118.400000,118.410000,92543
2025-09-26 10:45,118.410000,118.760000,118.400000,118.740000,124706
2025-09-26 11:00,118.740000,118.750000,118.420000,118.430000,58765
2025-09-26 11:15,118.420000,118.450000,118.190000,118.360000,141010
2025-09-26 11:30,118.370000,118.570000,118.240000,118.570000,43662
2025-09-26 11:45,118.560000,118.860000,118.320000,118.730000,122733
2025-09-26 12:00,118.740000,118.780000,118.340000,118.410000,77629
2025-09-26 12:15,118.410000,118.580000,118.010000,118.110000,110137
2025-09-26 12:30,118.120000,118.320000,118.110000,118.190000,38906
2025-09-26 12:45,118.200000,118.600000,118.060000,118.440000,61261
2025-09-26 13:00,118.430000,118.750000,118.370000,118.480000,55398
2025-09-26 13:15,118.470000,118.680000,118.370000,118.470000,44505
2025-09-26 13:30,118.470000,118.540000,118.360000,118.490000,33930
2025-09-26 13:45,118.510000,118.520000,118.190000,118.340000,74595
2025-09-26 14:00,118.340000,118.420000,118.020000,118.030000,87773
2025-09-26 14:15,118.030000,118.330000,117.800000,118.120000,113281
2025-09-26 14:30,118.130000,118.450000,118.110000,118.400000,81363
2025-09-26 14:45,118.400000,119.400000,118.310000,119.190000,306169
2025-09-26 15:00,119.180000,119.300000,118.510000,118.860000,218162
2025-09-26 15:15,118.860000,119.190000,118.740000,119.130000,75511
2025-09-26 15:30,119.120000,120.050000,119.120000,119.850000,344226
2025-09-26 15:45,120.000000,120.000000,120.000000,120.000000,49761
2025-09-26 16:00,120.000000,120.550000,119.750000,120.210000,292230
2025-09-26 16:15,120.220000,120.310000,120.060000,120.300000,78704
2025-09-26 16:30,120.300000,120.350000,119.880000,119.890000,79766
2025-09-26 16:45,119.900000,120.300000,119.870000,120.090000,72299
2025-09-26 17:00,120.080000,120.190000,119.880000,119.930000,54069
2025-09-26 17:15,119.930000,120.150000,119.810000,120.030000,37338
2025-09-26 17:30,120.030000,120.030000,119.750000,119.760000,26429
2025-09-26 17:45,119.760000,120.170000,119.650000,120.070000,52919
2025-09-26 18:00,120.070000,120.260000,120.000000,120.240000,24734
2025-09-26 18:15,120.220000,120.450000,120.150000,120.410000,58755
2025-09-26 18:30,120.410000,120.410000,120.240000,120.370000,28486
2025-09-26 18:45,120.360000,120.380000,119.750000,120.100000,124614
2025-09-26 19:00,120.110000,120.150000,119.770000,119.780000,36190
2025-09-26 19:15,119.800000,119.980000,119.710000,119.900000,35851
2025-09-26 19:30,119.900000,119.990000,119.850000,119.960000,12355
2025-09-26 19:45,119.960000,119.960000,119.730000,119.810000,20225
2025-09-26 20:00,119.800000,120.000000,119.730000,119.870000,20737
2025-09-26 20:15,119.870000,120.040000,119.870000,120.010000,28813
2025-09-26 20:30,120.000000,120.190000,119.950000,120.110000,47802
2025-09-26 20:45,120.100000,120.260000,120.100000,120.150000,25094
2025-09-26 23:00,120.200000,120.480000,119.700000,120.150000,214
2025-09-26 23:15,120.170000,120.170000,119.720000,119.830000,91
2025-09-26 23:30,120.020000,120.180000,119.710000,120.180000,145
2025-09-26 23:45,119.780000,120.300000,119.750000,120.290000,125
2025-09-27 00:00,120.290000,120.300000,120.170000,120.300000,14
2025-09-27 00:15,120.300000,120.300000,120.220000,120.220000,12
2025-09-27 00:30,120.240000,120.250000,120.210000,120.210000,52
2025-09-27 00:45,120.210000,120.250000,120.200000,120.240000,51
2025-09-27 01:00,120.200000,120.240000,120.000000,120.000000,64
2025-09-27 01:15,120.190000,120.190000,120.000000,120.190000,4
2025-09-27 01:30,120.050000,120.190000,120.010000,120.190000,13
2025-09-27 01:45,120.200000,120.240000,120.200000,120.240000,249
2025-09-27 02:00,120.010000,120.230000,120.010000,120.190000,12
2025-09-27 02:15,120.010000,120.200000,119.680000,119.770000,413
2025-09-27 02:30,119.910000,120.200000,119.750000,120.080000,204
2025-09-27 02:45,120.170000,120.170000,120.000000,120.150000,4
2025-09-27 03:00,120.170000,120.190000,119.890000,120.060000,102
2025-09-27 03:15,120.060000,120.060000,119.870000,120.000000,89
2025-09-27 03:30,120.000000,120.030000,119.710000,119.900000,276
2025-09-27 03:45,119.910000,120.000000,119.700000,119.810000,1050
2025-09-27 04:00,119.950000,120.030000,119.740000,119.760000,179
2025-09-27 04:15,120.020000,120.020000,119.760000,119.780000,71
2025-09-27 04:30,119.780000,120.000000,119.760000,120.000000,210
2025-09-27 04:45,119.770000,120.000000,119.760000,119.980000,334
2025-09-27 05:00,119.980000,120.100000,119.890000,119.890000,1063
2025-09-27 05:15,120.000000,120.100000,119.800000,119.800000,374
2025-09-27 05:30,119.790000,119.990000,119.770000,119.900000,707
2025-09-27 05:45,119.900000,120.000000,119.900000,120.000000,355
2025-09-27 06:00,120.000000,120.070000,119.900000,120.060000,532
2025-09-27 06:15,120.060000,120.120000,119.920000,120.120000,303
2025-09-27 06:30,120.110000,120.140000,119.920000,120.140000,447
2025-09-27 06:45,119.950000,119.950000,119.950000,119.950000,1789
2025-09-27 07:00,119.950000,120.290000,119.950000,120.260000,15995
2025-09-27 07:15,120.250000,120.260000,119.710000,119.780000,45445
2025-09-27 07:30,119.800000,119.930000,119.710000,119.720000,15449
2025-09-27 07:30,119.800000,119.930000,119.710000,119.720000,15449
2025-09-27 07:45,119.710000,119.830000,119.630000,119.700000,15091
2025-09-27 08:00,119.700000,119.910000,119.670000,119.840000,6524
2025-09-27 08:15,119.850000,119.870000,119.720000,119.750000,3989
2025-09-27 08:30,119.770000,119.770000,119.720000,119.750000,830
2025-09-27 08:45,119.770000,119.900000,119.750000,119.890000,5881
2025-09-27 09:00,119.880000,119.950000,119.850000,119.940000,2668
2025-09-27 09:15,119.940000,120.020000,119.890000,120.010000,2485
2025-09-27 09:30,120.020000,120.070000,120.010000,120.050000,2225
2025-09-27 09:45,120.050000,120.070000,119.980000,119.980000,3184
2025-09-27 10:00,119.990000,120.020000,119.980000,120.020000,5306
2025-09-27 10:15,120.000000,120.110000,120.000000,120.090000,1579
2025-09-27 10:30,120.090000,120.100000,120.050000,120.090000,1715
2025-09-27 10:45,120.100000,120.110000,120.060000,120.090000,3609
2025-09-27 11:00,120.090000,120.100000,119.950000,119.990000,9848
2025-09-27 11:15,119.990000,120.000000,119.890000,119.890000,2780
2025-09-27 11:30,119.890000,119.990000,119.890000,119.950000,2771
2025-09-27 11:45,119.910000,120.190000,119.910000,120.080000,10987
2025-09-27 12:00,120.070000,120.080000,119.950000,120.070000,1425
2025-09-27 12:15,120.030000,120.070000,120.000000,120.060000,1511
2025-09-27 12:30,120.060000,120.190000,120.030000,120.170000,6294
2025-09-27 12:45,120.170000,120.220000,120.100000,120.100000,6840
2025-09-27 13:00,120.130000,120.190000,120.100000,120.120000,534
2025-09-27 13:15,120.120000,120.150000,120.090000,120.140000,612
2025-09-27 13:30,120.140000,120.140000,120.090000,120.120000,3918
2025-09-27 13:45,120.130000,120.140000,120.110000,120.140000,461
2025-09-27 14:00,120.130000,120.150000,120.110000,120.120000,2484
2025-09-27 14:15,120.120000,120.130000,120.110000,120.120000,822
2025-09-27 14:30,120.120000,120.130000,120.060000,120.120000,888
2025-09-27 14:45,120.100000,120.130000,120.020000,120.060000,2739
2025-09-27 15:00,120.070000,120.100000,120.060000,120.060000,1629
2025-09-27 15:15,120.060000,120.070000,120.060000,120.070000,2006
2025-09-27 15:30,120.070000,120.080000,120.040000,120.080000,2316
2025-09-27 15:45,120.050000,120.190000,120.050000,120.110000,3359
2025-09-27 16:00,120.490000,120.490000,119.710000,119.920000,347
2025-09-27 16:15,119.930000,120.060000,119.930000,119.930000,216
2025-09-27 16:30,119.930000,120.200000,119.930000,120.170000,1280
2025-09-27 16:45,119.970000,120.190000,119.970000,119.980000,610
2025-09-27 17:00,120.150000,120.150000,119.650000,119.820000,4100
2025-09-27 17:15,119.850000,120.080000,119.850000,119.890000,141
2025-09-27 17:30,120.020000,120.020000,119.870000,120.000000,212
2025-09-27 17:45,120.010000,120.260000,120.010000,120.200000,5493
2025-09-27 18:00,120.200000,120.250000,120.000000,120.180000,1360
2025-09-27 18:15,120.160000,120.170000,119.930000,120.040000,351
2025-09-27 18:30,120.040000,120.150000,119.880000,120.140000,365
2025-09-27 18:45,120.080000,120.170000,119.880000,120.100000,213
2025-09-27 19:00,120.160000,120.160000,119.930000,120.140000,127
2025-09-27 19:15,120.140000,120.290000,120.010000,120.200000,875
2025-09-27 19:30,120.160000,120.200000,120.080000,120.200000,133
2025-09-27 19:45,120.200000,120.250000,120.160000,120.250000,545
2025-09-27 20:00,120.240000,120.240000,120.050000,120.190000,151
2025-09-27 20:15,120.190000,120.230000,120.050000,120.050000,180
2025-09-27 20:30,120.220000,120.230000,120.050000,120.220000,167
2025-09-27 20:45,120.220000,120.220000,120.060000,120.220000,43
2025-09-27 23:00,120.480000,120.480000,119.860000,120.280000,78
2025-09-27 23:15,120.020000,120.030000,120.000000,120.000000,8
2025-09-27 23:30,120.000000,120.000000,119.990000,119.990000,12
2025-09-27 23:45,119.990000,120.180000,119.990000,120.180000,12
2025-09-28 00:00,120.220000,120.380000,120.150000,120.150000,56
2025-09-28 00:15,120.150000,120.400000,120.120000,120.400000,214
2025-09-28 00:30,120.390000,120.390000,120.230000,120.380000,5
2025-09-28 00:45,120.370000,120.370000,120.360000,120.360000,4
2025-09-28 01:00,120.170000,120.170000,120.170000,120.170000,3
2025-09-28 01:15,120.320000,120.320000,120.320000,120.320000,4
2025-09-28 01:30,120.160000,120.340000,120.160000,120.340000,12
2025-09-28 01:45,120.340000,120.340000,120.100000,120.100000,23
2025-09-28 02:00,120.120000,120.290000,120.060000,120.290000,15
2025-09-28 02:15,120.090000,120.290000,119.940000,120.030000,34
2025-09-28 02:45,120.050000,120.220000,120.040000,120.040000,8
2025-09-28 03:00,120.060000,120.340000,120.040000,120.340000,51
2025-09-28 03:15,120.320000,120.320000,120.130000,120.130000,5
2025-09-28 03:30,120.130000,120.290000,120.130000,120.290000,8
2025-09-28 03:45,120.190000,120.320000,120.040000,120.260000,72
2025-09-28 04:00,120.260000,120.270000,119.950000,119.950000,133
2025-09-28 04:15,119.950000,120.230000,119.810000,120.190000,559
2025-09-28 04:30,119.960000,120.100000,119.830000,119.920000,336
2025-09-28 04:45,120.030000,120.130000,119.940000,119.960000,52
2025-09-28 05:00,119.970000,120.100000,119.970000,120.010000,36
2025-09-28 05:15,120.100000,120.100000,119.830000,119.990000,485
2025-09-28 05:30,119.850000,119.970000,119.830000,119.870000,161
2025-09-28 05:45,119.870000,120.100000,119.820000,120.090000,854
2025-09-28 06:00,120.090000,120.090000,119.890000,120.060000,271
2025-09-28 06:15,120.060000,120.060000,119.890000,119.900000,91
2025-09-28 06:30,119.900000,120.060000,119.860000,120.060000,455
2025-09-28 06:45,120.000000,120.000000,120.000000,120.000000,823
2025-09-28 07:00,120.000000,120.150000,119.790000,119.900000,18724
2025-09-28 07:15,119.930000,120.030000,119.890000,120.030000,6691
2025-09-28 07:30,120.030000,120.030000,119.750000,119.850000,20163
2025-09-28 07:45,119.850000,119.850000,119.740000,119.790000,5611
2025-09-28 08:00,119.800000,119.820000,119.760000,119.810000,1723
2025-09-28 08:15,119.810000,119.890000,119.810000,119.890000,4138
2025-09-28 08:30,119.890000,119.890000,119.810000,119.810000,4336
2025-09-28 08:45,119.810000,119.870000,119.790000,119.790000,2218
2025-09-28 09:00,119.800000,119.840000,119.700000,119.820000,19125
2025-09-28 09:15,119.800000,119.850000,119.750000,119.780000,2546
2025-09-28 09:30,119.780000,119.790000,119.710000,119.790000,5997
2025-09-28 09:45,119.790000,119.790000,119.740000,119.780000,384
2025-09-28 10:00,119.780000,119.780000,119.560000,119.560000,14738
2025-09-28 10:15,119.590000,119.660000,119.550000,119.660000,8129
2025-09-28 10:30,119.590000,119.620000,119.550000,119.600000,6494
2025-09-28 10:45,119.600000,119.790000,119.590000,119.780000,11621
2025-09-28 11:00,119.760000,119.790000,119.650000,119.780000,5821
2025-09-28 11:15,119.750000,119.880000,119.710000,119.780000,6637
2025-09-28 11:30,119.830000,119.830000,119.770000,119.810000,1446
2025-09-28 11:45,119.770000,119.810000,119.750000,119.810000,2701
2025-09-28 12:00,119.790000,119.810000,119.740000,119.790000,1131
2025-09-28 12:15,119.790000,119.820000,119.790000,119.800000,1365
2025-09-28 12:30,119.800000,119.820000,119.680000,119.780000,4106
2025-09-28 12:45,119.780000,119.840000,119.740000,119.840000,1808
2025-09-28 13:00,119.830000,119.890000,119.830000,119.880000,7988
2025-09-28 13:15,119.880000,119.990000,119.870000,119.950000,6062
2025-09-28 13:30,119.960000,119.990000,119.860000,119.910000,3483
2025-09-28 13:45,119.910000,119.990000,119.910000,119.950000,8927
2025-09-28 14:00,119.950000,119.980000,119.920000,119.940000,2118
2025-09-28 14:15,119.950000,119.990000,119.890000,119.900000,4301
2025-09-28 14:30,119.900000,119.960000,119.880000,119.910000,3587
2025-09-28 14:45,119.890000,119.950000,119.760000,119.810000,19173
2025-09-28 15:00,119.800000,119.830000,119.700000,119.700000,6756
2025-09-28 15:15,119.700000,119.880000,119.640000,119.800000,8369
2025-09-28 15:30,119.800000,119.800000,119.610000,119.710000,9312
2025-09-28 15:45,119.720000,119.810000,119.650000,119.800000,5214
2025-09-28 16:00,119.970000,119.970000,119.570000,119.710000,82
2025-09-28 16:15,119.800000,119.900000,119.600000,119.830000,979
2025-09-28 16:30,119.840000,119.850000,119.650000,119.670000,1513
2025-09-28 16:45,119.800000,119.810000,119.650000,119.680000,364
2025-09-28 17:00,119.770000,119.850000,119.660000,119.850000,260
2025-09-28 17:15,119.680000,119.900000,119.680000,119.890000,209
2025-09-28 17:30,119.890000,119.890000,119.760000,119.880000,167
2025-09-28 17:45,119.880000,119.880000,119.800000,119.840000,290
2025-09-28 18:00,119.880000,119.880000,119.840000,119.840000,82
2025-09-28 18:15,119.840000,119.880000,119.840000,119.840000,727
2025-09-28 18:30,119.840000,119.880000,119.840000,119.880000,631
2025-09-28 18:45,119.880000,119.890000,119.840000,119.880000,158
2025-09-28 19:00,119.860000,119.890000,119.850000,119.890000,262
2025-09-28 19:15,119.850000,119.900000,119.850000,119.880000,271
2025-09-28 19:30,119.880000,119.890000,119.840000,119.890000,461
2025-09-28 19:45,119.890000,119.900000,119.840000,119.900000,163
2025-09-28 20:00,119.900000,119.920000,119.890000,119.920000,490
2025-09-28 20:15,119.920000,119.920000,119.890000,119.900000,164
2025-09-28 20:30,119.900000,119.950000,119.890000,119.890000,821
2025-09-28 20:45,119.890000,119.900000,119.890000,119.890000,13
2025-09-29 03:45,120.100000,120.100000,120.100000,120.100000,2074
2025-09-29 04:00,120.100000,120.140000,119.570000,119.810000,54703
2025-09-29 04:15,119.810000,119.860000,119.640000,119.660000,18117
2025-09-29 04:30,119.700000,119.730000,119.350000,119.370000,28851
2025-09-29 04:45,119.360000,119.780000,119.320000,119.610000,35869
2025-09-29 05:00,119.600000,119.770000,119.590000,119.770000,10083
2025-09-29 05:15,119.780000,119.860000,119.720000,119.820000,15350
2025-09-29 05:30,119.800000,119.820000,119.690000,119.710000,9499
2025-09-29 05:45,119.710000,119.730000,119.300000,119.370000,45278
2025-09-29 06:00,119.390000,119.500000,119.200000,119.430000,151312
2025-09-29 06:15,119.430000,119.470000,119.220000,119.420000,74914
2025-09-29 06:30,119.420000,119.500000,119.280000,119.360000,23951
2025-09-29 06:45,119.350000,119.380000,119.110000,119.240000,43594
2025-09-29 07:00,119.210000,119.500000,119.100000,119.350000,149330
2025-09-29 07:15,119.360000,119.410000,119.200000,119.400000,76693
2025-09-29 07:30,119.390000,119.970000,119.350000,119.760000,114751
2025-09-29 07:45,119.750000,120.200000,119.740000,120.050000,237195
2025-09-29 08:00,120.050000,120.510000,120.050000,120.340000,236630
2025-09-29 08:15,120.330000,120.590000,120.310000,120.360000,109628
2025-09-29 08:30,120.360000,120.490000,120.010000,120.070000,115563
2025-09-29 08:45,120.080000,120.160000,119.900000,120.150000,89453
2025-09-29 09:00,120.140000,120.580000,120.030000,120.490000,126292
2025-09-29 09:15,120.500000,120.550000,120.110000,120.150000,71154
2025-09-29 09:30,120.150000,120.150000,119.710000,120.000000,133391
2025-09-29 09:45,120.000000,120.080000,119.540000,119.680000,70987
2025-09-29 10:00,119.690000,119.990000,119.310000,119.440000,104266
2025-09-29 10:15,119.440000,120.080000,119.420000,119.810000,69691
2025-09-29 10:30,119.810000,119.850000,119.510000,119.520000,64171
2025-09-29 10:45,119.520000,119.780000,119.500000,119.600000,42553
2025-09-29 11:00,119.620000,119.830000,119.500000,119.620000,60147
2025-09-29 11:15,119.630000,119.850000,119.500000,119.600000,65430
2025-09-29 11:30,119.610000,119.670000,119.180000,119.370000,172221
2025-09-29 11:45,119.360000,119.480000,119.300000,119.380000,47314
2025-09-29 12:00,119.380000,119.450000,119.050000,119.260000,105428
2025-09-29 12:15,119.250000,119.570000,119.130000,119.370000,57375
2025-09-29 12:30,119.360000,119.690000,119.300000,119.660000,81771
2025-09-29 12:45,119.610000,119.650000,119.300000,119.320000,49708
2025-09-29 13:00,119.340000,119.600000,119.300000,119.300000,33019
2025-09-29 13:15,119.310000,119.400000,119.130000,119.380000,55331
2025-09-29 13:30,119.400000,119.420000,118.560000,118.680000,210185
2025-09-29 13:45,118.680000,118.720000,118.210000,118.590000,291841
2025-09-29 14:00,118.590000,118.600000,118.300000,118.450000,119940
2025-09-29 14:15,118.460000,118.580000,118.150000,118.430000,126156
2025-09-29 14:30,118.430000,118.440000,117.760000,117.880000,235176
2025-09-29 14:45,117.890000,118.240000,117.780000,117.880000,172546
2025-09-29 15:00,117.880000,117.880000,117.320000,117.570000,405874
2025-09-29 15:15,117.570000,117.580000,116.360000,116.940000,640227
2025-09-29 15:30,116.970000,116.990000,116.530000,116.780000,192844
2025-09-29 15:45,116.870000,116.870000,116.870000,116.870000,12943
2025-09-29 16:00,116.860000,117.000000,116.660000,116.950000,134677
2025-09-29 16:15,116.990000,117.360000,116.930000,117.290000,138366
2025-09-29 16:30,117.290000,117.510000,117.170000,117.370000,94051
2025-09-29 16:45,117.360000,117.370000,117.010000,117.160000,33948
2025-09-29 17:00,117.140000,117.140000,116.730000,117.060000,100752
2025-09-29 17:15,117.060000,117.290000,116.990000,117.220000,34062
2025-09-29 17:30,117.230000,117.270000,117.140000,117.210000,18172
2025-09-29 17:45,117.210000,117.260000,117.060000,117.220000,26353
2025-09-29 18:00,117.220000,117.220000,117.000000,117.040000,49793
2025-09-29 18:15,117.070000,117.080000,116.410000,116.990000,173954
2025-09-29 18:30,117.000000,117.050000,116.910000,116.970000,25050
2025-09-29 18:45,116.960000,117.040000,116.820000,117.030000,43944
2025-09-29 19:00,117.040000,117.050000,116.740000,116.860000,51108
2025-09-29 19:15,116.860000,116.980000,116.830000,116.940000,11800
2025-09-29 19:30,116.930000,117.160000,116.900000,117.100000,32293
2025-09-29 19:45,117.100000,117.250000,117.050000,117.080000,26750
2025-09-29 20:00,117.090000,117.200000,117.090000,117.150000,7784
2025-09-29 20:15,117.150000,117.300000,117.010000,117.020000,39676
2025-09-29 20:30,117.020000,117.180000,117.020000,117.080000,23600
2025-09-29 20:45,117.080000,117.140000,117.040000,117.050000,8625
2025-09-30 03:45,117.070000,117.070000,117.070000,117.070000,501
2025-09-30 04:00,117.070000,117.390000,117.000000,117.390000,43761
2025-09-30 04:15,117.380000,117.450000,117.200000,117.240000,22380
2025-09-30 04:30,117.290000,117.400000,117.210000,117.370000,8917
2025-09-30 04:45,117.400000,117.410000,117.120000,117.200000,28075
2025-09-30 05:00,117.200000,117.350000,117.100000,117.110000,29021
2025-09-30 05:15,117.110000,117.280000,117.100000,117.280000,7022
2025-09-30 05:30,117.280000,117.290000,117.200000,117.200000,5368
2025-09-30 05:45,117.190000,117.340000,117.180000,117.340000,15589
2025-09-30 06:00,117.300000,117.320000,116.600000,116.770000,159719
2025-09-30 06:15,116.770000,117.290000,116.770000,117.170000,57798
2025-09-30 06:30,117.180000,117.240000,117.000000,117.070000,32609
2025-09-30 06:45,117.080000,117.240000,117.000000,117.080000,49661
2025-09-30 07:00,117.080000,117.080000,116.510000,116.600000,313617
2025-09-30 07:15,116.610000,116.880000,116.110000,116.220000,307656
2025-09-30 07:30,116.230000,117.080000,116.120000,117.010000,142825
2025-09-30 07:45,117.020000,117.400000,116.720000,117.240000,147094
2025-09-30 08:00,117.230000,117.300000,116.850000,117.120000,102093
2025-09-30 08:15,117.120000,117.150000,116.850000,117.000000,70054
2025-09-30 08:30,116.990000,117.040000,116.850000,116.910000,67992
2025-09-30 08:45,116.910000,117.200000,116.770000,116.840000,66392
2025-09-30 09:00,116.840000,116.970000,116.700000,116.870000,117950
2025-09-30 09:15,116.870000,117.050000,116.700000,116.730000,92107
2025-09-30 09:30,116.730000,116.850000,116.430000,116.670000,154924
2025-09-30 09:45,116.680000,117.190000,116.680000,117.140000,109073
2025-09-30 10:00,117.140000,117.240000,116.870000,117.220000,70471
2025-09-30 10:15,117.230000,117.900000,117.230000,117.390000,261264
2025-09-30 10:30,117.380000,117.500000,117.060000,117.150000,105309
2025-09-30 10:45,117.150000,117.750000,117.060000,117.620000,121394
2025-09-30 11:00,117.660000,117.790000,117.330000,117.670000,75640
2025-09-30 11:15,117.680000,117.950000,117.320000,117.500000,75517
2025-09-30 11:30,117.490000,117.970000,117.440000,117.760000,64960
2025-09-30 11:45,117.740000,117.910000,117.210000,117.220000,157083
2025-09-30 12:00,117.210000,117.320000,116.860000,117.180000,125481
2025-09-30 12:15,117.190000,117.770000,117.170000,117.750000,115185
2025-09-30 12:30,117.750000,117.810000,117.390000,117.570000,46547
2025-09-30 12:45,117.560000,117.610000,117.320000,117.340000,39557
2025-09-30 13:00,117.360000,117.670000,117.320000,117.330000,36497
2025-09-30 13:15,117.340000,117.440000,117.130000,117.310000,49489
2025-09-30 13:30,117.300000,117.750000,117.200000,117.460000,88604
2025-09-30 13:45,117.460000,118.290000,117.460000,118.150000,200432
2025-09-30 14:00,118.150000,118.250000,117.600000,117.790000,166297
2025-09-30 14:15,117.790000,117.920000,117.630000,117.750000,82970
2025-09-30 14:30,117.750000,117.930000,117.640000,117.650000,60462
2025-09-30 14:45,117.630000,117.900000,117.550000,117.850000,59045
2025-09-30 15:00,117.850000,118.240000,117.710000,118.220000,94956
2025-09-30 15:15,118.220000,118.490000,117.940000,118.070000,179901
2025-09-30 15:30,118.060000,118.320000,117.970000,118.140000,73699
2025-09-30 15:45,118.270000,118.270000,118.270000,118.270000,8690
2025-09-30 16:00,118.270000,118.320000,118.080000,118.170000,26244
2025-09-30 16:15,118.170000,118.290000,117.960000,117.990000,23163
2025-09-30 16:30,117.990000,117.990000,117.760000,117.860000,39069
2025-09-30 16:45,117.870000,117.890000,117.700000,117.700000,51130
2025-09-30 17:00,117.700000,117.820000,117.700000,117.820000,70404
2025-09-30 17:15,117.760000,117.890000,117.700000,117.800000,49724
2025-09-30 17:30,117.800000,117.890000,117.770000,117.800000,14278
2025-09-30 17:45,117.800000,117.890000,117.780000,117.840000,5718
2025-09-30 18:00,117.830000,118.000000,117.730000,118.000000,27264
2025-09-30 18:15,118.000000,118.000000,117.860000,117.870000,6663
2025-09-30 18:30,117.880000,117.880000,117.760000,117.850000,12137
2025-09-30 18:45,117.840000,118.100000,117.750000,118.020000,31528
2025-09-30 19:00,118.020000,118.120000,117.970000,118.120000,14599
2025-09-30 19:15,118.110000,118.130000,117.980000,118.020000,11908
2025-09-30 19:30,118.000000,118.020000,117.920000,117.980000,3959
2025-09-30 19:45,117.980000,118.050000,117.940000,118.000000,16056
2025-09-30 20:00,117.990000,118.000000,117.900000,117.930000,8484
2025-09-30 20:15,117.950000,118.210000,117.930000,118.060000,33473
2025-09-30 20:30,118.060000,118.180000,118.060000,118.060000,16073
2025-09-30 20:45,118.060000,118.200000,117.990000,118.190000,6848
2025-10-01 03:45,118.240000,118.240000,118.240000,118.240000,1390
2025-10-01 04:00,118.250000,118.420000,118.090000,118.180000,27747
2025-10-01 04:15,118.180000,118.270000,117.900000,118.150000,32584
2025-10-01 04:30,118.150000,118.440000,118.150000,118.350000,41033
2025-10-01 04:45,118.390000,118.650000,118.300000,118.570000,73421
2025-10-01 05:00,118.570000,118.640000,118.550000,118.570000,28299
2025-10-01 05:15,118.570000,118.600000,118.500000,118.500000,44201
2025-10-01 05:30,118.500000,118.520000,118.380000,118.420000,23785
2025-10-01 05:45,118.420000,118.550000,118.420000,118.510000,18589
2025-10-01 06:00,118.500000,118.630000,118.450000,118.620000,46623
2025-10-01 06:15,118.630000,118.850000,118.530000,118.610000,105538
2025-10-01 06:30,118.610000,118.670000,118.510000,118.580000,38478
2025-10-01 06:45,118.540000,118.700000,118.500000,118.650000,33377
2025-10-01 07:00,118.680000,118.680000,118.290000,118.520000,109943
2025-10-01 07:15,118.500000,118.630000,118.330000,118.540000,27295
2025-10-01 07:30,118.570000,118.810000,118.510000,118.680000,83080
2025-10-01 07:45,118.690000,118.740000,118.200000,118.230000,97261
2025-10-01 08:00,118.230000,118.610000,118.200000,118.600000,72466
2025-10-01 08:15,118.600000,118.770000,118.570000,118.770000,102384
2025-10-01 08:30,118.770000,118.990000,118.530000,118.600000,225465
2025-10-01 08:45,118.590000,118.680000,118.500000,118.540000,80281
2025-10-01 09:00,118.540000,118.790000,118.500000,118.540000,31716
2025-10-01 09:15,118.540000,118.690000,118.250000,118.680000,121320
2025-10-01 09:30,118.670000,118.800000,118.290000,118.570000,84825
2025-10-01 09:45,118.580000,118.690000,118.280000,118.500000,44695
2025-10-01 10:00,118.500000,118.560000,117.870000,118.130000,156552
2025-10-01 10:15,118.130000,118.170000,117.040000,117.240000,318860
2025-10-01 10:30,117.240000,117.750000,117.020000,117.650000,410154
2025-10-01 10:45,117.650000,117.760000,117.230000,117.490000,225835
2025-10-01 11:00,117.500000,117.560000,117.200000,117.250000,68843
2025-10-01 11:15,117.250000,117.400000,117.000000,117.400000,134927
2025-10-01 11:30,117.400000,117.540000,116.700000,116.700000,166588
2025-10-01 11:45,116.710000,117.040000,116.620000,117.030000,137626
2025-10-01 12:00,117.030000,117.040000,116.540000,116.760000,218517
2025-10-01 12:15,116.760000,116.820000,116.410000,116.470000,145010
2025-10-01 12:30,116.480000,117.200000,116.480000,117.190000,181381
2025-10-01 12:45,117.180000,117.380000,117.010000,117.080000,86116
2025-10-01 13:00,117.090000,117.300000,116.800000,117.180000,89840
2025-10-01 13:15,117.180000,117.220000,116.930000,116.980000,68050
2025-10-01 13:30,116.980000,117.190000,116.960000,117.190000,45715
2025-10-01 13:45,117.200000,117.510000,117.110000,117.250000,97015
2025-10-01 14:00,117.260000,117.260000,116.660000,116.680000,87013
2025-10-01 14:15,116.680000,117.260000,115.500000,116.000000,648125
2025-10-01 14:30,116.000000,116.300000,115.700000,116.260000,337650
2025-10-01 14:45,116.180000,116.470000,115.880000,116.440000,217801
2025-10-01 15:00,116.430000,116.800000,116.170000,116.290000,231342
2025-10-01 15:15,116.310000,116.570000,116.080000,116.280000,97663
2025-10-01 15:30,116.280000,116.380000,115.900000,116.060000,70103
2025-10-01 15:45,116.190000,116.190000,116.190000,116.190000,3648
2025-10-01 16:00,116.190000,116.340000,115.900000,116.110000,50446
2025-10-01 16:15,116.120000,116.240000,115.910000,116.180000,81557
2025-10-01 16:30,116.210000,116.360000,115.900000,115.990000,80989
2025-10-01 16:45,116.000000,116.080000,115.920000,115.990000,32689
2025-10-01 17:00,115.990000,116.080000,115.930000,116.060000,19999
2025-10-01 17:15,116.060000,116.130000,115.960000,115.980000,35232
2025-10-01 17:30,115.990000,116.100000,115.920000,116.100000,35721
2025-10-01 17:45,116.080000,116.230000,116.040000,116.180000,24119
2025-10-01 18:00,116.160000,116.170000,115.900000,116.030000,44169
2025-10-01 18:15,116.030000,116.200000,115.920000,116.150000,29032
2025-10-01 18:30,116.150000,116.150000,115.970000,116.000000,58942
2025-10-01 18:45,116.000000,116.100000,115.920000,116.090000,25693
2025-10-01 19:00,116.090000,116.150000,116.000000,116.100000,18616
2025-10-01 19:15,116.130000,116.300000,116.100000,116.300000,28630
2025-10-01 19:30,116.290000,116.380000,116.270000,116.370000,19538
2025-10-01 19:45,116.380000,116.380000,116.270000,116.380000,11128
2025-10-01 20:00,116.380000,116.600000,116.370000,116.480000,28560
2025-10-01 20:15,116.460000,116.630000,116.400000,116.430000,20474
2025-10-01 20:30,116.430000,116.540000,116.400000,116.420000,12075
2025-10-01 20:45,116.440000,116.490000,116.370000,116.430000,6421
2025-10-02 03:45,116.370000,116.370000,116.370000,116.370000,1563
2025-10-02 04:00,116.400000,116.630000,116.230000,116.280000,44507
2025-10-02 04:15,116.280000,116.450000,116.200000,116.330000,20727
2025-10-02 04:30,116.340000,116.370000,116.200000,116.200000,11222
2025-10-02 04:45,116.270000,116.270000,115.760000,115.990000,75748
2025-10-02 05:00,116.010000,116.010000,115.260000,115.860000,100900
2025-10-02 05:15,115.850000,115.850000,115.600000,115.610000,55975
2025-10-02 05:30,115.610000,115.750000,115.520000,115.560000,41630
2025-10-02 05:45,115.560000,115.970000,115.560000,115.870000,42942
2025-10-02 06:00,115.870000,116.200000,115.600000,115.970000,93500
2025-10-02 06:15,115.950000,116.230000,115.840000,116.200000,39321
2025-10-02 06:30,116.200000,116.210000,115.930000,116.050000,41965
2025-10-02 06:45,115.990000,116.070000,115.820000,115.990000,45778
2025-10-02 07:00,115.990000,116.340000,115.600000,115.610000,208028
2025-10-02 07:15,115.620000,116.430000,115.500000,116.380000,257469
2025-10-02 07:30,116.360000,116.870000,116.330000,116.640000,234538
2025-10-02 07:45,116.640000,116.750000,116.540000,116.610000,56986
2025-10-02 08:00,116.640000,116.980000,116.630000,116.960000,75157
2025-10-02 08:15,116.960000,116.980000,116.400000,116.460000,65985
2025-10-02 08:30,116.450000,116.660000,116.180000,116.220000,49983
2025-10-02 08:45,116.250000,116.590000,116.100000,116.240000,59365
2025-10-02 09:00,116.240000,116.440000,115.900000,116.000000,122258
2025-10-02 09:15,116.000000,116.180000,115.880000,116.040000,101022
2025-10-02 09:30,116.050000,116.400000,115.930000,116.330000,63547
2025-10-02 09:45,116.350000,116.870000,116.350000,116.720000,107466
2025-10-02 10:00,116.750000,116.890000,116.560000,116.600000,84756
2025-10-02 10:15,116.600000,116.930000,116.560000,116.700000,53572
2025-10-02 10:30,116.700000,116.800000,116.370000,116.450000,91917
2025-10-02 10:45,116.450000,116.450000,116.300000,116.380000,37376
2025-10-02 11:00,116.370000,116.580000,116.140000,116.440000,54436
2025-10-02 11:15,116.400000,116.760000,116.250000,116.270000,77822
2025-10-02 11:30,116.290000,116.900000,116.220000,116.810000,128398
2025-10-02 11:45,116.820000,117.310000,116.800000,117.240000,174723
2025-10-02 12:00,117.250000,117.390000,117.020000,117.040000,103901
2025-10-02 12:15,117.030000,117.240000,117.000000,117.070000,36221
2025-10-02 12:30,117.060000,117.290000,116.960000,117.120000,47082
2025-10-02 12:45,117.120000,117.280000,116.820000,116.920000,79465
2025-10-02 13:00,116.940000,117.060000,116.720000,117.060000,55722
2025-10-02 13:15,117.020000,117.090000,116.860000,116.910000,73495
2025-10-02 13:30,116.900000,117.060000,116.800000,116.850000,52215
2025-10-02 13:45,116.840000,116.880000,116.520000,116.730000,63065
2025-10-02 14:00,116.720000,116.890000,116.630000,116.770000,38734
2025-10-02 14:15,116.770000,117.300000,116.750000,117.210000,79266
2025-10-02 14:30,117.220000,117.300000,117.090000,117.100000,40124
2025-10-02 14:45,117.100000,117.450000,117.020000,117.090000,92512
2025-10-02 15:00,117.070000,117.150000,117.010000,117.120000,19199
2025-10-02 15:15,117.130000,117.150000,116.670000,116.740000,60580
2025-10-02 15:30,116.750000,116.800000,116.300000,116.640000,120796
2025-10-02 15:45,116.450000,116.450000,116.450000,116.450000,9573
2025-10-02 16:00,116.450000,116.910000,116.300000,116.680000,96187
2025-10-02 16:15,116.680000,116.750000,116.560000,116.610000,25818
2025-10-02 16:30,116.600000,116.780000,116.600000,116.710000,25647
2025-10-02 16:45,116.720000,116.830000,116.600000,116.620000,19861
2025-10-02 17:00,116.610000,116.630000,116.240000,116.390000,41446
2025-10-02 17:15,116.400000,116.620000,116.400000,116.440000,22379
2025-10-02 17:30,116.440000,116.550000,116.400000,116.510000,14272
2025-10-02 17:45,116.520000,116.550000,116.450000,116.500000,8211
2025-10-02 18:00,116.490000,116.500000,116.210000,116.250000,37592
2025-10-02 18:15,116.260000,116.260000,115.960000,116.110000,82610
2025-10-02 18:30,116.110000,116.120000,115.960000,115.970000,31153
2025-10-02 18:45,115.970000,116.030000,115.650000,115.880000,88360
2025-10-02 19:00,115.880000,116.110000,115.810000,116.090000,30398
2025-10-02 19:15,116.080000,116.310000,116.050000,116.230000,33426
2025-10-02 19:30,116.230000,116.310000,116.070000,116.310000,18508
2025-10-02 19:45,116.310000,116.690000,116.310000,116.390000,56487
2025-10-02 20:00,116.400000,116.500000,116.300000,116.300000,15850
2025-10-02 20:15,116.300000,116.380000,116.220000,116.240000,19754
2025-10-02 20:30,116.240000,116.240000,116.010000,116.140000,21519
2025-10-02 20:45,116.140000,116.170000,116.030000,116.070000,16774
2025-10-03 03:45,116.110000,116.110000,116.110000,116.110000,105
2025-10-03 04:00,116.230000,116.440000,116.110000,116.340000,20872
2025-10-03 04:15,116.340000,116.580000,116.340000,116.570000,20588
2025-10-03 04:30,116.580000,116.700000,116.510000,116.570000,15310
2025-10-03 04:45,116.540000,116.570000,116.490000,116.540000,5637
2025-10-03 05:00,116.550000,116.650000,116.530000,116.580000,17989
2025-10-03 05:15,116.580000,116.580000,116.410000,116.410000,7976
2025-10-03 05:30,116.450000,116.640000,116.390000,116.640000,9787
2025-10-03 05:45,116.650000,116.650000,116.490000,116.500000,19583
2025-10-03 06:00,116.500000,116.730000,116.460000,116.610000,35667
2025-10-03 06:15,116.610000,116.690000,116.520000,116.550000,23069
2025-10-03 06:30,116.540000,116.680000,116.540000,116.670000,17997
2025-10-03 06:45,116.670000,116.880000,116.640000,116.770000,40616
2025-10-03 07:00,116.750000,117.100000,116.750000,116.960000,90250
2025-10-03 07:15,116.960000,117.110000,116.820000,116.870000,72782
2025-10-03 07:30,116.860000,117.000000,116.810000,116.900000,45537
2025-10-03 07:45,116.900000,117.020000,116.730000,116.890000,63606
2025-10-03 08:00,116.890000,117.090000,116.770000,117.030000,33160
2025-10-03 08:15,117.040000,117.090000,116.740000,116.870000,30433
2025-10-03 08:30,116.870000,116.870000,116.700000,116.720000,23366
2025-10-03 08:45,116.720000,116.770000,116.530000,116.600000,37933
2025-10-03 09:00,116.600000,116.630000,116.420000,116.420000,38456
2025-10-03 09:15,116.420000,116.580000,116.410000,116.540000,23271
2025-10-03 09:30,116.570000,116.570000,116.200000,116.200000,116914
2025-10-03 09:45,116.200000,116.220000,115.840000,115.850000,134144
2025-10-03 10:00,115.840000,116.180000,115.780000,116.100000,118624
2025-10-03 10:15,116.120000,116.200000,115.810000,115.950000,76118
2025-10-03 10:30,115.940000,116.380000,115.890000,116.070000,104245
2025-10-03 10:45,116.060000,116.380000,116.040000,116.250000,73666
2025-10-03 11:00,116.260000,116.330000,116.020000,116.240000,96433
2025-10-03 11:15,116.230000,116.560000,116.230000,116.310000,62736
2025-10-03 11:30,116.310000,116.480000,116.160000,116.220000,39087
2025-10-03 11:45,116.230000,116.250000,115.920000,116.110000,69237
2025-10-03 12:00,116.110000,116.320000,115.960000,116.200000,105530
2025-10-03 12:15,116.180000,116.330000,115.900000,116.330000,111847
2025-10-03 12:30,116.330000,116.550000,116.190000,116.450000,64626
2025-10-03 12:45,116.440000,116.600000,116.150000,116.400000,40180
2025-10-03 13:00,116.400000,116.430000,115.900000,115.910000,163499
2025-10-03 13:15,115.900000,116.160000,115.850000,116.030000,98347
2025-10-03 13:30,116.020000,116.290000,115.850000,116.170000,85926
2025-10-03 13:45,116.190000,116.300000,115.870000,116.060000,71769
2025-10-03 14:00,116.060000,116.130000,115.940000,116.040000,42357
2025-10-03 14:15,116.040000,116.240000,115.520000,115.740000,157869
2025-10-03 14:30,115.740000,116.180000,115.680000,116.040000,99184
2025-10-03 14:45,116.020000,116.200000,115.900000,116.200000,54035
2025-10-03 15:00,116.190000,116.250000,116.040000,116.190000,42344
2025-10-03 15:15,116.190000,116.200000,115.960000,116.000000,32525
2025-10-03 15:30,116.000000,116.060000,115.790000,115.850000,100734
2025-10-03 15:45,115.990000,115.990000,115.990000,115.990000,6553
2025-10-03 16:00,115.980000,116.190000,115.700000,115.790000,56710
2025-10-03 16:15,115.770000,115.800000,115.510000,115.690000,87950
2025-10-03 16:30,115.680000,115.690000,115.010000,115.040000,280049
2025-10-03 16:45,115.040000,115.390000,115.000000,115.110000,275215
2025-10-03 17:00,115.130000,115.330000,115.100000,115.330000,51182
2025-10-03 17:15,115.330000,115.350000,114.850000,114.990000,124781
2025-10-03 17:30,114.990000,115.320000,114.960000,115.280000,46618
2025-10-03 17:45,115.270000,115.280000,115.060000,115.230000,29260
2025-10-03 18:00,115.240000,115.420000,115.030000,115.370000,55161
2025-10-03 18:15,115.370000,115.530000,115.330000,115.490000,52484
2025-10-03 18:30,115.480000,115.550000,115.330000,115.370000,30808
2025-10-03 18:45,115.370000,115.450000,115.320000,115.340000,26369
2025-10-03 19:00,115.330000,115.450000,115.220000,115.260000,12685
2025-10-03 19:15,115.290000,115.460000,115.270000,115.460000,11492
2025-10-03 19:30,115.460000,115.490000,115.320000,115.400000,17890
2025-10-03 19:45,115.410000,115.410000,115.240000,115.360000,10703
2025-10-03 20:00,115.360000,115.360000,115.150000,115.200000,38320
2025-10-03 20:15,115.230000,115.230000,115.070000,115.200000,25597
2025-10-03 20:30,115.180000,115.270000,115.120000,115.130000,31417
2025-10-03 20:45,115.130000,115.220000,115.090000,115.090000,24111
2025-10-03 23:00,114.300000,116.280000,114.300000,115.580000,131
2025-10-03 23:15,115.190000,115.560000,115.090000,115.540000,60
2025-10-03 23:30,115.530000,115.530000,115.210000,115.490000,7
2025-10-03 23:45,115.490000,115.510000,115.490000,115.500000,12
2025-10-04 00:00,115.510000,115.510000,115.200000,115.440000,434
2025-10-04 00:15,115.420000,115.430000,115.240000,115.240000,27
2025-10-04 00:30,115.240000,115.410000,115.210000,115.410000,24
2025-10-04 00:45,115.420000,115.430000,115.210000,115.420000,110
2025-10-04 01:00,115.220000,115.420000,115.210000,115.220000,74
2025-10-04 01:15,115.220000,115.410000,115.200000,115.410000,233
2025-10-04 01:30,115.410000,115.410000,115.200000,115.210000,193
2025-10-04 01:45,115.400000,115.410000,115.200000,115.200000,137
2025-10-04 02:00,115.400000,115.400000,115.210000,115.400000,12
2025-10-04 02:15,115.400000,115.410000,115.250000,115.250000,146
2025-10-04 02:30,115.410000,115.410000,115.200000,115.390000,206
2025-10-04 02:45,115.390000,115.410000,115.200000,115.200000,340
2025-10-04 03:00,115.200000,115.390000,115.120000,115.150000,150
2025-10-04 03:15,115.200000,115.370000,115.160000,115.370000,28
2025-10-04 03:30,115.170000,115.380000,115.170000,115.380000,72
2025-10-04 03:45,115.190000,115.380000,115.190000,115.370000,116
2025-10-04 04:00,115.370000,115.370000,115.190000,115.360000,95
2025-10-04 04:15,115.210000,115.380000,115.200000,115.380000,265
2025-10-04 04:30,115.380000,115.390000,115.210000,115.340000,295
2025-10-04 04:45,115.240000,115.340000,115.220000,115.330000,582
2025-10-04 05:00,115.330000,115.330000,115.100000,115.250000,592
2025-10-04 05:15,115.250000,115.250000,115.050000,115.230000,1454
2025-10-04 05:30,115.230000,115.350000,115.120000,115.130000,618
2025-10-04 05:45,115.320000,115.380000,115.140000,115.360000,612
2025-10-04 06:00,115.340000,115.360000,115.130000,115.360000,1427
2025-10-04 06:15,115.350000,115.360000,115.130000,115.340000,825
2025-10-04 06:30,115.330000,115.350000,115.200000,115.200000,308
2025-10-04 06:45,115.240000,115.240000,115.240000,115.240000,301
2025-10-04 07:00,115.300000,115.480000,114.860000,114.910000,65669
2025-10-04 07:15,114.880000,115.040000,114.850000,114.870000,71409
2025-10-04 07:30,114.880000,114.880000,114.350000,114.590000,129757
2025-10-04 07:30,114.880000,114.880000,114.350000,114.590000,129757
2025-10-04 07:45,114.580000,114.600000,114.030000,114.230000,113878
2025-10-04 08:00,114.240000,114.350000,114.030000,114.220000,80428
2025-10-04 08:15,114.210000,114.300000,114.010000,114.250000,79014
2025-10-04 08:30,114.270000,114.300000,114.160000,114.300000,35050
2025-10-04 08:45,114.300000,114.400000,114.250000,114.290000,36796
2025-10-04 09:00,114.260000,114.350000,114.150000,114.260000,41629
2025-10-04 09:15,114.260000,114.300000,114.150000,114.210000,17487
2025-10-04 09:30,114.210000,114.450000,114.200000,114.410000,30147
2025-10-04 09:45,114.400000,114.430000,114.020000,114.040000,63356
2025-10-04 10:00,114.040000,114.180000,114.010000,114.050000,40710
2025-10-04 10:15,114.060000,114.190000,114.010000,114.100000,29439
2025-10-04 10:30,114.100000,114.200000,113.490000,113.850000,214285
2025-10-04 10:45,113.830000,113.970000,113.760000,113.900000,46814
2025-10-04 11:00,113.900000,114.100000,113.800000,113.830000,71618
2025-10-04 11:15,113.830000,113.950000,113.790000,113.800000,30522
2025-10-04 11:30,113.800000,114.000000,113.510000,113.890000,86193
2025-10-04 11:45,113.910000,114.200000,113.800000,114.140000,35232
2025-10-04 12:00,114.140000,114.240000,114.000000,114.050000,25596
2025-10-04 12:15,114.050000,114.050000,113.830000,114.000000,17071
2025-10-04 12:30,114.000000,114.190000,113.990000,114.140000,22717
2025-10-04 12:45,114.140000,114.240000,114.100000,114.190000,21942
2025-10-04 13:00,114.230000,114.280000,113.930000,114.100000,29611
2025-10-04 13:15,114.100000,114.240000,113.900000,113.960000,16213
2025-10-04 13:30,113.960000,114.080000,113.750000,114.000000,38715
2025-10-04 13:45,113.960000,114.140000,113.900000,114.100000,7388
2025-10-04 14:00,114.100000,114.100000,113.910000,113.980000,18917
2025-10-04 14:15,113.970000,114.000000,113.850000,114.000000,9272
2025-10-04 14:30,114.000000,114.010000,113.800000,113.920000,18051
2025-10-04 14:45,113.920000,114.200000,113.900000,113.960000,31715
2025-10-04 15:00,113.960000,114.100000,113.920000,114.090000,20113
2025-10-04 15:15,114.090000,114.260000,114.090000,114.140000,28273
2025-10-04 15:30,114.130000,114.190000,113.900000,113.990000,15755
2025-10-04 15:45,113.950000,114.140000,113.870000,114.140000,19702
2025-10-04 16:00,113.420000,114.480000,113.420000,114.180000,796
2025-10-04 16:15,114.190000,114.190000,113.920000,114.100000,890
2025-10-04 16:30,114.100000,114.130000,114.000000,114.010000,975
2025-10-04 16:45,114.010000,114.120000,114.010000,114.110000,149
2025-10-04 17:00,114.110000,114.120000,114.000000,114.000000,574
2025-10-04 17:15,114.000000,114.110000,114.000000,114.100000,776
2025-10-04 17:30,114.010000,114.100000,114.000000,114.100000,374
2025-10-04 17:45,114.100000,114.100000,114.010000,114.100000,224
2025-10-04 18:00,114.010000,114.100000,114.010000,114.100000,416
2025-10-04 18:15,114.100000,114.120000,114.000000,114.100000,1366
2025-10-04 18:30,114.120000,114.120000,114.000000,114.100000,446
2025-10-04 18:45,114.000000,114.100000,114.000000,114.000000,651
2025-10-04 19:00,114.010000,114.120000,114.000000,114.100000,739
2025-10-04 19:15,114.100000,114.100000,114.000000,114.050000,293
2025-10-04 19:30,114.090000,114.100000,114.000000,114.100000,491
2025-10-04 19:45,114.100000,114.130000,114.000000,114.000000,766
2025-10-04 20:00,114.130000,114.200000,113.950000,114.100000,1447
2025-10-04 20:15,114.100000,114.130000,113.950000,114.130000,586
2025-10-04 20:30,113.950000,114.140000,113.950000,114.120000,123
2025-10-04 20:45,114.110000,114.110000,113.980000,113.980000,226
2025-10-04 23:00,114.400000,114.400000,114.000000,114.350000,57
2025-10-04 23:15,114.050000,114.340000,114.010000,114.340000,223
2025-10-04 23:30,114.050000,114.310000,114.040000,114.050000,44
2025-10-04 23:45,114.050000,114.270000,114.050000,114.050000,29
2025-10-05 00:00,114.230000,114.280000,114.050000,114.280000,98
2025-10-05 00:15,114.140000,114.280000,114.140000,114.280000,7
2025-10-05 00:30,114.270000,114.290000,114.140000,114.290000,22
2025-10-05 00:45,114.220000,114.290000,114.000000,114.000000,334
2025-10-05 01:00,114.290000,114.320000,114.010000,114.010000,9
2025-10-05 01:15,114.050000,114.320000,114.050000,114.050000,43
2025-10-05 01:30,114.060000,114.320000,114.060000,114.310000,115
2025-10-05 01:45,114.310000,114.320000,114.070000,114.320000,21
2025-10-05 02:00,114.310000,114.330000,114.310000,114.330000,75
2025-10-05 02:15,114.200000,114.330000,114.200000,114.330000,54
2025-10-05 02:30,114.330000,114.330000,114.200000,114.200000,78
2025-10-05 02:45,114.200000,114.310000,114.050000,114.060000,93
2025-10-05 03:00,114.290000,114.310000,114.070000,114.310000,131
2025-10-05 03:15,114.320000,114.320000,114.010000,114.310000,97
2025-10-05 03:30,114.030000,114.310000,114.030000,114.070000,47
2025-10-05 03:45,114.040000,114.310000,114.040000,114.290000,98
2025-10-05 04:00,114.290000,114.300000,114.080000,114.300000,187
2025-10-05 04:15,114.100000,114.300000,114.090000,114.290000,111
2025-10-05 04:30,114.100000,114.300000,114.080000,114.290000,223
2025-10-05 04:45,114.140000,114.300000,114.090000,114.290000,227
2025-10-05 05:00,114.300000,114.320000,114.120000,114.200000,718
2025-10-05 05:15,114.320000,114.350000,114.200000,114.350000,433
2025-10-05 05:30,114.350000,114.350000,114.150000,114.340000,366
2025-10-05 05:45,114.330000,114.350000,114.160000,114.310000,191
2025-10-05 06:00,114.180000,114.340000,114.150000,114.210000,569
2025-10-05 06:15,114.210000,114.340000,114.200000,114.340000,525
2025-10-05 06:30,114.340000,114.340000,114.220000,114.220000,181
2025-10-05 06:45,114.140000,114.140000,114.140000,114.140000,606
2025-10-05 07:00,114.150000,114.290000,113.660000,113.770000,38542
2025-10-05 07:15,113.770000,114.020000,113.760000,113.980000,9783
2025-10-05 07:30,113.980000,114.090000,113.930000,114.010000,6202
2025-10-05 07:45,114.020000,114.160000,114.010000,114.050000,8466
2025-10-05 08:00,114.030000,114.070000,113.950000,114.040000,6297
2025-10-05 08:15,114.040000,114.150000,114.000000,114.150000,4510
2025-10-05 08:30,114.150000,114.150000,114.050000,114.110000,6638
2025-10-05 08:45,114.120000,114.300000,114.120000,114.240000,27919
2025-10-05 09:00,114.240000,114.260000,114.210000,114.220000,6528
2025-10-05 09:15,114.220000,114.260000,114.130000,114.160000,10244
2025-10-05 09:30,114.160000,114.170000,114.000000,114.150000,14802
2025-10-05 09:45,114.150000,114.260000,114.120000,114.170000,10858
2025-10-05 10:00,114.150000,114.210000,114.110000,114.170000,3447
2025-10-05 10:15,114.180000,114.180000,114.010000,114.160000,5053
2025-10-05 10:30,114.160000,114.280000,114.110000,114.190000,6928
2025-10-05 10:45,114.190000,114.190000,114.180000,114.190000,8512
2025-10-05 11:00,114.190000,114.350000,114.170000,114.310000,21227
2025-10-05 11:15,114.310000,114.490000,114.240000,114.490000,37726
2025-10-05 11:30,114.490000,114.550000,114.380000,114.400000,22577
2025-10-05 11:45,114.400000,114.490000,114.360000,114.440000,8758
2025-10-05 12:00,114.410000,114.440000,114.210000,114.320000,18656
2025-10-05 12:15,114.280000,114.320000,114.150000,114.220000,14913
2025-10-05 12:30,114.220000,114.370000,114.150000,114.370000,7959
2025-10-05 12:45,114.370000,114.440000,114.290000,114.310000,4430
2025-10-05 13:00,114.340000,114.480000,114.290000,114.460000,7854
2025-10-05 13:15,114.450000,114.520000,114.420000,114.430000,11644
2025-10-05 13:30,114.440000,114.550000,114.320000,114.540000,9582
2025-10-05 13:45,114.530000,114.570000,114.460000,114.460000,5691
2025-10-05 14:00,114.490000,114.700000,114.470000,114.690000,17029
2025-10-05 14:15,114.690000,114.750000,114.530000,114.700000,45864
2025-10-05 14:30,114.710000,114.710000,114.470000,114.530000,22755
2025-10-05 14:45,114.540000,114.690000,114.510000,114.630000,9278
2025-10-05 15:00,114.640000,114.790000,114.550000,114.780000,15264
2025-10-05 15:15,114.780000,115.000000,114.740000,114.920000,45239
2025-10-05 15:30,114.930000,114.940000,114.850000,114.860000,17505
2025-10-05 15:45,114.870000,115.070000,114.870000,114.980000,36479
2025-10-05 16:00,114.540000,116.000000,114.540000,115.340000,1898
2025-10-05 16:15,115.330000,115.400000,115.210000,115.210000,1804
2025-10-05 16:30,115.210000,115.320000,115.100000,115.300000,1727
2025-10-05 16:45,115.200000,115.340000,115.120000,115.140000,1605
2025-10-05 17:00,115.140000,115.190000,114.590000,114.720000,2615
2025-10-05 17:15,114.960000,115.170000,114.780000,115.050000,784
2025-10-05 17:30,115.170000,115.170000,115.000000,115.030000,636
2025-10-05 17:45,115.040000,115.160000,115.000000,115.120000,1127
2025-10-05 18:00,115.120000,115.180000,115.020000,115.170000,382
2025-10-05 18:15,115.170000,115.190000,115.010000,115.190000,2063
2025-10-05 18:30,115.190000,115.190000,115.050000,115.160000,232
2025-10-05 18:45,115.160000,115.200000,115.020000,115.200000,4111
2025-10-05 19:00,115.200000,115.250000,115.150000,115.250000,1594
2025-10-05 19:15,115.250000,115.290000,115.150000,115.160000,1003
2025-10-05 19:30,115.270000,115.270000,115.050000,115.050000,1270
2025-10-05 19:45,115.050000,115.200000,115.020000,115.150000,860
2025-10-05 20:00,115.030000,115.170000,115.030000,115.150000,1021
2025-10-05 20:15,115.150000,115.170000,115.060000,115.160000,255
2025-10-05 20:30,115.160000,115.170000,115.100000,115.110000,456
2025-10-05 20:45,115.110000,115.250000,115.100000,115.250000,2976
2025-10-06 03:45,115.100000,115.100000,115.100000,115.100000,2127
2025-10-06 04:00,115.100000,115.370000,114.810000,114.890000,77433
2025-10-06 04:15,114.900000,115.170000,114.800000,114.880000,60661
2025-10-06 04:30,114.880000,115.010000,114.880000,115.010000,11761
2025-10-06 04:45,115.000000,115.110000,114.920000,114.940000,21342
2025-10-06 05:00,114.940000,115.040000,114.820000,115.020000,19256
2025-10-06 05:15,115.020000,115.030000,114.970000,114.990000,8031
2025-10-06 05:30,114.990000,115.030000,114.880000,114.880000,19064
2025-10-06 05:45,114.880000,115.080000,114.800000,115.040000,27135
2025-10-06 06:00,115.040000,115.070000,114.530000,114.700000,87928
2025-10-06 06:15,114.700000,114.820000,114.690000,114.820000,17060
2025-10-06 06:30,114.820000,114.830000,114.630000,114.630000,21094
2025-10-06 06:45,114.660000,114.810000,114.580000,114.740000,34075
2025-10-06 07:00,114.730000,115.500000,114.330000,115.230000,295153
2025-10-06 07:15,115.230000,116.110000,115.190000,115.810000,286800
2025-10-06 07:30,115.800000,116.370000,115.660000,115.960000,278347
2025-10-06 07:45,115.970000,116.300000,115.090000,116.020000,261517
2025-10-06 08:00,116.010000,116.190000,115.640000,115.740000,144195
2025-10-06 08:15,115.740000,115.850000,115.530000,115.800000,69428
2025-10-06 08:30,115.800000,115.930000,115.600000,115.870000,74148
2025-10-06 08:45,115.870000,116.020000,115.770000,115.910000,79086
2025-10-06 09:00,115.910000,116.350000,115.910000,115.930000,144952
2025-10-06 09:15,115.950000,116.800000,115.900000,116.790000,254975
2025-10-06 09:30,116.790000,116.950000,116.600000,116.740000,234548
2025-10-06 09:45,116.740000,117.080000,116.620000,117.080000,147941
2025-10-06 10:00,117.060000,117.300000,116.790000,116.960000,118209
2025-10-06 10:15,116.960000,117.030000,116.620000,116.700000,180229
2025-10-06 10:30,116.700000,117.050000,116.650000,116.800000,125325
2025-10-06 10:45,116.790000,116.920000,116.510000,116.770000,146184
2025-10-06 11:00,116.780000,116.940000,116.570000,116.820000,71954
2025-10-06 11:15,116.760000,116.860000,116.310000,116.560000,131926
2025-10-06 11:30,116.580000,116.720000,116.440000,116.640000,66734
2025-10-06 11:45,116.640000,116.730000,116.120000,116.210000,166403
2025-10-06 12:00,116.200000,116.490000,116.030000,116.160000,117557
2025-10-06 12:15,116.160000,116.270000,115.700000,115.990000,151497
2025-10-06 12:30,115.990000,116.160000,115.630000,115.980000,120688
2025-10-06 12:45,116.000000,116.450000,115.820000,116.270000,135913
2025-10-06 13:00,116.260000,117.810000,116.210000,117.660000,307980
2025-10-06 13:15,117.660000,117.940000,117.350000,117.370000,334151
2025-10-06 13:30,117.380000,117.900000,117.380000,117.690000,164674
2025-10-06 13:45,117.690000,118.900000,117.680000,118.880000,549641
2025-10-06 14:00,118.880000,119.190000,118.500000,118.720000,305204
2025-10-06 14:15,118.720000,119.000000,118.500000,118.750000,260601
2025-10-06 14:30,118.750000,119.160000,118.550000,118.550000,259500
2025-10-06 14:45,118.550000,118.840000,118.240000,118.310000,247314
2025-10-06 15:00,118.310000,119.000000,118.310000,118.990000,130018
2025-10-06 15:15,118.990000,119.270000,118.900000,118.920000,295891
2025-10-06 15:30,118.920000,119.440000,118.910000,119.240000,353636
2025-10-06 15:45,119.260000,119.260000,119.260000,119.260000,8567
2025-10-06 16:00,119.240000,119.390000,118.900000,118.960000,87412
2025-10-06 16:15,118.960000,119.050000,118.890000,118.900000,44774
2025-10-06 16:30,118.910000,119.300000,118.900000,119.260000,49068
2025-10-06 16:45,119.250000,119.390000,119.230000,119.230000,97813
2025-10-06 17:00,119.240000,119.240000,119.050000,119.150000,51156
2025-10-06 17:15,119.160000,119.190000,119.000000,119.020000,20719
2025-10-06 17:30,119.020000,119.050000,118.870000,118.870000,52346
2025-10-06 17:45,118.870000,118.870000,118.670000,118.730000,71552
2025-10-06 18:00,118.750000,118.750000,118.550000,118.690000,49157
2025-10-06 18:15,118.690000,118.980000,118.610000,118.780000,58214
2025-10-06 18:30,118.770000,118.880000,118.650000,118.820000,21730
2025-10-06 18:45,118.830000,119.000000,118.810000,118.930000,29773
2025-10-06 19:00,118.990000,119.100000,118.940000,119.020000,51969
2025-10-06 19:15,119.030000,119.080000,118.950000,119.070000,11613
2025-10-06 19:30,119.070000,119.100000,118.990000,119.080000,30093
2025-10-06 19:45,119.060000,119.090000,118.970000,118.970000,29879
2025-10-06 20:00,118.980000,119.150000,118.970000,119.120000,38615
2025-10-06 20:15,119.150000,119.290000,119.130000,119.230000,38880
2025-10-06 20:30,119.260000,119.310000,119.140000,119.160000,48794
2025-10-06 20:45,119.210000,119.300000,118.750000,119.170000,80057
2025-10-07 03:45,118.760000,118.760000,118.760000,118.760000,6381
2025-10-07 04:00,118.800000,119.240000,118.440000,119.170000,123749
2025-10-07 04:15,119.170000,119.200000,118.500000,118.690000,106383
2025-10-07 04:30,118.690000,118.830000,118.250000,118.520000,100010
2025-10-07 04:45,118.520000,118.600000,118.310000,118.380000,23908
2025-10-07 05:00,118.370000,118.690000,118.300000,118.680000,46914
2025-10-07 05:15,118.680000,119.120000,118.670000,119.070000,41546
2025-10-07 05:30,119.050000,119.050000,118.760000,118.840000,30262
2025-10-07 05:45,118.840000,119.240000,118.830000,119.220000,42428
2025-10-07 06:00,119.210000,119.270000,118.460000,118.690000,106212
2025-10-07 06:15,118.690000,118.930000,118.520000,118.520000,24376
2025-10-07 06:30,118.530000,118.560000,117.870000,118.280000,217084
2025-10-07 06:45,118.290000,118.490000,118.250000,118.480000,23664
2025-10-07 07:00,118.470000,118.960000,117.740000,117.890000,257630
2025-10-07 07:15,117.920000,118.590000,117.870000,118.520000,131290
2025-10-07 07:30,118.520000,119.460000,118.340000,119.050000,309769
2025-10-07 07:45,119.050000,119.580000,119.020000,119.150000,265184
2025-10-07 08:00,119.150000,119.600000,119.140000,119.380000,238150
2025-10-07 08:15,119.360000,120.220000,119.360000,120.150000,407770
2025-10-07 08:30,120.130000,120.190000,119.500000,119.570000,177220
2025-10-07 08:45,119.570000,119.900000,119.500000,119.820000,114901
2025-10-07 09:00,119.860000,119.900000,119.540000,119.760000,78234
2025-10-07 09:15,119.760000,119.770000,119.370000,119.430000,96862
2025-10-07 09:30,119.420000,120.060000,119.200000,119.960000,136074
2025-10-07 09:45,119.950000,119.950000,119.600000,119.890000,83196
2025-10-07 10:00,119.910000,119.990000,119.400000,119.590000,84151
2025-10-07 10:15,119.590000,119.840000,119.510000,119.740000,45633
2025-10-07 10:30,119.770000,119.820000,119.560000,119.680000,53020
2025-10-07 10:45,119.690000,119.800000,119.640000,119.660000,28332
2025-10-07 11:00,119.690000,119.700000,119.250000,119.260000,81617
2025-10-07 11:15,119.250000,119.500000,119.080000,119.310000,64903
2025-10-07 11:30,119.310000,119.490000,119.210000,119.230000,25905
2025-10-07 11:45,119.230000,119.470000,118.480000,118.870000,462014
2025-10-07 12:00,118.850000,118.940000,118.250000,118.530000,209231
2025-10-07 12:15,118.550000,118.730000,118.150000,118.390000,128108
2025-10-07 12:30,118.370000,119.170000,118.220000,119.100000,111426
2025-10-07 12:45,119.100000,119.250000,118.890000,119.020000,45737
2025-10-07 13:00,119.010000,119.030000,118.600000,118.820000,52894
2025-10-07 13:15,118.830000,118.840000,118.330000,118.430000,78685
2025-10-07 13:30,118.430000,118.720000,118.400000,118.640000,30960
2025-10-07 13:45,118.630000,119.000000,118.600000,118.880000,58135
2025-10-07 14:00,118.880000,118.900000,118.380000,118.480000,88791
2025-10-07 14:15,118.500000,118.520000,118.380000,118.380000,31571
2025-10-07 14:30,118.380000,118.660000,118.380000,118.610000,25188
2025-10-07 14:45,118.620000,118.740000,118.510000,118.600000,52298
2025-10-07 15:00,118.600000,118.670000,118.410000,118.570000,51394
2025-10-07 15:15,118.560000,118.920000,118.520000,118.730000,99139
2025-10-07 15:30,118.710000,118.950000,118.710000,118.800000,71736
2025-10-07 15:45,118.960000,118.960000,118.960000,118.960000,27420
2025-10-07 16:00,118.880000,118.880000,118.380000,118.380000,69687
2025-10-07 16:15,118.380000,118.500000,118.280000,118.400000,62865
2025-10-07 16:30,118.410000,118.490000,118.170000,118.450000,40959
2025-10-07 16:45,118.450000,118.450000,118.320000,118.430000,15488
2025-10-07 17:00,118.430000,118.710000,118.390000,118.710000,26178
2025-10-07 17:15,118.690000,118.690000,118.490000,118.520000,12361
2025-10-07 17:30,118.520000,118.630000,118.470000,118.500000,7808
2025-10-07 17:45,118.520000,118.630000,118.500000,118.630000,6181
2025-10-07 18:00,118.620000,118.630000,118.540000,118.560000,4577
2025-10-07 18:15,118.590000,118.590000,118.330000,118.400000,8953
2025-10-07 18:30,118.410000,118.570000,118.270000,118.450000,48690
2025-10-07 18:45,118.410000,118.460000,118.230000,118.380000,24775
2025-10-07 19:00,118.390000,118.440000,118.220000,118.410000,33373
2025-10-07 19:15,118.410000,118.600000,118.400000,118.510000,48668
2025-10-07 19:30,118.510000,118.600000,118.400000,118.560000,37457
2025-10-07 19:45,118.560000,118.640000,118.530000,118.610000,6483
2025-10-07 20:00,118.630000,118.700000,118.580000,118.690000,9210
2025-10-07 20:15,118.700000,118.820000,118.670000,118.670000,22298
2025-10-07 20:30,118.670000,118.710000,118.630000,118.680000,10215
2025-10-07 20:45,118.660000,118.770000,118.620000,118.740000,8865
2025-10-08 03:45,118.740000,118.740000,118.740000,118.740000,66
2025-10-08 04:00,118.740000,118.990000,118.620000,118.900000,20073
2025-10-08 04:15,118.890000,119.080000,118.810000,118.890000,48932
2025-10-08 04:30,118.860000,118.920000,118.840000,118.900000,6911
2025-10-08 04:45,118.870000,118.900000,118.740000,118.890000,10787
2025-10-08 05:00,118.880000,118.900000,118.660000,118.770000,17659
2025-10-08 05:15,118.780000,118.920000,118.720000,118.770000,8117
2025-10-08 05:30,118.790000,118.800000,118.510000,118.570000,22580
2025-10-08 05:45,118.570000,118.590000,118.290000,118.290000,84185
2025-10-08 06:00,118.340000,118.690000,118.290000,118.550000,31149
2025-10-08 06:15,118.510000,118.630000,118.430000,118.570000,19794
2025-10-08 06:30,118.580000,118.760000,118.470000,118.720000,13784
2025-10-08 06:45,118.730000,118.910000,118.580000,118.900000,49442
2025-10-08 07:00,118.900000,119.330000,118.600000,118.680000,129241
2025-10-08 07:15,118.690000,118.760000,118.130000,118.370000,155188
2025-10-08 07:30,118.360000,118.490000,118.150000,118.260000,90334
2025-10-08 07:45,118.270000,118.460000,117.800000,117.970000,218615
2025-10-08 08:00,117.970000,118.040000,117.390000,117.730000,208794
2025-10-08 08:15,117.720000,117.970000,117.430000,117.630000,139347
2025-10-08 08:30,117.630000,118.150000,117.560000,118.000000,90558
2025-10-08 08:45,118.010000,118.100000,117.710000,117.740000,44966
2025-10-08 09:00,117.740000,117.740000,116.910000,117.180000,388897
2025-10-08 09:15,117.190000,117.240000,116.790000,116.860000,155492
2025-10-08 09:30,116.860000,116.990000,116.620000,116.860000,168205
2025-10-08 09:45,116.840000,117.350000,116.770000,117.210000,130141
2025-10-08 10:00,117.230000,117.310000,117.030000,117.090000,109302
2025-10-08 10:15,117.090000,117.210000,116.700000,116.710000,119303
2025-10-08 10:30,116.740000,116.880000,116.230000,116.530000,279250
2025-10-08 10:45,116.530000,116.900000,116.410000,116.540000,103819
2025-10-08 11:00,116.540000,117.100000,116.200000,117.020000,220683
2025-10-08 11:15,117.020000,117.280000,116.770000,116.800000,138863
2025-10-08 11:30,116.800000,117.070000,116.640000,116.730000,107429
2025-10-08 11:45,116.690000,116.870000,116.540000,116.660000,77668
2025-10-08 12:00,116.640000,116.810000,116.320000,116.770000,104803
2025-10-08 12:15,116.760000,116.900000,116.570000,116.730000,39504
2025-10-08 12:30,116.730000,116.730000,116.200000,116.330000,71927
2025-10-08 12:45,116.320000,116.470000,115.800000,115.810000,172040
2025-10-08 13:00,115.800000,115.870000,115.220000,115.490000,227121
2025-10-08 13:15,115.490000,115.830000,115.260000,115.520000,174438
2025-10-08 13:30,115.520000,115.820000,115.400000,115.630000,147520
2025-10-08 13:45,115.630000,116.000000,115.150000,115.160000,293425
2025-10-08 14:00,115.160000,115.370000,114.740000,114.950000,322236
2025-10-08 14:15,114.940000,115.490000,114.800000,115.430000,215106
2025-10-08 14:30,115.420000,115.420000,114.970000,115.040000,102990
2025-10-08 14:45,115.050000,115.090000,113.880000,114.010000,661511
2025-10-08 15:00,114.010000,114.790000,113.880000,114.060000,368974
2025-10-08 15:15,114.090000,114.160000,113.390000,113.710000,522576
2025-10-08 15:30,113.720000,114.380000,113.450000,114.070000,324631
2025-10-08 15:45,114.250000,114.250000,114.250000,114.250000,9048
2025-10-08 16:00,114.240000,114.480000,113.470000,114.280000,298445
2025-10-08 16:15,114.270000,114.440000,114.020000,114.270000,125979
2025-10-08 16:30,114.270000,114.350000,114.030000,114.060000,58430
2025-10-08 16:45,114.050000,114.260000,114.050000,114.230000,41447
2025-10-08 17:00,114.250000,114.780000,114.180000,114.780000,148547
2025-10-08 17:15,114.750000,114.930000,114.560000,114.640000,92207
2025-10-08 17:30,114.650000,114.670000,114.360000,114.450000,33855
2025-10-08 17:45,114.450000,114.710000,114.440000,114.550000,34608
2025-10-08 18:00,114.540000,114.890000,114.490000,114.860000,66844
2025-10-08 18:15,114.850000,115.000000,114.740000,114.900000,74676
2025-10-08 18:30,114.890000,114.910000,114.640000,114.680000,46839
2025-10-08 18:45,114.670000,114.870000,114.640000,114.740000,38251
2025-10-08 19:00,114.740000,114.790000,114.420000,114.530000,46926
2025-10-08 19:15,114.540000,114.650000,114.130000,114.150000,97335
2025-10-08 19:30,114.190000,114.520000,114.190000,114.320000,47191
2025-10-08 19:45,114.320000,114.530000,114.260000,114.400000,26595
2025-10-08 20:00,114.400000,114.560000,114.380000,114.390000,26764
2025-10-08 20:15,114.400000,114.540000,114.360000,114.400000,23843
2025-10-08 20:30,114.400000,114.440000,114.290000,114.340000,19465
2025-10-08 20:45,114.340000,114.400000,114.220000,114.220000,16664
2025-10-09 03:45,114.940000,114.940000,114.940000,114.940000,9685
2025-10-09 04:00,114.750000,114.940000,114.090000,114.480000,88166
2025-10-09 04:15,114.500000,114.730000,114.400000,114.620000,47939
2025-10-09 04:30,114.620000,114.830000,114.620000,114.750000,56235
2025-10-09 04:45,114.750000,115.000000,114.630000,114.970000,47337
2025-10-09 05:00,114.970000,114.970000,114.310000,114.510000,57257
2025-10-09 05:15,114.540000,114.940000,114.510000,114.820000,52255
2025-10-09 05:30,114.800000,114.870000,114.200000,114.340000,106689
2025-10-09 05:45,114.350000,114.420000,114.110000,114.370000,32461
2025-10-09 06:00,114.420000,114.420000,113.500000,113.580000,275180
2025-10-09 06:15,113.570000,113.950000,113.420000,113.700000,152902
2025-10-09 06:30,113.700000,114.360000,113.700000,113.740000,134428
2025-10-09 06:45,113.750000,114.500000,113.700000,114.320000,100352
2025-10-09 07:00,114.300000,115.270000,113.940000,114.780000,383951
2025-10-09 07:15,114.800000,115.080000,114.260000,114.550000,175512
2025-10-09 07:30,114.540000,114.940000,114.440000,114.680000,112179
2025-10-09 07:45,114.690000,114.960000,114.330000,114.450000,56423
2025-10-09 08:00,114.450000,114.650000,113.520000,113.880000,229250
2025-10-09 08:15,113.880000,113.920000,112.090000,112.310000,831633
2025-10-09 08:30,112.310000,113.090000,111.810000,112.830000,657516
2025-10-09 08:45,112.830000,113.300000,112.530000,113.290000,229423
2025-10-09 09:00,113.290000,114.630000,113.000000,114.510000,471394
2025-10-09 09:15,114.500000,116.460000,114.500000,115.710000,904438
2025-10-09 09:30,115.720000,115.990000,115.010000,115.290000,340319
2025-10-09 09:45,115.290000,115.810000,114.840000,115.330000,328392
2025-10-09 10:00,115.360000,116.290000,115.360000,116.030000,219130
2025-10-09 10:15,116.010000,116.200000,115.430000,115.470000,127500
2025-10-09 10:30,115.470000,115.960000,115.100000,115.210000,163841
2025-10-09 10:45,115.210000,115.710000,115.040000,115.040000,106506
2025-10-09 11:00,115.040000,115.420000,114.750000,114.880000,71392
2025-10-09 11:15,114.850000,115.000000,114.590000,114.870000,105926
2025-10-09 11:30,114.870000,115.270000,114.800000,115.260000,78408
2025-10-09 11:45,115.260000,115.660000,115.210000,115.460000,68059
2025-10-09 12:00,115.450000,115.880000,115.310000,115.840000,97509
2025-10-09 12:15,115.830000,115.890000,115.680000,115.780000,90391
2025-10-09 12:30,115.800000,116.150000,115.550000,115.650000,162192
2025-10-09 12:45,115.650000,115.660000,115.180000,115.490000,147923
2025-10-09 13:00,115.440000,115.740000,115.270000,115.710000,55164
2025-10-09 13:15,115.710000,116.400000,115.660000,116.340000,298391
2025-10-09 13:30,116.360000,116.700000,116.210000,116.570000,256090
2025-10-09 13:45,116.570000,117.360000,116.460000,117.080000,428978
2025-10-09 14:00,117.080000,117.510000,117.080000,117.260000,258083
2025-10-09 14:15,117.260000,117.570000,116.900000,116.920000,247420
2025-10-09 14:30,116.930000,117.010000,116.690000,116.880000,92319
2025-10-09 14:45,116.880000,117.450000,116.780000,117.380000,105655
2025-10-09 15:00,117.380000,117.800000,117.380000,117.780000,236308
2025-10-09 15:15,117.780000,117.800000,117.290000,117.350000,147275
2025-10-09 15:30,117.350000,117.400000,117.200000,117.390000,59242
2025-10-09 15:45,117.350000,117.350000,117.350000,117.350000,2819
2025-10-09 16:00,117.320000,117.500000,116.820000,116.850000,70310
2025-10-09 16:15,116.850000,117.170000,116.800000,116.980000,51693
2025-10-09 16:30,116.990000,116.990000,116.570000,116.650000,52704
2025-10-09 16:45,116.660000,116.880000,116.360000,116.380000,57079
2025-10-09 17:00,116.390000,116.780000,116.390000,116.740000,30251
2025-10-09 17:15,116.680000,116.770000,116.570000,116.670000,17001
2025-10-09 17:30,116.680000,116.720000,116.460000,116.690000,28066
2025-10-09 17:45,116.680000,117.240000,116.610000,117.180000,76417
2025-10-09 18:00,117.150000,117.230000,116.910000,117.000000,30734
2025-10-09 18:15,117.000000,117.010000,116.810000,116.970000,16071
2025-10-09 18:30,116.960000,117.190000,116.950000,117.130000,45209
2025-10-09 18:45,117.130000,117.320000,117.080000,117.150000,42345
2025-10-09 19:00,117.140000,117.200000,117.040000,117.120000,15353
2025-10-09 19:15,117.100000,117.300000,117.000000,117.140000,40611
2025-10-09 19:30,117.140000,117.230000,116.900000,117.200000,68763
2025-10-09 19:45,117.200000,117.210000,117.100000,117.150000,19764
2025-10-09 20:00,117.150000,117.180000,116.870000,117.120000,29034
2025-10-09 20:15,117.120000,117.180000,116.900000,117.030000,26333
2025-10-09 20:30,117.040000,117.040000,116.890000,116.900000,13193
2025-10-09 20:45,116.890000,116.940000,116.810000,116.830000,10122
2025-10-10 03:45,116.840000,116.840000,116.840000,116.840000,348
2025-10-10 04:00,116.850000,117.000000,116.500000,116.550000,38415
2025-10-10 04:15,116.550000,116.900000,116.550000,116.830000,31601
2025-10-10 04:30,116.800000,117.000000,116.780000,116.950000,16205
2025-10-10 04:45,116.960000,116.960000,116.800000,116.830000,5164
2025-10-10 05:00,116.810000,116.830000,116.620000,116.680000,13734
2025-10-10 05:15,116.680000,116.700000,116.510000,116.510000,20783
2025-10-10 05:30,116.510000,116.580000,116.310000,116.420000,64522
2025-10-10 05:45,116.470000,116.730000,116.420000,116.650000,26412
2025-10-10 06:00,116.650000,117.070000,116.640000,116.980000,68863
2025-10-10 06:15,116.950000,116.970000,116.510000,116.810000,35833
2025-10-10 06:30,116.810000,117.100000,116.800000,116.840000,32300
2025-10-10 06:45,116.840000,117.080000,116.830000,117.020000,25635
2025-10-10 07:00,116.980000,117.000000,116.400000,116.610000,73983
2025-10-10 07:15,116.630000,116.700000,116.110000,116.280000,173066
2025-10-10 07:30,116.290000,116.560000,115.890000,116.350000,197518
2025-10-10 07:45,116.350000,116.920000,116.350000,116.550000,106065
2025-10-10 08:00,116.550000,116.880000,116.390000,116.610000,62079
2025-10-10 08:15,116.600000,117.350000,116.320000,117.150000,103336
2025-10-10 08:30,117.140000,118.080000,117.090000,117.970000,303056
2025-10-10 08:45,117.980000,118.050000,117.670000,117.710000,215493
2025-10-10 09:00,117.710000,117.880000,117.210000,117.460000,116809
2025-10-10 09:15,117.460000,117.470000,117.160000,117.260000,44859
2025-10-10 09:30,117.250000,117.600000,117.150000,117.440000,64242
2025-10-10 09:45,117.440000,117.620000,117.020000,117.170000,73120
2025-10-10 10:00,117.160000,117.290000,116.710000,116.840000,130024
2025-10-10 10:15,116.850000,116.910000,116.380000,116.450000,103174
2025-10-10 10:30,116.450000,116.630000,116.130000,116.480000,192218
2025-10-10 10:45,116.460000,116.460000,115.660000,116.170000,203585
2025-10-10 11:00,116.190000,116.480000,115.880000,116.280000,123189
2025-10-10 11:15,116.270000,116.410000,116.010000,116.200000,64739
2025-10-10 11:30,116.200000,116.440000,116.140000,116.300000,41245
2025-10-10 11:45,116.300000,116.310000,116.200000,116.210000,31648
2025-10-10 12:00,116.210000,116.320000,115.920000,116.080000,103878
2025-10-10 12:15,116.040000,116.970000,115.840000,116.890000,184991
2025-10-10 12:30,116.880000,117.460000,116.650000,116.730000,179960
2025-10-10 12:45,116.710000,116.750000,116.200000,116.460000,168539
2025-10-10 13:00,116.460000,116.750000,116.400000,116.490000,80692
2025-10-10 13:15,116.490000,116.600000,115.800000,115.970000,125353
2025-10-10 13:30,115.970000,115.970000,115.300000,115.400000,257289
2025-10-10 13:45,115.390000,115.710000,115.110000,115.620000,218830
2025-10-10 14:00,115.630000,115.670000,115.350000,115.440000,101472
2025-10-10 14:15,115.440000,115.440000,115.150000,115.270000,86114
2025-10-10 14:30,115.200000,115.650000,115.190000,115.600000,65414
2025-10-10 14:45,115.590000,117.170000,115.510000,116.010000,510286
2025-10-10 15:00,116.020000,116.360000,115.300000,115.740000,219326
2025-10-10 15:15,115.780000,116.140000,115.560000,115.930000,136099
2025-10-10 15:30,115.930000,116.060000,115.760000,115.960000,35792
2025-10-10 15:45,116.000000,116.000000,116.000000,116.000000,6343
2025-10-10 16:00,116.040000,116.220000,115.670000,115.890000,71396
2025-10-10 16:15,115.900000,116.100000,115.800000,116.090000,19448
2025-10-10 16:30,116.110000,116.160000,115.820000,116.120000,21309
2025-10-10 16:45,116.110000,116.140000,115.960000,116.000000,34004
2025-10-10 17:00,116.030000,116.030000,115.800000,115.810000,16425
2025-10-10 17:15,115.810000,115.930000,115.800000,115.820000,10578
2025-10-10 17:30,115.820000,116.070000,115.820000,115.970000,16701
2025-10-10 17:45,115.960000,115.970000,115.840000,115.910000,10758
2025-10-10 18:00,115.930000,115.970000,115.840000,115.930000,11161
2025-10-10 18:15,115.930000,115.970000,115.790000,115.890000,21258
2025-10-10 18:30,115.890000,115.890000,115.810000,115.850000,11225
2025-10-10 18:45,115.860000,115.870000,115.630000,115.660000,35181
2025-10-10 19:00,115.660000,115.800000,115.630000,115.760000,19857
2025-10-10 19:15,115.750000,115.760000,115.700000,115.750000,7254
2025-10-10 19:30,115.730000,115.740000,115.640000,115.640000,12479
2025-10-10 19:45,115.650000,115.650000,115.200000,115.250000,67738
2025-10-10 20:00,115.240000,115.360000,115.150000,115.260000,33104
2025-10-10 20:15,115.280000,115.380000,115.190000,115.270000,14943
2025-10-10 20:30,115.260000,115.340000,115.170000,115.240000,27808
2025-10-10 20:45,115.240000,115.300000,115.160000,115.180000,10793
2025-10-10 23:00,114.700000,115.000000,114.190000,114.920000,2927
2025-10-10 23:15,114.930000,114.950000,114.500000,114.540000,440
2025-10-10 23:30,114.690000,114.980000,114.690000,114.970000,1431
2025-10-10 23:45,114.970000,114.980000,114.810000,114.980000,955
2025-10-11 00:00,114.980000,114.980000,114.800000,114.800000,148
2025-10-11 00:15,114.800000,114.980000,114.800000,114.980000,611
2025-10-11 00:30,114.900000,114.980000,114.800000,114.980000,1165
2025-10-11 00:45,114.980000,114.980000,114.900000,114.980000,149
2025-10-11 01:00,114.970000,114.980000,114.810000,114.850000,260
2025-10-11 01:15,114.980000,114.980000,114.810000,114.810000,96
2025-10-11 01:30,114.980000,114.980000,114.810000,114.980000,17
2025-10-11 01:45,114.980000,114.980000,114.800000,114.800000,122
2025-10-11 02:00,114.960000,114.980000,114.960000,114.980000,30
2025-10-11 02:15,114.980000,114.980000,114.800000,114.970000,166
2025-10-11 02:30,114.970000,114.970000,114.800000,114.800000,121
2025-10-11 02:45,114.800000,114.970000,114.710000,114.970000,309
2025-10-11 03:00,114.970000,114.980000,114.740000,114.980000,2162
2025-10-11 03:15,114.980000,114.980000,114.950000,114.950000,97
2025-10-11 03:30,114.950000,114.950000,114.720000,114.800000,908
2025-10-11 03:45,114.800000,114.970000,114.720000,114.730000,282
2025-10-11 04:00,114.730000,114.980000,114.710000,114.740000,490
2025-10-11 04:15,114.740000,114.980000,114.730000,114.970000,286
2025-10-11 04:30,114.970000,114.970000,114.810000,114.970000,104
2025-10-11 04:45,114.970000,114.980000,114.900000,114.960000,192
2025-10-11 05:00,114.960000,115.600000,114.910000,115.570000,1816
2025-10-11 05:15,115.570000,115.590000,115.000000,115.500000,899
2025-10-11 05:30,115.490000,115.530000,115.000000,115.440000,530
2025-10-11 05:45,115.350000,115.440000,115.000000,115.110000,834
2025-10-11 06:00,115.250000,115.360000,115.030000,115.300000,159
2025-10-11 06:15,115.300000,115.310000,115.040000,115.100000,293
2025-10-11 06:30,115.100000,115.230000,115.100000,115.180000,329
2025-10-11 06:45,115.000000,115.000000,115.000000,115.000000,8380
2025-10-11 07:00,115.030000,115.130000,114.520000,115.050000,155013
2025-10-11 07:15,115.050000,115.450000,115.000000,115.190000,49897
2025-10-11 07:30,115.180000,115.290000,114.980000,115.200000,23405
2025-10-11 07:30,115.180000,115.290000,114.980000,115.200000,23405
2025-10-11 07:45,115.200000,115.260000,115.050000,115.080000,8505
2025-10-11 08:00,115.070000,115.250000,115.050000,115.210000,9835
2025-10-11 08:15,115.200000,115.460000,115.050000,115.350000,21569
2025-10-11 08:30,115.350000,115.460000,115.030000,115.120000,16009
2025-10-11 08:45,115.110000,115.200000,115.070000,115.150000,6009
2025-10-11 09:00,115.200000,115.220000,115.130000,115.190000,7123
2025-10-11 09:15,115.190000,115.230000,115.110000,115.180000,3633
2025-10-11 09:30,115.180000,115.300000,115.150000,115.270000,3324
2025-10-11 09:45,115.270000,115.480000,115.190000,115.450000,13350
2025-10-11 10:00,115.460000,115.480000,115.270000,115.460000,16712
2025-10-11 10:15,115.470000,115.620000,115.340000,115.540000,14334
2025-10-11 10:30,115.540000,115.590000,115.500000,115.570000,2009
2025-10-11 10:45,115.560000,115.600000,115.470000,115.550000,2343
2025-10-11 11:00,115.510000,115.660000,115.500000,115.540000,6093
2025-10-11 11:15,115.550000,115.570000,115.440000,115.490000,4407
2025-10-11 11:30,115.480000,115.480000,115.340000,115.410000,3559
2025-10-11 11:45,115.460000,115.520000,115.420000,115.500000,3891
2025-10-11 12:00,115.500000,115.530000,115.450000,115.490000,1760
2025-10-11 12:15,115.480000,115.510000,115.420000,115.490000,2180
2025-10-11 12:30,115.490000,115.530000,115.400000,115.530000,2383
2025-10-11 12:45,115.530000,115.540000,115.400000,115.460000,6145
2025-10-11 13:00,115.460000,115.500000,115.400000,115.450000,2650
2025-10-11 13:15,115.450000,115.500000,115.350000,115.430000,3752
2025-10-11 13:30,115.480000,115.500000,115.440000,115.500000,743
2025-10-11 13:45,115.500000,115.560000,115.420000,115.540000,1978
2025-10-11 14:00,115.540000,115.570000,115.510000,115.560000,2607
2025-10-11 14:15,115.550000,115.580000,115.500000,115.540000,5764
2025-10-11 14:30,115.510000,115.530000,115.410000,115.490000,5678
2025-10-11 14:45,115.460000,115.540000,115.440000,115.490000,1376
2025-10-11 15:00,115.450000,115.480000,115.390000,115.390000,2467
2025-10-11 15:15,115.390000,115.530000,115.390000,115.480000,1090
2025-10-11 15:30,115.480000,115.680000,115.470000,115.660000,8367
2025-10-11 15:45,115.660000,115.720000,115.560000,115.710000,10835
2025-10-11 16:00,115.000000,116.420000,115.000000,115.650000,233
2025-10-11 16:15,115.500000,115.700000,115.450000,115.690000,249
2025-10-11 16:30,115.650000,115.690000,115.460000,115.460000,506
2025-10-11 16:45,115.460000,115.670000,115.360000,115.390000,140
2025-10-11 17:00,115.630000,115.630000,115.350000,115.530000,207
2025-10-11 17:15,115.530000,115.650000,115.450000,115.600000,419
2025-10-11 17:30,115.470000,115.600000,115.470000,115.590000,241
2025-10-11 17:45,115.480000,115.600000,115.470000,115.600000,234
2025-10-11 18:00,115.470000,115.680000,115.430000,115.670000,707
2025-10-11 18:15,115.430000,115.680000,115.410000,115.440000,424
2025-10-11 18:30,115.630000,115.700000,115.410000,115.660000,1153
2025-10-11 18:45,115.440000,115.680000,115.440000,115.660000,615
2025-10-11 19:00,115.470000,115.670000,115.410000,115.670000,477
2025-10-11 19:15,115.470000,115.700000,115.470000,115.490000,1436
2025-10-11 19:30,115.510000,115.690000,115.510000,115.650000,341
2025-10-11 19:45,115.650000,115.680000,115.530000,115.680000,42
2025-10-11 20:00,115.690000,115.700000,115.510000,115.520000,441
2025-10-11 20:15,115.550000,115.680000,115.500000,115.500000,237
2025-10-11 20:30,115.500000,115.500000,115.150000,115.490000,4768
2025-10-11 20:45,115.480000,115.480000,115.240000,115.240000,93
2025-10-11 23:00,114.820000,115.820000,114.820000,115.540000,590
2025-10-11 23:15,115.520000,115.550000,115.490000,115.550000,52
2025-10-11 23:30,115.550000,115.580000,115.530000,115.560000,252
2025-10-11 23:45,115.730000,115.730000,115.550000,115.730000,79
2025-10-12 00:00,115.730000,115.730000,115.550000,115.550000,103
2025-10-12 00:15,115.730000,115.750000,115.550000,115.750000,33
2025-10-12 00:30,115.750000,115.820000,115.750000,115.820000,35
2025-10-12 00:45,115.810000,115.810000,115.690000,115.690000,13
2025-10-12 01:00,115.560000,115.560000,115.550000,115.560000,44
2025-10-12 01:15,115.560000,115.810000,115.560000,115.570000,13
2025-10-12 01:30,115.570000,115.770000,115.570000,115.770000,32
2025-10-12 01:45,115.570000,115.570000,115.570000,115.570000,7
2025-10-12 02:00,115.730000,115.730000,115.730000,115.730000,2
2025-10-12 02:15,115.730000,115.910000,115.730000,115.760000,135
2025-10-12 02:30,115.750000,115.860000,115.550000,115.790000,162
2025-10-12 02:45,115.780000,115.780000,115.550000,115.550000,15
2025-10-12 03:00,115.780000,115.910000,115.780000,115.910000,62
2025-10-12 03:15,115.890000,115.890000,115.570000,115.640000,4
2025-10-12 03:30,115.870000,115.880000,115.640000,115.880000,37
2025-10-12 03:45,115.880000,115.970000,115.700000,115.940000,2556
2025-10-12 04:00,115.930000,115.970000,115.620000,115.690000,767
2025-10-12 04:15,115.690000,115.800000,115.630000,115.780000,848
2025-10-12 04:30,115.790000,115.790000,115.640000,115.790000,30
2025-10-12 04:45,115.790000,115.800000,115.570000,115.570000,149
2025-10-12 05:00,115.770000,115.780000,115.560000,115.770000,227
2025-10-12 05:15,115.610000,115.760000,115.610000,115.760000,110
2025-10-12 05:30,115.710000,115.760000,115.650000,115.730000,325
2025-10-12 05:45,115.730000,115.730000,115.550000,115.720000,661
2025-10-12 06:00,115.720000,115.720000,115.560000,115.560000,54
2025-10-12 06:15,115.720000,115.740000,115.560000,115.580000,310
2025-10-12 06:30,115.580000,115.740000,115.570000,115.740000,154
2025-10-12 06:45,115.520000,115.520000,115.520000,115.520000,2283
2025-10-12 07:00,115.600000,116.400000,115.520000,116.190000,52469
2025-10-12 07:15,116.160000,116.360000,115.870000,116.170000,56667
2025-10-12 07:30,116.170000,116.170000,115.980000,116.000000,11176
2025-10-12 07:45,116.010000,116.060000,115.900000,115.960000,9475
2025-10-12 08:00,115.940000,116.040000,115.800000,115.920000,7576
2025-10-12 08:15,115.940000,116.000000,115.850000,115.960000,6870
2025-10-12 08:30,115.960000,115.980000,115.850000,115.970000,2688
2025-10-12 08:45,115.920000,116.060000,115.920000,116.010000,16150
2025-10-12 09:00,115.970000,116.080000,115.970000,116.060000,3246
2025-10-12 09:15,116.080000,116.150000,115.980000,116.010000,12189
2025-10-12 09:30,116.080000,116.190000,116.020000,116.150000,14813
2025-10-12 09:45,116.150000,116.460000,116.150000,116.360000,41363
2025-10-12 10:00,116.370000,116.380000,116.030000,116.120000,19921
2025-10-12 10:15,116.160000,116.190000,116.030000,116.070000,4314
2025-10-12 10:30,116.080000,116.170000,115.940000,116.090000,9374
2025-10-12 10:45,116.100000,116.140000,115.990000,116.010000,2457
2025-10-12 11:00,116.070000,116.150000,115.970000,115.980000,4498
2025-10-12 11:15,115.980000,116.060000,115.980000,116.010000,1754
2025-10-12 11:30,116.000000,116.130000,116.000000,116.100000,3039
2025-10-12 11:45,116.060000,116.200000,116.060000,116.180000,9456
2025-10-12 12:00,116.190000,116.190000,116.100000,116.110000,4805
2025-10-12 12:15,116.100000,116.120000,116.050000,116.100000,1863
2025-10-12 12:30,116.100000,116.170000,116.080000,116.110000,2968
2025-10-12 12:45,116.110000,116.190000,116.000000,116.090000,5251
2025-10-12 13:00,116.090000,116.090000,116.000000,116.050000,2568
2025-10-12 13:15,116.030000,116.060000,115.960000,115.960000,9694
2025-10-12 13:30,115.960000,116.000000,115.920000,115.990000,4681
2025-10-12 13:45,115.990000,115.990000,115.940000,115.950000,3108
2025-10-12 14:00,115.950000,115.990000,115.940000,115.940000,3758
2025-10-12 14:15,115.960000,116.000000,115.940000,116.000000,3367
2025-10-12 14:30,116.000000,116.000000,115.960000,116.000000,7167
2025-10-12 14:45,116.000000,116.000000,115.950000,115.950000,3928
2025-10-12 15:00,115.950000,116.000000,115.910000,115.970000,4392
2025-10-12 15:15,115.970000,116.000000,115.910000,115.980000,9807
2025-10-12 15:30,115.980000,116.090000,115.950000,116.060000,7248
2025-10-12 15:45,116.060000,116.130000,115.980000,116.110000,4979
2025-10-12 16:00,115.820000,116.180000,115.810000,115.870000,523
2025-10-12 16:15,115.910000,116.350000,115.880000,116.140000,976
2025-10-12 16:30,116.140000,116.200000,115.890000,116.140000,675
2025-10-12 16:45,116.140000,116.150000,116.000000,116.140000,184
2025-10-12 17:00,116.140000,116.150000,115.910000,115.910000,323
2025-10-12 17:15,115.990000,116.000000,115.900000,115.900000,388
2025-10-12 17:30,115.990000,116.050000,115.880000,116.030000,439
2025-10-12 17:45,116.020000,116.020000,115.800000,115.810000,805
2025-10-12 18:00,115.810000,116.020000,115.810000,116.010000,314
2025-10-12 18:15,116.010000,116.010000,115.910000,116.010000,145
2025-10-12 18:30,116.010000,116.020000,115.800000,116.010000,1173
2025-10-12 18:45,116.010000,116.100000,115.990000,116.020000,888
2025-10-12 19:00,116.100000,116.140000,116.020000,116.020000,158
2025-10-12 19:15,116.140000,116.180000,116.030000,116.110000,253
2025-10-12 19:30,116.110000,116.110000,116.000000,116.000000,517
2025-10-12 19:45,115.980000,116.000000,115.840000,115.860000,163
2025-10-12 20:00,115.990000,116.000000,115.860000,115.990000,706
2025-10-12 20:15,116.000000,116.000000,115.900000,116.000000,351
2025-10-12 20:30,116.000000,116.200000,115.910000,116.200000,282
2025-10-12 20:45,116.200000,116.200000,116.170000,116.170000,6
2025-10-13 03:45,116.260000,116.260000,116.260000,116.260000,1959
2025-10-13 04:00,116.270000,116.670000,116.260000,116.380000,54242
2025-10-13 04:15,116.380000,116.450000,116.220000,116.400000,29867
2025-10-13 04:30,116.380000,116.450000,116.340000,116.400000,6250
2025-10-13 04:45,116.400000,116.480000,116.380000,116.410000,7604
2025-10-13 05:00,116.430000,116.450000,116.360000,116.400000,11716
2025-10-13 05:15,116.410000,116.450000,116.360000,116.400000,13298
2025-10-13 05:30,116.400000,116.450000,116.290000,116.350000,8060
2025-10-13 05:45,116.360000,116.370000,116.170000,116.300000,12730
2025-10-13 06:00,116.280000,116.280000,116.010000,116.080000,26319
2025-10-13 06:15,116.090000,116.390000,116.060000,116.390000,18145
2025-10-13 06:30,116.400000,116.650000,116.180000,116.560000,92889
2025-10-13 06:45,116.570000,117.070000,116.560000,116.840000,104321
2025-10-13 07:00,116.850000,117.300000,116.440000,117.000000,180227
2025-10-13 07:15,117.000000,117.460000,116.650000,117.190000,125946
2025-10-13 07:30,117.200000,117.290000,116.740000,116.860000,79626
2025-10-13 07:45,116.840000,116.840000,115.310000,115.360000,604556
2025-10-13 08:00,115.340000,115.680000,115.140000,115.480000,189514
2025-10-13 08:15,115.460000,115.590000,115.110000,115.270000,157578
2025-10-13 08:30,115.280000,115.860000,115.040000,115.660000,166217
2025-10-13 08:45,115.660000,116.480000,115.620000,116.150000,174132
2025-10-13 09:00,116.180000,116.280000,115.380000,115.690000,128901
2025-10-13 09:15,115.730000,115.880000,115.520000,115.520000,32112
2025-10-13 09:30,115.510000,116.060000,115.390000,115.930000,59856
2025-10-13 09:45,115.920000,116.200000,115.800000,115.910000,67834
2025-10-13 10:00,115.910000,115.940000,115.650000,115.770000,41985
2025-10-13 10:15,115.750000,115.750000,115.420000,115.540000,55183
2025-10-13 10:30,115.540000,115.690000,115.410000,115.440000,33443
2025-10-13 10:45,115.450000,115.630000,115.130000,115.350000,90037
2025-10-13 11:00,115.370000,115.410000,114.620000,114.740000,202310
2025-10-13 11:15,114.740000,114.760000,114.340000,114.670000,238756
2025-10-13 11:30,114.650000,115.100000,114.580000,114.910000,83623
2025-10-13 11:45,114.900000,115.990000,114.880000,115.820000,268257
2025-10-13 12:00,115.840000,117.000000,115.790000,116.640000,684980
2025-10-13 12:15,116.660000,117.260000,116.410000,116.470000,328664
2025-10-13 12:30,116.490000,116.790000,116.450000,116.600000,89073
2025-10-13 12:45,116.650000,117.070000,116.500000,116.700000,183499
2025-10-13 13:00,116.700000,116.980000,116.620000,116.670000,73949
2025-10-13 13:15,116.670000,116.700000,116.300000,116.530000,69295
2025-10-13 13:30,116.540000,116.620000,116.050000,116.100000,111039
2025-10-13 13:45,116.080000,116.470000,116.050000,116.470000,54357
2025-10-13 14:00,116.470000,116.670000,116.200000,116.510000,169712
2025-10-13 14:15,116.510000,116.550000,115.520000,115.750000,199793
2025-10-13 14:30,115.750000,115.810000,115.270000,115.740000,97621
2025-10-13 14:45,115.740000,115.880000,115.510000,115.670000,61744
2025-10-13 15:00,115.720000,116.100000,115.510000,115.960000,62613
2025-10-13 15:15,115.960000,115.960000,115.600000,115.610000,26198
2025-10-13 15:30,115.610000,115.850000,115.600000,115.740000,24861
2025-10-13 15:45,115.820000,115.820000,115.820000,115.820000,691
2025-10-13 16:00,115.850000,116.010000,115.620000,115.710000,39295
2025-10-13 16:15,115.710000,115.830000,115.680000,115.760000,7154
2025-10-13 16:30,115.760000,116.060000,115.750000,115.880000,42120
2025-10-13 16:45,115.890000,116.270000,115.780000,116.240000,32505
2025-10-13 17:00,116.230000,116.240000,115.950000,116.040000,16660
2025-10-13 17:15,116.040000,116.140000,116.010000,116.140000,14621
2025-10-13 17:30,116.100000,116.180000,115.970000,116.010000,15868
2025-10-13 17:45,116.010000,116.110000,115.850000,115.900000,18285
2025-10-13 18:00,115.930000,116.040000,115.920000,116.020000,7554
2025-10-13 18:15,116.030000,116.120000,115.970000,116.020000,18185
2025-10-13 18:30,116.020000,116.100000,115.760000,115.820000,40208
2025-10-13 18:45,115.840000,115.900000,115.700000,115.770000,24213
2025-10-13 19:00,115.770000,115.790000,115.650000,115.750000,16306
2025-10-13 19:15,115.770000,115.850000,115.670000,115.820000,7662
2025-10-13 19:30,115.850000,115.870000,115.660000,115.690000,7549
2025-10-13 19:45,115.710000,115.790000,115.650000,115.720000,6076
2025-10-13 20:00,115.730000,115.810000,115.690000,115.790000,4156
2025-10-13 20:15,115.790000,115.810000,115.730000,115.800000,10047
2025-10-13 20:30,115.800000,115.820000,115.750000,115.780000,5226
2025-10-13 20:45,115.780000,115.850000,115.780000,115.840000,4627
2025-10-14 03:45,116.040000,116.040000,116.040000,116.040000,26
2025-10-14 04:00,116.040000,116.080000,115.880000,115.910000,12539
2025-10-14 04:15,115.920000,116.070000,115.910000,116.000000,7204
2025-10-14 04:30,116.010000,116.020000,115.800000,115.870000,23557
2025-10-14 04:45,115.880000,115.900000,115.700000,115.760000,23833
2025-10-14 05:00,115.780000,115.850000,115.700000,115.730000,8570
2025-10-14 05:15,115.730000,115.820000,115.720000,115.820000,7672
2025-10-14 05:30,115.820000,115.960000,115.780000,115.960000,20054
2025-10-14 05:45,115.960000,116.020000,115.940000,115.980000,11838
2025-10-14 06:00,115.950000,116.150000,115.800000,116.070000,50311
2025-10-14 06:15,116.080000,116.090000,115.900000,116.040000,12431
2025-10-14 06:30,116.040000,116.040000,115.700000,115.700000,33637
2025-10-14 06:45,115.720000,116.060000,115.700000,115.870000,29620
2025-10-14 07:00,115.850000,116.000000,115.540000,115.590000,68901
2025-10-14 07:15,115.590000,115.950000,115.590000,115.790000,38005
2025-10-14 07:30,115.800000,116.050000,115.700000,115.800000,50806
2025-10-14 07:45,115.810000,116.110000,115.500000,115.670000,70168
2025-10-14 08:00,115.660000,115.960000,115.550000,115.920000,39523
2025-10-14 08:15,115.910000,115.970000,115.650000,115.910000,39200
2025-10-14 08:30,115.910000,115.940000,115.550000,115.680000,67538
2025-10-14 08:45,115.680000,115.990000,115.620000,115.790000,64024
2025-10-14 09:00,115.780000,116.100000,115.620000,116.090000,38962
2025-10-14 09:15,116.090000,116.390000,116.050000,116.160000,93475
2025-10-14 09:30,116.150000,116.360000,116.080000,116.140000,64041
2025-10-14 09:45,116.140000,116.190000,115.620000,115.830000,74403
2025-10-14 10:00,115.830000,115.840000,115.630000,115.770000,52484
2025-10-14 10:15,115.770000,115.930000,115.720000,115.880000,36695
2025-10-14 10:30,115.880000,116.190000,115.840000,116.110000,56437
2025-10-14 10:45,116.140000,116.140000,115.950000,116.110000,17894
2025-10-14 11:00,116.110000,116.250000,115.980000,116.090000,46587
2025-10-14 11:15,116.090000,116.230000,115.780000,116.010000,70055
2025-10-14 11:30,116.000000,116.010000,115.760000,115.980000,21379
2025-10-14 11:45,115.980000,116.000000,115.790000,115.940000,18186
2025-10-14 12:00,115.970000,116.030000,115.760000,115.760000,21655
2025-10-14 12:15,115.760000,116.150000,115.650000,116.150000,74182
2025-10-14 12:30,116.150000,116.220000,115.120000,115.170000,189590
2025-10-14 12:45,115.160000,115.480000,115.000000,115.180000,307383
2025-10-14 13:00,115.170000,115.220000,114.400000,114.720000,406843
2025-10-14 13:15,114.740000,114.860000,114.420000,114.610000,228882
2025-10-14 13:30,114.630000,114.670000,114.350000,114.560000,166490
2025-10-14 13:45,114.570000,114.810000,114.270000,114.690000,198032
2025-10-14 14:00,114.690000,115.100000,114.500000,115.080000,101292
2025-10-14 14:15,115.070000,115.460000,114.960000,115.000000,160554
2025-10-14 14:30,115.010000,115.100000,114.900000,115.080000,36670
2025-10-14 14:45,115.070000,115.180000,114.920000,115.050000,52538
2025-10-14 15:00,115.040000,115.550000,114.990000,115.400000,143915
2025-10-14 15:15,115.400000,115.570000,115.250000,115.410000,80659
2025-10-14 15:30,115.420000,115.520000,115.150000,115.180000,56476
2025-10-14 15:45,115.180000,115.180000,115.180000,115.180000,553
2025-10-14 16:00,115.160000,115.310000,114.930000,115.000000,46361
2025-10-14 16:15,115.030000,115.110000,114.780000,114.790000,67585
2025-10-14 16:30,114.800000,114.950000,114.780000,114.820000,35440
2025-10-14 16:45,114.830000,114.950000,114.830000,114.900000,14019
2025-10-14 17:00,114.890000,115.060000,114.840000,115.020000,25582
2025-10-14 17:15,115.040000,115.050000,114.950000,114.960000,9578
2025-10-14 17:30,114.960000,115.030000,114.900000,115.010000,4770
2025-10-14 17:45,115.010000,115.040000,115.000000,115.020000,3068
2025-10-14 18:00,115.010000,115.020000,114.740000,114.810000,33757
2025-10-14 18:15,114.810000,114.830000,114.750000,114.820000,8808
2025-10-14 18:30,114.820000,114.930000,114.810000,114.930000,8469
2025-10-14 18:45,114.930000,115.000000,114.930000,114.960000,6489
2025-10-14 19:00,114.990000,115.060000,114.990000,115.000000,18436
2025-10-14 19:15,115.000000,115.040000,114.900000,115.020000,23499
2025-10-14 19:30,115.010000,115.020000,114.760000,114.760000,14291
2025-10-14 19:45,114.760000,114.860000,114.740000,114.860000,8428
2025-10-14 20:00,114.850000,115.260000,114.850000,115.250000,62084
2025-10-14 20:15,115.250000,115.300000,115.040000,115.220000,32171
2025-10-14 20:30,115.230000,115.310000,115.190000,115.240000,23668
2025-10-14 20:45,115.240000,115.280000,115.210000,115.270000,5992
2025-10-15 03:45,115.310000,115.310000,115.310000,115.310000,65
2025-10-15 04:00,115.320000,115.480000,115.070000,115.140000,22633
2025-10-15 04:15,115.140000,115.140000,114.910000,115.060000,21105
2025-10-15 04:30,115.020000,115.140000,115.000000,115.060000,3608
2025-10-15 04:45,115.060000,115.110000,115.060000,115.110000,2503
2025-10-15 05:00,115.110000,115.220000,115.080000,115.130000,3913
2025-10-15 05:15,115.130000,115.260000,115.090000,115.230000,9661
2025-10-15 05:30,115.230000,115.770000,115.160000,115.500000,76960
2025-10-15 05:45,115.490000,115.630000,115.400000,115.510000,31475
2025-10-15 06:00,115.500000,115.530000,115.200000,115.350000,31943
2025-10-15 06:15,115.340000,115.450000,115.280000,115.400000,8871
2025-10-15 06:30,115.390000,115.420000,115.160000,115.160000,24058
2025-10-15 06:45,115.160000,115.230000,114.830000,115.140000,46751
2025-10-15 07:00,115.130000,115.400000,114.790000,115.210000,106954
2025-10-15 07:15,115.210000,115.310000,114.600000,114.720000,83746
2025-10-15 07:30,114.730000,115.050000,114.500000,114.750000,104891
2025-10-15 07:45,114.750000,114.900000,114.570000,114.760000,49336
2025-10-15 08:00,114.740000,115.030000,114.700000,114.950000,44295
2025-10-15 08:15,114.940000,115.140000,114.870000,115.020000,71240
2025-10-15 08:30,115.010000,115.180000,114.840000,114.890000,42134
2025-10-15 08:45,114.870000,114.950000,114.640000,114.700000,56443
2025-10-15 09:00,114.700000,114.920000,114.610000,114.920000,71066
2025-10-15 09:15,114.930000,115.150000,114.930000,115.080000,63051
2025-10-15 09:30,115.040000,115.630000,115.000000,115.510000,112172
2025-10-15 09:45,115.500000,115.760000,115.260000,115.300000,99557
2025-10-15 10:00,115.290000,116.330000,115.290000,116.000000,309261
2025-10-15 10:15,115.990000,116.300000,115.790000,116.020000,236128
2025-10-15 10:30,116.050000,116.190000,115.900000,115.940000,160982
2025-10-15 10:45,115.930000,116.120000,115.800000,115.970000,95434
2025-10-15 11:00,115.970000,116.000000,115.780000,115.860000,50535
2025-10-15 11:15,115.860000,116.090000,115.710000,116.070000,68252
2025-10-15 11:30,116.090000,116.670000,116.050000,116.180000,211580
2025-10-15 11:45,116.190000,116.850000,116.180000,116.670000,222489
2025-10-15 12:00,116.650000,117.140000,116.650000,116.930000,249672
2025-10-15 12:15,116.950000,117.030000,116.510000,116.630000,146095
2025-10-15 12:30,116.600000,116.790000,116.330000,116.750000,107486
2025-10-15 12:45,116.760000,117.260000,116.660000,117.140000,116604
2025-10-15 13:00,117.150000,117.250000,116.420000,116.460000,184638
2025-10-15 13:15,116.440000,116.650000,116.300000,116.330000,75605
2025-10-15 13:30,116.330000,116.670000,116.330000,116.390000,58238
2025-10-15 13:45,116.400000,116.440000,115.800000,115.800000,155235
2025-10-15 14:00,115.790000,116.150000,115.770000,116.020000,64269
2025-10-15 14:15,116.010000,116.040000,115.500000,115.620000,136109
2025-10-15 14:30,115.620000,115.700000,115.210000,115.420000,137943
2025-10-15 14:45,115.420000,115.550000,115.210000,115.230000,101713
2025-10-15 15:00,115.230000,115.540000,115.150000,115.450000,76370
2025-10-15 15:15,115.460000,115.570000,115.390000,115.470000,32863
2025-10-15 15:30,115.460000,115.510000,115.200000,115.300000,27808
2025-10-15 15:45,115.500000,115.500000,115.500000,115.500000,5707
2025-10-15 16:00,115.500000,115.540000,115.260000,115.350000,26820
2025-10-15 16:15,115.370000,115.680000,115.360000,115.680000,21518
2025-10-15 16:30,115.690000,115.690000,115.460000,115.520000,27658
2025-10-15 16:45,115.500000,115.510000,115.290000,115.380000,47437
2025-10-15 17:00,115.380000,115.450000,115.200000,115.220000,17804
2025-10-15 17:15,115.220000,115.230000,115.000000,115.080000,93215
2025-10-15 17:30,115.080000,115.200000,115.000000,115.200000,42141
2025-10-15 17:45,115.190000,115.190000,115.050000,115.070000,13417
2025-10-15 18:00,115.090000,115.360000,115.070000,115.350000,18098
2025-10-15 18:15,115.350000,115.360000,115.330000,115.350000,5097
2025-10-15 18:30,115.340000,115.350000,115.180000,115.260000,19925
2025-10-15 18:45,115.260000,115.280000,115.100000,115.190000,25360
2025-10-15 19:00,115.190000,115.240000,115.150000,115.180000,9149
2025-10-15 19:15,115.180000,115.330000,115.180000,115.310000,10221
2025-10-15 19:30,115.310000,115.400000,115.280000,115.400000,9536
2025-10-15 19:45,115.400000,115.400000,115.290000,115.310000,2864
2025-10-15 20:00,115.310000,115.340000,115.100000,115.190000,14982
2025-10-15 20:15,115.240000,115.410000,115.100000,115.160000,25302
2025-10-15 20:30,115.120000,115.260000,115.110000,115.150000,8376
2025-10-15 20:45,115.150000,115.260000,115.130000,115.130000,5645
2025-10-16 03:45,115.130000,115.130000,115.130000,115.130000,434
2025-10-16 04:00,115.220000,115.470000,115.130000,115.350000,23763
2025-10-16 04:15,115.370000,115.510000,115.360000,115.370000,18920
2025-10-16 04:30,115.380000,115.410000,115.280000,115.280000,13182
2025-10-16 04:45,115.300000,115.500000,115.290000,115.430000,7260
2025-10-16 05:00,115.410000,115.420000,115.310000,115.340000,4954
2025-10-16 05:15,115.340000,115.430000,115.310000,115.420000,4561
2025-10-16 05:30,115.430000,115.470000,115.420000,115.470000,2296
2025-10-16 05:45,115.470000,115.480000,115.300000,115.390000,17842
2025-10-16 06:00,115.380000,115.400000,115.020000,115.140000,59437
2025-10-16 06:15,115.150000,115.250000,115.010000,115.250000,39174
2025-10-16 06:30,115.250000,115.250000,115.140000,115.220000,10542
2025-10-16 06:45,115.220000,115.270000,115.090000,115.210000,25787
2025-10-16 07:00,115.230000,115.390000,114.790000,114.970000,167788
2025-10-16 07:15,114.960000,115.240000,114.900000,115.170000,91498
2025-10-16 07:30,115.170000,115.480000,115.120000,115.320000,63363
2025-10-16 07:45,115.330000,115.770000,115.330000,115.580000,130886
2025-10-16 08:00,115.570000,115.900000,115.460000,115.530000,77091
2025-10-16 08:15,115.510000,115.590000,115.210000,115.240000,54846
2025-10-16 08:30,115.240000,115.240000,114.920000,115.040000,130169
2025-10-16 08:45,115.040000,115.160000,114.940000,115.070000,49784
2025-10-16 09:00,115.080000,115.250000,115.000000,115.170000,32690
2025-10-16 09:15,115.170000,115.560000,115.140000,115.420000,57558
2025-10-16 09:30,115.420000,115.670000,115.380000,115.620000,85615
2025-10-16 09:45,115.630000,115.690000,115.350000,115.450000,63285
2025-10-16 10:00,115.450000,115.490000,115.230000,115.390000,25184
2025-10-16 10:15,115.400000,115.450000,115.100000,115.250000,46676
2025-10-16 10:30,115.260000,115.380000,115.190000,115.360000,19074
2025-10-16 10:45,115.350000,115.440000,115.260000,115.360000,27767
2025-10-16 11:00,115.330000,115.580000,115.300000,115.460000,39799
2025-10-16 11:15,115.480000,115.630000,115.370000,115.500000,51090
2025-10-16 11:30,115.500000,115.880000,115.490000,115.600000,93613
2025-10-16 11:45,115.600000,115.710000,115.360000,115.380000,67592
2025-10-16 12:00,115.380000,115.580000,115.350000,115.380000,52031
2025-10-16 12:15,115.400000,115.720000,115.320000,115.580000,52714
2025-10-16 12:30,115.560000,115.810000,115.440000,115.590000,72444
2025-10-16 12:45,115.610000,115.970000,115.560000,115.890000,115915
2025-10-16 13:00,115.880000,116.100000,115.800000,115.970000,96927
2025-10-16 13:15,115.980000,116.090000,115.820000,115.880000,91394
2025-10-16 13:30,115.880000,115.920000,115.610000,115.760000,81864
2025-10-16 13:45,115.770000,115.880000,115.620000,115.710000,29321
2025-10-16 14:00,115.710000,117.980000,115.560000,117.360000,1097651
2025-10-16 14:15,117.360000,117.490000,116.740000,117.430000,610028
2025-10-16 14:30,117.440000,118.690000,117.400000,118.550000,1138956
2025-10-16 14:45,118.560000,119.220000,118.420000,118.520000,662803
2025-10-16 15:00,118.560000,118.740000,117.810000,118.200000,528699
2025-10-16 15:15,118.230000,118.300000,118.020000,118.060000,147069
2025-10-16 15:30,118.070000,118.620000,118.070000,118.310000,185254
2025-10-16 15:45,118.310000,118.310000,118.310000,118.310000,24574
2025-10-16 16:00,118.310000,118.690000,118.070000,118.220000,128497
2025-10-16 16:15,118.240000,118.300000,117.020000,117.420000,252826
2025-10-16 16:30,117.450000,117.890000,117.130000,117.640000,179068
2025-10-16 16:45,117.620000,117.810000,117.530000,117.790000,45802
2025-10-16 17:00,117.790000,122.500000,117.690000,122.280000,1931457
2025-10-16 17:15,122.290000,124.500000,121.400000,123.740000,2354424
2025-10-16 17:30,123.730000,123.800000,122.570000,122.650000,1443213
2025-10-16 17:45,122.660000,123.380000,122.500000,123.230000,1345324
2025-10-16 18:00,123.270000,123.310000,122.170000,122.520000,569283
2025-10-16 18:15,122.530000,122.640000,122.000000,122.290000,372214
2025-10-16 18:30,122.300000,122.450000,122.130000,122.350000,191387
2025-10-16 18:45,122.340000,122.790000,122.340000,122.640000,157179
2025-10-16 19:00,122.650000,122.870000,122.460000,122.810000,131726
2025-10-16 19:15,122.840000,122.930000,122.560000,122.630000,102374
2025-10-16 19:30,122.670000,122.830000,122.600000,122.810000,100851
2025-10-16 19:45,122.810000,122.980000,122.500000,122.540000,154807
2025-10-16 20:00,122.540000,123.060000,122.520000,123.050000,162102
2025-10-16 20:15,123.060000,123.250000,122.830000,122.950000,131797
2025-10-16 20:30,122.950000,124.640000,122.950000,124.410000,528668
2025-10-16 20:45,124.380000,124.510000,124.180000,124.360000,108355
2025-10-17 03:45,124.360000,124.360000,124.360000,124.360000,71424
2025-10-17 04:00,124.360000,124.380000,123.350000,123.650000,366000
2025-10-17 04:15,123.650000,124.470000,123.240000,124.100000,254806
2025-10-17 04:30,124.100000,124.200000,123.690000,123.870000,115365
2025-10-17 04:45,123.840000,123.880000,123.330000,123.460000,103344
2025-10-17 05:00,123.460000,123.990000,123.460000,123.520000,98281
2025-10-17 05:15,123.530000,123.740000,123.160000,123.340000,152882
2025-10-17 05:30,123.330000,123.330000,123.030000,123.300000,88004
2025-10-17 05:45,123.300000,123.480000,123.200000,123.380000,46166
2025-10-17 06:00,123.390000,123.410000,122.800000,122.970000,182211
2025-10-17 06:15,122.980000,123.150000,122.550000,123.010000,138755
2025-10-17 06:30,123.000000,123.010000,122.640000,122.660000,80933
2025-10-17 06:45,122.660000,123.220000,122.660000,122.870000,206008
2025-10-17 07:00,122.860000,123.540000,122.800000,123.050000,425223
2025-10-17 07:15,123.030000,124.000000,123.010000,124.000000,338233
2025-10-17 07:30,123.990000,124.500000,123.570000,123.800000,332981
