time,open,high,low,close,volume
2025-07-19 07:30,6189.500000,6194.500000,6180.000000,6181.500000,15982
2025-07-19 07:45,6180.500000,6189.000000,6175.000000,6175.000000,4823
2025-07-19 08:00,6175.500000,6179.000000,6168.500000,6168.500000,6157
2025-07-19 08:15,6168.500000,6173.500000,6164.500000,6172.500000,4186
2025-07-19 08:30,6172.500000,6178.000000,6166.500000,6167.000000,1923
2025-07-19 08:45,6166.500000,6172.000000,6165.000000,6172.000000,2538
2025-07-19 09:00,6172.000000,6172.000000,6165.500000,6169.000000,1128
2025-07-19 09:15,6169.000000,6170.000000,6165.500000,6168.500000,1374
2025-07-19 09:30,6169.000000,6170.000000,6165.000000,6166.000000,858
2025-07-19 09:45,6166.500000,6166.500000,6162.000000,6165.500000,1904
2025-07-19 10:00,6164.500000,6170.000000,6162.500000,6168.000000,1014
2025-07-19 10:15,6168.000000,6170.000000,6168.000000,6169.000000,700
2025-07-19 10:30,6168.500000,6168.500000,6163.500000,6164.000000,995
2025-07-19 10:45,6163.500000,6164.500000,6162.000000,6162.000000,771
2025-07-19 11:00,6163.500000,6170.000000,6161.500000,6169.500000,1184
2025-07-19 11:15,6169.500000,6172.000000,6169.500000,6171.500000,786
2025-07-19 11:30,6171.500000,6172.000000,6166.000000,6167.500000,1195
2025-07-19 11:45,6166.500000,6169.500000,6165.000000,6168.500000,498
2025-07-19 12:00,6168.500000,6170.500000,6165.000000,6168.000000,759
2025-07-19 12:15,6168.000000,6169.000000,6164.000000,6164.500000,894
2025-07-19 12:30,6164.500000,6170.000000,6160.000000,6163.000000,1994
2025-07-19 12:45,6163.000000,6163.000000,6160.000000,6160.000000,1005
2025-07-19 13:00,6160.000000,6168.000000,6160.000000,6165.500000,1350
2025-07-19 13:15,6165.500000,6168.000000,6160.500000,6166.000000,605
2025-07-19 13:30,6166.000000,6169.000000,6163.000000,6167.000000,583
2025-07-19 13:45,6167.500000,6170.000000,6163.000000,6168.000000,533
2025-07-19 14:00,6166.000000,6168.000000,6163.500000,6166.000000,484
2025-07-19 14:15,6167.500000,6167.500000,6165.000000,6165.500000,238
2025-07-19 14:30,6165.000000,6170.500000,6162.000000,6166.500000,2303
2025-07-19 14:45,6167.000000,6167.000000,6151.000000,6160.000000,5453
2025-07-19 15:00,6160.000000,6166.000000,6159.500000,6166.000000,435
2025-07-19 15:15,6166.000000,6166.000000,6164.000000,6165.000000,1014
2025-07-19 15:30,6164.500000,6167.000000,6164.000000,6165.500000,942
2025-07-19 15:45,6164.500000,6169.000000,6162.500000,6168.000000,1698
2025-07-19 16:00,6135.000000,6185.500000,6135.000000,6172.500000,25
2025-07-19 16:15,6172.000000,6172.000000,6153.500000,6154.000000,87
2025-07-19 16:30,6155.000000,6171.000000,6152.500000,6168.500000,549
2025-07-19 16:45,6155.000000,6173.000000,6155.000000,6158.500000,152
2025-07-19 17:00,6170.000000,6172.500000,6159.000000,6169.500000,72
2025-07-19 17:15,6169.500000,6174.000000,6161.000000,6165.500000,220
2025-07-19 17:30,6166.000000,6180.000000,6166.000000,6167.500000,699
2025-07-19 17:45,6167.000000,6185.500000,6165.000000,6165.000000,403
2025-07-19 18:00,6167.500000,6172.500000,6159.500000,6168.000000,245
2025-07-19 18:15,6160.500000,6169.500000,6154.000000,6154.000000,252
2025-07-19 18:30,6165.500000,6168.000000,6155.000000,6167.500000,47
2025-07-19 18:45,6168.000000,6170.000000,6162.000000,6170.000000,90
2025-07-19 19:00,6168.500000,6170.000000,6157.000000,6157.500000,401
2025-07-19 19:15,6158.000000,6170.000000,6154.500000,6155.500000,244
2025-07-19 19:30,6156.000000,6170.000000,6155.000000,6156.000000,333
2025-07-19 19:45,6169.000000,6172.000000,6156.500000,6160.500000,139
2025-07-19 20:00,6163.500000,6171.500000,6163.500000,6164.000000,42
2025-07-19 20:15,6164.000000,6170.500000,6162.500000,6169.000000,44
2025-07-19 20:30,6170.000000,6170.000000,6162.500000,6162.500000,58
2025-07-19 20:45,6163.500000,6173.000000,6163.500000,6165.000000,98
2025-07-19 23:00,6185.000000,6185.000000,6175.000000,6179.000000,28
2025-07-19 23:15,6179.500000,6185.000000,6163.500000,6164.500000,101
2025-07-19 23:30,6164.500000,6184.500000,6164.500000,6184.000000,15
2025-07-19 23:45,6183.500000,6184.000000,6169.000000,6183.000000,21
2025-07-20 00:00,6182.000000,6182.000000,6158.000000,6158.000000,82
2025-07-20 00:15,6176.000000,6176.000000,6158.000000,6158.000000,9
2025-07-20 00:30,6158.500000,6166.500000,6158.000000,6166.500000,4
2025-07-20 00:45,6166.500000,6170.500000,6156.500000,6157.000000,31
2025-07-20 01:00,6170.500000,6170.500000,6155.500000,6170.000000,18
2025-07-20 01:15,6170.000000,6173.000000,6170.000000,6172.500000,9
2025-07-20 01:30,6165.000000,6165.000000,6165.000000,6165.000000,2
2025-07-20 01:45,6165.000000,6165.000000,6165.000000,6165.000000,1
2025-07-20 02:00,6160.000000,6160.000000,6159.500000,6159.500000,2
2025-07-20 02:15,6170.000000,6170.500000,6160.000000,6170.000000,10
2025-07-20 02:30,6160.000000,6170.000000,6159.500000,6170.000000,10
2025-07-20 02:45,6168.500000,6168.500000,6168.500000,6168.500000,3
2025-07-20 03:00,6169.000000,6170.000000,6160.500000,6160.500000,122
2025-07-20 03:15,6160.500000,6170.000000,6160.500000,6160.500000,10
2025-07-20 03:30,6169.500000,6169.500000,6160.500000,6169.500000,15
2025-07-20 03:45,6160.000000,6184.000000,6160.000000,6183.500000,168
2025-07-20 04:00,6183.500000,6184.000000,6168.500000,6171.000000,57
2025-07-20 04:15,6183.500000,6183.500000,6168.500000,6181.500000,40
2025-07-20 04:30,6181.000000,6181.500000,6179.000000,6181.000000,18
2025-07-20 04:45,6181.500000,6181.500000,6170.000000,6180.000000,111
2025-07-20 05:00,6179.000000,6180.000000,6170.500000,6179.500000,42
2025-07-20 05:15,6179.500000,6180.000000,6173.000000,6179.000000,51
2025-07-20 05:30,6173.500000,6180.000000,6161.000000,6162.500000,303
2025-07-20 05:45,6162.500000,6178.500000,6162.000000,6178.000000,64
2025-07-20 06:00,6173.500000,6177.500000,6165.000000,6174.500000,53
2025-07-20 06:15,6175.000000,6177.000000,6170.000000,6170.000000,152
2025-07-20 06:30,6170.000000,6176.500000,6170.000000,6170.000000,78
2025-07-20 06:45,6170.000000,6170.000000,6170.000000,6170.000000,359
2025-07-20 07:00,6170.000000,6195.000000,6168.500000,6172.000000,6672
2025-07-20 07:15,6172.000000,6179.000000,6168.500000,6179.000000,1346
2025-07-20 07:30,6178.000000,6182.000000,6172.000000,6176.000000,1792
2025-07-20 07:45,6176.000000,6176.000000,6175.000000,6176.000000,904
2025-07-20 08:00,6176.000000,6176.000000,6174.500000,6175.500000,712
2025-07-20 08:15,6175.500000,6176.000000,6174.500000,6175.500000,698
2025-07-20 08:30,6176.000000,6180.000000,6175.500000,6178.500000,1352
2025-07-20 08:45,6178.500000,6179.000000,6175.500000,6175.500000,1053
2025-07-20 09:00,6175.500000,6176.000000,6172.000000,6172.500000,1522
2025-07-20 09:15,6171.000000,6172.500000,6162.000000,6163.500000,2797
2025-07-20 09:30,6163.500000,6164.500000,6161.500000,6162.500000,644
2025-07-20 09:45,6162.000000,6167.500000,6161.500000,6167.000000,989
2025-07-20 10:00,6165.500000,6167.000000,6161.500000,6162.000000,272
2025-07-20 10:15,6164.000000,6167.000000,6163.000000,6166.000000,326
2025-07-20 10:30,6165.500000,6169.000000,6165.500000,6167.500000,140
2025-07-20 10:45,6167.500000,6168.000000,6165.000000,6165.000000,755
2025-07-20 11:00,6166.000000,6170.000000,6165.500000,6170.000000,169
2025-07-20 11:15,6169.000000,6172.000000,6169.000000,6172.000000,436
2025-07-20 11:30,6171.000000,6174.500000,6168.500000,6171.500000,1341
2025-07-20 11:45,6171.000000,6180.000000,6171.000000,6178.000000,2562
2025-07-20 12:00,6179.000000,6179.500000,6178.000000,6179.000000,288
2025-07-20 12:15,6178.500000,6183.000000,6178.000000,6183.000000,1112
2025-07-20 12:30,6183.000000,6185.000000,6177.000000,6178.000000,893
2025-07-20 12:45,6177.000000,6178.000000,6177.000000,6177.000000,289
2025-07-20 13:00,6177.000000,6179.000000,6177.000000,6179.000000,119
2025-07-20 13:15,6178.000000,6181.500000,6178.000000,6179.500000,662
2025-07-20 13:30,6179.500000,6181.500000,6178.000000,6180.500000,345
2025-07-20 13:45,6180.000000,6181.500000,6179.500000,6181.500000,206
2025-07-20 14:00,6181.500000,6181.500000,6179.000000,6179.000000,311
2025-07-20 14:15,6179.500000,6181.500000,6176.500000,6178.500000,342
2025-07-20 14:30,6179.000000,6179.500000,6175.000000,6177.500000,235
2025-07-20 14:45,6177.000000,6179.000000,6174.500000,6176.500000,522
2025-07-20 15:00,6177.000000,6179.000000,6176.500000,6179.000000,148
2025-07-20 15:15,6179.500000,6180.000000,6170.500000,6172.000000,964
2025-07-20 15:30,6172.000000,6176.500000,6170.500000,6174.000000,1027
2025-07-20 15:45,6172.500000,6183.000000,6172.000000,6178.500000,3342
2025-07-20 16:00,6190.000000,6190.000000,6159.000000,6176.000000,197
2025-07-20 16:15,6177.000000,6177.000000,6165.000000,6175.000000,218
2025-07-20 16:30,6175.000000,6175.000000,6165.500000,6173.500000,50
2025-07-20 16:45,6173.500000,6174.000000,6166.000000,6166.000000,38
2025-07-20 17:00,6166.500000,6174.000000,6166.500000,6174.000000,85
2025-07-20 17:15,6174.000000,6175.000000,6170.000000,6175.000000,198
2025-07-20 17:30,6175.000000,6187.000000,6170.000000,6184.000000,576
2025-07-20 17:45,6172.000000,6181.000000,6170.500000,6171.000000,23
2025-07-20 18:00,6171.000000,6181.000000,6171.000000,6172.500000,90
2025-07-20 18:15,6180.500000,6180.500000,6170.000000,6178.000000,212
2025-07-20 18:30,6175.000000,6180.000000,6171.500000,6179.000000,61
2025-07-20 18:45,6179.500000,6180.000000,6178.500000,6180.000000,191
2025-07-20 19:00,6180.000000,6180.000000,6171.500000,6173.000000,42
2025-07-20 19:15,6179.000000,6179.000000,6166.000000,6168.000000,339
2025-07-20 19:30,6178.000000,6178.000000,6166.500000,6168.500000,38
2025-07-20 19:45,6176.000000,6177.000000,6176.000000,6176.000000,34
2025-07-20 20:00,6170.500000,6175.500000,6168.000000,6175.000000,62
2025-07-20 20:15,6169.500000,6175.000000,6167.500000,6171.000000,88
2025-07-20 20:30,6174.000000,6175.000000,6167.000000,6173.500000,173
2025-07-20 20:45,6172.000000,6172.000000,6166.000000,6166.000000,282
2025-07-21 03:45,6178.500000,6178.500000,6178.500000,6178.500000,119
2025-07-21 04:00,6178.500000,6189.500000,6169.500000,6180.000000,8125
2025-07-21 04:15,6180.500000,6193.000000,6178.000000,6187.500000,5956
2025-07-21 04:30,6187.500000,6190.500000,6182.500000,6189.000000,2093
2025-07-21 04:45,6188.500000,6210.000000,6188.500000,6209.500000,11324
2025-07-21 05:00,6209.000000,6219.000000,6206.000000,6208.500000,11190
2025-07-21 05:15,6208.500000,6213.500000,6199.500000,6200.000000,7399
2025-07-21 05:30,6200.000000,6219.000000,6197.000000,6217.000000,8090
2025-07-21 05:45,6218.000000,6218.000000,6214.000000,6214.500000,5756
2025-07-21 06:00,6214.500000,6214.500000,6181.500000,6190.000000,28130
2025-07-21 06:15,6190.500000,6191.500000,6170.000000,6170.500000,10139
2025-07-21 06:30,6170.500000,6189.000000,6170.000000,6186.000000,7468
2025-07-21 06:45,6185.500000,6185.500000,6173.000000,6180.500000,6105
2025-07-21 07:00,6180.000000,6184.500000,6151.000000,6160.000000,28882
2025-07-21 07:15,6160.000000,6183.000000,6158.500000,6180.000000,11638
2025-07-21 07:30,6180.500000,6182.000000,6167.000000,6168.000000,8849
2025-07-21 07:45,6168.500000,6178.500000,6166.000000,6178.500000,6706
2025-07-21 08:00,6178.000000,6179.000000,6168.000000,6172.000000,9688
2025-07-21 08:15,6173.500000,6178.500000,6165.500000,6176.500000,5701
2025-07-21 08:30,6177.000000,6188.000000,6175.000000,6187.000000,9490
2025-07-21 08:45,6187.000000,6195.000000,6184.500000,6194.000000,7781
2025-07-21 09:00,6193.000000,6209.000000,6185.000000,6208.500000,11975
2025-07-21 09:15,6209.000000,6209.500000,6201.000000,6206.000000,13102
2025-07-21 09:30,6206.500000,6212.500000,6199.500000,6211.000000,17841
2025-07-21 09:45,6211.000000,6216.000000,6205.500000,6209.500000,12767
2025-07-21 10:00,6209.000000,6214.500000,6200.500000,6211.000000,12538
2025-07-21 10:15,6210.500000,6219.000000,6207.500000,6210.000000,25190
2025-07-21 10:30,6209.500000,6210.000000,6199.000000,6203.500000,16210
2025-07-21 10:45,6204.500000,6206.500000,6188.000000,6197.500000,21650
2025-07-21 11:00,6197.500000,6200.000000,6177.500000,6183.000000,14624
2025-07-21 11:15,6181.500000,6192.000000,6174.000000,6180.500000,14730
2025-07-21 11:30,6180.000000,6186.000000,6175.000000,6175.500000,7624
2025-07-21 11:45,6175.000000,6186.000000,6173.000000,6176.000000,10846
2025-07-21 12:00,6176.000000,6181.500000,6173.000000,6175.500000,12864
2025-07-21 12:15,6175.500000,6176.000000,6172.000000,6176.000000,7959
2025-07-21 12:30,6175.500000,6186.000000,6173.000000,6177.500000,11501
2025-07-21 12:45,6176.500000,6180.000000,6173.500000,6174.500000,4390
2025-07-21 13:00,6173.500000,6176.500000,6170.000000,6170.000000,8771
2025-07-21 13:15,6170.000000,6175.000000,6166.000000,6170.500000,11848
2025-07-21 13:30,6170.000000,6191.000000,6166.500000,6183.500000,12450
2025-07-21 13:45,6185.000000,6188.000000,6178.000000,6186.000000,7070
2025-07-21 14:00,6185.500000,6196.000000,6183.000000,6186.000000,17845
2025-07-21 14:15,6184.500000,6193.000000,6184.000000,6189.000000,5547
2025-07-21 14:30,6188.500000,6194.500000,6186.500000,6188.500000,3649
2025-07-21 14:45,6188.000000,6198.500000,6187.500000,6198.000000,8963
2025-07-21 15:00,6198.500000,6198.500000,6184.500000,6185.500000,5794
2025-07-21 15:15,6185.500000,6187.500000,6169.000000,6173.500000,10646
2025-07-21 15:30,6173.500000,6174.000000,6155.000000,6167.000000,16228
2025-07-21 15:45,6167.000000,6167.000000,6167.000000,6167.000000,524
2025-07-21 16:00,6167.000000,6172.000000,6164.000000,6170.500000,2238
2025-07-21 16:15,6170.500000,6173.500000,6162.500000,6163.000000,2776
2025-07-21 16:30,6162.000000,6168.500000,6156.000000,6157.000000,6410
2025-07-21 16:45,6157.000000,6166.500000,6155.000000,6165.000000,2005
2025-07-21 17:00,6165.000000,6166.000000,6161.000000,6162.500000,1071
2025-07-21 17:15,6162.500000,6162.500000,6156.000000,6157.000000,1857
2025-07-21 17:30,6157.500000,6157.500000,6152.500000,6152.500000,3089
2025-07-21 17:45,6152.500000,6168.500000,6152.500000,6158.000000,12316
2025-07-21 18:00,6158.000000,6168.500000,6155.500000,6163.500000,4025
2025-07-21 18:15,6163.500000,6170.000000,6163.500000,6169.000000,1920
2025-07-21 18:30,6169.000000,6171.500000,6165.000000,6171.500000,843
2025-07-21 18:45,6171.000000,6176.000000,6168.500000,6175.000000,1888
2025-07-21 19:00,6175.500000,6175.500000,6169.000000,6174.000000,1225
2025-07-21 19:15,6173.500000,6173.500000,6163.000000,6163.000000,2455
2025-07-21 19:30,6163.000000,6170.000000,6163.000000,6166.000000,1566
2025-07-21 19:45,6166.000000,6166.000000,6160.500000,6162.500000,1373
2025-07-21 20:00,6162.500000,6165.500000,6162.500000,6162.500000,1224
2025-07-21 20:15,6162.500000,6163.500000,6162.500000,6163.500000,998
2025-07-21 20:30,6164.000000,6170.500000,6164.000000,6167.000000,2198
2025-07-21 20:45,6166.500000,6170.000000,6166.000000,6170.000000,340
2025-07-22 03:45,6170.000000,6170.000000,6170.000000,6170.000000,27
2025-07-22 04:00,6170.000000,6177.000000,6152.500000,6158.500000,9234
2025-07-22 04:15,6158.500000,6165.500000,6154.000000,6161.000000,2106
2025-07-22 04:30,6162.500000,6162.500000,6156.000000,6158.500000,1305
2025-07-22 04:45,6160.000000,6161.000000,6156.000000,6156.000000,1003
2025-07-22 05:00,6156.000000,6163.500000,6156.000000,6161.500000,1693
2025-07-22 05:15,6162.000000,6163.000000,6160.500000,6162.500000,215
2025-07-22 05:30,6162.000000,6163.500000,6152.500000,6156.000000,7549
2025-07-22 05:45,6156.500000,6156.500000,6133.000000,6133.500000,23529
2025-07-22 06:00,6133.500000,6157.000000,6127.000000,6142.500000,21531
2025-07-22 06:15,6142.500000,6149.500000,6142.500000,6148.000000,1669
2025-07-22 06:30,6148.000000,6155.000000,6141.000000,6144.000000,6062
2025-07-22 06:45,6145.000000,6148.000000,6139.500000,6141.500000,2602
2025-07-22 07:00,6141.000000,6150.000000,6134.000000,6144.500000,12890
2025-07-22 07:15,6144.000000,6175.000000,6143.500000,6166.500000,19045
2025-07-22 07:30,6166.500000,6173.000000,6146.000000,6147.000000,10680
2025-07-22 07:45,6147.000000,6161.500000,6136.000000,6137.000000,10999
2025-07-22 08:00,6136.500000,6144.000000,6134.500000,6135.000000,9864
2025-07-22 08:15,6135.000000,6140.000000,6133.000000,6135.000000,8569
2025-07-22 08:30,6136.500000,6149.500000,6135.000000,6144.500000,5124
2025-07-22 08:45,6143.500000,6149.000000,6137.500000,6139.500000,5075
2025-07-22 09:00,6139.500000,6146.000000,6136.000000,6137.000000,6428
2025-07-22 09:15,6136.000000,6146.500000,6133.000000,6146.500000,6040
2025-07-22 09:30,6145.500000,6172.000000,6143.000000,6165.000000,21170
2025-07-22 09:45,6166.000000,6180.000000,6165.000000,6177.000000,13044
2025-07-22 10:00,6177.500000,6178.000000,6163.500000,6173.000000,5546
2025-07-22 10:15,6172.500000,6193.500000,6172.500000,6180.000000,21748
2025-07-22 10:30,6179.500000,6180.000000,6170.000000,6171.500000,5178
2025-07-22 10:45,6172.000000,6182.000000,6170.000000,6180.500000,3774
2025-07-22 11:00,6180.500000,6185.000000,6179.000000,6183.000000,3387
2025-07-22 11:15,6181.500000,6191.000000,6181.000000,6191.000000,9514
2025-07-22 11:30,6191.000000,6194.500000,6190.000000,6191.500000,7026
2025-07-22 11:45,6192.000000,6193.500000,6183.500000,6184.500000,5535
2025-07-22 12:00,6183.000000,6184.000000,6176.000000,6182.000000,11874
2025-07-22 12:15,6182.500000,6192.500000,6182.000000,6192.500000,9869
2025-07-22 12:30,6192.500000,6195.000000,6191.500000,6194.000000,7742
2025-07-22 12:45,6193.500000,6194.000000,6191.000000,6194.000000,8925
2025-07-22 13:00,6194.000000,6194.500000,6190.000000,6194.000000,6952
2025-07-22 13:15,6194.000000,6210.000000,6194.000000,6208.000000,29929
2025-07-22 13:30,6207.500000,6209.000000,6200.000000,6201.000000,13638
2025-07-22 13:45,6201.000000,6205.000000,6201.000000,6204.000000,8786
2025-07-22 14:00,6204.000000,6204.000000,6200.000000,6201.000000,7674
2025-07-22 14:15,6200.000000,6204.000000,6200.000000,6200.500000,6166
2025-07-22 14:30,6200.500000,6200.500000,6185.500000,6198.000000,11249
2025-07-22 14:45,6198.000000,6200.000000,6189.000000,6191.500000,7912
2025-07-22 15:00,6191.500000,6194.000000,6187.000000,6194.000000,3679
2025-07-22 15:15,6193.500000,6195.000000,6190.000000,6193.000000,2579
2025-07-22 15:30,6193.000000,6193.000000,6183.000000,6185.000000,7326
2025-07-22 15:45,6185.500000,6185.500000,6185.500000,6185.500000,961
2025-07-22 16:00,6187.500000,6195.000000,6187.500000,6192.500000,4179
2025-07-22 16:15,6193.500000,6194.000000,6190.000000,6192.500000,1412
2025-07-22 16:30,6192.500000,6195.000000,6191.500000,6195.000000,1645
2025-07-22 16:45,6195.000000,6195.000000,6190.000000,6190.000000,1209
2025-07-22 17:00,6190.500000,6194.000000,6190.000000,6192.500000,2289
2025-07-22 17:15,6194.000000,6195.000000,6193.000000,6195.000000,2470
2025-07-22 17:30,6194.500000,6195.000000,6194.000000,6195.000000,2969
2025-07-22 17:45,6195.000000,6195.000000,6192.000000,6194.000000,2159
2025-07-22 18:00,6193.500000,6195.000000,6192.500000,6195.000000,741
2025-07-22 18:15,6195.000000,6195.000000,6194.500000,6195.000000,747
2025-07-22 18:30,6195.000000,6195.000000,6194.500000,6195.000000,1004
2025-07-22 18:45,6194.500000,6195.000000,6194.500000,6194.500000,822
2025-07-22 19:00,6195.000000,6197.500000,6194.500000,6197.000000,4070
2025-07-22 19:15,6197.000000,6197.000000,6195.000000,6195.500000,499
2025-07-22 19:30,6195.000000,6196.500000,6194.500000,6196.500000,750
2025-07-22 19:45,6196.000000,6200.000000,6195.500000,6200.000000,4681
2025-07-22 20:00,6200.000000,6200.000000,6197.500000,6199.500000,1316
2025-07-22 20:15,6200.000000,6202.000000,6199.500000,6201.000000,2271
2025-07-22 20:30,6201.500000,6201.500000,6194.500000,6195.000000,2101
2025-07-22 20:45,6195.000000,6197.500000,6194.500000,6196.500000,642
2025-07-23 03:45,6197.000000,6197.000000,6197.000000,6197.000000,56
2025-07-23 04:00,6198.000000,6216.000000,6197.500000,6202.500000,6424
2025-07-23 04:15,6201.000000,6209.500000,6200.000000,6209.000000,3750
2025-07-23 04:30,6209.000000,6209.000000,6202.500000,6205.000000,1107
2025-07-23 04:45,6205.000000,6209.500000,6204.000000,6208.000000,1539
2025-07-23 05:00,6208.000000,6208.000000,6198.500000,6205.500000,4328
2025-07-23 05:15,6205.000000,6209.500000,6205.000000,6209.000000,1152
2025-07-23 05:30,6209.500000,6210.000000,6207.000000,6208.000000,3265
2025-07-23 05:45,6207.000000,6208.000000,6205.000000,6205.000000,849
2025-07-23 06:00,6205.000000,6209.500000,6202.000000,6209.500000,4234
2025-07-23 06:15,6209.500000,6209.500000,6202.000000,6207.000000,2520
2025-07-23 06:30,6207.000000,6208.500000,6206.500000,6207.500000,1127
2025-07-23 06:45,6207.500000,6213.500000,6203.500000,6206.500000,13514
2025-07-23 07:00,6206.500000,6228.500000,6203.000000,6217.500000,29784
2025-07-23 07:15,6217.500000,6220.500000,6209.000000,6215.000000,13360
2025-07-23 07:30,6216.000000,6218.500000,6211.000000,6218.000000,6718
2025-07-23 07:45,6218.000000,6220.000000,6215.500000,6218.500000,4304
2025-07-23 08:00,6218.500000,6231.500000,6218.500000,6230.000000,24219
2025-07-23 08:15,6230.000000,6236.500000,6225.000000,6231.000000,14275
2025-07-23 08:30,6230.500000,6232.000000,6224.500000,6228.500000,9235
2025-07-23 08:45,6228.500000,6231.000000,6226.000000,6230.500000,4605
2025-07-23 09:00,6230.000000,6234.000000,6227.500000,6232.000000,9144
2025-07-23 09:15,6231.500000,6234.500000,6229.000000,6231.500000,5782
2025-07-23 09:30,6231.500000,6236.000000,6226.500000,6228.000000,10846
2025-07-23 09:45,6227.500000,6239.500000,6227.000000,6237.000000,9556
2025-07-23 10:00,6237.500000,6238.000000,6225.000000,6225.500000,9152
2025-07-23 10:15,6225.500000,6232.500000,6212.500000,6219.500000,11706
2025-07-23 10:30,6219.500000,6228.500000,6219.000000,6220.000000,4839
2025-07-23 10:45,6220.000000,6232.500000,6219.000000,6226.000000,5765
2025-07-23 11:00,6225.500000,6229.500000,6220.000000,6224.500000,3353
2025-07-23 11:15,6226.500000,6243.500000,6226.000000,6235.500000,10866
2025-07-23 11:30,6236.000000,6239.500000,6229.500000,6236.000000,4634
2025-07-23 11:45,6235.500000,6240.000000,6232.000000,6238.500000,2968
2025-07-23 12:00,6238.500000,6249.500000,6234.500000,6240.000000,17776
2025-07-23 12:15,6240.000000,6249.500000,6239.500000,6239.500000,13321
2025-07-23 12:30,6239.500000,6241.000000,6231.000000,6234.500000,9370
2025-07-23 12:45,6234.000000,6240.000000,6232.500000,6237.000000,8026
2025-07-23 13:00,6236.000000,6242.000000,6235.000000,6238.500000,5270
2025-07-23 13:15,6238.500000,6243.000000,6235.000000,6237.000000,5400
2025-07-23 13:30,6236.500000,6242.500000,6216.500000,6220.000000,19796
2025-07-23 13:45,6220.000000,6222.000000,6216.000000,6217.500000,10091
2025-07-23 14:00,6218.000000,6222.500000,6217.000000,6220.000000,4435
2025-07-23 14:15,6219.500000,6224.000000,6206.000000,6206.000000,22892
2025-07-23 14:30,6206.000000,6207.500000,6195.000000,6201.500000,24962
2025-07-23 14:45,6201.500000,6204.000000,6198.000000,6201.000000,5984
2025-07-23 15:00,6201.000000,6208.500000,6196.000000,6207.500000,11471
2025-07-23 15:15,6207.500000,6218.000000,6206.000000,6217.500000,7590
2025-07-23 15:30,6217.000000,6219.000000,6212.000000,6212.000000,3518
2025-07-23 15:45,6224.000000,6224.000000,6224.000000,6224.000000,3494
2025-07-23 16:00,6225.000000,6233.000000,6222.500000,6224.500000,12135
2025-07-23 16:15,6223.000000,6223.000000,6201.500000,6219.500000,10880
2025-07-23 16:30,6219.500000,6219.500000,6213.000000,6215.500000,2236
2025-07-23 16:45,6216.500000,6221.500000,6211.000000,6221.500000,1361
2025-07-23 17:00,6221.500000,6221.500000,6214.000000,6215.000000,850
2025-07-23 17:15,6215.500000,6216.000000,6214.500000,6215.000000,1527
2025-07-23 17:30,6215.000000,6218.000000,6215.000000,6218.000000,1112
2025-07-23 17:45,6218.000000,6218.000000,6211.500000,6213.500000,731
2025-07-23 18:00,6213.000000,6213.500000,6210.500000,6212.000000,1279
2025-07-23 18:15,6211.500000,6211.500000,6199.000000,6199.500000,7043
2025-07-23 18:30,6199.500000,6200.000000,6197.000000,6199.500000,2422
2025-07-23 18:45,6200.000000,6211.500000,6199.000000,6200.500000,7614
2025-07-23 19:00,6200.500000,6200.500000,6196.000000,6196.000000,6013
2025-07-23 19:15,6196.500000,6204.500000,6196.000000,6201.000000,2380
2025-07-23 19:30,6202.000000,6206.000000,6202.000000,6205.500000,1803
2025-07-23 19:45,6205.000000,6206.000000,6198.000000,6201.500000,1415
2025-07-23 20:00,6201.000000,6201.500000,6199.000000,6199.500000,584
2025-07-23 20:15,6200.000000,6200.000000,6196.000000,6197.000000,1906
2025-07-23 20:30,6197.000000,6197.500000,6195.000000,6197.000000,3065
2025-07-23 20:45,6197.000000,6197.500000,6190.000000,6190.000000,2452
2025-07-24 03:45,6177.000000,6177.000000,6177.000000,6177.000000,1553
2025-07-24 04:00,6184.500000,6201.000000,6178.000000,6189.500000,11497
2025-07-24 04:15,6189.500000,6195.500000,6189.500000,6193.000000,1298
2025-07-24 04:30,6193.000000,6206.000000,6193.000000,6206.000000,3750
2025-07-24 04:45,6206.000000,6216.000000,6205.000000,6209.500000,3803
2025-07-24 05:00,6210.000000,6211.000000,6202.500000,6203.000000,1296
2025-07-24 05:15,6203.000000,6203.000000,6200.000000,6203.000000,512
2025-07-24 05:30,6203.000000,6210.500000,6202.500000,6205.500000,821
2025-07-24 05:45,6205.500000,6210.000000,6205.000000,6206.000000,434
2025-07-24 06:00,6205.500000,6210.500000,6202.000000,6210.500000,2644
2025-07-24 06:15,6210.500000,6215.500000,6210.000000,6212.500000,2129
2025-07-24 06:30,6213.000000,6213.000000,6205.000000,6207.500000,2353
2025-07-24 06:45,6208.500000,6210.000000,6205.500000,6207.500000,1544
2025-07-24 07:00,6208.000000,6208.000000,6205.000000,6208.000000,4647
2025-07-24 07:15,6207.500000,6208.000000,6205.000000,6207.500000,5780
2025-07-24 07:30,6207.500000,6208.000000,6185.000000,6188.000000,21084
2025-07-24 07:45,6188.500000,6195.000000,6184.000000,6194.500000,10213
2025-07-24 08:00,6194.000000,6195.000000,6170.000000,6182.500000,23707
2025-07-24 08:15,6180.500000,6188.000000,6173.000000,6185.000000,5457
2025-07-24 08:30,6185.500000,6186.000000,6173.000000,6180.000000,10004
2025-07-24 08:45,6179.500000,6196.500000,6179.500000,6194.500000,14282
2025-07-24 09:00,6194.000000,6195.000000,6187.500000,6193.500000,5085
2025-07-24 09:15,6192.000000,6206.500000,6186.500000,6201.500000,9232
2025-07-24 09:30,6201.000000,6207.000000,6195.500000,6197.500000,3926
2025-07-24 09:45,6197.500000,6199.500000,6190.500000,6197.500000,2982
2025-07-24 10:00,6197.500000,6202.500000,6196.000000,6200.000000,3114
2025-07-24 10:15,6200.500000,6202.000000,6184.000000,6184.500000,10609
2025-07-24 10:30,6184.000000,6195.500000,6183.500000,6192.000000,5138
2025-07-24 10:45,6192.000000,6205.000000,6190.000000,6198.500000,8052
2025-07-24 11:00,6197.000000,6198.000000,6190.000000,6191.500000,2732
2025-07-24 11:15,6191.500000,6203.000000,6190.500000,6192.000000,6037
2025-07-24 11:30,6192.500000,6195.500000,6167.000000,6167.500000,12441
2025-07-24 11:45,6166.500000,6170.000000,6154.000000,6166.000000,24693
2025-07-24 12:00,6165.500000,6174.500000,6160.000000,6170.500000,5327
2025-07-24 12:15,6170.500000,6175.000000,6163.000000,6164.000000,5790
2025-07-24 12:30,6164.000000,6165.500000,6157.500000,6165.500000,3859
2025-07-24 12:45,6166.000000,6182.500000,6163.000000,6173.000000,7410
2025-07-24 13:00,6173.500000,6174.500000,6161.000000,6165.500000,5878
2025-07-24 13:15,6166.500000,6173.500000,6163.000000,6170.000000,2822
2025-07-24 13:30,6169.000000,6172.500000,6165.000000,6165.500000,2686
2025-07-24 13:45,6165.500000,6171.000000,6165.000000,6168.500000,1643
2025-07-24 14:00,6168.500000,6178.500000,6166.500000,6177.000000,5240
2025-07-24 14:15,6176.000000,6177.500000,6168.500000,6171.500000,3377
2025-07-24 14:30,6172.000000,6173.000000,6160.000000,6162.000000,10737
2025-07-24 14:45,6161.500000,6168.000000,6156.000000,6159.000000,4960
2025-07-24 15:00,6159.500000,6159.500000,6154.500000,6155.000000,8274
2025-07-24 15:15,6154.500000,6155.000000,6150.500000,6153.000000,12675
2025-07-24 15:30,6153.000000,6158.000000,6152.500000,6158.000000,4672
2025-07-24 15:45,6159.000000,6159.000000,6159.000000,6159.000000,8244
2025-07-24 16:00,6158.000000,6162.000000,6154.500000,6158.500000,1571
2025-07-24 16:15,6156.500000,6159.000000,6152.500000,6155.000000,1366
2025-07-24 16:30,6155.000000,6159.000000,6153.000000,6158.500000,1022
2025-07-24 16:45,6158.500000,6165.000000,6156.000000,6165.000000,2002
2025-07-24 17:00,6164.500000,6172.500000,6162.500000,6172.500000,3968
2025-07-24 17:15,6172.000000,6174.500000,6167.000000,6167.000000,2029
2025-07-24 17:30,6169.500000,6173.000000,6167.500000,6169.000000,1102
2025-07-24 17:45,6170.500000,6171.000000,6165.000000,6165.000000,1297
2025-07-24 18:00,6165.000000,6166.500000,6164.000000,6164.500000,869
2025-07-24 18:15,6164.500000,6165.000000,6162.500000,6165.000000,1033
2025-07-24 18:30,6165.000000,6166.500000,6164.000000,6165.500000,448
2025-07-24 18:45,6165.500000,6172.000000,6163.500000,6172.000000,1638
2025-07-24 19:00,6172.000000,6174.500000,6169.000000,6169.500000,2977
2025-07-24 19:15,6169.500000,6172.000000,6168.500000,6171.000000,361
2025-07-24 19:30,6171.000000,6171.000000,6165.000000,6165.000000,558
2025-07-24 19:45,6166.500000,6166.500000,6159.500000,6160.000000,1618
2025-07-24 20:00,6160.000000,6166.000000,6159.000000,6166.000000,779
2025-07-24 20:15,6166.000000,6172.000000,6163.500000,6165.000000,2673
2025-07-24 20:30,6164.500000,6170.000000,6164.000000,6170.000000,623
2025-07-24 20:45,6170.000000,6170.000000,6167.000000,6169.000000,383
2025-07-25 03:45,6169.000000,6169.000000,6169.000000,6169.000000,167
2025-07-25 04:00,6173.500000,6184.000000,6160.000000,6182.000000,2685
2025-07-25 04:15,6179.500000,6190.000000,6179.000000,6184.500000,2051
2025-07-25 04:30,6184.000000,6188.500000,6184.000000,6188.000000,1038
2025-07-25 04:45,6188.000000,6188.000000,6186.000000,6186.500000,236
2025-07-25 05:00,6186.500000,6186.500000,6184.000000,6185.000000,769
2025-07-25 05:15,6185.500000,6186.000000,6183.000000,6184.000000,418
2025-07-25 05:30,6184.000000,6184.000000,6181.500000,6183.000000,1544
2025-07-25 05:45,6183.000000,6184.000000,6182.500000,6184.000000,433
2025-07-25 06:00,6183.500000,6195.000000,6182.500000,6186.000000,5136
2025-07-25 06:15,6186.000000,6186.500000,6177.000000,6178.000000,1240
2025-07-25 06:30,6178.000000,6182.000000,6177.500000,6180.000000,668
2025-07-25 06:45,6179.500000,6194.000000,6178.500000,6178.500000,8137
2025-07-25 07:00,6178.500000,6183.500000,6173.500000,6183.500000,5293
2025-07-25 07:15,6183.500000,6196.500000,6183.500000,6185.000000,12998
2025-07-25 07:30,6183.500000,6191.000000,6177.000000,6180.000000,8172
2025-07-25 07:45,6180.000000,6193.000000,6179.500000,6192.500000,5219
2025-07-25 08:00,6192.500000,6194.500000,6190.000000,6193.000000,3644
2025-07-25 08:15,6192.500000,6193.500000,6189.500000,6191.000000,2836
2025-07-25 08:30,6190.500000,6194.500000,6190.000000,6194.500000,5713
2025-07-25 08:45,6194.500000,6195.000000,6192.500000,6193.000000,2972
2025-07-25 09:00,6192.500000,6195.000000,6189.000000,6189.500000,5984
2025-07-25 09:15,6189.000000,6192.500000,6189.000000,6190.000000,2072
2025-07-25 09:30,6190.000000,6193.500000,6185.500000,6187.000000,3721
2025-07-25 09:45,6187.000000,6187.000000,6185.000000,6187.000000,4160
2025-07-25 10:00,6187.000000,6190.000000,6171.000000,6174.000000,10528
2025-07-25 10:15,6174.000000,6185.500000,6173.500000,6183.000000,9180
2025-07-25 10:30,6184.000000,6192.000000,6130.000000,6158.500000,109189
2025-07-25 10:45,6158.500000,6180.500000,6153.500000,6160.000000,37818
2025-07-25 11:00,6160.000000,6164.000000,6144.000000,6146.000000,22326
2025-07-25 11:15,6146.000000,6185.000000,6146.000000,6166.000000,26982
2025-07-25 11:30,6166.000000,6177.000000,6160.000000,6160.000000,7287
2025-07-25 11:45,6160.500000,6162.000000,6151.000000,6151.000000,7509
2025-07-25 12:00,6151.000000,6162.500000,6148.000000,6154.500000,12718
2025-07-25 12:15,6153.500000,6167.000000,6150.000000,6160.000000,7057
2025-07-25 12:30,6160.500000,6164.000000,6146.000000,6147.000000,12582
2025-07-25 12:45,6146.500000,6150.000000,6130.000000,6132.500000,25496
2025-07-25 13:00,6132.000000,6135.500000,6102.500000,6104.000000,38942
2025-07-25 13:15,6105.000000,6114.000000,6073.000000,6085.000000,43465
2025-07-25 13:30,6085.500000,6101.000000,6075.000000,6100.000000,23948
2025-07-25 13:45,6101.500000,6103.500000,6081.000000,6089.000000,22946
2025-07-25 14:00,6088.000000,6088.500000,6066.500000,6069.000000,20751
2025-07-25 14:15,6069.500000,6072.000000,6057.500000,6057.500000,15689
2025-07-25 14:30,6058.500000,6066.500000,6054.000000,6060.500000,15398
2025-07-25 14:45,6061.500000,6073.000000,6054.500000,6072.500000,11376
2025-07-25 15:00,6071.500000,6073.000000,6057.500000,6062.000000,15104
2025-07-25 15:15,6062.000000,6073.000000,6057.000000,6058.000000,10875
2025-07-25 15:30,6058.000000,6065.000000,6053.000000,6064.000000,6458
2025-07-25 15:45,6058.000000,6058.000000,6058.000000,6058.000000,1592
2025-07-25 16:00,6058.000000,6074.500000,6056.500000,6057.500000,7257
2025-07-25 16:15,6057.500000,6062.500000,6050.000000,6062.500000,11428
2025-07-25 16:30,6062.500000,6065.000000,6057.000000,6058.000000,3826
2025-07-25 16:45,6059.000000,6061.000000,6055.000000,6060.500000,3689
2025-07-25 17:00,6060.500000,6069.000000,6060.000000,6068.000000,4113
2025-07-25 17:15,6068.000000,6073.500000,6066.000000,6071.000000,5045
2025-07-25 17:30,6070.500000,6080.500000,6068.500000,6080.500000,4055
2025-07-25 17:45,6081.000000,6087.000000,6075.500000,6077.000000,3047
2025-07-25 18:00,6076.500000,6090.000000,6076.500000,6089.000000,4991
2025-07-25 18:15,6088.000000,6090.000000,6086.000000,6089.500000,2330
2025-07-25 18:30,6089.000000,6089.500000,6080.000000,6084.500000,1653
2025-07-25 18:45,6084.500000,6085.000000,6078.500000,6082.000000,1496
2025-07-25 19:00,6080.000000,6082.000000,6078.000000,6081.500000,1203
2025-07-25 19:15,6082.000000,6082.500000,6080.000000,6082.000000,732
2025-07-25 19:30,6082.000000,6082.500000,6074.000000,6075.500000,2797
2025-07-25 19:45,6075.500000,6076.000000,6067.500000,6072.000000,2606
2025-07-25 20:00,6072.000000,6074.000000,6070.000000,6073.500000,604
2025-07-25 20:15,6073.500000,6075.500000,6069.500000,6069.500000,347
2025-07-25 20:30,6069.500000,6073.000000,6067.000000,6073.000000,1666
2025-07-25 20:45,6073.000000,6076.000000,6071.500000,6074.500000,2878
2025-07-25 23:00,6071.000000,6096.000000,6070.000000,6092.000000,52
2025-07-25 23:15,6092.000000,6092.000000,6080.000000,6080.000000,48
2025-07-25 23:30,6078.500000,6090.000000,6074.500000,6087.000000,21
2025-07-25 23:45,6087.500000,6087.500000,6087.000000,6087.000000,18
2025-07-26 00:00,6087.500000,6087.500000,6087.000000,6087.500000,9
2025-07-26 00:15,6087.000000,6087.500000,6087.000000,6087.500000,7
2025-07-26 00:30,6087.000000,6087.500000,6087.000000,6087.500000,10
2025-07-26 00:45,6087.000000,6087.500000,6087.000000,6087.500000,21
2025-07-26 01:00,6087.500000,6087.500000,6087.500000,6087.500000,11
2025-07-26 01:15,6087.000000,6090.500000,6087.000000,6090.500000,8
2025-07-26 01:30,6090.500000,6090.500000,6090.500000,6090.500000,65
2025-07-26 01:45,6090.500000,6090.500000,6090.000000,6090.500000,17
2025-07-26 02:00,6090.000000,6091.500000,6090.000000,6091.500000,9
2025-07-26 02:15,6091.500000,6091.500000,6090.500000,6091.000000,7
2025-07-26 02:30,6090.500000,6091.000000,6090.500000,6090.500000,15
2025-07-26 02:45,6091.000000,6091.500000,6091.000000,6091.500000,27
2025-07-26 03:00,6091.500000,6091.500000,6091.000000,6091.000000,18
2025-07-26 03:15,6090.500000,6090.500000,6090.000000,6090.000000,39
2025-07-26 03:30,6091.500000,6091.500000,6090.000000,6091.500000,47
2025-07-26 03:45,6091.500000,6091.500000,6091.500000,6091.500000,15
2025-07-26 04:00,6091.500000,6091.500000,6090.500000,6091.000000,109
2025-07-26 04:15,6091.000000,6091.500000,6090.000000,6091.000000,91
2025-07-26 04:30,6091.000000,6091.000000,6085.000000,6090.000000,201
2025-07-26 04:45,6090.000000,6090.000000,6085.000000,6090.000000,125
2025-07-26 05:00,6085.000000,6091.000000,6085.000000,6091.000000,82
2025-07-26 05:15,6091.000000,6091.500000,6080.000000,6091.000000,115
2025-07-26 05:30,6091.000000,6105.000000,6081.000000,6103.000000,360
2025-07-26 05:45,6103.000000,6105.000000,6102.500000,6103.500000,115
2025-07-26 06:00,6103.500000,6105.000000,6085.000000,6090.000000,493
2025-07-26 06:15,6089.500000,6103.000000,6086.500000,6101.500000,80
2025-07-26 06:30,6101.500000,6101.500000,6093.000000,6101.000000,57
2025-07-26 06:45,6095.000000,6095.000000,6095.000000,6095.000000,353
2025-07-26 07:00,6095.000000,6110.000000,6091.000000,6098.000000,6474
2025-07-26 07:15,6097.000000,6105.000000,6097.000000,6104.500000,590
2025-07-26 07:30,6104.000000,6104.500000,6103.000000,6104.000000,749
2025-07-26 07:30,6104.000000,6104.500000,6103.000000,6104.000000,749
2025-07-26 07:45,6104.000000,6105.000000,6102.500000,6104.500000,712
2025-07-26 08:00,6104.500000,6105.500000,6100.500000,6104.500000,1291
2025-07-26 08:15,6105.500000,6106.000000,6101.500000,6103.000000,864
2025-07-26 08:30,6103.000000,6103.000000,6102.000000,6103.000000,615
2025-07-26 08:45,6103.000000,6103.000000,6097.500000,6098.500000,995
2025-07-26 09:00,6098.000000,6099.500000,6096.500000,6097.500000,242
2025-07-26 09:15,6097.000000,6098.000000,6096.000000,6098.000000,186
2025-07-26 09:30,6098.000000,6100.000000,6098.000000,6100.000000,342
2025-07-26 09:45,6100.000000,6100.000000,6094.000000,6100.000000,854
2025-07-26 10:00,6100.000000,6100.000000,6099.000000,6099.500000,216
2025-07-26 10:15,6098.500000,6100.000000,6095.000000,6098.500000,740
2025-07-26 10:30,6098.500000,6099.000000,6095.500000,6096.500000,125
2025-07-26 10:45,6096.500000,6097.000000,6094.000000,6096.500000,391
2025-07-26 11:00,6096.000000,6098.000000,6095.500000,6097.500000,424
2025-07-26 11:15,6097.500000,6097.500000,6096.000000,6097.000000,479
2025-07-26 11:30,6097.000000,6097.500000,6093.000000,6096.500000,593
2025-07-26 11:45,6096.500000,6097.000000,6095.000000,6096.000000,218
2025-07-26 12:00,6095.000000,6097.000000,6095.000000,6095.500000,108
2025-07-26 12:15,6096.000000,6097.000000,6095.000000,6097.000000,316
2025-07-26 12:30,6097.000000,6097.000000,6095.000000,6095.500000,655
2025-07-26 12:45,6095.000000,6095.500000,6093.500000,6094.500000,298
2025-07-26 13:00,6095.500000,6095.500000,6093.500000,6095.000000,165
2025-07-26 13:15,6094.000000,6097.000000,6093.500000,6096.000000,393
2025-07-26 13:30,6096.000000,6098.500000,6095.500000,6098.500000,425
2025-07-26 13:45,6098.500000,6098.500000,6096.000000,6097.000000,203
2025-07-26 14:00,6097.000000,6098.500000,6096.000000,6096.000000,98
2025-07-26 14:15,6096.000000,6096.500000,6092.500000,6095.000000,431
2025-07-26 14:30,6096.000000,6096.500000,6095.000000,6096.500000,167
2025-07-26 14:45,6096.500000,6096.500000,6095.000000,6096.500000,955
2025-07-26 15:00,6096.500000,6096.500000,6092.500000,6095.500000,334
2025-07-26 15:15,6095.500000,6100.000000,6095.500000,6099.000000,546
2025-07-26 15:30,6099.000000,6101.000000,6099.000000,6099.500000,1280
2025-07-26 15:45,6099.500000,6099.500000,6093.500000,6098.000000,557
2025-07-26 16:00,6095.000000,6125.000000,6079.500000,6079.500000,69
2025-07-26 16:15,6083.000000,6108.500000,6079.000000,6083.000000,98
2025-07-26 16:30,6088.500000,6093.000000,6083.500000,6083.500000,30
2025-07-26 16:45,6085.000000,6093.000000,6085.000000,6093.000000,16
2025-07-26 17:00,6086.000000,6093.500000,6084.500000,6093.500000,50
2025-07-26 17:15,6093.500000,6094.000000,6083.500000,6083.500000,61
2025-07-26 17:30,6084.000000,6105.000000,6083.500000,6104.000000,82
2025-07-26 17:45,6088.500000,6104.000000,6085.000000,6085.500000,183
2025-07-26 18:00,6085.500000,6102.500000,6085.000000,6102.500000,100
2025-07-26 18:15,6102.500000,6102.500000,6096.000000,6102.000000,42
2025-07-26 18:30,6101.500000,6101.500000,6098.000000,6101.000000,17
2025-07-26 18:45,6100.000000,6101.000000,6098.000000,6098.000000,50
2025-07-26 19:00,6099.000000,6101.500000,6099.000000,6101.500000,20
2025-07-26 19:15,6101.500000,6101.500000,6098.000000,6100.000000,106
2025-07-26 19:30,6100.000000,6101.000000,6098.000000,6101.000000,39
2025-07-26 19:45,6101.000000,6101.000000,6098.000000,6101.000000,17
2025-07-26 20:00,6101.000000,6101.500000,6098.000000,6101.500000,144
2025-07-26 20:15,6098.000000,6100.000000,6096.000000,6100.000000,118
2025-07-26 20:30,6096.000000,6100.000000,6096.000000,6100.000000,120
2025-07-26 20:45,6099.500000,6101.000000,6096.000000,6096.000000,153
2025-07-26 23:00,6128.500000,6128.500000,6104.000000,6105.000000,11
2025-07-26 23:15,6105.000000,6106.000000,6088.000000,6088.000000,9
2025-07-26 23:45,6088.000000,6100.500000,6088.000000,6100.500000,7
2025-07-27 00:30,6100.500000,6100.500000,6081.000000,6081.000000,22
2025-07-27 00:45,6102.500000,6103.000000,6090.000000,6090.000000,3
2025-07-27 01:00,6099.500000,6099.500000,6099.500000,6099.500000,2
2025-07-27 01:15,6099.500000,6099.500000,6090.000000,6098.000000,5
2025-07-27 01:30,6099.500000,6099.500000,6090.000000,6090.000000,4
2025-07-27 02:00,6099.500000,6099.500000,6099.500000,6099.500000,1
2025-07-27 02:15,6099.500000,6099.500000,6099.500000,6099.500000,5
2025-07-27 02:30,6090.000000,6103.500000,6090.000000,6090.500000,6
2025-07-27 02:45,6090.500000,6108.000000,6090.500000,6096.000000,16
2025-07-27 03:00,6107.500000,6108.000000,6107.500000,6107.500000,10
2025-07-27 03:15,6110.000000,6110.000000,6110.000000,6110.000000,3
2025-07-27 03:30,6096.500000,6109.000000,6096.500000,6097.000000,4
2025-07-27 03:45,6097.000000,6107.000000,6097.000000,6107.000000,5
2025-07-27 04:00,6097.000000,6108.500000,6097.000000,6098.500000,15
2025-07-27 04:15,6108.000000,6108.500000,6098.500000,6108.500000,15
2025-07-27 04:30,6108.000000,6108.500000,6098.500000,6098.500000,120
2025-07-27 04:45,6108.000000,6108.500000,6108.000000,6108.000000,18
2025-07-27 05:00,6107.500000,6108.000000,6098.000000,6098.500000,21
2025-07-27 05:15,6098.000000,6107.000000,6098.000000,6107.000000,24
2025-07-27 05:30,6107.000000,6107.000000,6098.000000,6105.000000,33
2025-07-27 05:45,6104.000000,6105.000000,6098.000000,6105.000000,50
2025-07-27 06:00,6104.000000,6105.000000,6098.000000,6105.000000,103
2025-07-27 06:15,6104.000000,6105.000000,6096.000000,6104.500000,119
2025-07-27 06:30,6094.000000,6104.500000,6091.000000,6104.500000,12
2025-07-27 06:45,6097.000000,6097.000000,6097.000000,6097.000000,29
2025-07-27 07:00,6097.000000,6099.500000,6092.500000,6095.500000,327
2025-07-27 07:15,6095.500000,6101.000000,6095.500000,6097.500000,470
2025-07-27 07:30,6097.500000,6099.000000,6095.000000,6095.500000,266
2025-07-27 07:45,6095.500000,6096.500000,6092.500000,6096.000000,653
2025-07-27 08:00,6095.000000,6096.000000,6091.000000,6096.000000,388
2025-07-27 08:15,6096.000000,6096.000000,6092.000000,6094.500000,695
2025-07-27 08:30,6094.500000,6099.000000,6094.000000,6098.000000,1152
2025-07-27 08:45,6098.000000,6099.000000,6095.500000,6097.500000,182
2025-07-27 09:00,6096.000000,6097.500000,6093.500000,6096.500000,205
2025-07-27 09:15,6096.500000,6097.000000,6094.500000,6095.500000,86
2025-07-27 09:30,6095.500000,6096.000000,6091.000000,6094.000000,1284
2025-07-27 09:45,6094.000000,6095.500000,6092.500000,6093.000000,92
2025-07-27 10:00,6095.000000,6095.500000,6090.000000,6093.000000,698
2025-07-27 10:15,6093.000000,6094.500000,6091.000000,6094.000000,54
2025-07-27 10:30,6093.000000,6095.000000,6092.000000,6092.000000,242
2025-07-27 10:45,6091.000000,6094.000000,6091.000000,6092.500000,274
2025-07-27 11:00,6092.500000,6092.500000,6082.500000,6087.500000,1770
2025-07-27 11:15,6088.000000,6090.000000,6086.500000,6089.500000,227
2025-07-27 11:30,6088.500000,6091.500000,6086.500000,6090.000000,416
2025-07-27 11:45,6089.000000,6090.500000,6087.500000,6090.000000,77
2025-07-27 12:00,6089.000000,6089.000000,6085.500000,6085.500000,123
2025-07-27 12:15,6086.000000,6088.000000,6082.000000,6084.000000,793
2025-07-27 12:30,6083.500000,6085.000000,6075.000000,6078.500000,1604
2025-07-27 12:45,6079.000000,6082.000000,6078.500000,6082.000000,261
2025-07-27 13:00,6082.000000,6084.000000,6081.000000,6081.500000,206
2025-07-27 13:15,6081.500000,6082.000000,6079.500000,6080.000000,268
2025-07-27 13:30,6080.000000,6088.000000,6080.000000,6085.000000,1214
2025-07-27 13:45,6084.500000,6087.000000,6081.000000,6086.500000,120
2025-07-27 14:00,6086.000000,6086.000000,6080.500000,6081.000000,195
2025-07-27 14:15,6080.500000,6083.000000,6080.500000,6081.500000,192
2025-07-27 14:30,6081.000000,6085.000000,6080.000000,6084.500000,797
2025-07-27 14:45,6082.500000,6085.000000,6082.500000,6084.500000,188
2025-07-27 15:00,6083.500000,6084.500000,6082.000000,6083.000000,414
2025-07-27 15:15,6083.000000,6083.000000,6078.500000,6080.000000,505
2025-07-27 15:30,6078.500000,6080.500000,6078.000000,6078.000000,774
2025-07-27 15:45,6078.500000,6078.500000,6074.000000,6078.500000,1162
2025-07-27 16:00,6078.500000,6108.000000,6060.000000,6088.000000,21
2025-07-27 16:15,6077.000000,6091.500000,6075.000000,6078.500000,37
2025-07-27 16:30,6085.500000,6092.500000,6062.000000,6077.500000,141
2025-07-27 16:45,6077.500000,6091.000000,6073.000000,6076.000000,49
2025-07-27 17:00,6087.500000,6090.000000,6086.000000,6090.000000,31
2025-07-27 17:15,6087.500000,6089.500000,6077.000000,6078.500000,51
2025-07-27 17:30,6087.000000,6087.500000,6079.500000,6087.000000,22
2025-07-27 17:45,6087.000000,6087.000000,6078.000000,6087.000000,104
2025-07-27 18:00,6078.500000,6087.000000,6049.500000,6075.500000,1227
2025-07-27 18:15,6070.000000,6071.500000,6066.000000,6071.000000,65
2025-07-27 18:30,6069.000000,6069.000000,6063.500000,6063.500000,179
2025-07-27 18:45,6068.500000,6070.000000,6065.000000,6066.500000,138
2025-07-27 19:00,6068.500000,6068.500000,6065.000000,6065.000000,171
2025-07-27 19:15,6065.000000,6070.000000,6063.500000,6070.000000,41
2025-07-27 19:30,6070.000000,6089.500000,6066.000000,6074.000000,317
2025-07-27 19:45,6087.000000,6087.000000,6063.500000,6063.500000,30
2025-07-27 20:00,6083.000000,6086.500000,6068.000000,6073.500000,49
2025-07-27 20:15,6086.500000,6087.000000,6073.000000,6073.000000,55
2025-07-27 20:30,6076.000000,6086.500000,6073.000000,6085.000000,47
2025-07-27 20:45,6073.500000,6082.000000,6073.000000,6073.000000,17
2025-07-28 03:45,6076.000000,6076.000000,6076.000000,6076.000000,141
2025-07-28 04:00,6075.500000,6085.500000,6055.000000,6057.000000,8145
2025-07-28 04:15,6057.000000,6059.000000,6040.000000,6057.500000,5976
2025-07-28 04:30,6057.500000,6071.500000,6048.000000,6065.000000,7981
2025-07-28 04:45,6064.000000,6069.500000,6053.500000,6057.000000,2625
2025-07-28 05:00,6056.000000,6067.500000,6055.500000,6066.000000,854
2025-07-28 05:15,6066.000000,6070.000000,6062.500000,6067.000000,1165
2025-07-28 05:30,6067.000000,6069.500000,6066.000000,6068.500000,863
2025-07-28 05:45,6068.500000,6070.000000,6065.500000,6069.500000,658
2025-07-28 06:00,6069.000000,6072.500000,6050.500000,6053.500000,5455
2025-07-28 06:15,6054.000000,6054.000000,6046.000000,6049.500000,4386
2025-07-28 06:30,6049.500000,6049.500000,6045.000000,6046.000000,3897
2025-07-28 06:45,6046.000000,6051.500000,6045.000000,6051.000000,4105
2025-07-28 07:00,6050.000000,6059.000000,6035.500000,6036.000000,18910
2025-07-28 07:15,6035.500000,6045.000000,6030.000000,6040.000000,16528
2025-07-28 07:30,6039.500000,6041.500000,6020.500000,6022.000000,11968
2025-07-28 07:45,6023.000000,6044.000000,6022.000000,6044.000000,12088
2025-07-28 08:00,6044.000000,6068.500000,6040.500000,6063.000000,14865
2025-07-28 08:15,6063.500000,6068.500000,6051.000000,6054.000000,9192
2025-07-28 08:30,6055.000000,6079.000000,6050.000000,6060.000000,17789
2025-07-28 08:45,6061.000000,6073.000000,6057.500000,6064.000000,10795
2025-07-28 09:00,6065.500000,6073.500000,6060.000000,6067.000000,5038
2025-07-28 09:15,6067.500000,6089.000000,6066.500000,6083.500000,9402
2025-07-28 09:30,6083.500000,6085.000000,6074.500000,6080.000000,7341
2025-07-28 09:45,6080.500000,6083.000000,6072.000000,6075.000000,4147
2025-07-28 10:00,6075.500000,6118.000000,6075.000000,6111.000000,48699
2025-07-28 10:15,6111.000000,6114.000000,6092.000000,6092.500000,15732
2025-07-28 10:30,6093.000000,6098.000000,6081.000000,6086.500000,14592
2025-07-28 10:45,6087.000000,6092.500000,6081.500000,6091.500000,4359
2025-07-28 11:00,6091.500000,6093.000000,6080.000000,6085.000000,4868
2025-07-28 11:15,6085.500000,6097.500000,6084.500000,6086.500000,9074
2025-07-28 11:30,6087.000000,6096.000000,6086.000000,6093.000000,3156
2025-07-28 11:45,6092.500000,6098.000000,6040.500000,6042.000000,29389
2025-07-28 12:00,6042.500000,6043.000000,5990.500000,6011.000000,81414
2025-07-28 12:15,6012.000000,6023.000000,5976.500000,5981.500000,40823
2025-07-28 12:30,5982.000000,6011.000000,5970.000000,6003.000000,19958
2025-07-28 12:45,6003.500000,6019.500000,6002.000000,6019.500000,10141
2025-07-28 13:00,6019.500000,6040.000000,5972.500000,5980.500000,83284
2025-07-28 13:15,5980.500000,6019.500000,5979.500000,6009.500000,25334
2025-07-28 13:30,6009.500000,6013.500000,5995.500000,5999.500000,12359
2025-07-28 13:45,5999.500000,6005.500000,5989.000000,6003.000000,7047
2025-07-28 14:00,6002.000000,6003.000000,5990.000000,5990.000000,8207
2025-07-28 14:15,5990.500000,5995.000000,5985.000000,5991.500000,12606
2025-07-28 14:30,5991.000000,5997.500000,5980.500000,5992.500000,17456
2025-07-28 14:45,5991.500000,6006.000000,5990.500000,6002.500000,11892
2025-07-28 15:00,6003.000000,6004.500000,5987.500000,5995.000000,8359
2025-07-28 15:15,5995.000000,6006.000000,5989.000000,5993.500000,13469
2025-07-28 15:30,5994.500000,5994.500000,5980.500000,5984.500000,9516
2025-07-28 15:45,5985.000000,5985.000000,5985.000000,5985.000000,83
2025-07-28 16:00,5987.000000,5994.500000,5982.500000,5987.500000,4535
2025-07-28 16:15,5987.500000,5993.000000,5981.000000,5992.500000,4902
2025-07-28 16:30,5992.000000,5994.000000,5987.000000,5990.000000,3015
2025-07-28 16:45,5990.500000,5990.500000,5984.000000,5986.000000,2877
2025-07-28 17:00,5986.000000,5990.000000,5982.000000,5985.000000,3666
2025-07-28 17:15,5985.000000,5988.500000,5982.000000,5985.500000,1742
2025-07-28 17:30,5985.500000,5987.000000,5977.000000,5977.000000,4051
2025-07-28 17:45,5977.500000,5984.000000,5971.500000,5981.000000,8031
2025-07-28 18:00,5981.000000,5981.000000,5976.000000,5980.000000,3216
2025-07-28 18:15,5980.000000,5985.500000,5979.500000,5984.000000,1772
2025-07-28 18:30,5984.000000,5993.000000,5982.500000,5992.500000,2968
2025-07-28 18:45,5992.500000,5992.500000,5989.000000,5991.000000,1405
2025-07-28 19:00,5991.500000,5992.000000,5981.000000,5985.000000,3923
2025-07-28 19:15,5985.000000,5988.000000,5983.000000,5983.000000,1159
2025-07-28 19:30,5983.000000,5983.500000,5975.000000,5979.500000,5001
2025-07-28 19:45,5980.000000,5985.000000,5972.500000,5973.000000,7831
2025-07-28 20:00,5973.000000,5975.500000,5970.000000,5970.500000,4099
2025-07-28 20:15,5970.500000,5974.000000,5969.000000,5969.500000,3763
2025-07-28 20:30,5969.500000,5977.000000,5969.500000,5977.000000,1356
2025-07-28 20:45,5976.500000,5984.500000,5975.000000,5981.500000,2469
2025-07-29 03:45,5993.000000,5993.000000,5993.000000,5993.000000,33
2025-07-29 04:00,5995.000000,5996.500000,5981.000000,5995.500000,4333
2025-07-29 04:15,5996.000000,6030.500000,5996.000000,6018.500000,11734
2025-07-29 04:30,6018.500000,6024.500000,6003.000000,6004.000000,3430
2025-07-29 04:45,6007.000000,6026.500000,6005.000000,6023.000000,4935
2025-07-29 05:00,6023.000000,6025.000000,6017.000000,6025.000000,2512
2025-07-29 05:15,6025.000000,6029.000000,6011.000000,6012.000000,2547
2025-07-29 05:30,6012.000000,6022.000000,6011.000000,6022.000000,934
2025-07-29 05:45,6022.000000,6022.000000,6013.500000,6016.000000,1394
2025-07-29 06:00,6015.500000,6015.500000,6000.500000,6004.500000,10033
2025-07-29 06:15,6005.000000,6014.000000,6000.500000,6003.000000,4689
2025-07-29 06:30,6002.500000,6012.000000,6000.500000,6005.500000,2227
2025-07-29 06:45,6005.500000,6022.500000,6004.500000,6014.000000,5210
2025-07-29 07:00,6014.000000,6027.000000,6012.500000,6025.500000,12323
2025-07-29 07:15,6025.500000,6027.000000,6000.500000,6002.000000,19321
2025-07-29 07:30,6002.000000,6013.500000,6000.000000,6007.500000,7570
2025-07-29 07:45,6009.500000,6010.000000,5995.000000,6009.000000,8623
2025-07-29 08:00,6010.500000,6028.500000,6007.500000,6016.500000,10752
2025-07-29 08:15,6015.500000,6024.000000,6012.000000,6022.500000,14423
2025-07-29 08:30,6022.000000,6024.500000,6007.000000,6021.000000,12407
2025-07-29 08:45,6019.500000,6025.000000,6010.000000,6020.000000,14372
2025-07-29 09:00,6020.500000,6023.500000,6007.000000,6014.000000,12805
2025-07-29 09:15,6013.500000,6013.500000,5996.000000,6007.000000,9918
2025-07-29 09:30,6007.000000,6013.000000,6003.500000,6005.500000,2903
2025-07-29 09:45,6003.500000,6010.000000,6000.000000,6001.500000,3306
2025-07-29 10:00,6001.500000,6006.500000,5996.000000,6000.500000,5529
2025-07-29 10:15,6001.000000,6003.500000,5996.000000,6003.000000,5200
2025-07-29 10:30,6002.500000,6014.500000,5998.500000,6009.000000,6564
2025-07-29 10:45,6009.000000,6014.000000,6007.000000,6008.000000,3282
2025-07-29 11:00,6008.000000,6012.000000,6005.500000,6006.000000,3716
2025-07-29 11:15,6006.000000,6023.500000,6006.000000,6018.500000,13094
2025-07-29 11:30,6018.500000,6019.000000,6010.000000,6013.000000,5138
2025-07-29 11:45,6013.000000,6014.500000,6005.000000,6012.000000,2526
2025-07-29 12:00,6012.000000,6015.000000,6009.000000,6011.000000,4873
2025-07-29 12:15,6012.000000,6016.000000,6002.000000,6002.500000,5124
2025-07-29 12:30,6004.000000,6011.000000,5997.000000,6011.000000,6987
2025-07-29 12:45,6010.500000,6015.500000,6008.500000,6015.000000,4244
2025-07-29 13:00,6014.500000,6015.000000,6009.500000,6009.500000,6149
2025-07-29 13:15,6010.000000,6012.500000,6000.000000,6006.500000,3962
2025-07-29 13:30,6008.000000,6009.500000,6000.000000,6004.500000,4509
2025-07-29 13:45,6004.500000,6006.500000,5990.000000,5998.000000,17481
2025-07-29 14:00,5998.500000,6001.500000,5992.000000,6000.000000,6203
2025-07-29 14:15,5999.500000,6000.000000,5995.500000,5997.500000,2442
2025-07-29 14:30,5997.500000,6000.000000,5995.500000,5996.000000,2792
2025-07-29 14:45,5996.000000,6010.000000,5995.000000,6009.000000,16508
2025-07-29 15:00,6008.000000,6015.000000,6005.000000,6014.000000,10266
2025-07-29 15:15,6014.000000,6015.000000,6002.500000,6003.000000,5951
2025-07-29 15:30,6003.000000,6011.500000,6002.500000,6009.500000,3324
2025-07-29 15:45,6009.000000,6009.000000,6009.000000,6009.000000,266
2025-07-29 16:00,6009.000000,6015.000000,6005.000000,6008.500000,2300
2025-07-29 16:15,6010.500000,6011.500000,6008.500000,6010.000000,2038
2025-07-29 16:30,6010.000000,6013.500000,6004.000000,6006.500000,3021
2025-07-29 16:45,6006.500000,6006.500000,6002.500000,6004.500000,6747
2025-07-29 17:00,6004.500000,6010.000000,6003.500000,6010.000000,831
2025-07-29 17:15,6010.500000,6021.000000,6010.500000,6020.500000,5737
2025-07-29 17:30,6020.000000,6020.500000,5974.000000,5989.000000,34668
2025-07-29 17:45,5989.500000,5995.000000,5964.000000,5964.000000,23989
2025-07-29 18:00,5965.000000,5979.500000,5955.000000,5972.500000,20076
2025-07-29 18:15,5972.500000,5977.500000,5964.000000,5973.000000,4606
2025-07-29 18:30,5972.500000,5974.500000,5968.000000,5971.000000,2694
2025-07-29 18:45,5971.000000,5972.000000,5959.000000,5969.000000,5509
2025-07-29 19:00,5969.500000,5977.500000,5969.500000,5973.500000,4247
2025-07-29 19:15,5975.000000,5988.500000,5971.500000,5988.500000,4144
2025-07-29 19:30,5989.000000,5989.500000,5978.500000,5983.500000,3084
2025-07-29 19:45,5983.500000,5990.000000,5980.500000,5990.000000,6337
2025-07-29 20:00,5989.500000,6000.000000,5989.500000,6000.000000,3194
2025-07-29 20:15,5999.500000,6008.000000,5999.500000,6003.500000,5220
2025-07-29 20:30,6003.500000,6004.500000,6000.000000,6000.500000,2083
2025-07-29 20:45,6000.500000,6010.000000,6000.500000,6005.000000,1361
2025-07-30 03:45,6005.000000,6005.000000,6005.000000,6005.000000,364
2025-07-30 04:00,6005.000000,6020.000000,5985.500000,5992.000000,6038
2025-07-30 04:15,5991.000000,5998.000000,5981.000000,5983.500000,2567
2025-07-30 04:30,5983.500000,5996.500000,5980.500000,5996.500000,1113
2025-07-30 04:45,5996.500000,6003.500000,5988.000000,6001.500000,2391
2025-07-30 05:00,6001.500000,6001.500000,5990.500000,5991.500000,1838
2025-07-30 05:15,5992.000000,5994.000000,5986.000000,5993.000000,1259
2025-07-30 05:30,5994.000000,6002.000000,5993.000000,5993.000000,1161
2025-07-30 05:45,5993.500000,5996.000000,5990.000000,5991.000000,445
2025-07-30 06:00,5990.500000,6005.500000,5990.500000,6000.500000,4586
2025-07-30 06:15,6000.500000,6005.000000,5996.000000,5999.000000,1891
2025-07-30 06:30,5999.000000,6026.000000,5999.000000,6013.000000,11082
2025-07-30 06:45,6013.500000,6018.000000,6010.500000,6010.500000,2783
2025-07-30 07:00,6010.500000,6010.500000,5978.000000,5979.500000,22280
2025-07-30 07:15,5980.000000,5988.500000,5969.500000,5973.000000,14113
2025-07-30 07:30,5973.000000,5981.000000,5962.000000,5978.000000,9882
2025-07-30 07:45,5978.000000,5982.000000,5975.500000,5980.500000,9091
2025-07-30 08:00,5980.500000,5980.500000,5956.000000,5967.500000,18596
2025-07-30 08:15,5968.000000,5971.500000,5945.000000,5950.500000,24484
2025-07-30 08:30,5952.000000,5964.000000,5950.500000,5963.500000,12700
2025-07-30 08:45,5963.500000,5967.500000,5956.000000,5963.500000,10439
2025-07-30 09:00,5964.500000,5967.500000,5951.500000,5967.500000,16149
2025-07-30 09:15,5967.500000,5968.500000,5950.000000,5957.000000,8235
2025-07-30 09:30,5956.500000,5964.000000,5953.500000,5963.000000,4240
2025-07-30 09:45,5963.000000,5964.000000,5958.500000,5960.500000,4510
2025-07-30 10:00,5959.500000,5963.000000,5958.000000,5959.500000,2222
2025-07-30 10:15,5959.500000,5966.000000,5950.000000,5951.000000,6607
2025-07-30 10:30,5951.000000,5959.500000,5950.000000,5956.500000,10452
2025-07-30 10:45,5956.000000,5969.500000,5955.000000,5965.000000,5615
2025-07-30 11:00,5966.500000,5968.000000,5963.000000,5966.500000,1897
2025-07-30 11:15,5966.000000,5966.500000,5953.500000,5963.500000,8844
2025-07-30 11:30,5964.500000,5969.500000,5960.000000,5966.000000,3487
2025-07-30 11:45,5966.000000,5967.000000,5957.000000,5957.000000,11901
2025-07-30 12:00,5957.500000,5966.500000,5955.500000,5957.500000,9286
2025-07-30 12:15,5957.000000,5957.500000,5930.000000,5937.000000,40589
2025-07-30 12:30,5936.500000,5937.000000,5920.000000,5920.000000,16365
2025-07-30 12:45,5920.000000,5923.500000,5902.000000,5909.500000,29733
2025-07-30 13:00,5909.500000,5911.500000,5903.000000,5909.000000,19020
2025-07-30 13:15,5909.000000,5916.000000,5904.500000,5910.500000,9824
2025-07-30 13:30,5912.000000,5916.500000,5904.000000,5914.500000,9372
2025-07-30 13:45,5914.000000,5921.000000,5909.000000,5917.500000,8689
2025-07-30 14:00,5918.000000,5939.000000,5918.000000,5939.000000,8986
2025-07-30 14:15,5938.500000,5939.000000,5915.000000,5920.500000,12535
2025-07-30 14:30,5920.000000,5929.500000,5920.000000,5924.000000,5218
2025-07-30 14:45,5923.500000,5929.500000,5921.000000,5923.500000,9564
2025-07-30 15:00,5923.500000,5925.000000,5917.000000,5920.500000,6010
2025-07-30 15:15,5920.500000,5926.500000,5918.000000,5926.000000,6407
2025-07-30 15:30,5925.500000,5930.000000,5925.000000,5930.000000,1773
2025-07-30 15:45,5924.500000,5924.500000,5924.500000,5924.500000,11642
2025-07-30 16:00,5931.500000,5934.500000,5924.500000,5928.000000,10266
2025-07-30 16:15,5929.000000,5929.000000,5924.000000,5924.500000,2732
2025-07-30 16:30,5924.000000,5926.500000,5920.000000,5922.500000,2813
2025-07-30 16:45,5921.000000,5922.500000,5911.000000,5915.000000,4836
2025-07-30 17:00,5913.500000,5921.000000,5910.500000,5917.000000,4090
2025-07-30 17:15,5917.500000,5917.500000,5913.500000,5916.000000,2152
2025-07-30 17:30,5916.000000,5919.500000,5914.500000,5918.500000,1536
2025-07-30 17:45,5918.500000,5919.500000,5917.000000,5919.500000,662
2025-07-30 18:00,5918.500000,5922.500000,5918.500000,5922.000000,2120
2025-07-30 18:15,5922.000000,5924.500000,5921.000000,5924.500000,721
2025-07-30 18:30,5924.500000,5927.500000,5923.500000,5926.000000,1000
2025-07-30 18:45,5926.500000,5927.000000,5920.000000,5922.500000,2965
2025-07-30 19:00,5922.500000,5922.500000,5920.000000,5921.000000,900
2025-07-30 19:15,5921.000000,5921.500000,5918.500000,5921.000000,1456
2025-07-30 19:30,5921.000000,5926.500000,5920.500000,5925.000000,1391
2025-07-30 19:45,5925.000000,5927.000000,5922.500000,5926.000000,1385
2025-07-30 20:00,5926.500000,5927.500000,5926.000000,5927.000000,1118
2025-07-30 20:15,5926.000000,5927.000000,5925.500000,5926.000000,1191
2025-07-30 20:30,5925.500000,5927.500000,5925.500000,5927.500000,2603
2025-07-30 20:45,5927.500000,5927.500000,5925.500000,5925.500000,1131
2025-07-31 03:45,5925.000000,5925.000000,5925.000000,5925.000000,205
2025-07-31 04:00,5925.000000,5934.500000,5918.500000,5933.500000,2187
2025-07-31 04:15,5932.500000,5940.000000,5926.500000,5928.000000,2120
2025-07-31 04:30,5928.000000,5939.500000,5926.500000,5939.000000,3099
2025-07-31 04:45,5939.000000,5940.000000,5929.000000,5930.000000,4757
2025-07-31 05:00,5931.000000,5934.500000,5929.000000,5931.000000,1050
2025-07-31 05:15,5931.000000,5935.000000,5929.000000,5935.000000,2266
2025-07-31 05:30,5935.000000,5940.000000,5934.500000,5939.000000,2153
2025-07-31 05:45,5939.000000,5939.500000,5935.500000,5937.000000,962
2025-07-31 06:00,5937.000000,5939.500000,5928.000000,5939.500000,2257
2025-07-31 06:15,5939.500000,5959.500000,5933.500000,5955.000000,14983
2025-07-31 06:30,5955.500000,5955.500000,5942.500000,5944.500000,4977
2025-07-31 06:45,5944.500000,5953.500000,5941.500000,5945.500000,5329
2025-07-31 07:00,5944.500000,5968.500000,5942.000000,5942.500000,20938
2025-07-31 07:15,5942.500000,5943.000000,5930.000000,5933.500000,7842
2025-07-31 07:30,5933.000000,5943.000000,5930.000000,5936.000000,7817
2025-07-31 07:45,5936.000000,5938.000000,5923.000000,5925.500000,11867
2025-07-31 08:00,5925.000000,5930.000000,5923.500000,5924.000000,5774
2025-07-31 08:15,5924.000000,5924.500000,5905.000000,5907.500000,15486
2025-07-31 08:30,5909.000000,5922.500000,5907.000000,5914.000000,18951
2025-07-31 08:45,5914.000000,5916.500000,5905.000000,5908.500000,10263
2025-07-31 09:00,5908.500000,5921.500000,5905.500000,5911.000000,11575
2025-07-31 09:15,5912.000000,5922.000000,5912.000000,5920.000000,4705
2025-07-31 09:30,5919.500000,5920.000000,5912.000000,5919.000000,6278
2025-07-31 09:45,5919.000000,5920.000000,5911.000000,5913.500000,9679
2025-07-31 10:00,5915.000000,5930.000000,5914.500000,5926.000000,7947
2025-07-31 10:15,5926.500000,5928.000000,5916.500000,5919.500000,6970
2025-07-31 10:30,5919.500000,5925.000000,5914.000000,5925.000000,8745
2025-07-31 10:45,5925.500000,5930.000000,5916.000000,5916.500000,9797
2025-07-31 11:00,5916.500000,5927.500000,5913.500000,5922.500000,9238
2025-07-31 11:15,5923.000000,5923.000000,5912.000000,5912.500000,4152
2025-07-31 11:30,5912.500000,5916.500000,5906.000000,5906.500000,11110
2025-07-31 11:45,5906.500000,5909.500000,5890.000000,5902.000000,46967
2025-07-31 12:00,5902.500000,5904.000000,5892.500000,5898.000000,8381
2025-07-31 12:15,5897.500000,5902.000000,5896.500000,5902.000000,14034
2025-07-31 12:30,5902.000000,5906.500000,5901.000000,5902.000000,10989
2025-07-31 12:45,5902.000000,5906.500000,5897.000000,5899.000000,7983
2025-07-31 13:00,5898.500000,5899.500000,5875.500000,5880.000000,21774
2025-07-31 13:15,5880.500000,5885.000000,5870.500000,5873.000000,14951
2025-07-31 13:30,5874.000000,5905.000000,5872.500000,5901.500000,12462
2025-07-31 13:45,5902.000000,5912.500000,5900.500000,5911.000000,10026
2025-07-31 14:00,5911.000000,5912.500000,5900.500000,5902.500000,4734
2025-07-31 14:15,5903.500000,5910.000000,5901.000000,5902.000000,4452
2025-07-31 14:30,5902.500000,5922.000000,5902.000000,5917.000000,10658
2025-07-31 14:45,5917.000000,5923.500000,5915.000000,5916.000000,8726
2025-07-31 15:00,5915.500000,5925.000000,5915.000000,5923.000000,6252
2025-07-31 15:15,5923.000000,5925.000000,5919.500000,5924.500000,3363
2025-07-31 15:30,5924.000000,5925.500000,5918.500000,5920.000000,4589
2025-07-31 15:45,5924.000000,5924.000000,5924.000000,5924.000000,1477
2025-07-31 16:00,5923.500000,5934.000000,5920.000000,5929.000000,9763
2025-07-31 16:15,5929.500000,5935.000000,5927.500000,5935.000000,3959
2025-07-31 16:30,5935.000000,5937.500000,5927.000000,5928.500000,3267
2025-07-31 16:45,5928.500000,5929.000000,5924.000000,5929.000000,2387
2025-07-31 17:00,5929.000000,5929.500000,5918.500000,5919.500000,2833
2025-07-31 17:15,5920.000000,5924.000000,5919.000000,5924.000000,1725
2025-07-31 17:30,5924.000000,5924.000000,5921.000000,5922.500000,686
2025-07-31 17:45,5922.500000,5924.000000,5921.000000,5921.000000,516
2025-07-31 18:00,5921.500000,5924.000000,5919.000000,5920.000000,1728
2025-07-31 18:15,5919.500000,5924.000000,5917.000000,5920.500000,3408
2025-07-31 18:30,5920.000000,5922.500000,5917.500000,5921.500000,382
2025-07-31 18:45,5921.000000,5923.500000,5921.000000,5923.000000,848
2025-07-31 19:00,5923.000000,5923.000000,5921.000000,5921.000000,1250
2025-07-31 19:15,5921.000000,5921.000000,5920.000000,5920.500000,296
2025-07-31 19:30,5921.000000,5923.000000,5920.000000,5922.500000,1202
2025-07-31 19:45,5921.500000,5923.000000,5921.500000,5923.000000,544
2025-07-31 20:00,5923.000000,5924.000000,5921.000000,5923.000000,749
2025-07-31 20:15,5923.000000,5923.000000,5921.000000,5921.000000,1249
2025-07-31 20:30,5921.500000,5929.500000,5921.500000,5927.000000,2396
2025-07-31 20:45,5927.000000,5928.000000,5920.500000,5922.000000,905
2025-08-01 03:45,5930.000000,5930.000000,5930.000000,5930.000000,59
2025-08-01 04:00,5930.000000,5942.000000,5924.000000,5939.000000,3770
2025-08-01 04:15,5940.000000,5941.500000,5932.500000,5939.500000,2861
2025-08-01 04:30,5938.500000,5942.000000,5932.000000,5933.500000,2434
2025-08-01 04:45,5933.500000,5944.000000,5933.000000,5944.000000,1451
2025-08-01 05:00,5944.000000,5948.000000,5943.500000,5944.500000,3717
2025-08-01 05:15,5943.500000,5945.000000,5940.000000,5941.500000,2569
2025-08-01 05:30,5943.500000,5944.000000,5941.000000,5941.000000,1569
2025-08-01 05:45,5940.500000,5942.000000,5933.500000,5933.500000,2294
2025-08-01 06:00,5935.500000,5941.000000,5935.500000,5938.000000,2095
2025-08-01 06:15,5937.500000,5939.500000,5930.000000,5939.500000,2375
2025-08-01 06:30,5938.500000,5941.000000,5933.000000,5934.500000,4293
2025-08-01 06:45,5934.000000,5944.500000,5933.000000,5943.000000,5074
2025-08-01 07:00,5941.000000,5943.000000,5935.000000,5936.000000,4414
2025-08-01 07:15,5936.000000,5937.000000,5927.000000,5933.000000,7220
2025-08-01 07:30,5933.500000,5941.500000,5926.500000,5928.000000,17819
2025-08-01 07:45,5929.500000,5943.500000,5928.500000,5939.500000,13126
2025-08-01 08:00,5940.000000,5941.000000,5934.000000,5934.500000,2469
2025-08-01 08:15,5934.500000,5938.500000,5934.000000,5938.000000,4414
2025-08-01 08:30,5938.500000,5942.000000,5935.500000,5939.000000,4353
2025-08-01 08:45,5939.000000,5941.500000,5935.500000,5936.500000,6648
2025-08-01 09:00,5936.500000,5938.000000,5933.000000,5938.000000,4064
2025-08-01 09:15,5938.000000,5938.000000,5933.000000,5934.000000,11135
2025-08-01 09:30,5934.000000,5938.000000,5925.500000,5925.500000,12371
2025-08-01 09:45,5925.500000,5930.000000,5925.000000,5929.000000,5481
2025-08-01 10:00,5928.000000,5930.000000,5920.500000,5922.000000,13671
2025-08-01 10:15,5922.000000,5929.500000,5921.000000,5929.500000,7474
2025-08-01 10:30,5929.500000,5939.500000,5929.500000,5938.000000,7574
2025-08-01 10:45,5938.000000,5940.000000,5936.000000,5940.000000,8412
2025-08-01 11:00,5940.000000,5940.500000,5932.500000,5934.000000,5490
2025-08-01 11:15,5934.000000,5937.000000,5929.000000,5930.000000,10353
2025-08-01 11:30,5930.000000,5930.000000,5913.500000,5919.500000,15063
2025-08-01 11:45,5918.500000,5920.500000,5905.000000,5909.500000,18077
2025-08-01 12:00,5908.500000,5921.000000,5907.000000,5918.500000,8748
2025-08-01 12:15,5918.500000,5923.500000,5915.000000,5922.500000,3211
2025-08-01 12:30,5922.500000,5926.000000,5917.000000,5920.500000,3892
2025-08-01 12:45,5920.000000,5921.500000,5911.000000,5911.500000,10295
2025-08-01 13:00,5911.000000,5929.000000,5907.000000,5925.500000,9617
2025-08-01 13:15,5923.500000,5930.000000,5922.000000,5928.000000,4067
2025-08-01 13:30,5928.000000,5940.000000,5922.000000,5935.500000,7772
2025-08-01 13:45,5935.500000,5938.000000,5926.500000,5937.000000,8615
2025-08-01 14:00,5937.500000,5938.000000,5926.500000,5930.500000,4182
2025-08-01 14:15,5931.500000,5931.500000,5925.000000,5928.000000,3386
2025-08-01 14:30,5928.000000,5934.500000,5928.000000,5932.000000,6209
2025-08-01 14:45,5932.000000,5936.500000,5930.000000,5935.500000,9552
2025-08-01 15:00,5935.000000,5936.000000,5929.500000,5930.000000,11782
2025-08-01 15:15,5930.000000,5930.000000,5927.500000,5929.000000,4352
2025-08-01 15:30,5929.000000,5935.000000,5924.500000,5929.000000,5565
2025-08-01 15:45,5920.000000,5920.000000,5920.000000,5920.000000,5053
2025-08-01 16:00,5928.000000,5932.000000,5923.500000,5932.000000,3288
2025-08-01 16:15,5932.000000,5933.000000,5927.500000,5929.000000,1628
2025-08-01 16:30,5929.000000,5932.000000,5927.500000,5931.500000,1316
2025-08-01 16:45,5931.500000,5931.500000,5898.500000,5906.500000,20141
2025-08-01 17:00,5906.000000,5909.000000,5888.000000,5907.500000,19761
2025-08-01 17:15,5908.500000,5916.000000,5906.500000,5911.000000,4955
2025-08-01 17:30,5911.500000,5928.000000,5911.500000,5924.500000,6411
2025-08-01 17:45,5924.000000,5931.500000,5917.500000,5926.000000,4010
2025-08-01 18:00,5926.000000,5930.000000,5917.000000,5929.000000,1825
2025-08-01 18:15,5929.000000,5936.000000,5926.500000,5935.000000,2609
2025-08-01 18:30,5935.000000,5944.500000,5932.000000,5937.500000,6945
2025-08-01 18:45,5938.500000,5941.000000,5933.000000,5938.000000,1715
2025-08-01 19:00,5938.500000,5938.500000,5930.000000,5932.500000,1310
2025-08-01 19:15,5932.500000,5935.500000,5930.000000,5934.000000,874
2025-08-01 19:30,5934.500000,5935.000000,5931.000000,5932.000000,1221
2025-08-01 19:45,5932.500000,5933.500000,5920.000000,5920.500000,8978
2025-08-01 20:00,5920.500000,5922.500000,5918.000000,5920.000000,438
2025-08-01 20:15,5919.000000,5925.000000,5915.500000,5915.500000,4983
2025-08-01 20:30,5915.500000,5919.000000,5914.000000,5917.500000,1546
2025-08-01 20:45,5917.000000,5917.500000,5910.000000,5910.500000,3941
2025-08-01 23:00,5904.500000,5920.000000,5883.000000,5893.000000,73
2025-08-01 23:15,5897.000000,5909.000000,5893.500000,5909.000000,16
2025-08-01 23:30,5897.500000,5909.000000,5897.500000,5909.000000,8
2025-08-01 23:45,5909.000000,5916.000000,5909.000000,5909.500000,8
2025-08-02 00:00,5916.500000,5917.500000,5916.500000,5917.500000,17
2025-08-02 00:15,5917.500000,5917.500000,5917.500000,5917.500000,10
2025-08-02 00:30,5910.500000,5917.500000,5910.500000,5917.500000,14
2025-08-02 00:45,5917.500000,5918.000000,5917.500000,5917.500000,13
2025-08-02 01:00,5918.000000,5918.000000,5917.500000,5917.500000,7
2025-08-02 01:15,5917.500000,5918.000000,5917.500000,5917.500000,9
2025-08-02 01:30,5918.000000,5924.500000,5918.000000,5924.500000,11
2025-08-02 01:45,5924.500000,5925.000000,5912.500000,5912.500000,33
2025-08-02 02:00,5912.500000,5924.500000,5910.000000,5924.000000,7
2025-08-02 02:15,5912.500000,5923.500000,5912.000000,5923.500000,10
2025-08-02 02:30,5924.000000,5925.000000,5920.000000,5925.000000,14
2025-08-02 02:45,5927.000000,5927.500000,5910.000000,5926.500000,27
2025-08-02 03:00,5927.000000,5927.000000,5915.000000,5925.000000,13
2025-08-02 03:15,5915.000000,5928.000000,5915.000000,5928.000000,28
2025-08-02 03:30,5928.000000,5930.000000,5925.000000,5925.000000,20
2025-08-02 03:45,5930.000000,5934.000000,5909.500000,5934.000000,128
2025-08-02 04:00,5928.500000,5933.500000,5915.000000,5932.500000,119
2025-08-02 04:15,5933.000000,5933.000000,5915.000000,5915.500000,88
2025-08-02 04:30,5925.500000,5928.000000,5916.000000,5916.000000,23
2025-08-02 04:45,5918.000000,5933.000000,5916.000000,5933.000000,131
2025-08-02 05:00,5933.000000,5933.000000,5917.000000,5928.500000,102
2025-08-02 05:15,5928.500000,5928.500000,5912.500000,5912.500000,139
2025-08-02 05:30,5913.000000,5927.000000,5912.000000,5920.000000,90
2025-08-02 05:45,5920.000000,5929.000000,5917.000000,5917.000000,251
2025-08-02 06:00,5927.500000,5928.500000,5917.500000,5927.500000,98
2025-08-02 06:15,5927.500000,5927.500000,5918.000000,5927.500000,64
2025-08-02 06:30,5918.500000,5927.500000,5917.000000,5917.500000,132
2025-08-02 06:45,5918.000000,5925.500000,5917.000000,5925.000000,38
2025-08-02 07:00,5917.000000,5926.000000,5916.500000,5926.000000,124
2025-08-02 07:15,5918.000000,5925.500000,5918.000000,5924.000000,80
2025-08-02 07:30,5925.000000,5925.000000,5915.000000,5916.000000,120
2025-08-02 07:30,5925.000000,5925.000000,5915.000000,5916.000000,120
2025-08-02 07:45,5924.500000,5925.000000,5915.500000,5924.500000,76
2025-08-02 08:00,5916.000000,5925.000000,5916.000000,5925.000000,228
2025-08-02 08:15,5925.000000,5925.000000,5918.000000,5924.000000,59
2025-08-02 08:30,5919.000000,5925.000000,5918.000000,5918.500000,92
2025-08-02 08:45,5924.500000,5927.500000,5918.500000,5919.000000,56
2025-08-02 09:00,5925.000000,5927.500000,5916.500000,5926.000000,166
2025-08-02 09:15,5926.000000,5926.500000,5917.500000,5924.500000,117
2025-08-02 09:30,5925.000000,5925.000000,5917.500000,5918.000000,83
2025-08-02 09:45,5924.000000,5924.500000,5917.500000,5924.000000,61
2025-08-02 10:00,5920.000000,5924.000000,5916.000000,5924.000000,114
2025-08-02 10:15,5916.500000,5924.000000,5916.500000,5920.000000,48
2025-08-02 10:30,5920.000000,5924.000000,5920.000000,5920.000000,75
2025-08-02 10:45,5920.000000,5924.500000,5920.000000,5924.500000,61
2025-08-02 11:00,5924.500000,5925.000000,5919.000000,5924.500000,50
2025-08-02 11:15,5924.500000,5928.000000,5919.000000,5928.000000,139
2025-08-02 11:30,5928.000000,5928.500000,5916.500000,5926.500000,106
2025-08-02 11:45,5926.500000,5928.500000,5917.500000,5918.500000,113
2025-08-02 12:00,5928.000000,5928.500000,5918.500000,5928.000000,49
2025-08-02 12:15,5918.500000,5928.500000,5918.500000,5928.500000,45
2025-08-02 12:30,5928.500000,5928.500000,5918.500000,5919.500000,124
2025-08-02 12:45,5927.000000,5928.000000,5918.000000,5918.000000,98
2025-08-02 13:00,5918.000000,5927.500000,5917.500000,5926.500000,100
2025-08-02 13:15,5918.000000,5927.000000,5918.000000,5918.000000,65
2025-08-02 13:30,5926.500000,5928.000000,5918.500000,5918.500000,78
2025-08-02 13:45,5918.000000,5927.500000,5918.000000,5927.000000,79
2025-08-02 14:00,5926.000000,5926.000000,5918.500000,5925.500000,57
2025-08-02 14:15,5921.000000,5926.000000,5918.000000,5918.000000,86
2025-08-02 14:30,5925.500000,5928.000000,5919.000000,5928.000000,62
2025-08-02 14:45,5928.000000,5928.000000,5918.000000,5927.500000,95
2025-08-02 15:00,5927.500000,5927.500000,5918.000000,5925.500000,46
2025-08-02 15:15,5926.000000,5926.500000,5920.000000,5926.500000,114
2025-08-02 15:30,5926.500000,5929.000000,5918.000000,5918.000000,206
2025-08-02 15:45,5927.000000,5935.000000,5917.500000,5932.500000,1089
2025-08-02 16:00,5930.000000,5932.000000,5919.000000,5921.000000,78
2025-08-02 16:15,5930.500000,5935.000000,5921.000000,5925.500000,414
2025-08-02 16:30,5934.500000,5935.000000,5930.000000,5935.000000,39
2025-08-02 16:45,5935.000000,5935.000000,5930.000000,5934.500000,73
2025-08-02 17:00,5934.500000,5935.000000,5924.000000,5924.000000,55
2025-08-02 17:15,5924.000000,5935.000000,5924.000000,5924.500000,57
2025-08-02 17:30,5925.000000,5934.500000,5925.000000,5934.000000,17
2025-08-02 17:45,5925.500000,5934.000000,5925.500000,5927.000000,37
2025-08-02 18:00,5927.000000,5927.000000,5925.500000,5925.500000,12
2025-08-02 18:15,5927.000000,5927.000000,5925.000000,5927.000000,42
2025-08-02 18:30,5927.000000,5927.000000,5924.500000,5924.500000,40
2025-08-02 18:45,5927.000000,5928.000000,5925.000000,5928.000000,54
2025-08-02 19:00,5928.000000,5928.000000,5925.000000,5925.000000,24
2025-08-02 19:15,5930.000000,5932.500000,5925.500000,5932.500000,17
2025-08-02 19:30,5932.500000,5932.500000,5924.500000,5924.500000,93
2025-08-02 19:45,5930.000000,5933.000000,5924.500000,5926.000000,92
2025-08-02 20:00,5926.500000,5934.000000,5926.500000,5934.000000,30
2025-08-02 20:15,5933.000000,5934.000000,5928.000000,5928.000000,38
2025-08-02 20:30,5928.000000,5928.000000,5926.500000,5928.000000,370
2025-08-02 20:45,5926.500000,5928.000000,5926.000000,5928.000000,31
2025-08-02 23:00,5902.500000,5953.000000,5902.500000,5922.500000,11
2025-08-02 23:15,5947.500000,5948.500000,5946.500000,5948.500000,12
2025-08-02 23:30,5948.000000,5948.500000,5918.500000,5945.000000,20
2025-08-02 23:45,5929.500000,5942.500000,5929.500000,5942.500000,7
2025-08-03 00:00,5920.000000,5920.000000,5920.000000,5920.000000,1
2025-08-03 00:15,5938.500000,5938.500000,5938.500000,5938.500000,1
2025-08-03 00:30,5926.000000,5938.500000,5926.000000,5938.500000,2
2025-08-03 00:45,5939.000000,5939.000000,5939.000000,5939.000000,1
2025-08-03 01:00,5939.000000,5939.000000,5920.000000,5938.500000,42
2025-08-03 01:15,5926.000000,5939.000000,5920.500000,5939.000000,9
2025-08-03 01:30,5939.000000,5939.000000,5938.500000,5939.000000,4
2025-08-03 01:45,5930.500000,5930.500000,5930.000000,5930.000000,3
2025-08-03 02:00,5934.500000,5934.500000,5930.000000,5930.000000,11
2025-08-03 02:15,5935.000000,5935.000000,5935.000000,5935.000000,2
2025-08-03 02:30,5935.000000,5939.000000,5935.000000,5939.000000,7
2025-08-03 02:45,5939.000000,5942.500000,5930.500000,5935.000000,11
2025-08-03 03:00,5942.500000,5942.500000,5938.000000,5942.500000,7
2025-08-03 03:15,5938.000000,5942.500000,5935.000000,5942.500000,6
2025-08-03 03:30,5942.500000,5943.000000,5935.000000,5943.000000,40
2025-08-03 03:45,5935.000000,5942.500000,5935.000000,5935.000000,4
2025-08-03 04:00,5935.000000,5948.000000,5931.500000,5948.000000,65
2025-08-03 04:15,5948.000000,5948.000000,5947.000000,5947.000000,7
2025-08-03 04:30,5934.500000,5934.500000,5932.500000,5934.500000,22
2025-08-03 04:45,5932.500000,5946.500000,5931.500000,5931.500000,68
2025-08-03 05:00,5934.000000,5938.500000,5931.500000,5932.000000,9
2025-08-03 05:15,5933.000000,5945.500000,5933.000000,5945.000000,16
2025-08-03 05:30,5935.000000,5945.000000,5933.000000,5935.000000,20
2025-08-03 05:45,5944.000000,5946.000000,5932.500000,5946.000000,269
2025-08-03 06:00,5946.000000,5946.500000,5933.500000,5934.000000,69
2025-08-03 06:15,5943.500000,5956.000000,5935.000000,5955.000000,534
2025-08-03 06:30,5955.000000,5961.000000,5945.500000,5947.500000,168
2025-08-03 06:45,5957.000000,5959.000000,5948.000000,5958.000000,102
2025-08-03 07:00,5950.000000,5958.500000,5945.000000,5948.500000,81
2025-08-03 07:15,5948.000000,5960.000000,5938.500000,5946.500000,319
2025-08-03 07:30,5945.500000,5954.000000,5945.500000,5954.000000,30
2025-08-03 07:45,5950.000000,5959.500000,5940.000000,5959.500000,193
2025-08-03 08:00,5959.500000,5959.500000,5947.500000,5947.500000,78
2025-08-03 08:15,5947.500000,5958.000000,5947.500000,5955.500000,46
2025-08-03 08:30,5948.000000,5955.500000,5947.500000,5953.000000,44
2025-08-03 08:45,5953.000000,5960.000000,5947.500000,5958.500000,286
2025-08-03 09:00,5958.000000,5958.500000,5939.500000,5940.000000,399
2025-08-03 09:15,5939.500000,5940.000000,5938.500000,5940.000000,142
2025-08-03 09:30,5938.500000,5940.000000,5935.000000,5940.000000,444
2025-08-03 09:45,5940.000000,5940.000000,5935.000000,5935.000000,80
2025-08-03 10:00,5940.000000,5940.000000,5935.000000,5935.500000,117
2025-08-03 10:15,5940.000000,5940.000000,5935.500000,5940.000000,61
2025-08-03 10:30,5940.000000,5940.000000,5935.000000,5940.000000,115
2025-08-03 10:45,5935.000000,5940.000000,5934.500000,5940.000000,119
2025-08-03 11:00,5940.000000,5940.000000,5936.000000,5940.000000,103
2025-08-03 11:15,5940.000000,5940.000000,5933.000000,5933.000000,311
2025-08-03 11:30,5939.500000,5939.500000,5932.500000,5933.000000,52
2025-08-03 11:45,5939.500000,5940.000000,5933.000000,5933.000000,27
2025-08-03 12:00,5938.500000,5940.000000,5932.000000,5940.000000,111
2025-08-03 12:15,5940.000000,5940.000000,5932.000000,5940.000000,86
2025-08-03 12:30,5934.000000,5939.500000,5931.000000,5938.000000,117
2025-08-03 12:45,5939.500000,5940.000000,5935.000000,5935.000000,47
2025-08-03 13:00,5935.000000,5940.000000,5935.000000,5940.000000,184
2025-08-03 13:15,5939.000000,5940.000000,5935.000000,5935.000000,78
2025-08-03 13:30,5940.000000,5940.000000,5935.000000,5940.000000,187
2025-08-03 13:45,5940.000000,5940.000000,5935.000000,5940.000000,159
2025-08-03 14:00,5940.000000,5940.000000,5935.000000,5940.000000,41
2025-08-03 14:15,5940.000000,5940.000000,5935.000000,5940.000000,46
2025-08-03 14:30,5940.000000,5940.000000,5935.000000,5940.000000,68
2025-08-03 14:45,5940.000000,5940.000000,5935.000000,5940.000000,84
2025-08-03 15:00,5940.000000,5940.000000,5935.000000,5940.000000,73
2025-08-03 15:15,5940.000000,5940.000000,5932.000000,5932.500000,116
2025-08-03 15:30,5932.500000,5940.000000,5910.500000,5940.000000,1086
2025-08-03 15:45,5932.000000,5940.000000,5932.000000,5939.500000,81
2025-08-03 16:00,5924.500000,5939.500000,5924.500000,5930.500000,39
2025-08-03 16:15,5937.500000,5938.000000,5930.500000,5937.000000,15
2025-08-03 16:30,5938.000000,5938.000000,5936.000000,5938.000000,38
2025-08-03 16:45,5938.000000,5940.000000,5935.000000,5938.000000,57
2025-08-03 17:00,5935.500000,5940.000000,5935.000000,5939.500000,26
2025-08-03 17:15,5939.500000,5940.000000,5935.000000,5940.000000,26
2025-08-03 17:30,5940.000000,5940.000000,5935.000000,5936.000000,97
2025-08-03 17:45,5940.000000,5941.500000,5935.000000,5941.500000,93
2025-08-03 18:00,5941.500000,5950.000000,5935.000000,5942.500000,109
2025-08-03 18:15,5942.500000,5951.500000,5942.000000,5942.500000,42
2025-08-03 18:30,5950.000000,5952.000000,5942.500000,5942.500000,66
2025-08-03 18:45,5951.500000,5952.000000,5943.500000,5943.500000,5
2025-08-03 19:00,5951.500000,5952.000000,5943.500000,5944.500000,17
2025-08-03 19:15,5944.500000,5945.000000,5943.000000,5945.000000,20
2025-08-03 19:30,5942.000000,5945.000000,5942.000000,5945.000000,14
2025-08-03 19:45,5945.000000,5949.500000,5942.000000,5949.500000,26
2025-08-03 20:00,5949.000000,5949.500000,5945.500000,5946.000000,16
2025-08-03 20:15,5949.000000,5949.000000,5945.000000,5948.500000,66
2025-08-03 20:30,5948.500000,5951.000000,5945.000000,5950.000000,39
2025-08-03 20:45,5949.000000,5949.000000,5940.000000,5940.000000,15
2025-08-04 03:45,5924.000000,5924.000000,5924.000000,5924.000000,227
2025-08-04 04:00,5930.000000,5939.500000,5924.000000,5935.000000,3543
2025-08-04 04:15,5935.000000,5939.000000,5934.500000,5939.000000,1111
2025-08-04 04:30,5938.500000,5939.000000,5927.500000,5935.000000,2114
2025-08-04 04:45,5935.000000,5935.500000,5931.500000,5933.500000,592
2025-08-04 05:00,5933.500000,5938.000000,5932.500000,5938.000000,1390
2025-08-04 05:15,5938.000000,5942.000000,5936.500000,5941.500000,882
2025-08-04 05:30,5941.500000,5944.000000,5940.500000,5940.500000,996
2025-08-04 05:45,5940.500000,5942.500000,5939.000000,5940.000000,1588
2025-08-04 06:00,5940.000000,5942.000000,5930.500000,5935.000000,2740
2025-08-04 06:15,5935.500000,5936.500000,5930.000000,5935.500000,1523
2025-08-04 06:30,5935.000000,5939.500000,5935.000000,5936.000000,2522
2025-08-04 06:45,5936.000000,5940.500000,5935.500000,5939.000000,1036
2025-08-04 07:00,5939.000000,5939.000000,5924.500000,5930.000000,8384
2025-08-04 07:15,5931.000000,5937.500000,5930.000000,5935.000000,7798
2025-08-04 07:30,5935.000000,5964.000000,5935.000000,5948.500000,21180
2025-08-04 07:45,5949.000000,5960.000000,5948.500000,5957.000000,10621
2025-08-04 08:00,5956.500000,5966.000000,5953.500000,5966.000000,12671
2025-08-04 08:15,5966.000000,5983.000000,5966.000000,5980.000000,21581
2025-08-04 08:30,5980.000000,5988.500000,5973.000000,5973.500000,17440
2025-08-04 08:45,5974.000000,5980.000000,5967.000000,5975.000000,12109
2025-08-04 09:00,5975.000000,5987.500000,5972.500000,5974.500000,14154
2025-08-04 09:15,5975.500000,5994.500000,5974.500000,5994.500000,17952
2025-08-04 09:30,5994.500000,6003.500000,5989.000000,6002.500000,30089
2025-08-04 09:45,6001.500000,6002.000000,5992.000000,5995.000000,14745
2025-08-04 10:00,5995.000000,5996.500000,5987.500000,5995.000000,12518
2025-08-04 10:15,5994.000000,5997.500000,5985.000000,5992.000000,19792
2025-08-04 10:30,5991.500000,5995.000000,5986.500000,5995.000000,11803
2025-08-04 10:45,5995.000000,6010.000000,5993.500000,6006.000000,25261
2025-08-04 11:00,6005.500000,6024.500000,6004.000000,6015.000000,34927
2025-08-04 11:15,6014.500000,6032.500000,6014.500000,6028.500000,26698
2025-08-04 11:30,6028.500000,6039.000000,6027.500000,6031.000000,25127
2025-08-04 11:45,6031.000000,6037.500000,6023.500000,6029.000000,15448
2025-08-04 12:00,6028.500000,6034.000000,6020.500000,6028.000000,17603
2025-08-04 12:15,6027.000000,6030.000000,6025.000000,6028.000000,10490
2025-08-04 12:30,6028.000000,6033.000000,6027.500000,6029.000000,12396
2025-08-04 12:45,6029.000000,6032.000000,6025.000000,6030.000000,16318
2025-08-04 13:00,6030.000000,6040.000000,6028.500000,6033.000000,31515
2025-08-04 13:15,6032.500000,6047.500000,6030.000000,6037.500000,21780
2025-08-04 13:30,6038.000000,6048.500000,6032.000000,6047.500000,15421
2025-08-04 13:45,6046.500000,6049.500000,6040.500000,6049.500000,23383
2025-08-04 14:00,6049.500000,6050.000000,6042.000000,6049.000000,24100
2025-08-04 14:15,6048.000000,6067.000000,6048.000000,6057.500000,26428
2025-08-04 14:30,6058.000000,6067.500000,6057.500000,6067.000000,17982
2025-08-04 14:45,6065.500000,6067.000000,6044.000000,6052.000000,54124
2025-08-04 15:00,6052.000000,6071.000000,6052.000000,6068.500000,19096
2025-08-04 15:15,6068.500000,6071.500000,6065.000000,6066.500000,21352
2025-08-04 15:30,6065.500000,6070.500000,6060.000000,6063.000000,15537
2025-08-04 15:45,6064.000000,6064.000000,6064.000000,6064.000000,546
2025-08-04 16:00,6063.000000,6069.500000,6061.500000,6065.000000,5304
2025-08-04 16:15,6065.000000,6065.000000,6053.000000,6056.500000,7946
2025-08-04 16:30,6058.000000,6058.000000,6050.500000,6052.500000,7269
2025-08-04 16:45,6052.000000,6057.500000,6050.000000,6054.000000,5791
2025-08-04 17:00,6054.000000,6062.000000,6054.000000,6058.000000,4917
2025-08-04 17:15,6057.500000,6061.500000,6050.500000,6053.000000,5390
2025-08-04 17:30,6053.000000,6067.500000,6050.500000,6067.000000,7107
2025-08-04 17:45,6067.500000,6070.000000,6064.500000,6068.500000,4931
2025-08-04 18:00,6068.500000,6070.000000,6063.000000,6067.000000,6314
2025-08-04 18:15,6068.500000,6070.000000,6066.000000,6069.000000,3932
2025-08-04 18:30,6069.500000,6069.500000,6065.500000,6068.500000,1794
2025-08-04 18:45,6069.000000,6074.000000,6067.000000,6074.000000,21599
2025-08-04 19:00,6074.000000,6078.000000,6073.500000,6078.000000,14514
2025-08-04 19:15,6077.500000,6094.500000,6077.500000,6092.500000,12473
2025-08-04 19:30,6092.500000,6099.000000,6091.000000,6098.500000,12151
2025-08-04 19:45,6098.500000,6099.000000,6078.000000,6085.500000,8320
2025-08-04 20:00,6085.000000,6091.000000,6085.000000,6091.000000,1985
2025-08-04 20:15,6091.000000,6094.000000,6089.000000,6094.000000,3237
2025-08-04 20:30,6092.500000,6097.000000,6091.000000,6097.000000,3738
2025-08-04 20:45,6096.500000,6097.500000,6094.500000,6097.500000,1856
2025-08-05 03:45,6083.500000,6083.500000,6083.500000,6083.500000,491
2025-08-05 04:00,6095.500000,6097.500000,6070.500000,6088.000000,8960
2025-08-05 04:15,6088.500000,6088.500000,6076.500000,6082.000000,2145
2025-08-05 04:30,6082.000000,6082.000000,6071.000000,6071.000000,4435
2025-08-05 04:45,6072.500000,6072.500000,6063.500000,6064.000000,4790
2025-08-05 05:00,6064.000000,6082.500000,6056.500000,6072.500000,17297
2025-08-05 05:15,6072.500000,6072.500000,6063.000000,6064.000000,3564
2025-08-05 05:30,6064.000000,6065.000000,6063.000000,6064.500000,1434
2025-08-05 05:45,6064.500000,6073.000000,6063.500000,6072.000000,9013
2025-08-05 06:00,6072.500000,6093.500000,6070.000000,6089.500000,13059
2025-08-05 06:15,6089.500000,6091.500000,6081.000000,6088.000000,3046
2025-08-05 06:30,6088.000000,6088.500000,6085.000000,6086.500000,1737
2025-08-05 06:45,6086.500000,6086.500000,6077.000000,6081.500000,3590
2025-08-05 07:00,6081.500000,6081.500000,6062.000000,6065.500000,9530
2025-08-05 07:15,6065.500000,6069.500000,6064.500000,6064.500000,6756
2025-08-05 07:30,6064.500000,6082.000000,6061.500000,6080.500000,10776
2025-08-05 07:45,6080.500000,6082.000000,6071.000000,6073.500000,7294
2025-08-05 08:00,6074.000000,6074.000000,6060.000000,6066.500000,10030
2025-08-05 08:15,6066.500000,6077.500000,6055.500000,6077.500000,11835
2025-08-05 08:30,6076.500000,6080.500000,6063.000000,6068.500000,11886
2025-08-05 08:45,6069.000000,6070.500000,6060.500000,6061.500000,6600
2025-08-05 09:00,6061.500000,6063.000000,6056.000000,6061.000000,7210
2025-08-05 09:15,6062.000000,6062.000000,6052.000000,6052.500000,8188
2025-08-05 09:30,6052.500000,6052.500000,6034.500000,6043.000000,29390
2025-08-05 09:45,6043.000000,6045.500000,6037.500000,6038.000000,9301
2025-08-05 10:00,6038.000000,6052.500000,6035.000000,6049.000000,14332
2025-08-05 10:15,6048.000000,6054.000000,6045.500000,6045.500000,8293
2025-08-05 10:30,6045.500000,6049.000000,6039.500000,6041.000000,5284
2025-08-05 10:45,6042.000000,6052.000000,6040.500000,6050.000000,4643
2025-08-05 11:00,6050.500000,6051.000000,6035.000000,6042.000000,9035
2025-08-05 11:15,6042.000000,6044.000000,6038.500000,6042.500000,3830
2025-08-05 11:30,6042.500000,6047.500000,6040.000000,6043.000000,4353
2025-08-05 11:45,6043.500000,6052.500000,6043.000000,6048.000000,6019
2025-08-05 12:00,6048.500000,6052.500000,6040.500000,6041.500000,8109
2025-08-05 12:15,6041.500000,6050.000000,6039.000000,6049.000000,7564
2025-08-05 12:30,6048.500000,6086.000000,6041.500000,6074.500000,37132
2025-08-05 12:45,6074.500000,6110.500000,6069.500000,6077.500000,53580
2025-08-05 13:00,6078.000000,6090.000000,6068.000000,6068.000000,33135
2025-08-05 13:15,6068.000000,6075.500000,6066.000000,6071.500000,7031
2025-08-05 13:30,6071.000000,6076.000000,6065.500000,6074.000000,3854
2025-08-05 13:45,6074.500000,6079.000000,6068.000000,6068.000000,5678
2025-08-05 14:00,6068.500000,6073.000000,6068.000000,6071.000000,3926
2025-08-05 14:15,6070.000000,6077.500000,6067.500000,6070.000000,7533
2025-08-05 14:30,6070.000000,6070.000000,6063.000000,6063.500000,10521
2025-08-05 14:45,6063.000000,6063.500000,6056.000000,6060.500000,12626
2025-08-05 15:00,6060.000000,6068.500000,6057.500000,6061.500000,4970
2025-08-05 15:15,6061.500000,6065.500000,6059.500000,6061.000000,5264
2025-08-05 15:30,6061.500000,6065.500000,6060.000000,6065.500000,7011
2025-08-05 15:45,6060.000000,6060.000000,6060.000000,6060.000000,8262
2025-08-05 16:00,6060.000000,6070.000000,6060.000000,6069.500000,1322
2025-08-05 16:15,6069.500000,6069.500000,6065.500000,6068.500000,1296
2025-08-05 16:30,6068.500000,6089.500000,6067.000000,6078.000000,13042
2025-08-05 16:45,6078.000000,6099.000000,6077.000000,6084.000000,11162
2025-08-05 17:00,6084.000000,6100.000000,6084.000000,6091.500000,22148
2025-08-05 17:15,6091.500000,6095.500000,6071.500000,6088.500000,9825
2025-08-05 17:30,6088.500000,6088.500000,6077.000000,6078.500000,6501
2025-08-05 17:45,6078.000000,6083.500000,6075.000000,6077.000000,4292
2025-08-05 18:00,6076.000000,6083.500000,6075.500000,6081.000000,1286
2025-08-05 18:15,6081.000000,6083.000000,6075.500000,6078.500000,2951
2025-08-05 18:30,6081.000000,6083.000000,6075.000000,6082.500000,7960
2025-08-05 18:45,6083.000000,6083.000000,6078.500000,6081.500000,2934
2025-08-05 19:00,6081.500000,6090.000000,6080.500000,6080.500000,4135
2025-08-05 19:15,6080.500000,6084.000000,6080.000000,6081.000000,459
2025-08-05 19:30,6081.000000,6090.000000,6080.500000,6089.500000,3039
2025-08-05 19:45,6089.000000,6092.500000,6089.000000,6091.000000,1201
2025-08-05 20:00,6091.500000,6094.000000,6090.500000,6093.500000,3081
2025-08-05 20:15,6093.500000,6095.500000,6084.000000,6085.000000,4852
2025-08-05 20:30,6086.000000,6086.000000,6077.000000,6082.000000,1898
2025-08-05 20:45,6082.500000,6082.500000,6077.500000,6081.000000,1024
2025-08-06 03:45,6083.000000,6083.000000,6083.000000,6083.000000,44
2025-08-06 04:00,6085.000000,6097.500000,6084.000000,6085.000000,1968
2025-08-06 04:15,6085.000000,6087.000000,6081.000000,6085.500000,2319
2025-08-06 04:30,6085.500000,6086.500000,6082.000000,6082.500000,512
2025-08-06 04:45,6082.000000,6082.000000,6076.000000,6078.000000,1775
2025-08-06 05:00,6078.000000,6078.500000,6075.000000,6075.500000,944
2025-08-06 05:15,6075.000000,6078.500000,6075.000000,6078.000000,2425
2025-08-06 05:30,6078.000000,6078.000000,6073.000000,6077.000000,654
2025-08-06 05:45,6075.000000,6078.500000,6075.000000,6078.000000,1220
2025-08-06 06:00,6078.500000,6091.000000,6078.000000,6086.000000,2696
2025-08-06 06:15,6086.000000,6089.000000,6083.000000,6084.000000,3147
2025-08-06 06:30,6084.000000,6085.000000,6075.500000,6076.500000,3028
2025-08-06 06:45,6076.000000,6082.500000,6075.500000,6082.500000,3054
2025-08-06 07:00,6081.500000,6089.500000,6080.500000,6083.000000,3421
2025-08-06 07:15,6083.000000,6083.000000,6070.500000,6075.500000,8763
2025-08-06 07:30,6075.500000,6078.000000,6063.000000,6064.500000,20191
2025-08-06 07:45,6064.000000,6070.500000,6062.000000,6069.000000,9626
2025-08-06 08:00,6069.000000,6069.000000,6065.000000,6065.500000,4119
2025-08-06 08:15,6065.500000,6074.000000,6064.000000,6066.000000,10994
2025-08-06 08:30,6065.500000,6067.500000,6065.000000,6066.500000,2220
2025-08-06 08:45,6066.500000,6067.500000,6050.500000,6061.000000,18865
2025-08-06 09:00,6060.000000,6071.500000,6057.500000,6064.000000,3624
2025-08-06 09:15,6064.000000,6073.500000,6061.500000,6073.500000,5117
2025-08-06 09:30,6073.000000,6077.000000,6068.500000,6073.000000,5922
2025-08-06 09:45,6073.500000,6076.000000,6067.000000,6075.500000,6092
2025-08-06 10:00,6075.500000,6076.000000,6070.500000,6073.500000,1840
2025-08-06 10:15,6073.500000,6079.000000,6068.000000,6068.500000,4236
2025-08-06 10:30,6068.500000,6076.500000,6064.000000,6075.000000,8662
2025-08-06 10:45,6075.000000,6076.000000,6058.000000,6060.000000,8235
2025-08-06 11:00,6060.000000,6064.000000,6047.500000,6057.500000,12098
2025-08-06 11:15,6057.500000,6063.000000,6053.000000,6062.500000,3043
2025-08-06 11:30,6062.500000,6067.500000,6062.500000,6066.000000,3230
2025-08-06 11:45,6066.500000,6077.000000,6060.000000,6075.500000,7641
2025-08-06 12:00,6075.000000,6095.000000,6075.000000,6081.000000,26005
2025-08-06 12:15,6081.500000,6082.000000,6065.000000,6070.500000,5961
2025-08-06 12:30,6069.500000,6069.500000,6050.500000,6060.500000,12366
2025-08-06 12:45,6060.500000,6065.500000,6057.000000,6061.500000,2892
2025-08-06 13:00,6061.500000,6062.500000,6054.000000,6058.000000,3802
2025-08-06 13:15,6058.500000,6060.000000,6050.000000,6058.500000,6555
2025-08-06 13:30,6058.000000,6064.000000,6057.000000,6062.000000,2805
2025-08-06 13:45,6062.000000,6068.500000,6038.000000,6039.500000,26600
2025-08-06 14:00,6039.500000,6095.500000,6036.500000,6044.000000,45202
2025-08-06 14:15,6044.000000,6058.500000,6002.500000,6010.500000,41847
2025-08-06 14:30,6010.000000,6017.000000,6001.000000,6015.000000,28375
2025-08-06 14:45,6015.000000,6015.000000,5997.000000,5997.000000,19688
2025-08-06 15:00,5997.500000,6005.000000,5985.000000,5991.500000,23641
2025-08-06 15:15,5992.500000,6019.000000,5990.000000,6019.000000,15576
2025-08-06 15:30,6017.500000,6020.000000,6013.000000,6017.500000,5312
2025-08-06 15:45,6001.500000,6001.500000,6001.500000,6001.500000,15462
2025-08-06 16:00,6003.000000,6009.500000,5995.500000,5999.500000,13184
2025-08-06 16:15,5999.500000,6013.500000,5999.500000,6012.500000,6181
2025-08-06 16:30,6013.000000,6060.000000,6001.000000,6018.000000,39885
2025-08-06 16:45,6018.000000,6018.500000,5990.000000,6017.500000,24215
2025-08-06 17:00,6017.000000,6084.500000,6012.000000,6070.500000,44918
2025-08-06 17:15,6072.000000,6098.000000,6072.000000,6075.000000,44738
2025-08-06 17:30,6075.000000,6078.500000,6068.000000,6073.000000,13290
2025-08-06 17:45,6073.000000,6094.000000,6070.000000,6086.500000,14018
2025-08-06 18:00,6086.500000,6110.000000,6085.500000,6094.000000,52798
2025-08-06 18:15,6094.500000,6105.000000,6088.000000,6099.500000,15464
2025-08-06 18:30,6098.500000,6099.500000,6092.000000,6097.000000,7871
2025-08-06 18:45,6097.500000,6195.000000,6083.000000,6194.500000,59449
2025-08-06 19:00,6194.500000,6200.000000,6156.500000,6191.000000,95841
2025-08-06 19:15,6190.500000,6225.000000,6187.500000,6213.000000,79991
2025-08-06 19:30,6213.000000,6250.000000,6195.000000,6215.000000,65609
2025-08-06 19:45,6215.000000,6215.000000,6183.500000,6191.000000,35120
2025-08-06 20:00,6191.000000,6200.000000,6165.500000,6170.500000,38754
2025-08-06 20:15,6170.000000,6200.000000,6168.000000,6195.500000,22921
2025-08-06 20:30,6194.500000,6200.000000,6147.000000,6165.500000,21148
2025-08-06 20:45,6165.500000,6172.000000,6148.500000,6170.000000,10612
2025-08-07 03:45,6169.000000,6169.000000,6169.000000,6169.000000,611
2025-08-07 04:00,6169.000000,6179.000000,6135.000000,6138.500000,20798
2025-08-07 04:15,6140.500000,6159.500000,6137.500000,6150.500000,4264
2025-08-07 04:30,6150.500000,6152.000000,6141.000000,6143.000000,2297
2025-08-07 04:45,6142.000000,6165.000000,6141.000000,6157.000000,4461
2025-08-07 05:00,6157.000000,6160.000000,6156.000000,6159.000000,3845
2025-08-07 05:15,6159.000000,6160.000000,6151.000000,6158.500000,3273
2025-08-07 05:30,6156.500000,6174.000000,6156.000000,6166.000000,2678
2025-08-07 05:45,6166.500000,6174.000000,6165.000000,6173.500000,2119
2025-08-07 06:00,6171.500000,6180.000000,6154.500000,6159.000000,6003
2025-08-07 06:15,6159.500000,6159.500000,6156.000000,6158.000000,1181
2025-08-07 06:30,6158.000000,6158.000000,6151.500000,6153.500000,1907
2025-08-07 06:45,6152.000000,6154.500000,6137.500000,6140.500000,11843
2025-08-07 07:00,6140.500000,6149.000000,6111.500000,6114.500000,45089
2025-08-07 07:15,6114.000000,6128.000000,6112.500000,6127.000000,13866
2025-08-07 07:30,6127.500000,6149.000000,6127.500000,6149.000000,27962
2025-08-07 07:45,6149.000000,6156.500000,6142.500000,6146.500000,18675
2025-08-07 08:00,6148.000000,6261.000000,6145.000000,6254.500000,186787
2025-08-07 08:15,6255.000000,6259.500000,6225.000000,6229.500000,37069
2025-08-07 08:30,6229.500000,6238.500000,6225.000000,6227.000000,24723
2025-08-07 08:45,6227.500000,6274.500000,6225.000000,6250.500000,77114
2025-08-07 09:00,6251.000000,6290.000000,6230.000000,6231.500000,55343
2025-08-07 09:15,6231.500000,6237.500000,6221.000000,6237.500000,29127
2025-08-07 09:30,6237.000000,6238.000000,6221.500000,6236.500000,22960
2025-08-07 09:45,6236.500000,6236.500000,6219.000000,6227.000000,18871
2025-08-07 10:00,6227.500000,6236.500000,6201.000000,6230.000000,34183
2025-08-07 10:15,6230.000000,6239.000000,6227.000000,6232.000000,18813
2025-08-07 10:30,6231.500000,6250.000000,6229.500000,6240.500000,13745
2025-08-07 10:45,6240.500000,6264.500000,6235.500000,6237.000000,26422
2025-08-07 11:00,6236.000000,6262.500000,6235.000000,6260.000000,19397
2025-08-07 11:15,6260.000000,6268.000000,6255.000000,6260.000000,16177
2025-08-07 11:30,6259.500000,6267.000000,6245.500000,6266.500000,11032
2025-08-07 11:45,6266.500000,6273.000000,6261.500000,6264.000000,17191
2025-08-07 12:00,6264.000000,6279.000000,6230.000000,6240.000000,46648
2025-08-07 12:15,6240.500000,6254.000000,6239.000000,6249.000000,9929
2025-08-07 12:30,6249.000000,6263.500000,6249.000000,6258.000000,13132
2025-08-07 12:45,6258.000000,6261.500000,6250.000000,6258.500000,5508
2025-08-07 13:00,6257.500000,6258.500000,6251.500000,6258.000000,5582
2025-08-07 13:15,6258.000000,6259.000000,6252.000000,6257.500000,7652
2025-08-07 13:30,6257.500000,6259.000000,6241.000000,6253.000000,13284
2025-08-07 13:45,6254.000000,6259.000000,6252.000000,6258.500000,9827
2025-08-07 14:00,6258.500000,6265.000000,6257.000000,6262.500000,12208
2025-08-07 14:15,6261.500000,6270.000000,6253.000000,6257.500000,19795
2025-08-07 14:30,6257.500000,6268.500000,6256.000000,6266.500000,6732
2025-08-07 14:45,6267.500000,6278.000000,6266.500000,6274.000000,12650
2025-08-07 15:00,6274.500000,6296.000000,6242.000000,6243.500000,62905
2025-08-07 15:15,6243.000000,6249.500000,6230.000000,6241.000000,37581
2025-08-07 15:30,6240.000000,6246.000000,6210.500000,6218.500000,20558
2025-08-07 15:45,6225.000000,6225.000000,6225.000000,6225.000000,3056
2025-08-07 16:00,6218.500000,6224.500000,6193.500000,6196.000000,28346
2025-08-07 16:15,6196.000000,6215.000000,6191.000000,6195.000000,30678
2025-08-07 16:30,6196.500000,6206.500000,6193.000000,6198.500000,21924
2025-08-07 16:45,6199.500000,6206.000000,6195.500000,6195.500000,10092
2025-08-07 17:00,6195.500000,6198.000000,6161.500000,6171.000000,29029
2025-08-07 17:15,6172.500000,6189.000000,6170.500000,6186.000000,12678
2025-08-07 17:30,6186.000000,6190.000000,6173.000000,6173.500000,6935
2025-08-07 17:45,6174.000000,6177.000000,6162.000000,6166.000000,11761
2025-08-07 18:00,6166.000000,6182.500000,6165.000000,6180.000000,8390
2025-08-07 18:15,6180.000000,6229.000000,6180.000000,6191.000000,63814
2025-08-07 18:30,6191.500000,6196.500000,6186.000000,6188.000000,3912
2025-08-07 18:45,6188.500000,6197.000000,6186.500000,6195.000000,3131
2025-08-07 19:00,6196.500000,6199.000000,6188.000000,6189.500000,3178
2025-08-07 19:15,6191.000000,6193.000000,6186.000000,6190.500000,2925
2025-08-07 19:30,6191.000000,6194.000000,6178.000000,6193.500000,4146
2025-08-07 19:45,6192.000000,6194.500000,6182.500000,6184.000000,3649
2025-08-07 20:00,6184.000000,6185.500000,6169.500000,6173.000000,5363
2025-08-07 20:15,6173.000000,6226.500000,6172.500000,6202.500000,41941
2025-08-07 20:30,6200.500000,6213.000000,6191.000000,6200.000000,10607
2025-08-07 20:45,6199.500000,6204.500000,6197.500000,6202.500000,3099
2025-08-08 03:45,6224.000000,6224.000000,6224.000000,6224.000000,136
2025-08-08 04:00,6224.000000,6235.500000,6202.000000,6210.000000,9294
2025-08-08 04:15,6210.500000,6220.000000,6210.000000,6211.500000,1414
2025-08-08 04:30,6211.000000,6213.000000,6204.000000,6208.500000,2029
2025-08-08 04:45,6209.000000,6209.000000,6202.000000,6205.500000,1214
2025-08-08 05:00,6205.500000,6215.000000,6205.000000,6215.000000,1301
2025-08-08 05:15,6214.000000,6219.500000,6210.000000,6212.000000,2179
2025-08-08 05:30,6212.000000,6218.000000,6211.000000,6216.000000,1220
2025-08-08 05:45,6215.000000,6219.000000,6212.500000,6217.500000,1377
2025-08-08 06:00,6217.500000,6217.500000,6204.000000,6205.500000,4150
2025-08-08 06:15,6206.000000,6229.500000,6206.000000,6229.000000,7079
2025-08-08 06:30,6229.500000,6231.000000,6223.000000,6225.500000,5053
2025-08-08 06:45,6225.000000,6225.500000,6220.000000,6222.000000,5472
2025-08-08 07:00,6222.000000,6224.000000,6207.000000,6218.500000,15053
2025-08-08 07:15,6218.500000,6222.000000,6204.000000,6205.000000,14963
2025-08-08 07:30,6205.000000,6211.000000,6194.500000,6200.000000,18669
2025-08-08 07:45,6200.000000,6211.000000,6187.500000,6188.000000,21242
2025-08-08 08:00,6187.500000,6190.000000,6180.000000,6190.000000,9688
2025-08-08 08:15,6190.000000,6195.500000,6186.500000,6188.000000,6329
2025-08-08 08:30,6187.500000,6197.000000,6179.500000,6195.000000,13258
2025-08-08 08:45,6195.000000,6200.000000,6195.000000,6199.500000,5032
2025-08-08 09:00,6200.000000,6205.000000,6195.500000,6199.500000,9512
2025-08-08 09:15,6199.500000,6205.000000,6199.000000,6204.500000,3586
2025-08-08 09:30,6204.500000,6205.000000,6194.500000,6198.500000,6137
2025-08-08 09:45,6198.000000,6198.500000,6191.000000,6195.500000,8931
2025-08-08 10:00,6194.000000,6197.000000,6187.500000,6188.500000,6177
2025-08-08 10:15,6188.000000,6190.000000,6183.500000,6183.500000,5470
2025-08-08 10:30,6184.000000,6233.000000,6183.500000,6225.000000,26576
2025-08-08 10:45,6225.000000,6225.500000,6209.500000,6214.500000,9088
2025-08-08 11:00,6214.500000,6225.000000,6208.000000,6215.000000,8785
2025-08-08 11:15,6215.000000,6216.500000,6207.000000,6209.000000,5203
2025-08-08 11:30,6209.000000,6225.000000,6209.000000,6223.500000,6236
2025-08-08 11:45,6223.500000,6242.000000,6223.000000,6235.000000,25153
2025-08-08 12:00,6235.000000,6245.000000,6235.000000,6239.500000,10703
2025-08-08 12:15,6239.000000,6256.000000,6236.000000,6253.500000,15073
2025-08-08 12:30,6253.500000,6259.000000,6241.500000,6245.500000,13571
2025-08-08 12:45,6245.500000,6247.000000,6228.000000,6228.500000,7037
2025-08-08 13:00,6228.500000,6239.000000,6227.000000,6237.500000,7030
2025-08-08 13:15,6237.000000,6239.000000,6225.500000,6230.500000,4498
2025-08-08 13:30,6230.500000,6236.500000,6227.500000,6235.000000,3882
2025-08-08 13:45,6235.500000,6242.500000,6235.500000,6238.500000,7496
2025-08-08 14:00,6240.000000,6270.000000,6227.500000,6244.500000,58883
2025-08-08 14:15,6244.000000,6266.000000,6234.500000,6260.000000,26968
2025-08-08 14:30,6260.500000,6265.000000,6260.500000,6265.000000,11371
2025-08-08 14:45,6265.000000,6270.000000,6261.000000,6268.000000,23512
2025-08-08 15:00,6268.500000,6274.500000,6250.500000,6252.000000,25309
2025-08-08 15:15,6251.500000,6255.500000,6244.500000,6247.000000,23497
2025-08-08 15:30,6247.500000,6251.000000,6247.000000,6250.500000,9086
2025-08-08 15:45,6250.000000,6250.000000,6250.000000,6250.000000,2124
2025-08-08 16:00,6250.000000,6250.500000,6243.000000,6250.000000,4657
2025-08-08 16:15,6250.500000,6250.500000,6243.500000,6249.500000,6051
2025-08-08 16:30,6249.500000,6257.500000,6249.000000,6256.000000,7750
2025-08-08 16:45,6256.000000,6259.000000,6255.000000,6258.500000,2630
2025-08-08 17:00,6258.500000,6268.000000,6257.000000,6262.000000,13299
2025-08-08 17:15,6261.000000,6268.000000,6256.000000,6265.000000,4816
2025-08-08 17:30,6265.500000,6267.500000,6263.000000,6265.000000,2167
2025-08-08 17:45,6265.500000,6265.500000,6251.500000,6253.500000,6862
2025-08-08 18:00,6254.000000,6258.500000,6252.000000,6255.500000,4425
2025-08-08 18:15,6255.500000,6267.500000,6255.500000,6265.500000,4046
2025-08-08 18:30,6266.000000,6268.500000,6264.000000,6267.000000,4709
2025-08-08 18:45,6266.500000,6273.000000,6266.500000,6272.500000,6921
2025-08-08 19:00,6272.500000,6272.500000,6270.000000,6270.000000,2746
2025-08-08 19:15,6270.500000,6270.500000,6268.500000,6268.500000,791
2025-08-08 19:30,6269.000000,6270.000000,6267.500000,6269.500000,742
2025-08-08 19:45,6269.500000,6270.000000,6267.000000,6270.000000,1374
2025-08-08 20:00,6270.000000,6280.500000,6269.000000,6275.500000,10076
2025-08-08 20:15,6275.500000,6299.000000,6273.500000,6292.000000,27364
2025-08-08 20:30,6292.000000,6331.500000,6291.500000,6305.000000,40753
2025-08-08 20:45,6305.000000,6320.000000,6290.000000,6320.000000,10848
2025-08-08 23:00,6450.000000,6549.500000,6319.000000,6399.500000,1873
2025-08-08 23:15,6390.000000,6427.000000,6345.000000,6423.500000,1976
2025-08-08 23:30,6410.000000,6425.000000,6388.500000,6401.000000,713
2025-08-08 23:45,6402.000000,6418.500000,6388.000000,6400.000000,693
2025-08-09 00:00,6388.500000,6400.000000,6369.500000,6387.500000,539
2025-08-09 00:15,6373.000000,6389.000000,6373.000000,6376.500000,606
2025-08-09 00:30,6377.000000,6387.000000,6364.500000,6382.000000,251
2025-08-09 00:45,6381.500000,6384.500000,6368.000000,6374.500000,83
2025-08-09 01:00,6374.500000,6380.000000,6370.000000,6370.500000,123
2025-08-09 01:15,6370.000000,6380.000000,6356.500000,6378.500000,232
2025-08-09 01:30,6378.500000,6380.000000,6360.000000,6361.000000,177
2025-08-09 01:45,6361.500000,6388.000000,6356.500000,6386.000000,1018
2025-08-09 02:00,6380.000000,6388.000000,6366.000000,6371.500000,1173
2025-08-09 02:15,6374.000000,6393.000000,6370.000000,6391.500000,593
2025-08-09 02:30,6382.500000,6396.000000,6371.000000,6390.000000,565
2025-08-09 02:45,6389.000000,6395.000000,6372.500000,6395.000000,536
2025-08-09 03:00,6395.000000,6400.000000,6382.000000,6397.500000,1179
2025-08-09 03:15,6398.000000,6405.000000,6386.500000,6400.000000,781
2025-08-09 03:30,6404.000000,6405.500000,6383.000000,6405.500000,1283
2025-08-09 03:45,6405.500000,6409.500000,6390.500000,6409.000000,1540
2025-08-09 04:00,6409.000000,6411.000000,6400.000000,6400.500000,1065
2025-08-09 04:15,6401.000000,6412.000000,6401.000000,6410.000000,1217
2025-08-09 04:30,6410.000000,6411.500000,6400.000000,6409.000000,2226
2025-08-09 04:45,6400.500000,6410.000000,6400.000000,6406.000000,702
2025-08-09 05:00,6406.000000,6411.000000,6406.000000,6409.000000,1061
2025-08-09 05:15,6409.000000,6415.000000,6402.000000,6410.000000,2650
2025-08-09 05:30,6410.000000,6415.000000,6405.000000,6413.000000,1451
2025-08-09 05:45,6410.000000,6415.000000,6403.000000,6405.000000,2203
2025-08-09 06:00,6405.500000,6414.000000,6405.000000,6411.000000,398
2025-08-09 06:15,6411.000000,6411.000000,6399.000000,6400.000000,1661
2025-08-09 06:30,6400.000000,6410.000000,6390.000000,6405.500000,1316
2025-08-09 06:45,6405.500000,6407.500000,6391.000000,6391.000000,577
2025-08-09 07:00,6391.000000,6410.000000,6391.000000,6399.500000,1181
2025-08-09 07:15,6397.500000,6400.000000,6391.500000,6397.000000,642
2025-08-09 07:30,6397.000000,6397.000000,6390.000000,6396.000000,363
2025-08-09 07:30,6397.000000,6397.000000,6390.000000,6396.000000,363
2025-08-09 07:45,6391.000000,6396.500000,6390.000000,6396.500000,921
2025-08-09 08:00,6390.500000,6400.000000,6380.000000,6382.500000,1674
2025-08-09 08:15,6382.500000,6400.000000,6350.500000,6351.000000,3136
2025-08-09 08:30,6350.500000,6351.000000,6327.000000,6348.500000,1928
2025-08-09 08:45,6349.000000,6351.000000,6340.000000,6344.500000,1213
2025-08-09 09:00,6344.500000,6369.500000,6341.000000,6360.500000,488
2025-08-09 09:15,6361.500000,6366.500000,6353.000000,6359.500000,509
2025-08-09 09:30,6359.500000,6360.000000,6350.000000,6360.000000,646
2025-08-09 09:45,6360.000000,6380.000000,6354.000000,6377.000000,626
2025-08-09 10:00,6377.000000,6390.000000,6366.000000,6376.000000,927
2025-08-09 10:15,6376.500000,6378.500000,6370.000000,6378.000000,404
2025-08-09 10:30,6376.000000,6378.000000,6376.000000,6377.500000,596
2025-08-09 10:45,6377.500000,6378.000000,6370.000000,6370.000000,361
2025-08-09 11:00,6377.500000,6378.000000,6350.000000,6371.500000,685
2025-08-09 11:15,6352.000000,6378.000000,6352.000000,6370.500000,381
2025-08-09 11:30,6370.500000,6377.500000,6363.500000,6370.000000,130
2025-08-09 11:45,6375.000000,6377.000000,6365.500000,6377.000000,139
2025-08-09 12:00,6376.000000,6378.000000,6355.500000,6356.500000,372
2025-08-09 12:15,6357.000000,6380.000000,6356.500000,6368.500000,187
2025-08-09 12:30,6369.000000,6379.000000,6356.500000,6364.000000,176
2025-08-09 12:45,6367.000000,6378.500000,6357.000000,6361.000000,120
2025-08-09 13:00,6374.500000,6380.000000,6361.500000,6379.500000,360
2025-08-09 13:15,6379.500000,6380.000000,6366.500000,6374.500000,81
2025-08-09 13:30,6374.500000,6375.000000,6370.000000,6374.000000,150
2025-08-09 13:45,6370.000000,6375.000000,6363.000000,6375.000000,374
2025-08-09 14:00,6363.500000,6375.000000,6363.500000,6374.000000,87
2025-08-09 14:15,6366.000000,6374.000000,6366.000000,6366.500000,108
2025-08-09 14:30,6372.500000,6373.500000,6366.500000,6373.500000,179
2025-08-09 14:45,6373.000000,6373.500000,6366.500000,6373.000000,86
2025-08-09 15:00,6367.500000,6373.500000,6365.000000,6373.000000,154
2025-08-09 15:15,6373.000000,6373.000000,6363.500000,6372.000000,70
2025-08-09 15:30,6364.500000,6372.000000,6363.000000,6370.500000,115
2025-08-09 15:45,6364.500000,6371.000000,6358.000000,6370.000000,220
2025-08-09 16:00,6370.000000,6370.000000,6358.500000,6358.500000,174
2025-08-09 16:15,6360.000000,6360.000000,6350.000000,6355.000000,1693
2025-08-09 16:30,6356.000000,6360.000000,6348.500000,6359.500000,652
2025-08-09 16:45,6359.500000,6363.000000,6350.000000,6363.000000,146
2025-08-09 17:00,6359.000000,6368.500000,6354.000000,6368.000000,93
2025-08-09 17:15,6367.000000,6368.000000,6357.000000,6366.000000,51
2025-08-09 17:30,6358.500000,6366.000000,6354.000000,6354.500000,88
2025-08-09 17:45,6355.000000,6365.000000,6355.000000,6364.500000,56
2025-08-09 18:00,6364.500000,6365.000000,6354.500000,6363.500000,69
2025-08-09 18:15,6356.000000,6363.500000,6355.500000,6356.500000,89
2025-08-09 18:30,6356.500000,6363.000000,6355.500000,6362.000000,142
2025-08-09 18:45,6362.000000,6362.000000,6354.000000,6354.000000,204
2025-08-09 19:00,6354.000000,6365.500000,6354.000000,6365.500000,83
2025-08-09 19:15,6365.000000,6365.500000,6350.000000,6350.000000,515
2025-08-09 19:30,6350.500000,6360.500000,6350.500000,6359.500000,109
2025-08-09 19:45,6359.000000,6359.500000,6351.500000,6352.500000,57
2025-08-09 20:00,6359.000000,6359.500000,6350.000000,6358.500000,319
2025-08-09 20:15,6358.500000,6358.500000,6351.500000,6357.000000,63
2025-08-09 20:30,6353.500000,6357.000000,6352.000000,6356.500000,56
2025-08-09 20:45,6356.500000,6358.000000,6352.500000,6358.000000,176
2025-08-09 23:00,6387.500000,6388.000000,6334.500000,6364.500000,110
2025-08-09 23:15,6369.500000,6375.000000,6369.500000,6375.000000,67
2025-08-09 23:30,6361.500000,6373.500000,6352.000000,6373.500000,22
2025-08-09 23:45,6374.000000,6375.000000,6374.000000,6375.000000,9
2025-08-10 00:00,6374.000000,6380.000000,6370.000000,6370.000000,64
2025-08-10 00:15,6370.000000,6370.000000,6360.000000,6360.000000,2
2025-08-10 00:30,6361.500000,6384.500000,6361.000000,6361.000000,64
2025-08-10 00:45,6373.500000,6388.000000,6373.500000,6374.500000,212
2025-08-10 01:00,6388.000000,6388.000000,6387.000000,6387.500000,18
2025-08-10 01:15,6386.500000,6387.000000,6372.000000,6377.000000,11
2025-08-10 01:30,6377.500000,6387.500000,6377.000000,6387.500000,8
2025-08-10 01:45,6377.500000,6385.500000,6377.500000,6385.500000,20
2025-08-10 02:00,6385.000000,6385.000000,6385.000000,6385.000000,31
2025-08-10 02:15,6385.000000,6385.500000,6363.500000,6371.500000,64
2025-08-10 02:30,6371.500000,6385.500000,6363.500000,6385.500000,116
2025-08-10 02:45,6372.000000,6385.000000,6363.500000,6363.500000,49
2025-08-10 03:00,6377.500000,6383.000000,6363.500000,6381.500000,25
2025-08-10 03:15,6365.500000,6378.500000,6365.500000,6377.000000,7
2025-08-10 03:30,6377.000000,6377.000000,6365.000000,6365.000000,14
2025-08-10 03:45,6375.000000,6375.000000,6365.500000,6365.500000,6
2025-08-10 04:00,6374.500000,6375.000000,6363.500000,6364.000000,63
2025-08-10 04:15,6364.000000,6372.500000,6364.000000,6372.000000,50
2025-08-10 04:30,6372.000000,6372.500000,6363.500000,6363.500000,429
2025-08-10 04:45,6372.000000,6372.500000,6363.500000,6365.000000,29
2025-08-10 05:00,6370.000000,6375.000000,6365.500000,6365.500000,54
2025-08-10 05:15,6374.500000,6375.000000,6364.000000,6374.000000,86
2025-08-10 05:30,6364.000000,6380.000000,6363.500000,6374.000000,279
2025-08-10 05:45,6364.500000,6376.000000,6363.000000,6376.000000,236
2025-08-10 06:00,6376.000000,6379.500000,6370.000000,6375.000000,73
2025-08-10 06:15,6375.000000,6375.000000,6363.000000,6372.000000,132
2025-08-10 06:30,6372.000000,6375.000000,6362.000000,6370.000000,157
2025-08-10 06:45,6370.000000,6379.000000,6365.500000,6379.000000,380
2025-08-10 07:00,6378.500000,6379.000000,6365.500000,6366.500000,366
2025-08-10 07:15,6367.000000,6380.000000,6367.000000,6379.500000,211
2025-08-10 07:30,6379.500000,6379.500000,6368.000000,6368.500000,44
2025-08-10 07:45,6368.500000,6379.500000,6367.500000,6379.500000,164
2025-08-10 08:00,6370.000000,6380.000000,6369.000000,6379.500000,201
2025-08-10 08:15,6379.500000,6380.000000,6370.500000,6380.000000,116
2025-08-10 08:30,6380.000000,6380.000000,6369.500000,6378.500000,242
2025-08-10 08:45,6378.500000,6380.000000,6369.000000,6378.500000,191
2025-08-10 09:00,6378.000000,6379.500000,6371.500000,6373.000000,98
2025-08-10 09:15,6372.500000,6373.000000,6369.000000,6371.500000,64
2025-08-10 09:30,6371.500000,6378.500000,6370.000000,6378.000000,183
2025-08-10 09:45,6379.000000,6379.500000,6370.000000,6370.000000,177
2025-08-10 10:00,6370.000000,6377.500000,6369.000000,6369.500000,101
2025-08-10 10:15,6376.500000,6377.000000,6369.000000,6377.000000,270
2025-08-10 10:30,6370.000000,6380.000000,6370.000000,6379.000000,836
2025-08-10 10:45,6378.000000,6380.000000,6370.000000,6374.000000,129
2025-08-10 11:00,6374.000000,6380.000000,6371.500000,6379.500000,101
2025-08-10 11:15,6373.000000,6378.500000,6370.000000,6378.500000,107
2025-08-10 11:30,6378.500000,6381.000000,6367.500000,6370.500000,559
2025-08-10 11:45,6379.500000,6379.500000,6367.500000,6370.000000,504
2025-08-10 12:00,6370.000000,6371.000000,6366.000000,6370.000000,247
2025-08-10 12:15,6370.000000,6376.000000,6366.000000,6375.500000,341
2025-08-10 12:30,6366.500000,6375.500000,6366.500000,6367.500000,47
2025-08-10 12:45,6368.500000,6375.500000,6368.000000,6375.500000,117
2025-08-10 13:00,6375.500000,6376.000000,6369.000000,6376.000000,203
2025-08-10 13:15,6376.000000,6381.000000,6371.000000,6371.500000,477
2025-08-10 13:30,6380.500000,6385.000000,6371.500000,6384.000000,392
2025-08-10 13:45,6381.500000,6384.000000,6370.500000,6383.500000,138
2025-08-10 14:00,6372.000000,6385.000000,6371.000000,6384.000000,235
2025-08-10 14:15,6377.000000,6384.500000,6376.500000,6384.000000,248
2025-08-10 14:30,6384.500000,6385.000000,6377.500000,6384.500000,268
2025-08-10 14:45,6384.500000,6385.000000,6384.500000,6384.500000,286
2025-08-10 15:00,6385.000000,6385.500000,6378.000000,6385.500000,249
2025-08-10 15:15,6385.500000,6386.000000,6385.000000,6386.000000,137
2025-08-10 15:30,6386.000000,6387.000000,6377.000000,6377.000000,242
2025-08-10 15:45,6378.000000,6388.500000,6378.000000,6379.500000,239
2025-08-10 16:00,6379.500000,6389.500000,6379.500000,6389.000000,192
2025-08-10 16:15,6389.000000,6389.000000,6379.500000,6380.000000,186
2025-08-10 16:30,6380.000000,6388.500000,6380.000000,6382.500000,72
2025-08-10 16:45,6388.500000,6390.000000,6387.500000,6390.000000,410
2025-08-10 17:00,6390.000000,6392.000000,6389.000000,6391.500000,302
2025-08-10 17:15,6391.500000,6392.000000,6389.500000,6392.000000,95
2025-08-10 17:30,6390.500000,6398.500000,6390.000000,6397.000000,348
2025-08-10 17:45,6398.500000,6398.500000,6360.500000,6392.000000,1482
2025-08-10 18:00,6392.000000,6395.500000,6379.500000,6389.000000,212
2025-08-10 18:15,6389.000000,6395.000000,6380.000000,6394.500000,210
2025-08-10 18:30,6381.500000,6417.000000,6379.500000,6398.500000,2675
2025-08-10 18:45,6398.500000,6398.500000,6390.000000,6390.500000,172
2025-08-10 19:00,6390.500000,6398.000000,6390.500000,6398.000000,119
2025-08-10 19:15,6398.000000,6398.000000,6379.500000,6379.500000,527
2025-08-10 19:30,6383.500000,6398.000000,6379.500000,6397.000000,82
2025-08-10 19:45,6397.000000,6398.000000,6390.000000,6398.000000,403
2025-08-10 20:00,6398.000000,6398.000000,6386.000000,6395.000000,215
2025-08-10 20:15,6385.000000,6395.000000,6384.500000,6395.000000,125
2025-08-10 20:30,6395.000000,6395.000000,6384.000000,6384.000000,222
2025-08-10 20:45,6384.000000,6395.000000,6383.000000,6395.000000,38
2025-08-11 03:45,6355.000000,6355.000000,6355.000000,6355.000000,5428
2025-08-11 04:00,6356.000000,6427.500000,6352.500000,6395.000000,52428
2025-08-11 04:15,6395.500000,6415.000000,6393.000000,6407.500000,19203
2025-08-11 04:30,6408.000000,6430.000000,6403.500000,6422.000000,24952
2025-08-11 04:45,6422.000000,6422.000000,6408.500000,6415.000000,12462
2025-08-11 05:00,6415.000000,6416.500000,6400.000000,6400.000000,12506
2025-08-11 05:15,6400.500000,6419.500000,6400.000000,6414.500000,17731
2025-08-11 05:30,6414.500000,6418.500000,6406.500000,6412.000000,12301
2025-08-11 05:45,6412.000000,6416.500000,6406.500000,6410.000000,7559
2025-08-11 06:00,6410.000000,6410.500000,6380.500000,6383.000000,39942
2025-08-11 06:15,6383.000000,6391.000000,6376.500000,6386.500000,17712
2025-08-11 06:30,6386.000000,6388.500000,6375.500000,6384.500000,11931
2025-08-11 06:45,6384.500000,6386.000000,6378.000000,6380.500000,12496
2025-08-11 07:00,6380.000000,6383.000000,6351.500000,6354.500000,33924
2025-08-11 07:15,6354.500000,6373.500000,6353.500000,6373.000000,20734
2025-08-11 07:30,6373.500000,6381.000000,6362.500000,6362.500000,24270
2025-08-11 07:45,6363.000000,6367.000000,6340.500000,6342.000000,27548
2025-08-11 08:00,6342.000000,6365.500000,6342.000000,6359.000000,9666
2025-08-11 08:15,6359.000000,6364.000000,6349.000000,6349.500000,14640
2025-08-11 08:30,6349.500000,6376.000000,6348.000000,6373.000000,18669
2025-08-11 08:45,6374.000000,6388.500000,6367.000000,6375.000000,17216
2025-08-11 09:00,6375.000000,6375.000000,6358.500000,6362.500000,11833
2025-08-11 09:15,6362.500000,6369.500000,6354.500000,6359.500000,15076
2025-08-11 09:30,6359.500000,6359.500000,6350.500000,6354.500000,4919
2025-08-11 09:45,6353.000000,6353.000000,6334.500000,6345.000000,21898
2025-08-11 10:00,6345.000000,6346.000000,6332.000000,6335.000000,14102
2025-08-11 10:15,6335.500000,6341.000000,6330.500000,6331.500000,13366
2025-08-11 10:30,6331.000000,6331.500000,6320.500000,6328.500000,21192
2025-08-11 10:45,6328.500000,6332.500000,6324.500000,6329.000000,9443
2025-08-11 11:00,6330.500000,6350.000000,6329.000000,6348.000000,20616
2025-08-11 11:15,6348.000000,6368.500000,6347.000000,6364.000000,17595
2025-08-11 11:30,6364.000000,6370.000000,6343.500000,6347.500000,10138
2025-08-11 11:45,6347.500000,6352.000000,6339.000000,6348.500000,6529
2025-08-11 12:00,6348.500000,6360.500000,6346.500000,6350.000000,8478
2025-08-11 12:15,6350.000000,6357.500000,6346.000000,6357.500000,7568
2025-08-11 12:30,6358.500000,6359.000000,6346.000000,6351.500000,6234
2025-08-11 12:45,6351.000000,6351.000000,6335.000000,6342.000000,6125
2025-08-11 13:00,6342.500000,6344.500000,6329.000000,6341.500000,8858
2025-08-11 13:15,6341.500000,6355.000000,6340.500000,6355.000000,5418
2025-08-11 13:30,6354.500000,6360.000000,6351.000000,6359.500000,4608
2025-08-11 13:45,6359.500000,6364.000000,6355.000000,6362.500000,8635
2025-08-11 14:00,6362.500000,6363.000000,6357.500000,6360.500000,5840
2025-08-11 14:15,6360.000000,6363.000000,6359.000000,6360.500000,3800
2025-08-11 14:30,6360.500000,6360.500000,6350.500000,6353.500000,5165
2025-08-11 14:45,6353.500000,6382.500000,6350.500000,6374.000000,15014
2025-08-11 15:00,6374.000000,6380.500000,6369.000000,6373.500000,10659
2025-08-11 15:15,6373.500000,6377.500000,6364.000000,6371.500000,9310
2025-08-11 15:30,6372.500000,6378.000000,6323.000000,6338.000000,23410
2025-08-11 15:45,6323.500000,6323.500000,6323.500000,6323.500000,5061
2025-08-11 16:00,6323.000000,6345.500000,6319.000000,6336.000000,19298
2025-08-11 16:15,6338.000000,6344.000000,6319.500000,6322.000000,11845
2025-08-11 16:30,6322.000000,6334.500000,6320.000000,6334.500000,5350
2025-08-11 16:45,6334.000000,6337.000000,6320.000000,6328.000000,8154
2025-08-11 17:00,6328.000000,6337.500000,6325.500000,6334.000000,3613
2025-08-11 17:15,6334.000000,6345.000000,6334.000000,6340.500000,4076
2025-08-11 17:30,6340.000000,6344.500000,6336.000000,6336.000000,1717
2025-08-11 17:45,6337.000000,6337.000000,6327.500000,6328.000000,1708
2025-08-11 18:00,6328.500000,6331.000000,6326.000000,6327.500000,1429
2025-08-11 18:15,6327.500000,6328.500000,6325.000000,6325.500000,2123
2025-08-11 18:30,6325.000000,6330.500000,6320.500000,6324.500000,2497
2025-08-11 18:45,6323.500000,6329.000000,6323.500000,6329.000000,1603
2025-08-11 19:00,6329.000000,6335.000000,6327.500000,6335.000000,1075
2025-08-11 19:15,6334.500000,6335.000000,6329.000000,6332.000000,1766
2025-08-11 19:30,6332.000000,6337.000000,6330.000000,6335.500000,2077
2025-08-11 19:45,6336.500000,6340.000000,6335.500000,6340.000000,1101
2025-08-11 20:00,6339.500000,6341.000000,6338.000000,6340.500000,1310
2025-08-11 20:15,6340.500000,6342.000000,6339.000000,6342.000000,1447
2025-08-11 20:30,6342.000000,6342.000000,6335.500000,6335.500000,2578
2025-08-11 20:45,6335.500000,6336.500000,6330.500000,6336.500000,1492
2025-08-12 03:45,6356.500000,6356.500000,6356.500000,6356.500000,1014
2025-08-12 04:00,6354.000000,6361.500000,6338.000000,6348.500000,5237
2025-08-12 04:15,6348.500000,6348.500000,6330.000000,6331.000000,2286
2025-08-12 04:30,6331.000000,6334.000000,6310.500000,6315.000000,5335
2025-08-12 04:45,6315.000000,6325.000000,6314.000000,6316.500000,1524
2025-08-12 05:00,6316.000000,6318.500000,6291.500000,6310.000000,12572
2025-08-12 05:15,6307.500000,6310.000000,6292.000000,6296.000000,3930
2025-08-12 05:30,6296.500000,6307.500000,6296.000000,6306.500000,1804
2025-08-12 05:45,6306.500000,6315.000000,6306.000000,6313.000000,1077
2025-08-12 06:00,6313.000000,6336.500000,6313.000000,6334.000000,5281
2025-08-12 06:15,6334.500000,6337.000000,6330.000000,6335.500000,1915
2025-08-12 06:30,6335.500000,6337.500000,6331.500000,6335.000000,1416
2025-08-12 06:45,6335.000000,6336.500000,6328.000000,6336.500000,1924
2025-08-12 07:00,6335.500000,6339.500000,6322.000000,6326.500000,12005
2025-08-12 07:15,6327.000000,6338.500000,6324.500000,6338.500000,10234
2025-08-12 07:30,6338.500000,6339.000000,6335.500000,6338.500000,3851
2025-08-12 07:45,6338.500000,6339.000000,6326.000000,6329.000000,7459
2025-08-12 08:00,6329.000000,6330.500000,6324.500000,6325.500000,3772
2025-08-12 08:15,6325.000000,6339.500000,6320.500000,6337.000000,8719
2025-08-12 08:30,6337.000000,6340.000000,6332.000000,6338.500000,19602
2025-08-12 08:45,6338.500000,6340.000000,6336.500000,6339.500000,18168
2025-08-12 09:00,6339.500000,6340.000000,6333.000000,6339.500000,9902
2025-08-12 09:15,6339.500000,6340.000000,6338.000000,6340.000000,9588
2025-08-12 09:30,6340.000000,6340.000000,6336.500000,6340.000000,9287
2025-08-12 09:45,6340.000000,6353.500000,6339.500000,6353.500000,16994
2025-08-12 10:00,6353.000000,6365.500000,6353.000000,6362.000000,12513
2025-08-12 10:15,6361.500000,6362.000000,6355.500000,6357.500000,5685
2025-08-12 10:30,6357.500000,6364.000000,6357.500000,6363.500000,6744
2025-08-12 10:45,6364.000000,6364.000000,6354.500000,6357.500000,8497
2025-08-12 11:00,6357.500000,6358.500000,6343.000000,6349.000000,10399
2025-08-12 11:15,6349.000000,6351.500000,6343.000000,6350.000000,6296
2025-08-12 11:30,6350.000000,6351.500000,6344.000000,6351.500000,7463
2025-08-12 11:45,6351.500000,6362.000000,6346.500000,6356.000000,8811
2025-08-12 12:00,6356.000000,6358.000000,6354.000000,6356.500000,2614
2025-08-12 12:15,6356.500000,6356.500000,6344.500000,6344.500000,6560
2025-08-12 12:30,6346.000000,6356.500000,6345.500000,6354.000000,4322
2025-08-12 12:45,6354.000000,6360.000000,6353.500000,6356.500000,4614
2025-08-12 13:00,6356.000000,6363.000000,6355.000000,6360.000000,6535
2025-08-12 13:15,6360.000000,6363.000000,6359.500000,6362.000000,3934
2025-08-12 13:30,6362.000000,6385.000000,6361.000000,6383.000000,24421
2025-08-12 13:45,6382.500000,6383.000000,6372.500000,6378.000000,9037
2025-08-12 14:00,6378.000000,6387.500000,6376.000000,6381.500000,11806
2025-08-12 14:15,6382.000000,6393.500000,6376.500000,6393.500000,10403
2025-08-12 14:30,6393.500000,6396.000000,6388.000000,6394.500000,8997
2025-08-12 14:45,6395.000000,6396.000000,6388.000000,6390.000000,18071
2025-08-12 15:00,6390.000000,6393.000000,6390.000000,6393.000000,6685
2025-08-12 15:15,6393.000000,6396.000000,6385.000000,6386.000000,11311
2025-08-12 15:30,6386.000000,6386.000000,6361.500000,6369.500000,9807
2025-08-12 15:45,6370.000000,6370.000000,6370.000000,6370.000000,3361
2025-08-12 16:00,6371.000000,6373.500000,6365.500000,6367.000000,3051
2025-08-12 16:15,6366.500000,6368.500000,6361.000000,6363.500000,3543
2025-08-12 16:30,6363.000000,6374.000000,6362.000000,6366.000000,5464
2025-08-12 16:45,6369.000000,6374.000000,6369.000000,6374.000000,1166
2025-08-12 17:00,6373.500000,6374.000000,6363.500000,6371.000000,2042
2025-08-12 17:15,6371.000000,6375.000000,6368.000000,6370.500000,2477
2025-08-12 17:30,6370.500000,6375.000000,6368.000000,6375.000000,1877
2025-08-12 17:45,6375.000000,6382.500000,6374.500000,6378.000000,3285
2025-08-12 18:00,6378.000000,6380.000000,6372.500000,6372.500000,903
2025-08-12 18:15,6372.500000,6376.500000,6372.000000,6376.500000,743
2025-08-12 18:30,6376.000000,6381.500000,6376.000000,6380.000000,1191
2025-08-12 18:45,6379.000000,6379.500000,6373.000000,6373.000000,1365
2025-08-12 19:00,6373.500000,6375.000000,6370.000000,6373.000000,1168
2025-08-12 19:15,6373.000000,6375.000000,6371.000000,6372.500000,693
2025-08-12 19:30,6372.500000,6375.000000,6372.000000,6375.000000,1604
2025-08-12 19:45,6374.500000,6379.000000,6374.000000,6379.000000,1038
2025-08-12 20:00,6378.000000,6385.000000,6377.500000,6383.500000,2766
2025-08-12 20:15,6383.000000,6384.000000,6378.500000,6378.500000,1046
2025-08-12 20:30,6378.000000,6385.000000,6375.500000,6384.000000,3258
2025-08-12 20:45,6383.500000,6385.500000,6382.000000,6385.000000,486
2025-08-13 03:45,6385.000000,6385.000000,6385.000000,6385.000000,238
2025-08-13 04:00,6385.500000,6395.000000,6380.500000,6386.500000,3989
2025-08-13 04:15,6386.500000,6387.000000,6380.000000,6381.000000,873
2025-08-13 04:30,6381.000000,6381.000000,6374.000000,6374.000000,1055
2025-08-13 04:45,6375.000000,6385.000000,6371.000000,6383.000000,4171
2025-08-13 05:00,6381.000000,6383.500000,6377.500000,6383.500000,1423
2025-08-13 05:15,6383.500000,6383.500000,6378.000000,6379.000000,2150
2025-08-13 05:30,6378.500000,6380.500000,6378.000000,6379.500000,662
2025-08-13 05:45,6378.500000,6379.500000,6367.500000,6372.000000,4176
2025-08-13 06:00,6371.000000,6374.500000,6360.500000,6374.500000,7992
2025-08-13 06:15,6374.500000,6378.500000,6374.000000,6377.000000,3309
2025-08-13 06:30,6377.500000,6378.500000,6373.000000,6375.000000,1838
2025-08-13 06:45,6375.000000,6376.000000,6374.000000,6375.000000,1728
2025-08-13 07:00,6375.000000,6379.500000,6374.000000,6378.000000,11310
2025-08-13 07:15,6378.500000,6382.000000,6371.500000,6371.500000,13575
2025-08-13 07:30,6372.000000,6375.000000,6362.500000,6362.500000,8198
2025-08-13 07:45,6362.500000,6369.500000,6362.500000,6364.500000,9571
2025-08-13 08:00,6364.500000,6370.000000,6364.000000,6364.500000,19177
2025-08-13 08:15,6365.000000,6370.000000,6364.500000,6365.000000,9273
2025-08-13 08:30,6365.000000,6367.500000,6364.000000,6365.000000,9542
2025-08-13 08:45,6365.500000,6375.000000,6364.500000,6373.000000,7982
2025-08-13 09:00,6373.000000,6376.500000,6355.000000,6358.000000,17602
2025-08-13 09:15,6357.500000,6361.500000,6346.000000,6361.000000,13503
2025-08-13 09:30,6361.500000,6382.500000,6361.000000,6375.500000,16259
2025-08-13 09:45,6375.000000,6380.500000,6365.500000,6365.500000,7977
2025-08-13 10:00,6365.500000,6365.500000,6353.000000,6353.500000,9766
2025-08-13 10:15,6353.000000,6358.000000,6346.500000,6355.000000,12149
2025-08-13 10:30,6355.000000,6355.500000,6350.000000,6350.000000,5311
2025-08-13 10:45,6350.500000,6351.500000,6347.500000,6351.000000,3755
2025-08-13 11:00,6351.000000,6354.500000,6349.000000,6353.000000,2495
2025-08-13 11:15,6353.500000,6358.500000,6353.000000,6355.000000,9752
2025-08-13 11:30,6355.000000,6355.500000,6353.000000,6354.500000,3143
2025-08-13 11:45,6354.000000,6354.000000,6330.000000,6334.500000,16730
2025-08-13 12:00,6333.500000,6336.000000,6326.000000,6329.000000,9154
2025-08-13 12:15,6329.000000,6350.500000,6322.000000,6345.000000,16893
2025-08-13 12:30,6344.500000,6355.000000,6341.500000,6349.500000,9601
2025-08-13 12:45,6349.500000,6351.000000,6340.000000,6341.000000,5895
2025-08-13 13:00,6340.500000,6346.000000,6331.000000,6335.500000,8507
2025-08-13 13:15,6335.000000,6349.500000,6334.500000,6347.500000,11037
2025-08-13 13:30,6347.500000,6350.500000,6340.000000,6350.500000,5985
2025-08-13 13:45,6350.500000,6367.500000,6349.500000,6355.500000,19846
2025-08-13 14:00,6355.500000,6357.500000,6345.000000,6351.500000,15261
2025-08-13 14:15,6351.000000,6374.500000,6350.500000,6356.000000,21419
2025-08-13 14:30,6356.500000,6367.000000,6355.000000,6357.500000,6878
2025-08-13 14:45,6357.000000,6357.500000,6355.000000,6356.000000,11645
2025-08-13 15:00,6356.000000,6373.500000,6356.000000,6372.000000,14899
2025-08-13 15:15,6373.000000,6377.500000,6370.500000,6374.000000,10556
2025-08-13 15:30,6374.500000,6374.500000,6365.000000,6365.000000,2451
2025-08-13 15:45,6355.000000,6355.000000,6355.000000,6355.000000,2846
2025-08-13 16:00,6356.500000,6367.500000,6356.500000,6365.000000,3704
2025-08-13 16:15,6365.000000,6365.000000,6355.000000,6355.000000,2890
2025-08-13 16:30,6355.500000,6355.500000,6345.000000,6350.000000,5102
2025-08-13 16:45,6350.000000,6350.000000,6345.500000,6348.000000,2059
2025-08-13 17:00,6348.000000,6348.500000,6334.000000,6343.000000,8300
2025-08-13 17:15,6343.000000,6344.000000,6334.000000,6342.500000,2889
2025-08-13 17:30,6342.500000,6346.500000,6338.000000,6339.000000,2250
2025-08-13 17:45,6338.500000,6339.000000,6336.500000,6339.000000,547
2025-08-13 18:00,6339.000000,6339.000000,6335.000000,6335.000000,1783
2025-08-13 18:15,6336.500000,6338.500000,6335.000000,6338.500000,803
2025-08-13 18:30,6338.500000,6343.500000,6338.500000,6342.500000,1385
2025-08-13 18:45,6342.500000,6346.000000,6340.000000,6341.500000,796
2025-08-13 19:00,6340.500000,6344.000000,6340.500000,6341.000000,915
2025-08-13 19:15,6341.500000,6341.500000,6340.500000,6340.500000,476
2025-08-13 19:30,6340.500000,6340.500000,6337.000000,6337.500000,1499
2025-08-13 19:45,6337.500000,6341.500000,6337.000000,6339.000000,1874
2025-08-13 20:00,6339.000000,6339.000000,6337.000000,6337.000000,1422
2025-08-13 20:15,6337.000000,6337.000000,6330.500000,6334.000000,6223
2025-08-13 20:30,6333.500000,6334.000000,6328.000000,6328.000000,3648
2025-08-13 20:45,6328.000000,6336.000000,6326.000000,6336.000000,1788
2025-08-14 03:45,6336.000000,6336.000000,6336.000000,6336.000000,22
2025-08-14 04:00,6336.000000,6336.000000,6302.500000,6331.000000,9428
2025-08-14 04:15,6331.000000,6336.500000,6331.000000,6336.500000,1296
2025-08-14 04:30,6336.500000,6337.000000,6321.500000,6329.500000,2735
2025-08-14 04:45,6328.500000,6332.000000,6326.000000,6328.500000,255
2025-08-14 05:00,6328.500000,6333.500000,6327.500000,6328.000000,1189
2025-08-14 05:15,6328.500000,6330.000000,6327.500000,6329.500000,779
2025-08-14 05:30,6329.500000,6330.500000,6322.000000,6322.000000,1908
2025-08-14 05:45,6322.500000,6322.500000,6315.000000,6320.000000,4188
2025-08-14 06:00,6320.000000,6324.000000,6296.000000,6305.000000,11663
2025-08-14 06:15,6305.000000,6316.500000,6305.000000,6310.000000,3227
2025-08-14 06:30,6309.500000,6310.000000,6299.000000,6300.000000,3930
2025-08-14 06:45,6300.000000,6300.000000,6298.000000,6299.000000,3668
2025-08-14 07:00,6298.500000,6302.500000,6283.000000,6291.000000,21482
2025-08-14 07:15,6290.500000,6300.000000,6283.500000,6295.500000,8494
2025-08-14 07:30,6296.000000,6316.000000,6295.500000,6308.500000,19079
2025-08-14 07:45,6309.500000,6316.000000,6302.500000,6315.000000,5841
2025-08-14 08:00,6314.000000,6316.500000,6310.000000,6313.500000,5400
2025-08-14 08:15,6313.500000,6313.500000,6306.000000,6309.000000,7141
2025-08-14 08:30,6309.500000,6313.000000,6300.000000,6300.500000,5784
2025-08-14 08:45,6300.500000,6313.500000,6295.000000,6312.000000,9992
2025-08-14 09:00,6310.500000,6313.500000,6309.000000,6312.000000,14912
2025-08-14 09:15,6312.500000,6334.000000,6312.000000,6330.000000,16660
2025-08-14 09:30,6330.000000,6335.000000,6328.000000,6334.000000,7183
2025-08-14 09:45,6333.000000,6334.500000,6327.000000,6333.000000,3706
2025-08-14 10:00,6332.500000,6350.000000,6330.000000,6350.000000,15475
2025-08-14 10:15,6350.000000,6364.000000,6350.000000,6357.000000,15852
2025-08-14 10:30,6357.000000,6361.500000,6348.500000,6360.000000,7273
2025-08-14 10:45,6360.000000,6361.000000,6350.000000,6356.000000,2325
2025-08-14 11:00,6356.500000,6357.000000,6336.000000,6343.000000,5266
2025-08-14 11:15,6343.500000,6358.500000,6341.000000,6356.500000,8906
2025-08-14 11:30,6356.000000,6365.000000,6353.500000,6363.500000,12238
2025-08-14 11:45,6364.000000,6367.000000,6357.500000,6365.000000,7826
2025-08-14 12:00,6365.500000,6378.000000,6365.500000,6370.500000,12640
2025-08-14 12:15,6370.500000,6377.500000,6370.000000,6370.500000,9613
2025-08-14 12:30,6370.500000,6376.500000,6370.000000,6376.000000,16049
2025-08-14 12:45,6376.000000,6389.500000,6376.000000,6387.500000,20570
2025-08-14 13:00,6387.500000,6390.000000,6377.000000,6381.500000,15954
2025-08-14 13:15,6381.000000,6388.000000,6380.000000,6380.000000,6297
2025-08-14 13:30,6380.000000,6388.000000,6370.000000,6383.500000,15201
2025-08-14 13:45,6384.000000,6394.500000,6383.500000,6391.500000,31985
2025-08-14 14:00,6391.500000,6395.000000,6371.000000,6392.500000,33242
2025-08-14 14:15,6392.000000,6398.000000,6383.500000,6393.500000,25553
2025-08-14 14:30,6394.000000,6399.000000,6393.000000,6397.000000,11900
2025-08-14 14:45,6397.000000,6397.000000,6388.000000,6393.000000,9007
2025-08-14 15:00,6393.000000,6393.500000,6382.000000,6384.000000,6968
2025-08-14 15:15,6384.500000,6388.000000,6381.500000,6387.500000,2557
2025-08-14 15:30,6387.500000,6389.000000,6386.000000,6387.500000,3923
2025-08-14 15:45,6386.000000,6386.000000,6386.000000,6386.000000,742
2025-08-14 16:00,6386.000000,6391.500000,6383.000000,6391.500000,4226
2025-08-14 16:15,6391.000000,6392.000000,6382.000000,6385.000000,6614
2025-08-14 16:30,6385.000000,6388.000000,6380.500000,6384.500000,2563
2025-08-14 16:45,6384.500000,6385.000000,6381.000000,6381.500000,3581
2025-08-14 17:00,6381.500000,6383.500000,6381.000000,6382.500000,1766
2025-08-14 17:15,6383.000000,6389.000000,6382.000000,6385.500000,2927
2025-08-14 17:30,6385.500000,6400.000000,6385.000000,6392.000000,10381
2025-08-14 17:45,6392.500000,6397.000000,6390.000000,6395.000000,2042
2025-08-14 18:00,6395.000000,6402.500000,6390.000000,6401.000000,8800
2025-08-14 18:15,6400.500000,6403.500000,6400.500000,6402.500000,3855
2025-08-14 18:30,6402.500000,6403.000000,6395.000000,6398.000000,3402
2025-08-14 18:45,6398.000000,6400.500000,6392.000000,6393.500000,3259
2025-08-14 19:00,6393.000000,6395.500000,6392.000000,6395.500000,931
2025-08-14 19:15,6395.500000,6399.000000,6392.500000,6393.000000,1450
2025-08-14 19:30,6393.000000,6394.000000,6392.000000,6393.000000,852
2025-08-14 19:45,6392.500000,6393.000000,6385.000000,6391.500000,5665
2025-08-14 20:00,6392.000000,6392.000000,6389.500000,6390.500000,470
2025-08-14 20:15,6390.500000,6390.500000,6386.500000,6389.000000,571
2025-08-14 20:30,6389.000000,6390.500000,6387.500000,6390.500000,2409
2025-08-14 20:45,6388.500000,6391.500000,6387.000000,6387.000000,721
2025-08-15 03:45,6401.000000,6401.000000,6401.000000,6401.000000,202
2025-08-15 04:00,6400.500000,6409.000000,6394.500000,6400.500000,6680
2025-08-15 04:15,6400.500000,6402.000000,6395.500000,6396.000000,1126
2025-08-15 04:30,6396.000000,6399.500000,6394.500000,6398.000000,1868
2025-08-15 04:45,6398.000000,6400.000000,6391.500000,6395.500000,2442
2025-08-15 05:00,6394.000000,6397.000000,6390.000000,6393.000000,2927
2025-08-15 05:15,6394.500000,6404.500000,6394.500000,6404.000000,1703
2025-08-15 05:30,6404.000000,6404.500000,6399.000000,6400.000000,857
2025-08-15 05:45,6400.000000,6417.000000,6400.000000,6413.000000,11112
2025-08-15 06:00,6412.000000,6413.500000,6402.000000,6407.500000,3751
2025-08-15 06:15,6409.000000,6409.000000,6402.500000,6406.000000,1895
2025-08-15 06:30,6406.000000,6406.000000,6393.500000,6399.000000,8482
2025-08-15 06:45,6399.000000,6403.500000,6396.000000,6399.500000,4357
2025-08-15 07:00,6400.000000,6400.000000,6385.000000,6390.500000,14845
2025-08-15 07:15,6390.500000,6390.500000,6383.500000,6385.500000,5728
2025-08-15 07:30,6385.000000,6388.500000,6381.500000,6384.500000,8953
2025-08-15 07:45,6384.000000,6389.000000,6380.500000,6388.500000,6846
2025-08-15 08:00,6388.500000,6393.000000,6385.500000,6388.000000,4918
2025-08-15 08:15,6388.500000,6406.500000,6388.500000,6405.500000,8148
2025-08-15 08:30,6406.000000,6415.000000,6402.500000,6410.000000,8438
2025-08-15 08:45,6411.000000,6420.000000,6410.000000,6415.500000,12120
2025-08-15 09:00,6415.000000,6425.000000,6415.000000,6424.500000,12509
2025-08-15 09:15,6425.000000,6432.500000,6423.000000,6430.000000,15417
2025-08-15 09:30,6429.500000,6430.000000,6424.500000,6426.500000,7703
2025-08-15 09:45,6426.000000,6427.000000,6422.000000,6422.000000,11592
2025-08-15 10:00,6422.000000,6425.500000,6415.000000,6425.500000,7652
2025-08-15 10:15,6425.500000,6429.000000,6414.000000,6415.500000,24536
2025-08-15 10:30,6415.000000,6418.500000,6413.000000,6416.500000,3093
2025-08-15 10:45,6416.500000,6420.000000,6416.000000,6418.500000,2805
2025-08-15 11:00,6417.500000,6420.000000,6416.000000,6419.000000,4748
2025-08-15 11:15,6418.500000,6422.500000,6417.000000,6420.000000,7146
2025-08-15 11:30,6420.000000,6424.000000,6420.000000,6424.000000,4612
2025-08-15 11:45,6423.500000,6429.500000,6421.000000,6427.000000,10304
2025-08-15 12:00,6427.000000,6437.500000,6425.000000,6430.500000,15209
2025-08-15 12:15,6430.000000,6431.000000,6420.000000,6422.000000,12365
2025-08-15 12:30,6422.000000,6426.000000,6420.500000,6423.000000,3730
2025-08-15 12:45,6423.000000,6435.000000,6423.000000,6432.500000,5004
2025-08-15 13:00,6433.000000,6435.500000,6430.000000,6431.000000,4256
2025-08-15 13:15,6432.000000,6434.500000,6429.000000,6430.500000,5435
2025-08-15 13:30,6431.000000,6439.500000,6430.000000,6430.000000,9623
2025-08-15 13:45,6430.500000,6435.500000,6430.000000,6434.000000,4785
2025-08-15 14:00,6434.500000,6440.000000,6432.000000,6439.500000,13164
2025-08-15 14:15,6439.500000,6449.000000,6439.500000,6444.000000,19851
2025-08-15 14:30,6444.000000,6447.000000,6442.500000,6446.000000,9097
2025-08-15 14:45,6446.500000,6447.500000,6442.500000,6442.500000,6909
2025-08-15 15:00,6442.500000,6443.000000,6433.500000,6435.000000,11699
2025-08-15 15:15,6434.500000,6444.000000,6433.500000,6443.500000,9727
2025-08-15 15:30,6444.000000,6447.000000,6443.000000,6446.000000,7578
2025-08-15 15:45,6445.500000,6445.500000,6445.500000,6445.500000,1871
2025-08-15 16:00,6445.500000,6447.500000,6440.500000,6445.000000,8477
2025-08-15 16:15,6445.000000,6449.000000,6444.000000,6447.000000,12009
2025-08-15 16:30,6448.500000,6460.000000,6448.000000,6460.000000,23364
2025-08-15 16:45,6460.000000,6471.500000,6459.500000,6469.500000,14272
2025-08-15 17:00,6469.000000,6475.000000,6462.500000,6463.500000,13627
2025-08-15 17:15,6463.000000,6471.000000,6462.500000,6464.500000,5445
2025-08-15 17:30,6464.500000,6465.000000,6457.500000,6458.500000,5353
2025-08-15 17:45,6459.000000,6459.500000,6437.000000,6449.000000,14499
2025-08-15 18:00,6450.000000,6464.000000,6450.000000,6463.000000,6003
2025-08-15 18:15,6463.000000,6465.000000,6458.000000,6459.000000,4283
2025-08-15 18:30,6459.500000,6465.000000,6459.000000,6462.500000,4276
2025-08-15 18:45,6463.500000,6468.500000,6462.000000,6462.000000,6790
2025-08-15 19:00,6462.500000,6462.500000,6445.000000,6449.500000,9467
2025-08-15 19:15,6449.500000,6461.000000,6446.000000,6461.000000,5136
2025-08-15 19:30,6460.000000,6461.000000,6440.500000,6442.500000,12361
2025-08-15 19:45,6442.500000,6452.000000,6440.500000,6447.000000,8263
2025-08-15 20:00,6446.000000,6446.000000,6435.000000,6437.500000,7138
2025-08-15 20:15,6437.500000,6444.500000,6425.500000,6444.500000,13338
2025-08-15 20:30,6445.000000,6451.000000,6440.000000,6446.500000,7592
2025-08-15 20:45,6446.500000,6450.500000,6444.000000,6444.000000,5091
2025-08-15 23:00,6550.000000,6600.000000,6300.000000,6314.000000,3461
2025-08-15 23:15,6330.000000,6347.000000,6280.000000,6280.500000,3722
2025-08-15 23:30,6281.500000,6300.000000,6250.000000,6254.000000,4578
2025-08-15 23:45,6254.000000,6299.500000,6253.000000,6299.500000,1446
2025-08-16 00:00,6299.500000,6324.000000,6279.500000,6298.000000,700
2025-08-16 00:15,6298.500000,6372.000000,6288.500000,6370.000000,1109
2025-08-16 00:30,6365.000000,6370.000000,6292.000000,6302.000000,886
2025-08-16 00:45,6303.000000,6330.000000,6302.000000,6330.000000,390
2025-08-16 01:00,6321.500000,6353.000000,6320.500000,6353.000000,387
2025-08-16 01:15,6353.000000,6364.000000,6332.500000,6364.000000,364
2025-08-16 01:30,6362.000000,6370.000000,6360.000000,6370.000000,291
2025-08-16 01:45,6370.000000,6396.000000,6350.000000,6356.000000,1023
2025-08-16 02:00,6356.000000,6374.000000,6350.000000,6374.000000,124
2025-08-16 02:15,6374.000000,6375.000000,6350.000000,6366.000000,213
2025-08-16 02:30,6355.500000,6387.000000,6350.000000,6369.000000,325
2025-08-16 02:45,6386.500000,6386.500000,6354.000000,6377.000000,98
2025-08-16 03:00,6377.000000,6378.000000,6355.500000,6356.000000,332
2025-08-16 03:15,6356.000000,6369.000000,6355.500000,6369.000000,253
2025-08-16 03:30,6369.000000,6375.500000,6355.000000,6356.500000,361
2025-08-16 03:45,6371.500000,6374.500000,6335.000000,6341.000000,654
2025-08-16 04:00,6355.000000,6376.500000,6341.000000,6372.500000,752
2025-08-16 04:15,6372.500000,6389.000000,6360.000000,6363.000000,495
2025-08-16 04:30,6368.500000,6370.000000,6357.500000,6370.000000,309
2025-08-16 04:45,6358.000000,6385.500000,6357.500000,6365.000000,1384
2025-08-16 05:00,6366.000000,6396.000000,6366.000000,6378.500000,2016
2025-08-16 05:15,6378.500000,6392.000000,6378.500000,6388.000000,600
2025-08-16 05:30,6388.000000,6392.000000,6379.500000,6392.000000,736
2025-08-16 05:45,6392.000000,6392.000000,6389.000000,6390.000000,420
2025-08-16 06:00,6391.500000,6392.000000,6365.500000,6365.500000,1002
2025-08-16 06:15,6365.500000,6374.000000,6355.000000,6355.000000,1562
2025-08-16 06:30,6355.000000,6380.000000,6350.000000,6371.000000,564
2025-08-16 06:45,6393.000000,6393.000000,6393.000000,6393.000000,5903
2025-08-16 07:00,6392.000000,6392.500000,6275.000000,6335.000000,64552
2025-08-16 07:15,6335.000000,6368.500000,6325.000000,6362.500000,14598
2025-08-16 07:30,6362.500000,6363.000000,6340.500000,6342.500000,6950
2025-08-16 07:30,6362.500000,6363.000000,6340.500000,6342.500000,6950
2025-08-16 07:45,6341.000000,6357.000000,6339.000000,6343.500000,7856
2025-08-16 08:00,6343.500000,6343.500000,6328.000000,6329.000000,7100
2025-08-16 08:15,6329.500000,6329.500000,6315.000000,6318.500000,7312
2025-08-16 08:30,6316.500000,6323.000000,6314.000000,6321.500000,9697
2025-08-16 08:45,6322.000000,6329.000000,6317.000000,6329.000000,12020
2025-08-16 09:00,6328.500000,6328.500000,6320.000000,6326.500000,5230
2025-08-16 09:15,6326.000000,6329.000000,6322.000000,6328.000000,2408
2025-08-16 09:30,6328.000000,6328.000000,6322.000000,6325.500000,6833
2025-08-16 09:45,6325.500000,6325.500000,6306.500000,6307.000000,12975
2025-08-16 10:00,6307.500000,6314.500000,6307.000000,6314.500000,2941
2025-08-16 10:15,6314.500000,6314.500000,6305.500000,6306.000000,4049
2025-08-16 10:30,6305.500000,6311.500000,6305.000000,6309.000000,4211
2025-08-16 10:45,6309.000000,6310.000000,6306.500000,6310.000000,1029
2025-08-16 11:00,6310.000000,6312.500000,6308.500000,6311.000000,3568
2025-08-16 11:15,6311.000000,6311.500000,6309.500000,6311.500000,1654
2025-08-16 11:30,6312.000000,6314.500000,6311.500000,6314.000000,2821
2025-08-16 11:45,6314.500000,6320.000000,6312.500000,6318.500000,2176
2025-08-16 12:00,6320.000000,6320.500000,6318.500000,6320.500000,1493
2025-08-16 12:15,6320.500000,6325.000000,6320.000000,6325.000000,995
2025-08-16 12:30,6324.500000,6335.500000,6323.500000,6331.500000,3980
2025-08-16 12:45,6331.000000,6357.000000,6331.000000,6355.000000,6713
2025-08-16 13:00,6355.000000,6355.000000,6334.000000,6344.500000,3194
2025-08-16 13:15,6344.500000,6349.500000,6342.000000,6345.000000,3009
2025-08-16 13:30,6344.000000,6363.500000,6344.000000,6357.000000,6557
2025-08-16 13:45,6358.500000,6370.000000,6356.000000,6363.000000,5234
2025-08-16 14:00,6363.000000,6365.000000,6359.500000,6362.000000,1455
2025-08-16 14:15,6363.500000,6371.000000,6351.000000,6359.500000,4182
2025-08-16 14:30,6359.500000,6362.500000,6355.000000,6358.000000,638
2025-08-16 14:45,6359.000000,6359.000000,6355.000000,6355.000000,905
2025-08-16 15:00,6356.500000,6356.500000,6353.000000,6353.500000,1272
2025-08-16 15:15,6354.500000,6355.500000,6353.000000,6353.000000,972
2025-08-16 15:30,6354.000000,6359.500000,6351.000000,6359.500000,3197
2025-08-16 15:45,6359.500000,6360.000000,6353.000000,6360.000000,1537
2025-08-16 16:00,6331.500000,6394.500000,6331.500000,6368.000000,88
2025-08-16 16:15,6368.000000,6368.500000,6344.500000,6356.500000,143
2025-08-16 16:30,6360.000000,6364.000000,6355.000000,6364.000000,58
2025-08-16 16:45,6355.000000,6364.000000,6350.000000,6363.000000,144
2025-08-16 17:00,6363.000000,6363.000000,6350.500000,6362.500000,186
2025-08-16 17:15,6358.000000,6359.500000,6345.000000,6359.500000,219
2025-08-16 17:30,6346.500000,6346.500000,6338.000000,6338.000000,198
2025-08-16 17:45,6338.000000,6345.500000,6334.000000,6343.500000,213
2025-08-16 18:00,6334.000000,6344.000000,6334.000000,6342.000000,40
2025-08-16 18:15,6341.500000,6345.500000,6334.000000,6334.500000,309
2025-08-16 18:30,6335.000000,6352.500000,6335.000000,6351.000000,286
2025-08-16 18:45,6351.000000,6352.000000,6335.500000,6350.000000,45
2025-08-16 19:00,6345.000000,6351.000000,6335.500000,6350.000000,44
2025-08-16 19:15,6336.500000,6350.000000,6335.500000,6345.000000,61
2025-08-16 19:30,6344.500000,6348.000000,6337.000000,6345.500000,65
2025-08-16 19:45,6338.000000,6341.000000,6337.500000,6341.000000,60
2025-08-16 20:00,6345.500000,6357.000000,6336.000000,6350.000000,206
2025-08-16 20:15,6355.000000,6357.000000,6339.500000,6349.000000,260
2025-08-16 20:30,6340.000000,6353.000000,6336.000000,6352.000000,113
2025-08-16 20:45,6350.000000,6350.000000,6349.000000,6349.000000,22
2025-08-16 23:00,6339.500000,6360.500000,6328.500000,6346.000000,25
2025-08-16 23:15,6345.000000,6356.000000,6345.000000,6348.000000,5
2025-08-16 23:30,6356.000000,6356.000000,6356.000000,6356.000000,1
2025-08-16 23:45,6356.500000,6385.000000,6356.500000,6385.000000,342
2025-08-17 00:00,6385.000000,6385.000000,6348.000000,6348.000000,25
2025-08-17 00:15,6369.500000,6382.000000,6350.000000,6350.000000,18
2025-08-17 00:30,6369.500000,6381.500000,6369.500000,6381.500000,7
2025-08-17 00:45,6368.500000,6381.000000,6350.000000,6350.500000,24
2025-08-17 01:00,6355.000000,6380.000000,6355.000000,6379.500000,15
2025-08-17 01:15,6377.500000,6377.500000,6377.500000,6377.500000,2
2025-08-17 01:30,6360.000000,6360.000000,6360.000000,6360.000000,2
2025-08-17 01:45,6359.500000,6370.000000,6357.500000,6370.000000,8
2025-08-17 02:00,6365.000000,6367.000000,6365.000000,6367.000000,14
2025-08-17 02:15,6358.500000,6365.500000,6350.000000,6365.500000,15
2025-08-17 02:30,6365.500000,6367.000000,6337.500000,6366.500000,219
2025-08-17 02:45,6338.500000,6364.500000,6337.500000,6352.500000,28
2025-08-17 03:00,6344.500000,6364.500000,6338.000000,6363.500000,50
2025-08-17 03:15,6363.500000,6363.500000,6340.500000,6357.500000,48
2025-08-17 03:30,6363.000000,6363.000000,6337.500000,6337.500000,83
2025-08-17 03:45,6349.500000,6361.000000,6337.500000,6361.000000,48
2025-08-17 04:00,6359.500000,6363.000000,6350.000000,6350.000000,62
2025-08-17 04:15,6362.500000,6363.000000,6350.000000,6350.000000,28
2025-08-17 04:30,6350.000000,6362.000000,6349.000000,6362.000000,30
2025-08-17 04:45,6362.000000,6362.000000,6349.000000,6362.000000,28
2025-08-17 05:00,6362.000000,6363.000000,6359.000000,6362.500000,149
2025-08-17 05:15,6362.500000,6363.000000,6360.000000,6360.000000,47
2025-08-17 05:30,6360.000000,6360.000000,6351.500000,6360.000000,36
2025-08-17 05:45,6351.500000,6363.000000,6351.000000,6352.500000,244
2025-08-17 06:00,6363.000000,6363.000000,6353.000000,6362.500000,66
2025-08-17 06:15,6354.000000,6362.500000,6353.000000,6362.000000,45
2025-08-17 06:30,6362.000000,6363.000000,6356.000000,6363.000000,63
2025-08-17 06:45,6360.000000,6360.000000,6360.000000,6360.000000,139
2025-08-17 07:00,6360.000000,6363.000000,6345.000000,6348.000000,5189
2025-08-17 07:15,6348.000000,6354.500000,6337.500000,6340.000000,3493
2025-08-17 07:30,6340.500000,6347.000000,6340.500000,6345.000000,1208
2025-08-17 07:45,6343.500000,6346.500000,6336.500000,6336.500000,2899
2025-08-17 08:00,6337.500000,6342.000000,6330.000000,6338.000000,2335
2025-08-17 08:15,6338.500000,6343.000000,6335.500000,6339.000000,537
2025-08-17 08:30,6339.000000,6339.000000,6335.500000,6338.000000,320
2025-08-17 08:45,6338.000000,6338.000000,6331.000000,6332.000000,1680
2025-08-17 09:00,6334.500000,6339.500000,6332.000000,6338.500000,493
2025-08-17 09:15,6338.500000,6343.500000,6338.000000,6343.500000,947
2025-08-17 09:30,6343.500000,6346.000000,6342.500000,6345.500000,403
2025-08-17 09:45,6346.000000,6349.500000,6345.500000,6349.500000,395
2025-08-17 10:00,6349.500000,6349.500000,6342.000000,6344.500000,492
2025-08-17 10:15,6344.500000,6345.000000,6341.000000,6342.000000,443
2025-08-17 10:30,6342.500000,6345.500000,6341.000000,6343.000000,347
2025-08-17 10:45,6343.000000,6345.000000,6341.000000,6341.000000,419
2025-08-17 11:00,6343.500000,6345.500000,6341.000000,6345.000000,357
2025-08-17 11:15,6345.000000,6345.000000,6335.000000,6336.500000,1144
2025-08-17 11:30,6338.500000,6339.000000,6334.500000,6338.000000,455
2025-08-17 11:45,6338.000000,6341.000000,6336.000000,6341.000000,161
2025-08-17 12:00,6340.500000,6343.000000,6337.500000,6340.500000,444
2025-08-17 12:15,6340.500000,6344.500000,6339.000000,6340.000000,383
2025-08-17 12:30,6340.500000,6341.000000,6335.500000,6337.000000,323
2025-08-17 12:45,6337.000000,6337.500000,6335.500000,6335.500000,356
2025-08-17 13:00,6337.000000,6337.500000,6315.500000,6331.500000,9345
2025-08-17 13:15,6326.000000,6329.000000,6318.000000,6325.500000,1657
2025-08-17 13:30,6324.000000,6331.000000,6323.000000,6327.500000,1081
2025-08-17 13:45,6329.500000,6342.500000,6327.000000,6338.500000,2846
2025-08-17 14:00,6338.500000,6348.000000,6334.500000,6348.000000,3183
2025-08-17 14:15,6346.500000,6348.000000,6339.000000,6344.000000,660
2025-08-17 14:30,6345.000000,6348.000000,6340.000000,6343.000000,1830
2025-08-17 14:45,6341.000000,6342.000000,6337.000000,6338.000000,500
2025-08-17 15:00,6337.000000,6344.000000,6337.000000,6342.000000,1037
2025-08-17 15:15,6342.000000,6344.000000,6340.500000,6341.000000,1290
2025-08-17 15:30,6341.000000,6345.000000,6335.500000,6335.500000,1820
2025-08-17 15:45,6336.000000,6341.500000,6331.000000,6337.500000,981
2025-08-17 16:00,6362.500000,6362.500000,6308.500000,6341.000000,218
2025-08-17 16:15,6325.000000,6341.000000,6325.000000,6339.000000,110
2025-08-17 16:30,6339.000000,6340.000000,6328.500000,6339.500000,37
2025-08-17 16:45,6338.000000,6339.500000,6325.500000,6327.500000,48
2025-08-17 17:00,6328.000000,6338.000000,6327.500000,6338.000000,36
2025-08-17 17:15,6338.000000,6339.000000,6329.500000,6339.000000,181
2025-08-17 17:30,6339.000000,6339.000000,6330.000000,6330.500000,111
2025-08-17 17:45,6330.500000,6339.500000,6330.500000,6335.000000,102
2025-08-17 18:00,6339.000000,6340.000000,6331.000000,6340.000000,226
2025-08-17 18:15,6340.000000,6340.000000,6333.500000,6339.500000,43
2025-08-17 18:30,6339.500000,6339.500000,6329.000000,6339.000000,461
2025-08-17 18:45,6339.000000,6339.000000,6329.000000,6330.000000,628
2025-08-17 19:00,6329.500000,6336.500000,6329.000000,6336.000000,39
2025-08-17 19:15,6336.000000,6336.000000,6329.000000,6336.000000,129
2025-08-17 19:30,6336.000000,6336.500000,6328.000000,6335.500000,353
2025-08-17 19:45,6335.000000,6336.000000,6330.000000,6336.000000,50
2025-08-17 20:00,6328.000000,6336.000000,6328.000000,6328.000000,104
2025-08-17 20:15,6335.500000,6336.000000,6328.000000,6328.000000,82
2025-08-17 20:30,6336.000000,6336.000000,6321.500000,6335.000000,214
2025-08-17 20:45,6321.500000,6335.000000,6321.500000,6322.000000,8
2025-08-18 03:45,6334.000000,6334.000000,6334.000000,6334.000000,168
2025-08-18 04:00,6334.000000,6368.000000,6324.000000,6360.500000,14270
2025-08-18 04:15,6361.000000,6363.000000,6350.000000,6356.000000,2404
2025-08-18 04:30,6355.000000,6362.500000,6354.500000,6357.500000,1543
2025-08-18 04:45,6360.000000,6369.000000,6357.500000,6366.500000,3614
2025-08-18 05:00,6366.500000,6380.000000,6365.500000,6378.000000,6305
2025-08-18 05:15,6378.000000,6379.000000,6372.500000,6375.000000,2585
2025-08-18 05:30,6375.500000,6378.000000,6372.000000,6372.000000,2635
2025-08-18 05:45,6372.000000,6372.000000,6365.000000,6371.000000,2802
2025-08-18 06:00,6370.500000,6370.500000,6340.000000,6340.000000,16299
2025-08-18 06:15,6340.500000,6354.000000,6340.000000,6352.500000,3452
2025-08-18 06:30,6352.500000,6354.500000,6342.000000,6344.000000,5027
2025-08-18 06:45,6343.500000,6355.000000,6340.000000,6355.000000,7571
2025-08-18 07:00,6355.000000,6356.000000,6335.000000,6335.000000,9664
2025-08-18 07:15,6335.500000,6336.000000,6325.500000,6329.000000,13192
2025-08-18 07:30,6328.000000,6338.000000,6321.000000,6329.500000,13947
2025-08-18 07:45,6329.500000,6334.000000,6321.000000,6331.000000,8575
2025-08-18 08:00,6331.000000,6334.500000,6328.000000,6331.000000,6632
2025-08-18 08:15,6331.000000,6347.000000,6330.500000,6339.000000,9656
2025-08-18 08:30,6339.000000,6349.000000,6337.500000,6346.500000,5549
2025-08-18 08:45,6347.000000,6358.500000,6346.000000,6358.500000,9469
2025-08-18 09:00,6358.000000,6368.000000,6358.000000,6359.000000,10806
2025-08-18 09:15,6358.500000,6361.000000,6353.000000,6356.000000,4531
2025-08-18 09:30,6356.000000,6362.000000,6354.000000,6361.500000,2903
2025-08-18 09:45,6361.500000,6372.500000,6361.000000,6364.000000,10753
2025-08-18 10:00,6365.000000,6369.000000,6360.000000,6361.000000,2718
2025-08-18 10:15,6360.000000,6361.500000,6356.500000,6356.500000,3182
2025-08-18 10:30,6356.500000,6357.500000,6353.500000,6355.500000,4144
2025-08-18 10:45,6356.500000,6359.500000,6355.000000,6359.500000,7999
2025-08-18 11:00,6359.500000,6361.500000,6355.000000,6355.500000,2034
2025-08-18 11:15,6356.500000,6360.500000,6355.000000,6356.500000,2349
2025-08-18 11:30,6356.500000,6357.000000,6355.000000,6357.000000,2532
2025-08-18 11:45,6356.500000,6367.000000,6356.500000,6365.500000,5093
2025-08-18 12:00,6366.000000,6366.000000,6362.500000,6365.500000,2903
2025-08-18 12:15,6365.500000,6367.000000,6363.500000,6365.500000,2640
2025-08-18 12:30,6365.000000,6369.000000,6359.000000,6369.000000,8295
2025-08-18 12:45,6369.500000,6378.500000,6369.000000,6378.000000,6206
2025-08-18 13:00,6378.000000,6390.000000,6378.000000,6386.500000,9758
2025-08-18 13:15,6386.500000,6387.000000,6375.500000,6380.000000,6739
2025-08-18 13:30,6379.500000,6380.500000,6373.500000,6375.000000,2423
2025-08-18 13:45,6376.000000,6377.500000,6376.000000,6376.500000,4324
2025-08-18 14:00,6376.500000,6380.000000,6355.000000,6361.000000,25351
2025-08-18 14:15,6361.000000,6372.500000,6361.000000,6370.000000,5462
2025-08-18 14:30,6370.000000,6379.500000,6368.500000,6373.000000,12346
2025-08-18 14:45,6371.500000,6376.000000,6367.000000,6373.000000,20919
2025-08-18 15:00,6372.500000,6377.000000,6368.500000,6375.000000,6380
2025-08-18 15:15,6375.000000,6379.500000,6375.000000,6375.000000,4037
2025-08-18 15:30,6375.500000,6375.500000,6357.000000,6361.000000,10903
2025-08-18 15:45,6355.000000,6355.000000,6355.000000,6355.000000,2659
2025-08-18 16:00,6356.000000,6367.500000,6355.000000,6355.500000,7047
2025-08-18 16:15,6355.500000,6355.500000,6339.000000,6346.500000,10013
2025-08-18 16:30,6347.000000,6380.000000,6346.500000,6370.000000,6418
2025-08-18 16:45,6370.000000,6372.500000,6363.000000,6371.500000,2104
2025-08-18 17:00,6372.000000,6372.000000,6360.500000,6371.000000,2065
2025-08-18 17:15,6371.500000,6389.000000,6366.500000,6387.500000,11573
2025-08-18 17:30,6387.000000,6387.000000,6365.500000,6380.000000,4577
2025-08-18 17:45,6379.500000,6381.000000,6364.000000,6377.500000,2614
2025-08-18 18:00,6378.000000,6383.000000,6377.500000,6383.000000,2157
2025-08-18 18:15,6383.000000,6383.000000,6375.000000,6380.000000,979
2025-08-18 18:30,6381.000000,6384.000000,6372.500000,6377.000000,3143
2025-08-18 18:45,6377.000000,6461.500000,6372.500000,6428.000000,46822
2025-08-18 19:00,6427.500000,6491.500000,6412.000000,6446.500000,54528
2025-08-18 19:15,6447.000000,6447.000000,6420.500000,6437.000000,13741
2025-08-18 19:30,6438.500000,6442.000000,6421.000000,6426.000000,12944
2025-08-18 19:45,6425.500000,6430.000000,6423.500000,6425.000000,7353
2025-08-18 20:00,6425.000000,6429.500000,6425.000000,6429.000000,3593
2025-08-18 20:15,6429.000000,6429.000000,6410.000000,6410.000000,4641
2025-08-18 20:30,6412.500000,6421.000000,6409.000000,6417.000000,6940
2025-08-18 20:45,6417.000000,6421.500000,6414.500000,6420.000000,1469
2025-08-19 03:45,6420.000000,6420.000000,6420.000000,6420.000000,712
2025-08-19 04:00,6419.000000,6429.000000,6396.500000,6400.000000,16855
2025-08-19 04:15,6399.500000,6402.500000,6397.000000,6402.500000,7471
2025-08-19 04:30,6402.500000,6410.000000,6400.500000,6404.000000,4487
2025-08-19 04:45,6404.000000,6410.000000,6404.000000,6409.000000,4772
2025-08-19 05:00,6408.000000,6409.000000,6402.000000,6403.000000,1588
2025-08-19 05:15,6403.000000,6404.000000,6401.500000,6404.000000,2353
2025-08-19 05:30,6404.000000,6407.000000,6403.000000,6405.000000,2532
2025-08-19 05:45,6404.500000,6407.000000,6401.000000,6407.000000,2347
2025-08-19 06:00,6407.000000,6423.500000,6404.500000,6408.000000,13223
2025-08-19 06:15,6408.000000,6414.000000,6403.500000,6409.000000,3884
2025-08-19 06:30,6409.500000,6418.500000,6406.500000,6417.500000,2897
2025-08-19 06:45,6418.000000,6419.500000,6417.000000,6417.500000,4435
2025-08-19 07:00,6417.000000,6435.000000,6416.000000,6429.000000,13824
2025-08-19 07:15,6428.500000,6439.500000,6412.000000,6414.000000,13262
2025-08-19 07:30,6415.000000,6425.500000,6414.000000,6423.000000,6380
2025-08-19 07:45,6423.000000,6427.000000,6420.000000,6424.000000,5291
2025-08-19 08:00,6425.000000,6426.500000,6401.500000,6401.500000,16023
2025-08-19 08:15,6401.500000,6406.500000,6401.500000,6405.500000,5116
2025-08-19 08:30,6405.500000,6409.000000,6401.500000,6403.500000,6352
2025-08-19 08:45,6403.000000,6405.000000,6401.500000,6402.500000,4835
2025-08-19 09:00,6403.000000,6405.500000,6401.000000,6404.500000,4155
2025-08-19 09:15,6404.000000,6415.000000,6400.500000,6401.500000,11516
2025-08-19 09:30,6401.500000,6401.500000,6387.000000,6389.500000,16468
2025-08-19 09:45,6389.500000,6389.500000,6366.000000,6369.000000,15109
2025-08-19 10:00,6369.000000,6387.500000,6368.500000,6383.000000,10795
2025-08-19 10:15,6383.000000,6387.500000,6374.000000,6379.500000,13151
2025-08-19 10:30,6379.500000,6381.500000,6372.000000,6373.000000,3128
2025-08-19 10:45,6373.000000,6380.000000,6372.500000,6380.000000,5152
2025-08-19 11:00,6379.000000,6384.500000,6378.000000,6380.000000,3501
2025-08-19 11:15,6380.000000,6388.000000,6378.500000,6381.500000,6357
2025-08-19 11:30,6382.000000,6383.500000,6379.500000,6379.500000,4525
2025-08-19 11:45,6379.500000,6386.000000,6379.500000,6384.000000,2579
2025-08-19 12:00,6385.000000,6391.000000,6375.000000,6375.500000,19182
2025-08-19 12:15,6375.500000,6387.000000,6374.500000,6382.000000,5789
2025-08-19 12:30,6381.000000,6383.500000,6375.500000,6378.500000,4030
2025-08-19 12:45,6378.000000,6380.500000,6371.000000,6371.500000,5578
2025-08-19 13:00,6371.000000,6377.000000,6368.500000,6371.000000,5293
2025-08-19 13:15,6371.000000,6374.500000,6368.000000,6369.000000,3957
2025-08-19 13:30,6370.000000,6384.000000,6368.000000,6383.500000,5309
2025-08-19 13:45,6383.500000,6389.500000,6379.000000,6387.500000,5553
2025-08-19 14:00,6387.000000,6396.000000,6381.000000,6381.000000,3863
2025-08-19 14:15,6381.500000,6382.500000,6373.500000,6374.500000,5091
2025-08-19 14:30,6374.500000,6382.000000,6374.500000,6380.000000,3897
2025-08-19 14:45,6381.000000,6382.000000,6375.500000,6375.500000,2128
2025-08-19 15:00,6376.000000,6377.500000,6350.500000,6353.000000,17772
2025-08-19 15:15,6353.000000,6361.500000,6352.500000,6359.000000,8029
2025-08-19 15:30,6359.000000,6363.500000,6350.000000,6351.000000,13046
2025-08-19 15:45,6360.000000,6360.000000,6360.000000,6360.000000,4557
2025-08-19 16:00,6351.500000,6359.000000,6340.000000,6344.000000,12296
2025-08-19 16:15,6344.500000,6357.500000,6340.000000,6356.000000,7609
2025-08-19 16:30,6355.500000,6362.000000,6351.500000,6362.000000,3360
2025-08-19 16:45,6362.000000,6362.000000,6354.000000,6354.500000,3000
2025-08-19 17:00,6354.000000,6354.500000,6341.500000,6345.000000,4581
2025-08-19 17:15,6345.000000,6359.000000,6343.000000,6359.000000,2158
2025-08-19 17:30,6359.500000,6380.000000,6357.000000,6378.000000,10247
2025-08-19 17:45,6378.000000,6387.500000,6378.000000,6380.500000,5952
2025-08-19 18:00,6380.500000,6384.500000,6376.000000,6384.500000,2067
2025-08-19 18:15,6384.500000,6385.000000,6368.500000,6373.000000,3272
2025-08-19 18:30,6373.000000,6379.000000,6368.500000,6370.500000,6591
2025-08-19 18:45,6370.500000,6374.000000,6368.000000,6374.000000,1881
2025-08-19 19:00,6374.000000,6378.000000,6373.000000,6378.000000,886
2025-08-19 19:15,6378.000000,6378.000000,6371.000000,6371.000000,1365
2025-08-19 19:30,6371.500000,6374.500000,6371.000000,6373.500000,297
2025-08-19 19:45,6374.000000,6379.000000,6373.500000,6376.500000,908
2025-08-19 20:00,6377.000000,6377.000000,6371.500000,6374.000000,604
2025-08-19 20:15,6374.000000,6374.000000,6371.000000,6373.500000,390
2025-08-19 20:30,6373.000000,6373.000000,6365.000000,6365.500000,3982
2025-08-19 20:45,6366.500000,6367.500000,6365.000000,6365.000000,1530
2025-08-20 03:45,6365.500000,6365.500000,6365.500000,6365.500000,22
2025-08-20 04:00,6366.000000,6378.500000,6365.500000,6378.000000,1162
2025-08-20 04:15,6378.000000,6382.000000,6374.000000,6380.000000,2255
2025-08-20 04:30,6377.500000,6377.500000,6370.000000,6370.000000,363
2025-08-20 04:45,6372.000000,6376.500000,6367.000000,6372.000000,932
2025-08-20 05:00,6373.500000,6377.000000,6373.000000,6377.000000,781
2025-08-20 05:15,6377.000000,6377.000000,6373.500000,6373.500000,857
2025-08-20 05:30,6373.500000,6375.000000,6371.000000,6374.500000,1076
2025-08-20 05:45,6373.000000,6373.000000,6371.500000,6373.000000,660
2025-08-20 06:00,6373.000000,6373.000000,6352.500000,6369.000000,5361
2025-08-20 06:15,6370.000000,6377.000000,6367.500000,6375.000000,1721
2025-08-20 06:30,6375.500000,6377.000000,6375.000000,6376.000000,2016
2025-08-20 06:45,6375.500000,6377.000000,6374.000000,6377.000000,1703
2025-08-20 07:00,6377.000000,6377.000000,6364.000000,6365.500000,9735
2025-08-20 07:15,6366.000000,6370.000000,6360.000000,6363.500000,3399
2025-08-20 07:30,6363.500000,6365.500000,6347.000000,6354.500000,12640
2025-08-20 07:45,6354.500000,6363.000000,6350.500000,6351.000000,4542
2025-08-20 08:00,6350.500000,6352.000000,6345.500000,6350.000000,4599
2025-08-20 08:15,6348.000000,6362.500000,6348.000000,6357.000000,7622
2025-08-20 08:30,6356.500000,6363.500000,6354.500000,6359.500000,1443
2025-08-20 08:45,6360.000000,6366.000000,6359.000000,6361.500000,2011
2025-08-20 09:00,6363.500000,6374.500000,6359.000000,6359.000000,4041
2025-08-20 09:15,6359.000000,6364.500000,6356.000000,6361.500000,1983
2025-08-20 09:30,6362.000000,6362.500000,6352.000000,6360.500000,2669
2025-08-20 09:45,6360.500000,6365.500000,6360.000000,6360.500000,2374
2025-08-20 10:00,6360.500000,6360.500000,6349.500000,6359.000000,9950
2025-08-20 10:15,6359.000000,6359.000000,6352.000000,6355.500000,1906
2025-08-20 10:30,6355.500000,6359.000000,6352.000000,6353.000000,1038
2025-08-20 10:45,6353.000000,6357.000000,6351.000000,6355.000000,2456
2025-08-20 11:00,6356.500000,6358.000000,6345.500000,6350.000000,6670
2025-08-20 11:15,6351.000000,6352.500000,6325.000000,6325.500000,16900
2025-08-20 11:30,6325.500000,6330.500000,6300.000000,6309.500000,44842
2025-08-20 11:45,6309.000000,6324.500000,6307.000000,6324.500000,10490
2025-08-20 12:00,6324.000000,6326.000000,6319.500000,6323.000000,6326
2025-08-20 12:15,6322.000000,6323.000000,6304.500000,6323.000000,14499
2025-08-20 12:30,6323.000000,6338.000000,6321.500000,6335.500000,11877
2025-08-20 12:45,6335.000000,6337.500000,6331.000000,6333.000000,3610
2025-08-20 13:00,6333.000000,6335.500000,6328.000000,6331.000000,4670
2025-08-20 13:15,6331.500000,6336.000000,6328.000000,6330.000000,3435
2025-08-20 13:30,6329.500000,6330.000000,6306.000000,6310.000000,15926
2025-08-20 13:45,6309.000000,6314.000000,6305.000000,6311.500000,6737
2025-08-20 14:00,6311.000000,6313.000000,6305.000000,6310.000000,8131
2025-08-20 14:15,6310.000000,6319.500000,6308.000000,6317.500000,7038
2025-08-20 14:30,6317.500000,6333.000000,6317.000000,6332.500000,8649
2025-08-20 14:45,6332.500000,6332.500000,6323.000000,6326.500000,4216
2025-08-20 15:00,6326.000000,6338.000000,6320.500000,6333.500000,6502
2025-08-20 15:15,6335.000000,6336.500000,6329.500000,6332.500000,2724
2025-08-20 15:30,6332.500000,6334.500000,6328.000000,6331.000000,2818
2025-08-20 15:45,6339.000000,6339.000000,6339.000000,6339.000000,2523
2025-08-20 16:00,6339.000000,6339.500000,6323.500000,6326.000000,3516
2025-08-20 16:15,6325.000000,6325.000000,6317.500000,6323.000000,2798
2025-08-20 16:30,6323.500000,6323.500000,6306.500000,6308.000000,4523
2025-08-20 16:45,6308.000000,6311.000000,6303.000000,6309.000000,7796
2025-08-20 17:00,6309.000000,6312.000000,6305.500000,6308.000000,3137
2025-08-20 17:15,6307.500000,6312.000000,6307.000000,6309.000000,649
2025-08-20 17:30,6309.500000,6316.500000,6307.500000,6312.000000,1293
2025-08-20 17:45,6311.500000,6314.500000,6310.000000,6312.500000,837
2025-08-20 18:00,6312.500000,6316.000000,6311.000000,6316.000000,1798
2025-08-20 18:15,6316.000000,6318.500000,6301.500000,6310.500000,6638
2025-08-20 18:30,6310.500000,6310.500000,6306.000000,6308.500000,1104
2025-08-20 18:45,6308.500000,6315.000000,6308.000000,6312.500000,2354
2025-08-20 19:00,6312.500000,6313.500000,6312.500000,6313.000000,221
2025-08-20 19:15,6313.000000,6313.000000,6310.000000,6313.000000,2090
2025-08-20 19:30,6313.000000,6315.000000,6312.000000,6315.000000,797
2025-08-20 19:45,6315.000000,6315.000000,6314.000000,6314.500000,264
2025-08-20 20:00,6314.500000,6314.500000,6313.500000,6313.500000,965
2025-08-20 20:15,6314.000000,6314.000000,6311.500000,6311.500000,607
2025-08-20 20:30,6311.500000,6314.500000,6311.000000,6311.500000,1937
2025-08-20 20:45,6311.500000,6317.500000,6310.500000,6311.500000,952
2025-08-21 03:45,6311.500000,6311.500000,6311.500000,6311.500000,90
2025-08-21 04:00,6312.000000,6323.500000,6311.500000,6314.000000,1206
2025-08-21 04:15,6314.000000,6322.000000,6314.000000,6319.000000,271
2025-08-21 04:30,6319.000000,6319.000000,6314.000000,6319.000000,440
2025-08-21 04:45,6319.000000,6322.000000,6317.500000,6322.000000,407
2025-08-21 05:00,6322.000000,6322.000000,6311.000000,6312.000000,1268
2025-08-21 05:15,6311.500000,6316.000000,6311.000000,6316.000000,1345
2025-08-21 05:30,6317.000000,6319.500000,6317.000000,6319.500000,498
2025-08-21 05:45,6319.500000,6320.000000,6313.000000,6315.000000,864
2025-08-21 06:00,6315.500000,6320.000000,6313.000000,6317.500000,1354
2025-08-21 06:15,6317.500000,6320.000000,6314.000000,6320.000000,883
2025-08-21 06:30,6320.000000,6322.000000,6320.000000,6320.500000,1398
2025-08-21 06:45,6320.000000,6320.000000,6312.500000,6313.500000,3490
2025-08-21 07:00,6313.000000,6325.000000,6307.000000,6320.500000,14225
2025-08-21 07:15,6320.000000,6323.500000,6306.500000,6311.500000,6286
2025-08-21 07:30,6311.500000,6312.000000,6282.500000,6285.500000,27629
2025-08-21 07:45,6285.500000,6297.500000,6284.500000,6291.500000,18516
2025-08-21 08:00,6291.500000,6291.500000,6272.500000,6284.500000,31289
2025-08-21 08:15,6284.500000,6298.500000,6280.000000,6296.500000,8586
2025-08-21 08:30,6296.500000,6298.500000,6293.000000,6295.000000,6067
2025-08-21 08:45,6296.500000,6298.500000,6286.000000,6287.500000,4909
2025-08-21 09:00,6287.000000,6314.500000,6285.000000,6311.000000,14049
2025-08-21 09:15,6311.000000,6314.000000,6305.500000,6306.500000,6414
2025-08-21 09:30,6307.000000,6317.500000,6305.500000,6315.000000,3696
2025-08-21 09:45,6315.000000,6324.000000,6314.000000,6320.000000,7695
2025-08-21 10:00,6321.000000,6325.000000,6316.000000,6317.000000,6904
2025-08-21 10:15,6317.000000,6318.500000,6286.000000,6300.500000,13361
2025-08-21 10:30,6300.000000,6312.000000,6300.000000,6308.000000,6166
2025-08-21 10:45,6308.000000,6311.000000,6302.000000,6305.500000,4821
2025-08-21 11:00,6305.000000,6338.500000,6298.000000,6336.000000,23750
2025-08-21 11:15,6336.000000,6342.500000,6328.000000,6328.500000,13938
2025-08-21 11:30,6328.500000,6337.000000,6314.500000,6321.500000,7237
2025-08-21 11:45,6321.500000,6331.000000,6321.500000,6327.000000,3097
2025-08-21 12:00,6327.000000,6331.000000,6324.000000,6325.500000,2556
2025-08-21 12:15,6325.500000,6330.500000,6315.500000,6320.000000,4518
2025-08-21 12:30,6321.000000,6329.500000,6317.000000,6321.500000,2769
2025-08-21 12:45,6321.000000,6325.500000,6316.500000,6323.000000,1626
2025-08-21 13:00,6323.000000,6323.500000,6310.000000,6312.000000,3632
2025-08-21 13:15,6312.000000,6315.000000,6310.000000,6310.500000,3952
2025-08-21 13:30,6310.000000,6313.000000,6290.500000,6297.500000,9009
2025-08-21 13:45,6297.000000,6297.500000,6287.000000,6292.500000,12993
2025-08-21 14:00,6292.000000,6293.500000,6284.000000,6289.000000,9308
2025-08-21 14:15,6289.000000,6300.000000,6284.000000,6295.000000,6839
2025-08-21 14:30,6295.500000,6299.500000,6288.000000,6288.500000,3234
2025-08-21 14:45,6288.000000,6290.500000,6285.500000,6289.500000,2359
2025-08-21 15:00,6289.500000,6290.000000,6277.000000,6277.000000,12920
2025-08-21 15:15,6277.000000,6283.500000,6261.000000,6269.000000,23522
2025-08-21 15:30,6269.500000,6269.500000,6243.000000,6254.000000,26941
2025-08-21 15:45,6260.000000,6260.000000,6260.000000,6260.000000,3301
2025-08-21 16:00,6260.000000,6261.500000,6243.000000,6243.000000,8471
2025-08-21 16:15,6243.500000,6253.500000,6234.000000,6253.500000,15262
2025-08-21 16:30,6253.500000,6260.000000,6245.500000,6252.000000,6256
2025-08-21 16:45,6251.000000,6253.000000,6243.000000,6252.000000,6656
2025-08-21 17:00,6252.500000,6260.000000,6246.500000,6249.000000,7427
2025-08-21 17:15,6249.000000,6259.000000,6249.000000,6254.000000,2516
2025-08-21 17:30,6254.500000,6258.000000,6254.000000,6257.500000,936
2025-08-21 17:45,6258.000000,6258.000000,6254.500000,6258.000000,876
2025-08-21 18:00,6258.000000,6260.000000,6249.500000,6249.500000,3860
2025-08-21 18:15,6250.000000,6250.000000,6247.500000,6248.000000,900
2025-08-21 18:30,6247.500000,6249.500000,6242.500000,6243.500000,2323
2025-08-21 18:45,6243.500000,6245.000000,6243.000000,6245.000000,1275
2025-08-21 19:00,6245.000000,6251.500000,6244.500000,6250.000000,2122
2025-08-21 19:15,6250.500000,6251.000000,6248.000000,6249.500000,450
2025-08-21 19:30,6250.000000,6250.000000,6241.000000,6241.000000,2852
2025-08-21 19:45,6241.500000,6242.000000,6237.000000,6238.500000,4377
2025-08-21 20:00,6240.500000,6250.000000,6240.000000,6250.000000,2121
2025-08-21 20:15,6250.000000,6250.000000,6247.500000,6248.500000,573
2025-08-21 20:30,6248.500000,6251.000000,6247.500000,6250.500000,2471
2025-08-21 20:45,6251.000000,6252.500000,6247.500000,6249.000000,1980
2025-08-22 03:45,6249.000000,6249.000000,6249.000000,6249.000000,47
2025-08-22 04:00,6249.000000,6262.000000,6246.000000,6257.500000,4356
2025-08-22 04:15,6258.500000,6259.000000,6252.500000,6257.000000,719
2025-08-22 04:30,6257.000000,6257.000000,6238.000000,6242.000000,1431
2025-08-22 04:45,6241.000000,6245.500000,6238.000000,6242.500000,1800
2025-08-22 05:00,6245.000000,6252.000000,6242.000000,6251.500000,1282
2025-08-22 05:15,6251.500000,6264.500000,6251.000000,6260.000000,5728
2025-08-22 05:30,6259.000000,6260.500000,6254.000000,6257.000000,1917
2025-08-22 05:45,6257.000000,6257.000000,6254.500000,6255.000000,546
2025-08-22 06:00,6254.500000,6271.500000,6254.500000,6268.500000,6506
2025-08-22 06:15,6267.500000,6277.000000,6267.000000,6274.000000,4748
2025-08-22 06:30,6274.000000,6274.500000,6257.000000,6260.000000,4197
2025-08-22 06:45,6260.000000,6269.500000,6258.000000,6261.500000,8444
2025-08-22 07:00,6258.500000,6270.000000,6240.000000,6240.500000,35370
2025-08-22 07:15,6241.000000,6258.500000,6237.500000,6258.500000,8554
2025-08-22 07:30,6258.500000,6259.500000,6239.000000,6251.500000,6699
2025-08-22 07:45,6252.500000,6255.000000,6241.000000,6249.000000,6917
2025-08-22 08:00,6249.500000,6269.000000,6247.000000,6261.500000,7455
2025-08-22 08:15,6261.500000,6268.500000,6250.000000,6250.000000,6024
2025-08-22 08:30,6251.500000,6258.500000,6248.000000,6251.000000,5423
2025-08-22 08:45,6252.000000,6255.500000,6245.000000,6246.000000,6922
2025-08-22 09:00,6245.500000,6253.000000,6244.000000,6251.500000,7223
2025-08-22 09:15,6253.000000,6282.000000,6253.000000,6274.000000,25672
2025-08-22 09:30,6277.000000,6278.500000,6266.000000,6268.500000,11284
2025-08-22 09:45,6268.000000,6268.500000,6263.500000,6265.000000,4600
2025-08-22 10:00,6265.000000,6270.000000,6265.000000,6268.000000,5768
2025-08-22 10:15,6268.000000,6289.500000,6265.500000,6289.500000,9109
2025-08-22 10:30,6289.000000,6289.500000,6280.000000,6288.000000,10747
2025-08-22 10:45,6288.000000,6292.000000,6282.000000,6291.500000,7145
2025-08-22 11:00,6292.000000,6299.000000,6288.500000,6288.500000,8173
2025-08-22 11:15,6288.500000,6293.000000,6286.000000,6286.000000,8824
2025-08-22 11:30,6286.000000,6324.000000,6286.000000,6306.500000,31857
2025-08-22 11:45,6304.500000,6309.500000,6300.000000,6300.000000,5860
2025-08-22 12:00,6300.000000,6306.000000,6286.000000,6287.000000,7648
2025-08-22 12:15,6287.000000,6305.000000,6286.500000,6296.000000,6793
2025-08-22 12:30,6295.500000,6304.500000,6294.500000,6295.500000,8747
2025-08-22 12:45,6295.000000,6300.500000,6281.500000,6282.500000,19190
2025-08-22 13:00,6282.500000,6290.000000,6280.000000,6280.000000,8161
2025-08-22 13:15,6280.000000,6293.500000,6276.000000,6277.500000,4885
2025-08-22 13:30,6277.500000,6291.000000,6276.500000,6288.500000,5002
2025-08-22 13:45,6289.000000,6308.000000,6289.000000,6301.500000,13208
2025-08-22 14:00,6301.500000,6320.000000,6301.500000,6317.500000,18036
2025-08-22 14:15,6317.500000,6318.000000,6302.000000,6305.500000,5613
2025-08-22 14:30,6305.500000,6309.500000,6302.000000,6307.000000,11482
2025-08-22 14:45,6307.500000,6307.500000,6291.000000,6295.500000,7276
2025-08-22 15:00,6295.000000,6316.000000,6294.500000,6307.500000,9850
2025-08-22 15:15,6306.500000,6315.500000,6303.000000,6315.000000,6248
2025-08-22 15:30,6315.000000,6340.000000,6315.000000,6336.000000,16590
2025-08-22 15:45,6321.000000,6321.000000,6321.000000,6321.000000,5315
2025-08-22 16:00,6325.000000,6332.500000,6321.500000,6331.000000,5384
2025-08-22 16:15,6331.000000,6335.000000,6315.000000,6317.000000,3985
2025-08-22 16:30,6316.500000,6328.500000,6316.500000,6328.000000,1123
2025-08-22 16:45,6327.500000,6328.000000,6325.000000,6327.500000,1063
2025-08-22 17:00,6328.000000,6332.500000,6325.000000,6331.500000,1202
2025-08-22 17:15,6331.500000,6332.000000,6323.000000,6330.000000,2285
2025-08-22 17:30,6330.000000,6338.500000,6307.000000,6312.500000,8854
2025-08-22 17:45,6312.500000,6318.000000,6309.000000,6310.000000,1719
2025-08-22 18:00,6310.000000,6317.500000,6310.000000,6316.000000,2069
2025-08-22 18:15,6315.500000,6316.000000,6311.000000,6314.000000,421
2025-08-22 18:30,6313.000000,6316.000000,6309.500000,6314.500000,741
2025-08-22 18:45,6314.500000,6315.000000,6313.500000,6315.000000,329
2025-08-22 19:00,6315.000000,6315.000000,6312.500000,6313.500000,510
2025-08-22 19:15,6315.000000,6315.500000,6313.500000,6314.500000,671
2025-08-22 19:30,6314.500000,6320.500000,6313.500000,6320.000000,2526
2025-08-22 19:45,6320.500000,6322.500000,6319.000000,6322.500000,588
2025-08-22 20:00,6322.000000,6326.500000,6322.000000,6325.500000,547
2025-08-22 20:15,6325.000000,6326.500000,6323.500000,6326.000000,1303
2025-08-22 20:30,6326.500000,6335.000000,6326.000000,6332.000000,3763
2025-08-22 20:45,6332.000000,6332.500000,6326.000000,6326.000000,1990
2025-08-22 23:00,6326.500000,6339.000000,6311.500000,6338.500000,23
2025-08-22 23:15,6325.500000,6337.500000,6325.500000,6337.500000,3
2025-08-22 23:45,6328.500000,6329.500000,6328.000000,6328.000000,4
2025-08-23 00:00,6328.000000,6328.000000,6326.000000,6326.000000,2
2025-08-23 00:30,6323.500000,6323.500000,6323.000000,6323.000000,4
2025-08-23 00:45,6335.000000,6335.500000,6329.000000,6329.000000,4
2025-08-23 01:00,6320.000000,6328.500000,6320.000000,6328.500000,2
2025-08-23 01:15,6320.000000,6320.000000,6319.000000,6319.000000,4
2025-08-23 01:30,6319.000000,6330.000000,6319.000000,6330.000000,14
2025-08-23 01:45,6329.500000,6337.000000,6329.500000,6337.000000,16
2025-08-23 02:00,6336.500000,6337.000000,6323.500000,6323.500000,14
2025-08-23 02:15,6336.000000,6336.000000,6323.000000,6323.000000,2
2025-08-23 02:30,6336.000000,6336.000000,6324.000000,6336.000000,11
2025-08-23 02:45,6336.500000,6336.500000,6324.000000,6336.000000,6
2025-08-23 03:00,6335.500000,6335.500000,6324.000000,6324.000000,7
2025-08-23 03:15,6335.000000,6335.000000,6324.000000,6326.000000,9
2025-08-23 03:30,6326.000000,6326.000000,6319.500000,6326.000000,11
2025-08-23 03:45,6325.500000,6326.000000,6319.000000,6325.500000,26
2025-08-23 04:00,6325.500000,6325.500000,6319.000000,6325.500000,11
2025-08-23 04:15,6325.500000,6326.000000,6320.000000,6320.000000,22
2025-08-23 04:30,6320.500000,6329.500000,6318.000000,6329.500000,32
2025-08-23 04:45,6334.000000,6334.000000,6317.500000,6331.500000,29
2025-08-23 05:00,6319.000000,6326.500000,6318.500000,6326.500000,20
2025-08-23 05:15,6320.000000,6326.500000,6320.000000,6320.000000,27
2025-08-23 05:30,6320.000000,6332.000000,6320.000000,6332.000000,29
2025-08-23 05:45,6321.000000,6322.000000,6321.000000,6321.500000,18
2025-08-23 06:00,6321.500000,6326.000000,6321.500000,6321.500000,82
2025-08-23 06:15,6321.500000,6328.500000,6321.500000,6328.000000,37
2025-08-23 06:30,6328.000000,6328.000000,6322.000000,6322.000000,17
2025-08-23 06:45,6326.000000,6326.000000,6326.000000,6326.000000,309
2025-08-23 07:00,6326.500000,6340.000000,6300.000000,6323.500000,5692
2025-08-23 07:15,6323.000000,6324.000000,6320.000000,6321.000000,274
2025-08-23 07:30,6321.000000,6324.000000,6321.000000,6323.000000,329
2025-08-23 07:30,6321.000000,6324.000000,6321.000000,6323.000000,329
2025-08-23 07:45,6322.500000,6324.000000,6321.500000,6323.000000,387
2025-08-23 08:00,6323.000000,6323.500000,6319.500000,6322.000000,773
2025-08-23 08:15,6321.500000,6322.500000,6315.500000,6320.000000,675
2025-08-23 08:30,6318.000000,6319.500000,6315.500000,6318.000000,495
2025-08-23 08:45,6318.000000,6318.500000,6316.000000,6316.500000,706
2025-08-23 09:00,6316.000000,6316.500000,6315.500000,6316.500000,215
2025-08-23 09:15,6315.500000,6317.000000,6315.500000,6316.500000,171
2025-08-23 09:30,6315.500000,6316.500000,6315.500000,6315.500000,547
2025-08-23 09:45,6316.000000,6316.500000,6315.500000,6316.500000,231
2025-08-23 10:00,6315.500000,6316.500000,6315.500000,6316.500000,102
2025-08-23 10:15,6316.000000,6319.000000,6316.000000,6319.000000,557
2025-08-23 10:30,6318.000000,6320.000000,6311.000000,6318.500000,681
2025-08-23 10:45,6318.000000,6319.000000,6310.500000,6317.500000,319
2025-08-23 11:00,6317.500000,6320.000000,6315.000000,6317.000000,165
2025-08-23 11:15,6317.000000,6317.500000,6315.000000,6317.000000,89
2025-08-23 11:30,6317.000000,6317.500000,6315.000000,6316.000000,186
2025-08-23 11:45,6315.500000,6317.500000,6315.000000,6316.000000,75
2025-08-23 12:00,6316.000000,6317.500000,6315.000000,6317.500000,60
2025-08-23 12:15,6315.000000,6317.500000,6311.000000,6314.000000,270
2025-08-23 12:30,6314.000000,6317.500000,6311.500000,6317.500000,146
2025-08-23 12:45,6317.000000,6317.500000,6317.000000,6317.000000,103
2025-08-23 13:00,6317.500000,6317.500000,6315.500000,6317.000000,66
2025-08-23 13:15,6317.500000,6318.000000,6311.000000,6315.000000,645
2025-08-23 13:30,6317.000000,6317.000000,6312.000000,6313.500000,59
2025-08-23 13:45,6313.500000,6315.000000,6312.500000,6312.500000,37
2025-08-23 14:00,6313.000000,6314.500000,6312.000000,6314.000000,296
2025-08-23 14:15,6314.500000,6315.000000,6312.500000,6314.500000,134
2025-08-23 14:30,6314.500000,6316.500000,6313.000000,6316.500000,241
2025-08-23 14:45,6316.500000,6317.000000,6312.000000,6315.000000,448
2025-08-23 15:00,6315.000000,6316.500000,6314.000000,6315.000000,197
2025-08-23 15:15,6315.000000,6317.000000,6315.000000,6315.500000,129
2025-08-23 15:30,6316.500000,6318.000000,6315.500000,6318.000000,303
2025-08-23 15:45,6318.000000,6320.000000,6316.000000,6317.000000,246
2025-08-23 16:00,6327.500000,6333.000000,6314.500000,6326.500000,14
2025-08-23 16:15,6325.000000,6325.000000,6312.500000,6312.500000,33
2025-08-23 16:30,6318.000000,6324.500000,6318.000000,6324.000000,23
2025-08-23 16:45,6324.500000,6325.000000,6318.000000,6323.000000,91
2025-08-23 17:00,6323.000000,6332.000000,6317.000000,6317.500000,141
2025-08-23 17:15,6324.500000,6325.000000,6317.000000,6317.000000,43
2025-08-23 17:30,6317.500000,6324.500000,6317.500000,6317.500000,18
2025-08-23 17:45,6324.000000,6324.500000,6317.500000,6324.500000,9
2025-08-23 18:00,6320.000000,6324.000000,6317.500000,6317.500000,14
2025-08-23 18:15,6322.500000,6322.500000,6315.000000,6315.500000,38
2025-08-23 18:30,6319.500000,6327.500000,6315.500000,6315.500000,92
2025-08-23 18:45,6327.000000,6327.500000,6315.500000,6326.000000,26
2025-08-23 19:00,6316.000000,6327.000000,6315.000000,6325.500000,68
2025-08-23 19:15,6316.500000,6325.500000,6316.500000,6324.000000,14
2025-08-23 19:30,6318.500000,6323.500000,6315.000000,6315.000000,76
2025-08-23 19:45,6315.500000,6321.500000,6315.500000,6315.500000,18
2025-08-23 20:00,6315.500000,6320.500000,6315.500000,6320.000000,12
2025-08-23 20:15,6320.000000,6320.000000,6316.500000,6319.000000,107
2025-08-23 20:30,6319.000000,6324.000000,6319.000000,6324.000000,391
2025-08-23 20:45,6324.000000,6324.000000,6324.000000,6324.000000,16
2025-08-23 23:00,6318.000000,6335.000000,6318.000000,6333.000000,15
2025-08-23 23:15,6331.000000,6333.000000,6331.000000,6333.000000,6
2025-08-23 23:30,6331.500000,6331.500000,6331.500000,6331.500000,2
2025-08-23 23:45,6326.000000,6332.000000,6326.000000,6332.000000,4
2025-08-24 00:00,6331.500000,6331.500000,6326.000000,6331.500000,6
2025-08-24 00:15,6332.000000,6332.000000,6326.000000,6326.000000,3
2025-08-24 00:45,6330.000000,6332.000000,6326.000000,6326.000000,4
2025-08-24 01:00,6332.000000,6332.000000,6326.000000,6326.000000,3
2025-08-24 01:15,6332.000000,6332.000000,6332.000000,6332.000000,1
2025-08-24 01:30,6332.000000,6332.000000,6332.000000,6332.000000,3
2025-08-24 01:45,6326.000000,6332.000000,6326.000000,6332.000000,2
2025-08-24 02:00,6326.000000,6327.000000,6326.000000,6326.000000,8
2025-08-24 02:15,6321.000000,6331.500000,6321.000000,6321.000000,5
2025-08-24 02:30,6331.500000,6332.000000,6331.500000,6332.000000,11
2025-08-24 02:45,6331.500000,6331.500000,6331.500000,6331.500000,1
2025-08-24 03:00,6331.500000,6331.500000,6322.500000,6322.500000,3
2025-08-24 03:15,6331.000000,6332.000000,6331.000000,6332.000000,16
2025-08-24 03:30,6332.000000,6332.000000,6322.000000,6331.000000,6
2025-08-24 03:45,6331.000000,6331.000000,6330.500000,6331.000000,3
2025-08-24 04:00,6330.000000,6330.000000,6318.000000,6318.000000,13
2025-08-24 04:15,6322.000000,6331.000000,6316.000000,6330.500000,72
2025-08-24 04:30,6330.000000,6332.000000,6310.000000,6310.000000,412
2025-08-24 04:45,6330.000000,6339.000000,6310.000000,6310.500000,469
2025-08-24 05:00,6319.500000,6326.500000,6311.000000,6326.500000,16
2025-08-24 05:15,6325.000000,6325.000000,6313.000000,6323.500000,17
2025-08-24 05:30,6313.500000,6324.500000,6313.500000,6317.000000,28
2025-08-24 05:45,6317.000000,6326.000000,6317.000000,6325.500000,126
2025-08-24 06:00,6325.500000,6325.500000,6317.000000,6317.500000,19
2025-08-24 06:15,6317.500000,6345.000000,6317.500000,6345.000000,1074
2025-08-24 06:30,6343.500000,6344.000000,6325.000000,6341.500000,29
2025-08-24 06:45,6318.000000,6318.000000,6318.000000,6318.000000,188
2025-08-24 07:00,6320.000000,6324.000000,6308.000000,6310.000000,1427
2025-08-24 07:15,6311.000000,6313.000000,6306.000000,6307.000000,1206
2025-08-24 07:30,6307.000000,6307.000000,6291.000000,6294.500000,4476
2025-08-24 07:45,6294.000000,6302.500000,6290.500000,6302.500000,669
2025-08-24 08:00,6300.500000,6303.000000,6295.000000,6299.500000,2169
2025-08-24 08:15,6299.000000,6304.500000,6299.000000,6304.000000,923
2025-08-24 08:30,6303.500000,6305.000000,6295.500000,6295.500000,980
2025-08-24 08:45,6295.500000,6295.500000,6284.000000,6292.000000,3126
2025-08-24 09:00,6290.000000,6296.000000,6289.000000,6295.500000,249
2025-08-24 09:15,6295.500000,6298.000000,6295.500000,6296.500000,105
2025-08-24 09:30,6296.500000,6296.500000,6290.000000,6292.000000,402
2025-08-24 09:45,6292.000000,6295.000000,6291.500000,6295.000000,171
2025-08-24 10:00,6295.000000,6295.000000,6292.000000,6293.000000,325
2025-08-24 10:15,6292.500000,6294.500000,6291.500000,6294.500000,105
2025-08-24 10:30,6294.500000,6296.500000,6293.500000,6296.500000,339
2025-08-24 10:45,6295.000000,6296.500000,6293.500000,6294.000000,137
2025-08-24 11:00,6294.000000,6296.000000,6293.500000,6295.500000,131
2025-08-24 11:15,6296.000000,6298.500000,6294.500000,6294.500000,400
2025-08-24 11:30,6294.500000,6298.500000,6294.500000,6298.000000,362
2025-08-24 11:45,6296.000000,6299.000000,6296.000000,6298.500000,146
2025-08-24 12:00,6298.500000,6299.500000,6296.500000,6298.500000,451
2025-08-24 12:15,6298.500000,6299.000000,6297.500000,6299.000000,49
2025-08-24 12:30,6298.000000,6300.000000,6297.500000,6300.000000,152
2025-08-24 12:45,6300.000000,6302.000000,6300.000000,6300.500000,118
2025-08-24 13:00,6300.500000,6302.000000,6298.000000,6299.000000,153
2025-08-24 13:15,6302.000000,6303.500000,6300.000000,6301.500000,203
2025-08-24 13:30,6301.500000,6304.000000,6299.500000,6304.000000,199
2025-08-24 13:45,6302.500000,6304.000000,6302.000000,6302.000000,263
2025-08-24 14:00,6303.000000,6304.000000,6302.000000,6304.000000,91
2025-08-24 14:15,6304.000000,6304.000000,6300.000000,6302.500000,252
2025-08-24 14:30,6302.500000,6302.500000,6301.000000,6301.500000,64
2025-08-24 14:45,6301.500000,6302.000000,6300.500000,6300.500000,241
2025-08-24 15:00,6302.000000,6302.000000,6300.000000,6300.000000,672
2025-08-24 15:15,6300.500000,6300.500000,6300.000000,6300.500000,85
2025-08-24 15:30,6300.000000,6301.500000,6300.000000,6301.500000,587
2025-08-24 15:45,6301.000000,6302.000000,6300.000000,6301.000000,179
2025-08-24 16:00,6304.500000,6309.000000,6284.000000,6307.500000,19
2025-08-24 16:15,6306.000000,6306.000000,6289.500000,6291.500000,131
2025-08-24 16:30,6302.000000,6302.500000,6291.500000,6302.500000,49
2025-08-24 16:45,6293.500000,6302.500000,6292.000000,6301.000000,61
2025-08-24 17:00,6301.000000,6301.500000,6292.500000,6297.000000,45
2025-08-24 17:15,6299.500000,6299.500000,6297.000000,6299.500000,21
2025-08-24 17:30,6299.500000,6299.500000,6297.000000,6297.000000,28
2025-08-24 17:45,6299.500000,6301.000000,6297.000000,6301.000000,59
2025-08-24 18:00,6297.000000,6304.000000,6297.000000,6298.500000,18
2025-08-24 18:15,6300.000000,6304.000000,6300.000000,6304.000000,29
2025-08-24 18:30,6303.500000,6304.000000,6297.000000,6304.000000,108
2025-08-24 18:45,6300.000000,6305.000000,6297.000000,6305.000000,43
2025-08-24 19:00,6298.500000,6304.500000,6298.000000,6304.500000,11
2025-08-24 19:15,6298.500000,6305.000000,6298.000000,6304.500000,56
2025-08-24 19:30,6304.500000,6304.500000,6298.000000,6298.000000,113
2025-08-24 19:45,6304.000000,6304.000000,6298.000000,6304.000000,47
2025-08-24 20:00,6304.000000,6304.000000,6298.000000,6304.000000,31
2025-08-24 20:15,6298.500000,6304.000000,6298.000000,6303.500000,48
2025-08-24 20:30,6298.000000,6303.500000,6298.000000,6303.500000,30
2025-08-24 20:45,6303.500000,6303.500000,6303.500000,6303.500000,7
2025-08-25 03:45,6298.000000,6298.000000,6298.000000,6298.000000,102
2025-08-25 04:00,6300.000000,6311.000000,6286.000000,6289.500000,2674
2025-08-25 04:15,6290.500000,6294.000000,6287.500000,6292.000000,1068
2025-08-25 04:30,6292.000000,6294.000000,6280.000000,6283.000000,2119
2025-08-25 04:45,6280.500000,6286.500000,6280.000000,6280.000000,3067
2025-08-25 05:00,6280.000000,6284.000000,6278.000000,6278.000000,1853
2025-08-25 05:15,6279.000000,6290.000000,6278.000000,6290.000000,769
2025-08-25 05:30,6290.000000,6298.000000,6287.500000,6298.000000,634
2025-08-25 05:45,6298.500000,6299.500000,6295.500000,6295.500000,448
2025-08-25 06:00,6296.000000,6296.000000,6275.000000,6275.500000,9703
2025-08-25 06:15,6275.500000,6278.500000,6262.000000,6268.500000,7571
2025-08-25 06:30,6269.000000,6277.000000,6257.500000,6276.500000,5190
2025-08-25 06:45,6276.500000,6282.500000,6268.000000,6275.000000,3347
2025-08-25 07:00,6275.000000,6281.500000,6265.000000,6270.000000,5183
2025-08-25 07:15,6270.000000,6273.500000,6264.000000,6268.000000,6248
2025-08-25 07:30,6268.500000,6274.000000,6262.000000,6264.500000,5273
2025-08-25 07:45,6264.000000,6267.500000,6261.000000,6262.000000,4900
2025-08-25 08:00,6262.000000,6262.500000,6246.500000,6254.500000,11696
2025-08-25 08:15,6254.000000,6254.500000,6238.000000,6245.000000,11159
2025-08-25 08:30,6245.000000,6253.000000,6238.000000,6238.000000,14825
2025-08-25 08:45,6238.000000,6253.000000,6238.000000,6252.000000,6971
2025-08-25 09:00,6252.000000,6259.000000,6249.000000,6251.000000,11299
2025-08-25 09:15,6250.000000,6254.500000,6246.500000,6250.500000,4094
2025-08-25 09:30,6249.500000,6252.000000,6235.500000,6249.000000,14207
2025-08-25 09:45,6249.000000,6251.000000,6245.000000,6245.500000,2307
2025-08-25 10:00,6245.500000,6261.000000,6243.000000,6260.500000,7160
2025-08-25 10:15,6260.500000,6262.000000,6254.500000,6258.500000,7493
2025-08-25 10:30,6258.500000,6264.500000,6252.000000,6260.000000,2672
2025-08-25 10:45,6260.500000,6268.000000,6249.500000,6263.500000,5081
2025-08-25 11:00,6264.500000,6269.500000,6260.000000,6260.500000,4984
2025-08-25 11:15,6261.000000,6275.000000,6260.000000,6270.000000,7369
2025-08-25 11:30,6270.000000,6274.000000,6268.500000,6270.000000,3622
2025-08-25 11:45,6271.000000,6271.000000,6244.000000,6254.000000,9140
2025-08-25 12:00,6253.000000,6256.000000,6250.000000,6253.500000,2257
2025-08-25 12:15,6253.000000,6256.500000,6237.000000,6239.000000,14421
2025-08-25 12:30,6239.500000,6243.000000,6225.500000,6227.000000,18328
2025-08-25 12:45,6227.000000,6244.000000,6223.000000,6237.500000,13992
2025-08-25 13:00,6239.000000,6251.000000,6223.500000,6245.500000,16054
2025-08-25 13:15,6245.500000,6252.000000,6241.500000,6243.000000,3433
2025-08-25 13:30,6244.500000,6252.000000,6240.500000,6252.000000,5801
2025-08-25 13:45,6252.000000,6267.500000,6252.000000,6258.500000,10777
2025-08-25 14:00,6259.000000,6275.500000,6258.000000,6273.000000,12411
2025-08-25 14:15,6274.000000,6274.000000,6262.000000,6267.500000,6794
2025-08-25 14:30,6267.500000,6271.000000,6260.500000,6263.500000,5992
2025-08-25 14:45,6263.000000,6269.000000,6262.500000,6268.500000,2676
2025-08-25 15:00,6268.500000,6294.000000,6268.500000,6283.000000,15984
2025-08-25 15:15,6283.500000,6289.500000,6278.000000,6281.000000,5568
2025-08-25 15:30,6280.500000,6285.500000,6280.000000,6280.000000,2063
2025-08-25 15:45,6282.000000,6282.000000,6282.000000,6282.000000,585
2025-08-25 16:00,6282.000000,6290.000000,6282.000000,6289.500000,4958
2025-08-25 16:15,6290.000000,6290.500000,6281.000000,6284.000000,1561
2025-08-25 16:30,6285.500000,6285.500000,6280.500000,6282.500000,688
2025-08-25 16:45,6283.000000,6285.000000,6281.500000,6281.500000,935
2025-08-25 17:00,6282.000000,6285.000000,6281.500000,6282.500000,589
2025-08-25 17:15,6283.000000,6285.000000,6280.500000,6280.500000,825
2025-08-25 17:30,6280.500000,6281.000000,6277.500000,6281.000000,475
2025-08-25 17:45,6281.000000,6285.500000,6279.000000,6284.000000,1175
2025-08-25 18:00,6284.000000,6284.000000,6281.000000,6281.500000,450
2025-08-25 18:15,6281.500000,6282.000000,6281.000000,6281.500000,438
2025-08-25 18:30,6281.000000,6283.000000,6280.500000,6282.000000,552
2025-08-25 18:45,6282.500000,6283.500000,6280.000000,6281.000000,1306
2025-08-25 19:00,6281.500000,6283.000000,6280.500000,6281.000000,240
2025-08-25 19:15,6282.000000,6282.500000,6280.000000,6281.000000,324
2025-08-25 19:30,6280.500000,6281.000000,6279.500000,6280.000000,167
2025-08-25 19:45,6280.000000,6280.000000,6278.000000,6278.000000,766
2025-08-25 20:00,6278.000000,6278.000000,6277.500000,6277.500000,583
2025-08-25 20:15,6277.500000,6278.000000,6271.000000,6275.500000,1509
2025-08-25 20:30,6275.500000,6278.500000,6270.500000,6272.500000,989
2025-08-25 20:45,6273.000000,6277.000000,6272.500000,6275.500000,589
2025-08-26 03:45,6283.000000,6283.000000,6283.000000,6283.000000,46
2025-08-26 04:00,6283.000000,6293.500000,6283.000000,6284.000000,2545
2025-08-26 04:15,6285.000000,6292.000000,6280.500000,6282.000000,2298
2025-08-26 04:30,6282.000000,6289.500000,6282.000000,6289.500000,617
2025-08-26 04:45,6289.500000,6292.500000,6289.500000,6289.500000,531
2025-08-26 05:00,6289.500000,6292.000000,6289.500000,6292.000000,329
2025-08-26 05:15,6292.000000,6292.500000,6290.000000,6292.000000,477
2025-08-26 05:30,6292.000000,6292.500000,6290.000000,6290.500000,331
2025-08-26 05:45,6290.500000,6292.000000,6290.000000,6290.000000,834
2025-08-26 06:00,6291.500000,6292.000000,6281.500000,6283.500000,1824
2025-08-26 06:15,6283.500000,6296.000000,6283.500000,6296.000000,6643
2025-08-26 06:30,6296.000000,6310.000000,6295.500000,6296.000000,9047
2025-08-26 06:45,6296.000000,6301.000000,6295.500000,6299.000000,2228
2025-08-26 07:00,6299.000000,6315.000000,6298.500000,6310.000000,17825
2025-08-26 07:15,6310.500000,6311.500000,6303.500000,6304.500000,3779
2025-08-26 07:30,6305.000000,6306.500000,6296.000000,6297.500000,5770
2025-08-26 07:45,6297.500000,6298.500000,6290.000000,6290.500000,3294
2025-08-26 08:00,6291.000000,6302.000000,6290.000000,6299.500000,4376
2025-08-26 08:15,6300.000000,6302.000000,6291.000000,6291.500000,2853
2025-08-26 08:30,6293.000000,6306.500000,6292.500000,6301.500000,4301
2025-08-26 08:45,6301.500000,6301.500000,6296.500000,6299.500000,1528
2025-08-26 09:00,6300.000000,6300.000000,6293.500000,6298.000000,2755
2025-08-26 09:15,6298.500000,6300.000000,6293.500000,6300.000000,7609
2025-08-26 09:30,6299.500000,6299.500000,6292.500000,6294.000000,2397
2025-08-26 09:45,6294.000000,6294.000000,6284.500000,6291.500000,7558
2025-08-26 10:00,6291.500000,6295.000000,6291.500000,6294.500000,727
2025-08-26 10:15,6294.500000,6300.000000,6294.500000,6299.500000,5636
2025-08-26 10:30,6299.500000,6300.000000,6293.500000,6299.500000,13251
2025-08-26 10:45,6298.500000,6300.000000,6297.500000,6297.500000,4227
2025-08-26 11:00,6297.500000,6300.000000,6297.500000,6299.500000,23081
2025-08-26 11:15,6300.000000,6300.000000,6295.000000,6300.000000,3240
2025-08-26 11:30,6299.500000,6300.000000,6298.000000,6300.000000,1189
2025-08-26 11:45,6299.500000,6300.000000,6299.500000,6300.000000,1967
2025-08-26 12:00,6299.500000,6300.000000,6291.000000,6299.000000,4597
2025-08-26 12:15,6299.500000,6300.000000,6294.000000,6300.000000,4659
2025-08-26 12:30,6299.500000,6300.000000,6295.500000,6296.000000,2683
2025-08-26 12:45,6296.000000,6300.000000,6282.500000,6300.000000,50676
2025-08-26 13:00,6300.000000,6300.000000,6271.500000,6280.500000,34967
2025-08-26 13:15,6280.000000,6280.000000,6255.500000,6266.000000,19418
2025-08-26 13:30,6266.000000,6279.000000,6262.500000,6279.000000,8351
2025-08-26 13:45,6279.000000,6279.000000,6262.000000,6265.000000,4159
2025-08-26 14:00,6265.000000,6271.500000,6262.500000,6271.500000,3592
2025-08-26 14:15,6271.500000,6271.500000,6255.500000,6263.000000,4848
2025-08-26 14:30,6263.500000,6266.000000,6257.000000,6261.000000,4604
2025-08-26 14:45,6261.000000,6269.500000,6260.500000,6262.500000,5001
2025-08-26 15:00,6262.500000,6278.500000,6258.500000,6278.000000,5443
2025-08-26 15:15,6278.000000,6279.000000,6273.500000,6277.000000,2882
2025-08-26 15:30,6277.000000,6288.000000,6276.500000,6284.500000,7819
2025-08-26 15:45,6273.500000,6273.500000,6273.500000,6273.500000,2527
2025-08-26 16:00,6274.000000,6287.000000,6274.000000,6286.500000,1830
2025-08-26 16:15,6287.000000,6288.500000,6279.500000,6282.000000,1575
2025-08-26 16:30,6281.500000,6282.000000,6274.500000,6275.000000,869
2025-08-26 16:45,6275.000000,6280.000000,6270.500000,6277.500000,952
2025-08-26 17:00,6277.000000,6279.000000,6275.000000,6279.000000,306
2025-08-26 17:15,6278.500000,6281.000000,6278.000000,6278.500000,561
2025-08-26 17:30,6278.500000,6278.500000,6275.000000,6275.500000,365
2025-08-26 17:45,6275.000000,6277.500000,6275.000000,6277.000000,404
2025-08-26 18:00,6276.000000,6279.000000,6276.000000,6278.500000,519
2025-08-26 18:15,6278.000000,6280.000000,6278.000000,6279.000000,580
2025-08-26 18:30,6279.000000,6286.000000,6279.000000,6282.500000,2643
2025-08-26 18:45,6282.500000,6282.500000,6280.000000,6282.500000,499
2025-08-26 19:00,6282.500000,6282.500000,6278.500000,6280.500000,561
2025-08-26 19:15,6280.000000,6281.500000,6280.000000,6281.000000,389
2025-08-26 19:30,6281.000000,6285.000000,6280.000000,6285.000000,2118
2025-08-26 19:45,6285.000000,6286.000000,6283.000000,6285.000000,1797
2025-08-26 20:00,6285.000000,6285.500000,6279.000000,6280.500000,1170
2025-08-26 20:15,6280.500000,6280.500000,6278.500000,6280.500000,1095
2025-08-26 20:30,6280.000000,6285.000000,6276.000000,6276.500000,3614
2025-08-26 20:45,6278.000000,6280.000000,6276.500000,6280.000000,1523
2025-08-27 03:45,6281.000000,6281.000000,6281.000000,6281.000000,9
2025-08-27 04:00,6284.500000,6291.000000,6283.500000,6286.000000,1853
2025-08-27 04:15,6286.500000,6286.500000,6281.000000,6282.000000,1036
2025-08-27 04:30,6282.000000,6282.000000,6281.500000,6282.000000,211
2025-08-27 04:45,6282.000000,6285.000000,6280.500000,6281.000000,397
2025-08-27 05:00,6281.000000,6286.000000,6280.500000,6285.500000,503
2025-08-27 05:15,6286.000000,6286.500000,6283.000000,6283.000000,330
2025-08-27 05:30,6283.000000,6283.000000,6276.500000,6280.000000,640
2025-08-27 05:45,6280.000000,6280.000000,6277.500000,6278.500000,165
2025-08-27 06:00,6280.000000,6280.000000,6277.000000,6277.500000,1829
2025-08-27 06:15,6277.000000,6277.500000,6273.000000,6273.000000,1872
2025-08-27 06:30,6273.000000,6282.000000,6272.000000,6281.000000,1015
2025-08-27 06:45,6282.000000,6282.000000,6276.500000,6278.500000,831
2025-08-27 07:00,6278.500000,6286.500000,6273.000000,6279.500000,3657
2025-08-27 07:15,6279.500000,6299.000000,6279.000000,6297.000000,10309
2025-08-27 07:30,6296.500000,6297.000000,6288.500000,6291.500000,2760
2025-08-27 07:45,6291.500000,6294.000000,6285.000000,6287.500000,2345
2025-08-27 08:00,6287.500000,6297.500000,6287.500000,6293.500000,3466
2025-08-27 08:15,6294.000000,6300.000000,6292.500000,6299.500000,3773
2025-08-27 08:30,6300.000000,6300.000000,6293.500000,6296.000000,6064
2025-08-27 08:45,6297.000000,6297.500000,6291.000000,6296.000000,1888
2025-08-27 09:00,6296.000000,6296.000000,6291.500000,6292.000000,2328
2025-08-27 09:15,6292.000000,6292.000000,6290.000000,6291.500000,1846
2025-08-27 09:30,6292.000000,6294.000000,6290.000000,6292.500000,2110
2025-08-27 09:45,6293.000000,6296.000000,6290.000000,6291.500000,2018
2025-08-27 10:00,6292.000000,6298.000000,6292.000000,6296.500000,3227
2025-08-27 10:15,6297.000000,6300.000000,6295.500000,6297.500000,12640
2025-08-27 10:30,6298.000000,6300.000000,6295.000000,6297.000000,2161
2025-08-27 10:45,6297.500000,6297.500000,6287.500000,6289.500000,4546
2025-08-27 11:00,6289.500000,6290.000000,6287.500000,6290.000000,2594
2025-08-27 11:15,6289.500000,6298.500000,6289.500000,6294.000000,4207
2025-08-27 11:30,6294.000000,6308.500000,6294.000000,6305.000000,12487
2025-08-27 11:45,6305.000000,6323.000000,6304.500000,6320.500000,18349
2025-08-27 12:00,6320.500000,6325.000000,6315.500000,6316.000000,8905
2025-08-27 12:15,6316.000000,6319.500000,6315.500000,6316.500000,4935
2025-08-27 12:30,6316.500000,6321.500000,6316.500000,6320.500000,7929
2025-08-27 12:45,6320.500000,6328.000000,6320.000000,6328.000000,6074
2025-08-27 13:00,6327.500000,6329.500000,6320.500000,6324.000000,7022
2025-08-27 13:15,6323.000000,6326.000000,6315.500000,6318.000000,4481
2025-08-27 13:30,6319.500000,6319.500000,6310.000000,6313.500000,3170
2025-08-27 13:45,6313.500000,6328.000000,6312.500000,6321.500000,3802
2025-08-27 14:00,6324.000000,6325.500000,6315.000000,6317.500000,5182
2025-08-27 14:15,6317.500000,6321.500000,6311.500000,6315.000000,6122
2025-08-27 14:30,6315.000000,6317.000000,6305.500000,6314.000000,7489
2025-08-27 14:45,6312.500000,6314.000000,6293.000000,6295.000000,12851
2025-08-27 15:00,6294.500000,6295.000000,6291.000000,6293.000000,3412
2025-08-27 15:15,6293.000000,6293.500000,6289.500000,6292.000000,8008
2025-08-27 15:30,6293.000000,6293.000000,6283.000000,6288.000000,15432
2025-08-27 15:45,6293.500000,6293.500000,6293.500000,6293.500000,13347
2025-08-27 16:00,6293.500000,6310.000000,6293.000000,6297.000000,5069
2025-08-27 16:15,6297.000000,6322.500000,6297.000000,6321.000000,6416
2025-08-27 16:30,6321.000000,6321.500000,6309.000000,6309.500000,1594
2025-08-27 16:45,6309.500000,6315.000000,6307.000000,6311.500000,3925
2025-08-27 17:00,6311.500000,6315.000000,6307.500000,6314.500000,675
2025-08-27 17:15,6315.000000,6325.500000,6314.500000,6325.000000,4242
2025-08-27 17:30,6325.000000,6325.000000,6316.000000,6318.500000,2340
2025-08-27 17:45,6318.500000,6320.000000,6317.500000,6318.500000,1127
2025-08-27 18:00,6318.500000,6324.000000,6317.500000,6324.000000,2747
2025-08-27 18:15,6324.000000,6328.000000,6320.500000,6321.500000,2471
2025-08-27 18:30,6322.000000,6323.500000,6317.500000,6322.000000,1012
2025-08-27 18:45,6322.500000,6322.500000,6317.500000,6321.000000,1235
2025-08-27 19:00,6321.500000,6323.500000,6317.500000,6319.000000,2039
2025-08-27 19:15,6318.500000,6319.000000,6314.000000,6316.500000,679
2025-08-27 19:30,6316.500000,6318.000000,6315.000000,6318.000000,525
2025-08-27 19:45,6317.500000,6320.000000,6315.000000,6319.500000,551
2025-08-27 20:00,6319.500000,6324.000000,6319.000000,6323.000000,1288
2025-08-27 20:15,6323.000000,6325.000000,6320.500000,6324.500000,553
2025-08-27 20:30,6325.000000,6325.000000,6323.000000,6324.500000,2210
2025-08-27 20:45,6324.500000,6325.000000,6323.000000,6323.000000,184
2025-08-28 03:45,6328.000000,6328.000000,6328.000000,6328.000000,16
2025-08-28 04:00,6326.000000,6334.000000,6324.500000,6325.000000,2080
2025-08-28 04:15,6325.000000,6331.000000,6325.000000,6331.000000,547
2025-08-28 04:30,6331.500000,6343.500000,6330.000000,6341.500000,6919
2025-08-28 04:45,6341.000000,6341.500000,6335.000000,6337.000000,507
2025-08-28 05:00,6335.000000,6338.000000,6335.000000,6337.000000,551
2025-08-28 05:15,6336.000000,6337.000000,6333.000000,6333.000000,846
2025-08-28 05:30,6333.000000,6335.000000,6332.000000,6333.000000,813
2025-08-28 05:45,6333.000000,6336.000000,6331.500000,6336.000000,1194
2025-08-28 06:00,6336.000000,6337.000000,6331.500000,6332.000000,4680
2025-08-28 06:15,6331.500000,6332.000000,6323.500000,6327.000000,5375
2025-08-28 06:30,6327.000000,6330.000000,6325.500000,6329.500000,1725
2025-08-28 06:45,6329.500000,6332.500000,6324.000000,6325.000000,3387
2025-08-28 07:00,6324.500000,6325.000000,6305.000000,6306.000000,16583
2025-08-28 07:15,6306.000000,6310.500000,6303.000000,6303.000000,3864
2025-08-28 07:30,6303.500000,6305.500000,6301.000000,6305.000000,4039
2025-08-28 07:45,6305.500000,6310.500000,6303.500000,6306.000000,4498
2025-08-28 08:00,6306.000000,6307.000000,6305.500000,6307.000000,11411
2025-08-28 08:15,6307.000000,6313.000000,6303.500000,6305.000000,5678
2025-08-28 08:30,6304.000000,6307.500000,6302.500000,6304.000000,2069
2025-08-28 08:45,6304.000000,6305.500000,6295.500000,6298.000000,12695
2025-08-28 09:00,6298.000000,6309.500000,6296.000000,6306.500000,8906
2025-08-28 09:15,6307.000000,6318.000000,6302.000000,6316.000000,5686
2025-08-28 09:30,6316.000000,6320.000000,6308.500000,6320.000000,7006
2025-08-28 09:45,6320.000000,6325.500000,6318.000000,6321.000000,6753
2025-08-28 10:00,6320.500000,6327.000000,6316.000000,6321.000000,5128
2025-08-28 10:15,6321.000000,6323.000000,6317.000000,6317.500000,1696
2025-08-28 10:30,6316.500000,6316.500000,6312.000000,6315.500000,3642
2025-08-28 10:45,6315.000000,6315.000000,6307.500000,6311.500000,5759
2025-08-28 11:00,6312.000000,6313.500000,6307.000000,6312.500000,3878
2025-08-28 11:15,6312.000000,6317.000000,6307.500000,6310.000000,3105
2025-08-28 11:30,6310.500000,6313.500000,6303.500000,6312.000000,4105
2025-08-28 11:45,6312.500000,6312.500000,6305.000000,6308.500000,1709
2025-08-28 12:00,6308.500000,6319.000000,6306.500000,6316.000000,2904
2025-08-28 12:15,6316.000000,6318.500000,6315.000000,6315.500000,1392
2025-08-28 12:30,6315.500000,6319.000000,6314.000000,6318.000000,2251
2025-08-28 12:45,6318.000000,6324.500000,6316.000000,6319.500000,3527
2025-08-28 13:00,6319.500000,6330.000000,6319.500000,6322.000000,9422
2025-08-28 13:15,6321.000000,6323.500000,6319.500000,6323.500000,1866
2025-08-28 13:30,6323.500000,6323.500000,6320.000000,6320.500000,1508
2025-08-28 13:45,6320.500000,6320.500000,6313.000000,6315.500000,3311
2025-08-28 14:00,6315.500000,6322.000000,6315.500000,6320.500000,2166
2025-08-28 14:15,6321.000000,6321.500000,6316.000000,6319.500000,1727
2025-08-28 14:30,6319.500000,6323.000000,6316.000000,6320.500000,1814
2025-08-28 14:45,6320.500000,6324.500000,6317.000000,6317.500000,1678
2025-08-28 15:00,6319.000000,6329.500000,6319.000000,6329.500000,8268
2025-08-28 15:15,6329.500000,6329.500000,6320.500000,6325.000000,3732
2025-08-28 15:30,6325.000000,6329.500000,6325.000000,6328.500000,2517
2025-08-28 15:45,6328.000000,6328.000000,6328.000000,6328.000000,178
2025-08-28 16:00,6328.000000,6328.000000,6319.500000,6322.000000,895
2025-08-28 16:15,6320.000000,6322.000000,6305.000000,6314.000000,7547
2025-08-28 16:30,6314.500000,6319.000000,6311.000000,6317.500000,1324
2025-08-28 16:45,6317.500000,6318.000000,6312.500000,6313.500000,2178
2025-08-28 17:00,6313.500000,6313.500000,6286.000000,6297.500000,38871
2025-08-28 17:15,6297.000000,6307.000000,6286.500000,6303.000000,10894
2025-08-28 17:30,6302.500000,6302.500000,6250.000000,6258.500000,35014
2025-08-28 17:45,6258.000000,6277.000000,6257.500000,6277.000000,9973
2025-08-28 18:00,6277.000000,6277.000000,6269.500000,6273.500000,3118
2025-08-28 18:15,6271.500000,6275.500000,6267.000000,6275.500000,2204
2025-08-28 18:30,6276.000000,6286.500000,6275.500000,6286.500000,2281
2025-08-28 18:45,6286.000000,6286.000000,6278.500000,6281.000000,1804
2025-08-28 19:00,6281.000000,6281.000000,6267.500000,6268.000000,3177
2025-08-28 19:15,6268.000000,6274.500000,6265.500000,6274.500000,2124
2025-08-28 19:30,6274.500000,6274.500000,6266.000000,6269.500000,2342
2025-08-28 19:45,6269.000000,6269.500000,6266.000000,6267.500000,651
2025-08-28 20:00,6268.000000,6272.500000,6264.000000,6264.500000,2082
2025-08-28 20:15,6264.500000,6272.000000,6264.000000,6270.500000,1469
2025-08-28 20:30,6270.000000,6275.000000,6265.000000,6272.000000,2348
2025-08-28 20:45,6273.000000,6275.000000,6273.000000,6273.500000,594
2025-08-29 03:45,6280.500000,6280.500000,6280.500000,6280.500000,17
2025-08-29 04:00,6280.000000,6286.000000,6280.000000,6284.500000,2323
2025-08-29 04:15,6285.000000,6285.000000,6283.000000,6283.000000,1425
2025-08-29 04:30,6284.000000,6284.000000,6282.500000,6283.000000,412
2025-08-29 04:45,6283.000000,6284.000000,6282.500000,6283.000000,260
2025-08-29 05:00,6284.000000,6284.500000,6283.000000,6284.000000,491
2025-08-29 05:15,6283.500000,6284.500000,6282.500000,6284.500000,500
2025-08-29 05:30,6284.500000,6287.000000,6284.500000,6287.000000,545
2025-08-29 05:45,6286.500000,6287.500000,6282.000000,6282.500000,3234
2025-08-29 06:00,6282.000000,6296.000000,6281.000000,6291.000000,4193
2025-08-29 06:15,6291.000000,6294.000000,6291.000000,6293.500000,907
2025-08-29 06:30,6293.500000,6293.500000,6284.500000,6287.500000,1126
2025-08-29 06:45,6287.500000,6287.500000,6283.000000,6283.000000,868
2025-08-29 07:00,6283.500000,6289.000000,6275.000000,6282.000000,7318
2025-08-29 07:15,6281.500000,6289.500000,6277.000000,6285.500000,2706
2025-08-29 07:30,6285.500000,6290.500000,6281.000000,6282.000000,5017
2025-08-29 07:45,6281.000000,6295.500000,6278.000000,6291.000000,4128
2025-08-29 08:00,6292.500000,6299.000000,6282.000000,6287.000000,8952
2025-08-29 08:15,6287.000000,6288.000000,6279.000000,6281.500000,1556
2025-08-29 08:30,6281.500000,6283.500000,6280.000000,6282.000000,1363
2025-08-29 08:45,6282.500000,6283.500000,6270.500000,6279.500000,5933
2025-08-29 09:00,6280.000000,6304.000000,6262.500000,6280.000000,53861
2025-08-29 09:15,6280.000000,6289.500000,6276.000000,6286.000000,16191
2025-08-29 09:30,6286.000000,6292.000000,6263.000000,6264.500000,32839
2025-08-29 09:45,6265.000000,6266.000000,6235.000000,6235.500000,45532
2025-08-29 10:00,6235.000000,6507.500000,6235.000000,6502.000000,872720
2025-08-29 10:15,6502.000000,6595.000000,6500.000000,6548.500000,565632
2025-08-29 10:30,6549.000000,6556.500000,6511.000000,6533.000000,222880
2025-08-29 10:45,6532.000000,6538.500000,6510.000000,6520.000000,153560
2025-08-29 11:00,6520.000000,6531.000000,6492.000000,6498.000000,240419
2025-08-29 11:15,6498.000000,6513.500000,6485.500000,6506.500000,118318
2025-08-29 11:30,6506.500000,6507.000000,6464.000000,6471.500000,150140
2025-08-29 11:45,6471.500000,6487.500000,6456.500000,6470.000000,93758
2025-08-29 12:00,6469.500000,6483.000000,6455.000000,6462.500000,84518
2025-08-29 12:15,6462.500000,6472.000000,6456.000000,6464.500000,46591
2025-08-29 12:30,6464.500000,6475.500000,6459.000000,6473.500000,41247
2025-08-29 12:45,6473.500000,6479.500000,6440.000000,6456.500000,93050
2025-08-29 13:00,6457.000000,6467.000000,6452.000000,6454.000000,16574
2025-08-29 13:15,6454.000000,6459.500000,6436.000000,6445.000000,45075
2025-08-29 13:30,6444.000000,6445.000000,6436.000000,6437.000000,24308
2025-08-29 13:45,6437.000000,6443.000000,6412.000000,6419.500000,92766
2025-08-29 14:00,6418.500000,6442.000000,6396.000000,6403.000000,118294
2025-08-29 14:15,6403.000000,6404.000000,6388.000000,6392.500000,109685
2025-08-29 14:30,6392.000000,6408.000000,6380.000000,6405.500000,67680
2025-08-29 14:45,6405.500000,6434.500000,6404.000000,6427.500000,52118
2025-08-29 15:00,6428.000000,6435.000000,6420.500000,6426.000000,33111
2025-08-29 15:15,6426.000000,6428.500000,6419.000000,6421.000000,11131
2025-08-29 15:30,6421.000000,6429.500000,6421.000000,6426.500000,11754
2025-08-29 15:45,6428.000000,6428.000000,6428.000000,6428.000000,1624
2025-08-29 16:00,6428.000000,6429.500000,6414.500000,6417.000000,14980
2025-08-29 16:15,6417.000000,6435.000000,6410.500000,6435.000000,23277
2025-08-29 16:30,6435.000000,6442.000000,6424.500000,6432.500000,17229
2025-08-29 16:45,6432.500000,6435.500000,6419.000000,6419.500000,12414
2025-08-29 17:00,6419.500000,6428.500000,6414.500000,6425.500000,7783
2025-08-29 17:15,6425.500000,6433.000000,6422.000000,6430.500000,5343
2025-08-29 17:30,6430.500000,6436.000000,6426.500000,6430.500000,7276
2025-08-29 17:45,6431.500000,6437.000000,6427.500000,6436.500000,5438
2025-08-29 18:00,6435.500000,6440.000000,6428.500000,6432.000000,10871
2025-08-29 18:15,6433.000000,6443.500000,6431.000000,6443.000000,11081
2025-08-29 18:30,6443.000000,6443.000000,6430.000000,6437.000000,7672
2025-08-29 18:45,6437.000000,6437.000000,6429.500000,6432.500000,5953
2025-08-29 19:00,6432.500000,6434.500000,6428.500000,6429.000000,4369
2025-08-29 19:15,6428.500000,6432.500000,6423.000000,6431.000000,7966
2025-08-29 19:30,6431.000000,6433.000000,6428.500000,6431.000000,1743
2025-08-29 19:45,6430.500000,6430.500000,6426.500000,6430.500000,4454
2025-08-29 20:00,6430.000000,6431.500000,6425.500000,6427.500000,5042
2025-08-29 20:15,6426.500000,6431.500000,6426.500000,6431.000000,2730
2025-08-29 20:30,6431.000000,6433.000000,6426.000000,6427.500000,7534
2025-08-29 20:45,6427.500000,6433.000000,6427.000000,6430.500000,3863
2025-08-29 23:00,6456.000000,6456.000000,6408.000000,6439.000000,72
2025-08-29 23:15,6425.500000,6438.500000,6420.500000,6438.000000,26
2025-08-29 23:30,6436.500000,6436.500000,6423.500000,6423.500000,24
2025-08-29 23:45,6423.500000,6433.500000,6423.500000,6433.500000,2
2025-08-30 00:00,6434.000000,6434.000000,6433.500000,6433.500000,6
2025-08-30 00:15,6425.000000,6425.000000,6423.500000,6424.500000,5
2025-08-30 00:30,6424.500000,6430.000000,6421.000000,6430.000000,53
2025-08-30 00:45,6430.000000,6430.000000,6422.000000,6422.000000,20
2025-08-30 01:00,6432.500000,6433.500000,6432.500000,6433.500000,6
2025-08-30 01:15,6422.500000,6422.500000,6422.500000,6422.500000,1
2025-08-30 01:30,6433.000000,6433.000000,6433.000000,6433.000000,1
2025-08-30 01:45,6431.500000,6432.000000,6422.500000,6422.500000,18
2025-08-30 02:00,6431.500000,6432.000000,6423.000000,6423.000000,5
2025-08-30 02:15,6423.000000,6430.500000,6423.000000,6425.500000,11
2025-08-30 02:30,6426.000000,6446.000000,6426.000000,6446.000000,853
2025-08-30 02:45,6445.500000,6449.000000,6445.000000,6445.000000,157
2025-08-30 03:00,6444.500000,6445.000000,6433.500000,6437.000000,44
2025-08-30 03:15,6437.000000,6449.500000,6437.000000,6448.000000,63
2025-08-30 03:30,6439.000000,6448.000000,6433.500000,6434.500000,32
2025-08-30 03:45,6447.500000,6448.000000,6434.500000,6435.000000,44
2025-08-30 04:00,6446.500000,6447.500000,6436.500000,6436.500000,374
2025-08-30 04:15,6446.000000,6447.000000,6436.000000,6446.500000,626
2025-08-30 04:30,6446.500000,6447.500000,6437.500000,6437.500000,124
2025-08-30 04:45,6446.000000,6446.000000,6438.000000,6439.000000,158
2025-08-30 05:00,6445.000000,6447.000000,6438.500000,6440.000000,924
2025-08-30 05:15,6440.000000,6446.000000,6436.000000,6440.000000,106
2025-08-30 05:30,6440.000000,6449.000000,6436.500000,6436.500000,614
2025-08-30 05:45,6437.000000,6445.000000,6437.000000,6444.000000,207
2025-08-30 06:00,6444.500000,6445.000000,6437.000000,6439.000000,425
2025-08-30 06:15,6439.500000,6444.000000,6437.000000,6437.000000,169
2025-08-30 06:30,6443.000000,6444.000000,6437.000000,6437.000000,38
2025-08-30 06:45,6443.500000,6443.500000,6443.500000,6443.500000,443
2025-08-30 07:00,6440.500000,6444.000000,6423.500000,6436.500000,6134
2025-08-30 07:15,6436.500000,6441.500000,6431.000000,6440.000000,3315
2025-08-30 07:30,6439.500000,6441.000000,6438.000000,6438.500000,581
2025-08-30 07:30,6439.500000,6441.000000,6438.000000,6438.500000,581
2025-08-30 07:45,6438.500000,6440.500000,6438.000000,6440.000000,290
2025-08-30 08:00,6439.500000,6440.500000,6438.500000,6438.500000,595
2025-08-30 08:15,6439.500000,6439.500000,6431.000000,6434.000000,2323
2025-08-30 08:30,6433.000000,6434.000000,6429.500000,6431.000000,2881
2025-08-30 08:45,6432.000000,6432.000000,6429.500000,6430.000000,554
2025-08-30 09:00,6430.500000,6432.000000,6429.500000,6430.000000,611
2025-08-30 09:15,6431.000000,6432.000000,6430.000000,6432.000000,357
2025-08-30 09:30,6432.000000,6432.000000,6431.000000,6431.500000,240
2025-08-30 09:45,6432.000000,6435.000000,6431.500000,6433.500000,449
2025-08-30 10:00,6435.000000,6435.000000,6431.000000,6432.500000,858
2025-08-30 10:15,6434.000000,6434.000000,6430.000000,6430.500000,1556
2025-08-30 10:30,6431.500000,6432.000000,6430.000000,6431.500000,223
2025-08-30 10:45,6431.500000,6431.500000,6425.500000,6427.500000,1314
2025-08-30 11:00,6426.000000,6427.500000,6424.000000,6425.000000,1416
2025-08-30 11:15,6425.000000,6430.000000,6424.000000,6430.000000,524
2025-08-30 11:30,6429.500000,6432.000000,6426.000000,6430.500000,1555
2025-08-30 11:45,6430.000000,6430.500000,6426.500000,6430.000000,382
2025-08-30 12:00,6430.000000,6431.000000,6427.500000,6431.000000,600
2025-08-30 12:15,6431.000000,6432.000000,6428.000000,6432.000000,366
2025-08-30 12:30,6431.000000,6432.000000,6425.000000,6428.500000,688
2025-08-30 12:45,6430.500000,6432.000000,6426.500000,6432.000000,234
2025-08-30 13:00,6431.500000,6432.000000,6425.000000,6430.500000,826
2025-08-30 13:15,6430.500000,6432.000000,6429.000000,6431.500000,244
2025-08-30 13:30,6431.500000,6436.500000,6430.500000,6436.500000,1276
2025-08-30 13:45,6436.500000,6437.500000,6435.000000,6436.000000,418
2025-08-30 14:00,6435.500000,6437.000000,6435.000000,6435.000000,1242
2025-08-30 14:15,6434.000000,6434.500000,6430.500000,6434.500000,405
2025-08-30 14:30,6434.500000,6435.000000,6431.000000,6433.000000,286
2025-08-30 14:45,6433.000000,6434.500000,6431.000000,6431.500000,454
2025-08-30 15:00,6431.000000,6431.500000,6425.500000,6429.000000,669
2025-08-30 15:15,6429.000000,6430.000000,6425.500000,6426.500000,1017
2025-08-30 15:30,6427.000000,6429.500000,6426.000000,6426.000000,670
2025-08-30 15:45,6426.000000,6431.500000,6426.000000,6429.000000,1860
2025-08-30 16:00,6408.500000,6451.000000,6408.000000,6442.000000,320
2025-08-30 16:15,6441.500000,6442.000000,6428.500000,6435.000000,65
2025-08-30 16:30,6429.000000,6437.000000,6428.500000,6434.000000,48
2025-08-30 16:45,6430.000000,6437.000000,6428.000000,6430.500000,84
2025-08-30 17:00,6436.500000,6440.000000,6430.500000,6431.500000,422
2025-08-30 17:15,6439.000000,6439.500000,6432.000000,6439.000000,40
2025-08-30 17:30,6439.000000,6439.000000,6429.000000,6438.000000,66
2025-08-30 17:45,6432.000000,6438.500000,6431.000000,6431.500000,98
2025-08-30 18:00,6438.000000,6438.500000,6432.000000,6438.000000,72
2025-08-30 18:15,6432.000000,6438.000000,6430.500000,6430.500000,93
2025-08-30 18:30,6430.500000,6437.000000,6430.500000,6431.000000,111
2025-08-30 18:45,6431.000000,6438.000000,6430.500000,6431.000000,445
2025-08-30 19:00,6437.500000,6437.500000,6430.000000,6436.500000,285
2025-08-30 19:15,6436.500000,6436.500000,6430.000000,6430.500000,120
2025-08-30 19:30,6435.000000,6435.000000,6430.000000,6434.000000,26
2025-08-30 19:45,6430.500000,6436.500000,6430.000000,6436.500000,149
2025-08-30 20:00,6436.500000,6436.500000,6430.000000,6430.000000,78
2025-08-30 20:15,6435.000000,6435.000000,6429.000000,6430.000000,286
2025-08-30 20:30,6430.000000,6434.500000,6428.000000,6434.500000,112
2025-08-30 20:45,6428.000000,6434.500000,6428.000000,6434.500000,9
2025-08-30 23:00,6454.500000,6456.500000,6436.000000,6436.000000,93
2025-08-30 23:15,6446.500000,6446.500000,6422.500000,6443.000000,9
2025-08-30 23:30,6442.500000,6443.000000,6425.000000,6433.500000,8
2025-08-30 23:45,6433.500000,6433.500000,6426.500000,6426.500000,12
2025-08-31 00:00,6434.000000,6434.000000,6430.500000,6430.500000,2
2025-08-31 00:15,6431.000000,6437.500000,6431.000000,6437.500000,2
2025-08-31 00:30,6430.500000,6431.000000,6430.500000,6431.000000,3
2025-08-31 00:45,6438.000000,6438.500000,6438.000000,6438.500000,5
2025-08-31 01:15,6430.500000,6443.000000,6426.500000,6443.000000,7
2025-08-31 01:30,6430.000000,6430.000000,6430.000000,6430.000000,2
2025-08-31 02:00,6427.500000,6430.000000,6426.000000,6430.000000,13
2025-08-31 02:15,6426.500000,6441.000000,6426.000000,6426.000000,24
2025-08-31 02:30,6427.000000,6442.500000,6426.000000,6442.500000,27
2025-08-31 02:45,6429.500000,6442.500000,6426.500000,6442.500000,22
2025-08-31 03:00,6442.000000,6442.500000,6442.000000,6442.500000,5
2025-08-31 03:15,6430.500000,6442.000000,6430.000000,6430.000000,55
2025-08-31 03:30,6430.500000,6440.000000,6430.000000,6430.000000,16
2025-08-31 03:45,6439.500000,6439.500000,6429.000000,6429.000000,9
2025-08-31 04:00,6430.000000,6439.000000,6428.500000,6428.500000,11
2025-08-31 04:15,6428.500000,6429.000000,6428.500000,6429.000000,18
2025-08-31 04:30,6429.000000,6438.500000,6428.500000,6428.500000,51
2025-08-31 04:45,6428.500000,6438.500000,6428.000000,6428.000000,107
2025-08-31 05:00,6437.500000,6442.000000,6429.500000,6430.000000,206
2025-08-31 05:15,6430.000000,6440.500000,6428.500000,6439.500000,72
2025-08-31 05:30,6438.500000,6438.500000,6430.000000,6438.500000,22
2025-08-31 05:45,6438.500000,6438.500000,6429.000000,6429.000000,124
2025-08-31 06:00,6429.500000,6438.500000,6429.500000,6430.500000,27
2025-08-31 06:15,6430.500000,6444.500000,6430.000000,6444.500000,474
2025-08-31 06:30,6444.000000,6444.000000,6432.500000,6443.500000,303
2025-08-31 06:45,6430.500000,6430.500000,6430.500000,6430.500000,27
2025-08-31 07:00,6430.500000,6442.000000,6427.500000,6438.000000,3075
2025-08-31 07:15,6435.500000,6440.500000,6435.500000,6440.000000,757
2025-08-31 07:30,6440.000000,6440.000000,6437.500000,6439.000000,652
2025-08-31 07:45,6438.000000,6440.000000,6438.000000,6439.500000,927
2025-08-31 08:00,6439.500000,6444.500000,6439.000000,6444.500000,2108
2025-08-31 08:15,6444.500000,6444.500000,6442.000000,6443.500000,1195
2025-08-31 08:30,6443.500000,6444.000000,6442.000000,6443.000000,643
2025-08-31 08:45,6443.000000,6443.500000,6443.000000,6443.000000,1913
2025-08-31 09:00,6443.500000,6443.500000,6443.000000,6443.000000,566
2025-08-31 09:15,6442.000000,6443.000000,6440.500000,6442.000000,383
2025-08-31 09:30,6442.000000,6442.500000,6439.500000,6440.000000,685
2025-08-31 09:45,6441.500000,6441.500000,6438.500000,6439.000000,244
2025-08-31 10:00,6439.000000,6442.000000,6436.500000,6439.500000,1053
2025-08-31 10:15,6440.500000,6440.500000,6438.000000,6440.000000,117
2025-08-31 10:30,6440.000000,6443.500000,6436.500000,6439.500000,1851
2025-08-31 10:45,6439.500000,6440.000000,6438.000000,6438.000000,284
2025-08-31 11:00,6438.000000,6439.500000,6437.000000,6439.500000,307
2025-08-31 11:15,6439.000000,6439.000000,6433.000000,6436.500000,1067
2025-08-31 11:30,6436.500000,6437.000000,6434.500000,6437.000000,409
2025-08-31 11:45,6437.000000,6440.000000,6436.000000,6439.500000,382
2025-08-31 12:00,6438.500000,6439.000000,6436.500000,6436.500000,142
2025-08-31 12:15,6436.500000,6438.500000,6436.500000,6438.500000,340
2025-08-31 12:30,6438.500000,6438.500000,6437.500000,6438.000000,71
2025-08-31 12:45,6438.000000,6445.000000,6437.500000,6442.500000,5187
2025-08-31 13:00,6442.500000,6444.000000,6442.500000,6444.000000,461
2025-08-31 13:15,6443.500000,6444.000000,6443.000000,6443.000000,123
2025-08-31 13:30,6443.500000,6444.000000,6442.000000,6443.500000,381
2025-08-31 13:45,6443.500000,6444.000000,6443.000000,6443.000000,478
2025-08-31 14:00,6444.000000,6444.000000,6441.500000,6442.000000,262
2025-08-31 14:15,6441.500000,6443.500000,6437.000000,6443.500000,1243
2025-08-31 14:30,6443.500000,6444.000000,6440.000000,6442.000000,523
2025-08-31 14:45,6440.500000,6443.000000,6438.000000,6438.000000,252
2025-08-31 15:00,6438.500000,6441.000000,6438.000000,6440.500000,233
2025-08-31 15:15,6440.000000,6440.000000,6437.500000,6437.500000,286
2025-08-31 15:30,6437.500000,6442.000000,6437.500000,6442.000000,956
2025-08-31 15:45,6442.000000,6446.000000,6441.000000,6445.000000,1822
2025-08-31 16:00,6431.500000,6444.500000,6431.500000,6444.000000,37
2025-08-31 16:15,6444.000000,6444.500000,6439.000000,6444.000000,126
2025-08-31 16:30,6439.000000,6444.000000,6439.000000,6443.000000,69
2025-08-31 16:45,6443.000000,6443.000000,6439.000000,6443.000000,45
2025-08-31 17:00,6442.500000,6443.000000,6439.000000,6440.000000,48
2025-08-31 17:15,6439.000000,6444.000000,6439.000000,6444.000000,115
2025-08-31 17:30,6444.000000,6444.000000,6439.000000,6440.000000,43
2025-08-31 17:45,6443.500000,6444.000000,6440.000000,6443.500000,136
2025-08-31 18:00,6440.000000,6444.000000,6439.000000,6439.000000,75
2025-08-31 18:15,6444.000000,6444.000000,6439.000000,6439.000000,67
2025-08-31 18:30,6439.000000,6444.000000,6439.000000,6444.000000,332
2025-08-31 18:45,6444.000000,6444.000000,6439.000000,6439.000000,126
2025-08-31 19:00,6440.000000,6444.000000,6439.000000,6439.000000,51
2025-08-31 19:15,6439.000000,6444.000000,6439.000000,6439.000000,35
2025-08-31 19:30,6444.000000,6444.000000,6439.000000,6440.000000,42
2025-08-31 19:45,6444.000000,6444.000000,6439.500000,6439.500000,406
2025-08-31 20:00,6442.000000,6442.000000,6439.500000,6442.000000,44
2025-08-31 20:15,6439.500000,6442.000000,6439.500000,6439.500000,19
2025-08-31 20:30,6440.000000,6442.000000,6439.500000,6440.000000,267
2025-08-31 20:45,6439.500000,6439.500000,6439.500000,6439.500000,17
2025-09-01 03:45,6446.000000,6446.000000,6446.000000,6446.000000,835
2025-09-01 04:00,6446.500000,6459.000000,6446.000000,6449.000000,11994
2025-09-01 04:15,6449.000000,6453.000000,6447.500000,6450.000000,1099
2025-09-01 04:30,6450.500000,6450.500000,6447.500000,6450.500000,707
2025-09-01 04:45,6450.000000,6450.500000,6447.500000,6449.500000,1262
2025-09-01 05:00,6449.500000,6451.500000,6445.000000,6451.500000,3851
2025-09-01 05:15,6451.500000,6452.000000,6449.500000,6452.000000,2522
2025-09-01 05:30,6452.000000,6452.000000,6448.000000,6452.000000,2140
2025-09-01 05:45,6451.500000,6452.000000,6448.000000,6448.000000,952
2025-09-01 06:00,6448.000000,6448.000000,6434.000000,6438.500000,10203
2025-09-01 06:15,6438.500000,6452.000000,6438.000000,6449.000000,9193
2025-09-01 06:30,6449.500000,6449.500000,6438.000000,6444.500000,6353
2025-09-01 06:45,6445.000000,6446.000000,6437.500000,6441.500000,8951
2025-09-01 07:00,6441.000000,6441.500000,6425.000000,6437.000000,17391
2025-09-01 07:15,6436.500000,6437.500000,6430.000000,6430.500000,12971
2025-09-01 07:30,6430.000000,6435.500000,6430.000000,6433.000000,17715
2025-09-01 07:45,6433.500000,6434.500000,6430.000000,6431.000000,13385
2025-09-01 08:00,6431.000000,6443.500000,6430.000000,6442.000000,13598
2025-09-01 08:15,6442.000000,6444.500000,6434.500000,6438.500000,5107
2025-09-01 08:30,6438.500000,6439.500000,6433.500000,6437.000000,4233
2025-09-01 08:45,6436.500000,6442.000000,6432.000000,6436.000000,6584
2025-09-01 09:00,6435.500000,6443.000000,6435.500000,6439.000000,6662
2025-09-01 09:15,6439.000000,6440.000000,6425.000000,6426.000000,14295
2025-09-01 09:30,6426.000000,6429.500000,6413.500000,6416.000000,20031
2025-09-01 09:45,6416.000000,6421.000000,6409.000000,6411.000000,13152
2025-09-01 10:00,6410.500000,6416.500000,6409.000000,6414.500000,7047
2025-09-01 10:15,6414.000000,6423.500000,6414.000000,6417.500000,9456
2025-09-01 10:30,6417.500000,6424.000000,6416.500000,6418.500000,4374
2025-09-01 10:45,6418.000000,6420.000000,6411.500000,6416.500000,10236
2025-09-01 11:00,6416.000000,6418.000000,6411.000000,6416.000000,11286
2025-09-01 11:15,6416.000000,6424.500000,6414.000000,6421.000000,15671
2025-09-01 11:30,6420.000000,6421.500000,6414.000000,6414.000000,3574
2025-09-01 11:45,6414.000000,6418.000000,6411.500000,6413.000000,3074
2025-09-01 12:00,6412.000000,6420.000000,6410.000000,6413.000000,12829
2025-09-01 12:15,6412.000000,6413.000000,6403.500000,6403.500000,10531
2025-09-01 12:30,6403.000000,6411.500000,6400.500000,6405.500000,10956
2025-09-01 12:45,6405.000000,6414.000000,6405.000000,6412.000000,6398
2025-09-01 13:00,6411.000000,6418.500000,6406.500000,6413.000000,9390
2025-09-01 13:15,6411.500000,6418.000000,6408.500000,6413.500000,11766
2025-09-01 13:30,6412.000000,6416.000000,6410.500000,6415.000000,2744
2025-09-01 13:45,6414.500000,6415.500000,6408.500000,6410.000000,3158
2025-09-01 14:00,6410.000000,6411.000000,6400.000000,6400.000000,8224
2025-09-01 14:15,6400.000000,6403.500000,6400.000000,6400.000000,12187
2025-09-01 14:30,6400.000000,6404.000000,6400.000000,6400.000000,15125
2025-09-01 14:45,6400.000000,6400.500000,6388.500000,6390.500000,18019
2025-09-01 15:00,6390.500000,6392.000000,6385.000000,6392.000000,9186
2025-09-01 15:15,6390.000000,6395.500000,6365.500000,6374.500000,33024
2025-09-01 15:30,6374.000000,6376.000000,6362.500000,6368.000000,17452
2025-09-01 15:45,6361.000000,6361.000000,6361.000000,6361.000000,2756
2025-09-01 16:00,6364.000000,6372.000000,6362.000000,6372.000000,4601
2025-09-01 16:15,6372.500000,6375.000000,6372.000000,6373.000000,13403
2025-09-01 16:30,6373.500000,6375.000000,6370.500000,6371.000000,3968
2025-09-01 16:45,6371.000000,6371.000000,6352.500000,6369.500000,13912
2025-09-01 17:00,6369.500000,6369.500000,6353.500000,6365.500000,8229
2025-09-01 17:15,6365.000000,6369.500000,6365.000000,6368.000000,2029
2025-09-01 17:30,6368.500000,6370.000000,6367.000000,6368.000000,9458
2025-09-01 17:45,6368.000000,6368.500000,6363.500000,6363.500000,1487
2025-09-01 18:00,6364.000000,6368.500000,6362.000000,6367.500000,1990
2025-09-01 18:15,6367.500000,6369.500000,6367.000000,6369.000000,1386
2025-09-01 18:30,6369.500000,6369.500000,6362.000000,6362.000000,4152
2025-09-01 18:45,6362.000000,6368.000000,6361.000000,6367.000000,1267
2025-09-01 19:00,6366.000000,6369.000000,6363.000000,6368.000000,2158
2025-09-01 19:15,6368.500000,6370.000000,6367.500000,6369.500000,1743
2025-09-01 19:30,6369.500000,6369.500000,6365.000000,6366.000000,1763
2025-09-01 19:45,6366.000000,6370.000000,6366.000000,6369.500000,2220
2025-09-01 20:00,6370.000000,6370.000000,6367.500000,6370.000000,1792
2025-09-01 20:15,6368.500000,6370.000000,6368.000000,6369.500000,779
2025-09-01 20:30,6370.000000,6370.000000,6368.500000,6370.000000,6331
2025-09-01 20:45,6370.000000,6370.000000,6369.000000,6370.000000,1050
2025-09-02 03:45,6368.500000,6368.500000,6368.500000,6368.500000,59
2025-09-02 04:00,6370.000000,6370.000000,6363.500000,6366.000000,3432
2025-09-02 04:15,6366.500000,6368.000000,6365.500000,6368.000000,934
2025-09-02 04:30,6368.000000,6370.000000,6367.000000,6370.000000,2242
2025-09-02 04:45,6370.000000,6374.000000,6368.000000,6370.000000,4685
2025-09-02 05:00,6371.500000,6373.000000,6353.000000,6354.000000,7479
2025-09-02 05:15,6354.000000,6361.000000,6354.000000,6358.500000,971
2025-09-02 05:30,6358.500000,6361.000000,6358.000000,6360.000000,1137
2025-09-02 05:45,6360.000000,6361.500000,6358.500000,6359.000000,1817
2025-09-02 06:00,6359.000000,6362.000000,6342.500000,6351.000000,17155
2025-09-02 06:15,6351.000000,6355.000000,6340.000000,6341.000000,8648
2025-09-02 06:30,6343.000000,6349.500000,6341.000000,6348.500000,4106
2025-09-02 06:45,6349.000000,6349.000000,6335.000000,6342.000000,8773
2025-09-02 07:00,6341.500000,6347.000000,6330.000000,6346.000000,15507
2025-09-02 07:15,6346.500000,6352.000000,6343.000000,6351.000000,11840
2025-09-02 07:30,6351.000000,6361.000000,6346.000000,6350.000000,14496
2025-09-02 07:45,6350.000000,6360.500000,6337.500000,6339.500000,10412
2025-09-02 08:00,6340.000000,6340.000000,6323.000000,6327.500000,18773
2025-09-02 08:15,6327.000000,6327.500000,6316.000000,6323.500000,19852
2025-09-02 08:30,6323.500000,6328.500000,6315.000000,6320.000000,9405
2025-09-02 08:45,6320.000000,6328.500000,6315.000000,6326.500000,4370
2025-09-02 09:00,6326.500000,6331.500000,6318.000000,6331.500000,9537
2025-09-02 09:15,6331.500000,6337.500000,6323.000000,6324.500000,9204
2025-09-02 09:30,6324.000000,6340.500000,6321.000000,6335.500000,7788
2025-09-02 09:45,6335.000000,6342.000000,6332.000000,6335.000000,9598
2025-09-02 10:00,6333.500000,6342.000000,6329.500000,6340.500000,6735
2025-09-02 10:15,6338.500000,6342.000000,6337.000000,6339.000000,4493
2025-09-02 10:30,6340.000000,6346.500000,6339.000000,6340.000000,6110
2025-09-02 10:45,6340.000000,6343.000000,6330.000000,6337.000000,4891
2025-09-02 11:00,6337.500000,6345.000000,6331.000000,6331.500000,7269
2025-09-02 11:15,6332.500000,6333.000000,6325.000000,6331.500000,5985
2025-09-02 11:30,6331.000000,6332.000000,6326.000000,6330.000000,3608
2025-09-02 11:45,6328.500000,6328.500000,6322.500000,6325.000000,6809
2025-09-02 12:00,6324.500000,6338.500000,6312.500000,6330.500000,17567
2025-09-02 12:15,6331.500000,6337.000000,6314.000000,6317.000000,12599
2025-09-02 12:30,6317.000000,6324.500000,6310.000000,6317.500000,12438
2025-09-02 12:45,6317.500000,6325.000000,6304.500000,6304.500000,11836
2025-09-02 13:00,6306.500000,6308.000000,6290.000000,6292.000000,30541
2025-09-02 13:15,6292.000000,6312.000000,6287.000000,6308.500000,16559
2025-09-02 13:30,6308.000000,6309.000000,6297.500000,6299.500000,9562
2025-09-02 13:45,6299.000000,6302.500000,6295.000000,6298.500000,7521
2025-09-02 14:00,6300.000000,6314.500000,6295.500000,6313.500000,10754
2025-09-02 14:15,6312.500000,6318.500000,6308.500000,6309.500000,9393
2025-09-02 14:30,6312.000000,6322.000000,6310.000000,6321.000000,9724
2025-09-02 14:45,6319.500000,6321.500000,6313.000000,6317.500000,7757
2025-09-02 15:00,6316.000000,6318.500000,6303.500000,6306.500000,12277
2025-09-02 15:15,6306.500000,6322.500000,6303.500000,6307.000000,14191
2025-09-02 15:30,6307.000000,6313.500000,6304.000000,6310.000000,5895
2025-09-02 15:45,6315.000000,6315.000000,6315.000000,6315.000000,512
2025-09-02 16:00,6306.000000,6321.000000,6306.000000,6308.000000,5229
2025-09-02 16:15,6308.000000,6314.500000,6304.500000,6305.500000,2650
2025-09-02 16:30,6305.000000,6314.000000,6305.000000,6306.000000,3372
2025-09-02 16:45,6306.000000,6313.000000,6305.500000,6307.000000,2058
2025-09-02 17:00,6307.000000,6307.000000,6306.500000,6307.000000,1020
2025-09-02 17:15,6307.000000,6311.500000,6305.000000,6307.500000,3295
2025-09-02 17:30,6306.500000,6310.000000,6282.500000,6299.000000,12426
2025-09-02 17:45,6299.500000,6300.500000,6290.000000,6299.500000,3033
2025-09-02 18:00,6299.500000,6304.500000,6297.000000,6297.000000,2513
2025-09-02 18:15,6297.500000,6305.000000,6290.000000,6293.500000,4041
2025-09-02 18:30,6294.000000,6301.000000,6291.500000,6300.000000,1238
2025-09-02 18:45,6299.500000,6320.000000,6299.500000,6317.000000,6761
2025-09-02 19:00,6317.500000,6330.000000,6307.000000,6325.500000,11853
2025-09-02 19:15,6325.000000,6336.500000,6325.000000,6335.000000,7535
2025-09-02 19:30,6335.000000,6340.000000,6329.000000,6333.500000,4952
2025-09-02 19:45,6333.500000,6338.000000,6330.500000,6334.000000,1583
2025-09-02 20:00,6333.500000,6336.500000,6328.000000,6336.500000,2688
2025-09-02 20:15,6336.000000,6336.500000,6332.000000,6332.000000,971
2025-09-02 20:30,6333.500000,6339.500000,6330.000000,6339.000000,4760
2025-09-02 20:45,6339.500000,6339.500000,6334.500000,6336.500000,563
2025-09-03 03:45,6336.500000,6336.500000,6336.500000,6336.500000,194
2025-09-03 04:00,6338.000000,6344.000000,6316.500000,6329.000000,2560
2025-09-03 04:15,6327.000000,6330.500000,6322.000000,6330.500000,1256
2025-09-03 04:30,6330.500000,6330.500000,6321.000000,6321.000000,535
2025-09-03 04:45,6322.500000,6327.500000,6320.000000,6324.500000,1376
2025-09-03 05:00,6324.500000,6330.000000,6322.500000,6329.000000,646
2025-09-03 05:15,6333.500000,6334.500000,6323.000000,6324.500000,530
2025-09-03 05:30,6324.500000,6333.500000,6323.000000,6331.000000,429
2025-09-03 05:45,6330.000000,6336.000000,6329.000000,6335.500000,752
2025-09-03 06:00,6335.500000,6342.000000,6327.500000,6331.000000,2349
2025-09-03 06:15,6332.500000,6337.500000,6324.500000,6326.000000,1143
2025-09-03 06:30,6325.000000,6330.500000,6324.000000,6330.500000,1112
2025-09-03 06:45,6330.000000,6339.000000,6330.000000,6339.000000,1934
2025-09-03 07:00,6338.000000,6351.000000,6330.000000,6330.000000,16935
2025-09-03 07:15,6330.500000,6332.000000,6310.000000,6317.000000,12464
2025-09-03 07:30,6316.500000,6331.000000,6316.500000,6322.500000,14284
2025-09-03 07:45,6321.500000,6335.000000,6321.500000,6330.000000,4443
2025-09-03 08:00,6329.500000,6330.000000,6314.500000,6319.500000,6126
2025-09-03 08:15,6319.500000,6326.000000,6312.500000,6313.500000,19333
2025-09-03 08:30,6313.500000,6325.000000,6312.000000,6319.000000,5657
2025-09-03 08:45,6317.500000,6325.000000,6310.000000,6324.500000,8373
2025-09-03 09:00,6324.500000,6331.500000,6316.500000,6323.000000,13332
2025-09-03 09:15,6323.000000,6332.000000,6322.500000,6327.000000,6673
2025-09-03 09:30,6326.500000,6329.000000,6318.000000,6324.000000,6654
2025-09-03 09:45,6324.000000,6325.500000,6315.000000,6316.000000,6261
2025-09-03 10:00,6315.500000,6327.000000,6315.500000,6326.000000,4511
2025-09-03 10:15,6325.500000,6336.000000,6324.500000,6331.500000,5439
2025-09-03 10:30,6331.500000,6349.500000,6331.500000,6342.000000,20907
2025-09-03 10:45,6341.000000,6343.000000,6334.500000,6338.500000,8864
2025-09-03 11:00,6338.500000,6340.000000,6331.500000,6338.500000,5443
2025-09-03 11:15,6338.000000,6340.000000,6334.000000,6334.000000,6726
2025-09-03 11:30,6334.000000,6340.000000,6329.000000,6338.500000,5851
2025-09-03 11:45,6338.000000,6340.000000,6335.500000,6338.500000,3492
2025-09-03 12:00,6338.500000,6341.000000,6334.500000,6338.000000,7212
2025-09-03 12:15,6338.000000,6349.500000,6337.500000,6344.000000,7110
2025-09-03 12:30,6343.500000,6349.500000,6341.000000,6345.500000,10050
2025-09-03 12:45,6345.500000,6349.500000,6345.500000,6349.000000,4282
2025-09-03 13:00,6348.000000,6350.000000,6340.500000,6349.000000,6378
2025-09-03 13:15,6348.000000,6370.000000,6345.000000,6370.000000,15791
2025-09-03 13:30,6369.500000,6378.000000,6367.000000,6374.000000,12297
2025-09-03 13:45,6372.500000,6395.000000,6353.000000,6357.500000,37463
2025-09-03 14:00,6357.000000,6375.500000,6357.000000,6375.000000,12223
2025-09-03 14:15,6375.000000,6384.500000,6370.500000,6378.000000,9535
2025-09-03 14:30,6377.500000,6381.500000,6374.000000,6378.000000,4258
2025-09-03 14:45,6376.500000,6379.000000,6373.000000,6378.000000,5041
2025-09-03 15:00,6377.000000,6383.000000,6377.000000,6382.000000,10771
2025-09-03 15:15,6381.500000,6390.500000,6376.000000,6390.500000,14617
2025-09-03 15:30,6390.000000,6391.000000,6385.500000,6391.000000,9720
2025-09-03 15:45,6393.000000,6393.000000,6393.000000,6393.000000,4488
2025-09-03 16:00,6392.500000,6395.000000,6391.000000,6395.000000,7262
2025-09-03 16:15,6395.000000,6400.000000,6391.500000,6393.000000,15571
2025-09-03 16:30,6392.500000,6400.000000,6392.000000,6398.000000,6787
2025-09-03 16:45,6397.500000,6405.500000,6386.500000,6398.000000,27732
2025-09-03 17:00,6400.000000,6404.000000,6398.000000,6401.500000,2998
2025-09-03 17:15,6401.000000,6401.500000,6396.500000,6397.500000,1427
2025-09-03 17:30,6398.000000,6403.500000,6396.500000,6399.500000,1784
2025-09-03 17:45,6400.000000,6400.000000,6396.000000,6398.500000,1308
2025-09-03 18:00,6398.500000,6399.000000,6394.500000,6394.500000,750
2025-09-03 18:15,6394.500000,6394.500000,6387.000000,6392.000000,4383
2025-09-03 18:30,6391.500000,6394.500000,6389.000000,6393.500000,1120
2025-09-03 18:45,6392.000000,6396.000000,6392.000000,6396.000000,2256
2025-09-03 19:00,6396.000000,6399.500000,6395.500000,6399.000000,1597
2025-09-03 19:15,6399.000000,6399.500000,6395.000000,6398.000000,2045
2025-09-03 19:30,6397.500000,6398.500000,6392.000000,6396.500000,1160
2025-09-03 19:45,6398.000000,6399.500000,6396.000000,6399.000000,406
2025-09-03 20:00,6399.000000,6399.500000,6396.000000,6397.000000,445
2025-09-03 20:15,6397.000000,6399.000000,6393.500000,6394.000000,1332
2025-09-03 20:30,6394.500000,6397.000000,6394.000000,6396.500000,953
2025-09-03 20:45,6395.000000,6396.500000,6390.000000,6393.000000,1578
2025-09-04 03:45,6399.000000,6399.000000,6399.000000,6399.000000,21
2025-09-04 04:00,6394.000000,6405.500000,6394.000000,6399.000000,1757
2025-09-04 04:15,6399.000000,6399.000000,6382.000000,6390.000000,1414
2025-09-04 04:30,6390.000000,6390.000000,6386.500000,6387.500000,783
2025-09-04 04:45,6388.500000,6389.500000,6387.500000,6389.500000,613
2025-09-04 05:00,6389.500000,6390.000000,6388.500000,6390.000000,1691
2025-09-04 05:15,6390.000000,6390.000000,6389.000000,6389.500000,922
2025-09-04 05:30,6389.500000,6390.000000,6386.000000,6386.000000,3000
2025-09-04 05:45,6387.000000,6390.000000,6386.000000,6388.000000,584
2025-09-04 06:00,6388.000000,6389.500000,6371.500000,6376.000000,5304
2025-09-04 06:15,6375.500000,6384.500000,6375.500000,6383.500000,1622
2025-09-04 06:30,6383.000000,6387.500000,6379.000000,6387.000000,2197
2025-09-04 06:45,6387.000000,6395.500000,6386.500000,6395.500000,3532
2025-09-04 07:00,6395.500000,6412.500000,6390.500000,6411.000000,15532
2025-09-04 07:15,6411.500000,6415.000000,6400.000000,6415.000000,17379
2025-09-04 07:30,6414.500000,6436.000000,6413.500000,6429.500000,27662
2025-09-04 07:45,6429.000000,6444.000000,6429.000000,6439.000000,16211
2025-09-04 08:00,6439.000000,6440.000000,6428.500000,6431.000000,18737
2025-09-04 08:15,6431.000000,6431.000000,6422.500000,6429.000000,10563
2025-09-04 08:30,6430.000000,6435.000000,6429.000000,6434.000000,7539
2025-09-04 08:45,6433.500000,6435.000000,6429.000000,6433.500000,7798
2025-09-04 09:00,6433.500000,6434.500000,6430.000000,6431.000000,8439
2025-09-04 09:15,6431.000000,6434.500000,6428.000000,6428.500000,12589
2025-09-04 09:30,6428.500000,6445.500000,6428.000000,6437.000000,28672
2025-09-04 09:45,6436.500000,6447.500000,6436.500000,6442.000000,11513
2025-09-04 10:00,6442.000000,6458.000000,6442.000000,6455.500000,18530
2025-09-04 10:15,6455.500000,6475.000000,6455.500000,6472.500000,33594
2025-09-04 10:30,6472.500000,6480.000000,6469.500000,6471.000000,27680
2025-09-04 10:45,6471.500000,6472.000000,6464.000000,6465.000000,13125
2025-09-04 11:00,6464.500000,6468.000000,6462.500000,6466.000000,9671
2025-09-04 11:15,6466.500000,6470.000000,6461.000000,6464.000000,12614
2025-09-04 11:30,6464.000000,6465.000000,6461.000000,6462.000000,10405
2025-09-04 11:45,6462.000000,6464.000000,6461.000000,6463.000000,9993
2025-09-04 12:00,6462.500000,6482.500000,6462.000000,6478.500000,27622
2025-09-04 12:15,6478.000000,6487.500000,6451.000000,6454.500000,37362
2025-09-04 12:30,6454.000000,6460.000000,6445.000000,6457.500000,21472
2025-09-04 12:45,6457.500000,6466.000000,6456.000000,6464.500000,12556
2025-09-04 13:00,6464.500000,6475.000000,6463.000000,6471.500000,9148
2025-09-04 13:15,6471.500000,6472.500000,6458.000000,6467.000000,10954
2025-09-04 13:30,6467.000000,6471.000000,6463.000000,6470.500000,7750
2025-09-04 13:45,6470.500000,6473.500000,6468.500000,6473.000000,9282
2025-09-04 14:00,6473.000000,6473.000000,6450.000000,6463.500000,24897
2025-09-04 14:15,6463.500000,6463.500000,6414.000000,6418.500000,57392
2025-09-04 14:30,6417.500000,6426.500000,6392.000000,6400.000000,34976
2025-09-04 14:45,6399.000000,6426.500000,6392.000000,6420.000000,28152
2025-09-04 15:00,6420.000000,6431.500000,6415.500000,6431.500000,10706
2025-09-04 15:15,6432.000000,6435.000000,6412.000000,6414.500000,12871
2025-09-04 15:30,6414.500000,6426.500000,6400.000000,6408.500000,22937
2025-09-04 15:45,6423.000000,6423.000000,6423.000000,6423.000000,3517
2025-09-04 16:00,6420.500000,6420.500000,6410.000000,6415.000000,3414
2025-09-04 16:15,6415.000000,6419.000000,6403.000000,6408.500000,5169
2025-09-04 16:30,6409.500000,6412.500000,6408.000000,6409.500000,1354
2025-09-04 16:45,6409.500000,6434.000000,6409.000000,6423.500000,8607
2025-09-04 17:00,6423.000000,6432.000000,6421.500000,6431.000000,1646
2025-09-04 17:15,6431.500000,6432.500000,6422.500000,6423.000000,2849
2025-09-04 17:30,6422.500000,6431.000000,6422.500000,6430.500000,1042
2025-09-04 17:45,6430.000000,6448.000000,6430.000000,6443.000000,9581
2025-09-04 18:00,6443.500000,6459.500000,6443.500000,6456.000000,11210
2025-09-04 18:15,6456.000000,6467.500000,6455.500000,6466.500000,7638
2025-09-04 18:30,6466.500000,6466.500000,6459.000000,6459.500000,6798
2025-09-04 18:45,6459.500000,6464.500000,6457.500000,6464.000000,4462
2025-09-04 19:00,6464.000000,6467.500000,6457.000000,6457.000000,7029
2025-09-04 19:15,6457.000000,6460.000000,6455.000000,6460.000000,2396
2025-09-04 19:30,6459.500000,6463.000000,6450.500000,6454.500000,4518
2025-09-04 19:45,6455.000000,6459.500000,6454.500000,6458.000000,828
2025-09-04 20:00,6458.500000,6466.000000,6457.500000,6465.500000,2787
2025-09-04 20:15,6465.000000,6466.000000,6460.000000,6460.000000,3196
2025-09-04 20:30,6461.000000,6461.500000,6453.000000,6453.500000,2011
2025-09-04 20:45,6454.000000,6464.000000,6454.000000,6464.000000,1571
2025-09-05 03:45,6470.000000,6470.000000,6470.000000,6470.000000,236
2025-09-05 04:00,6471.000000,6485.000000,6465.500000,6478.000000,5348
2025-09-05 04:15,6478.000000,6483.000000,6477.500000,6478.500000,2625
2025-09-05 04:30,6479.500000,6484.000000,6477.500000,6481.500000,1678
2025-09-05 04:45,6482.000000,6482.000000,6477.000000,6479.000000,2666
2025-09-05 05:00,6477.000000,6479.500000,6462.000000,6469.500000,4373
2025-09-05 05:15,6469.500000,6475.500000,6464.000000,6469.500000,1403
2025-09-05 05:30,6469.500000,6475.000000,6465.500000,6473.000000,1110
2025-09-05 05:45,6472.500000,6474.000000,6469.000000,6471.000000,382
2025-09-05 06:00,6471.500000,6498.000000,6471.000000,6490.000000,22167
2025-09-05 06:15,6491.000000,6493.000000,6482.000000,6482.000000,3425
2025-09-05 06:30,6482.000000,6487.000000,6481.500000,6483.500000,1496
2025-09-05 06:45,6483.500000,6489.500000,6480.000000,6488.500000,2801
2025-09-05 07:00,6488.500000,6490.000000,6475.000000,6488.500000,13068
2025-09-05 07:15,6487.500000,6494.000000,6487.000000,6491.500000,8053
2025-09-05 07:30,6490.500000,6494.000000,6484.500000,6486.500000,15728
2025-09-05 07:45,6487.000000,6492.000000,6470.000000,6472.000000,15243
2025-09-05 08:00,6472.000000,6474.000000,6465.500000,6468.000000,12091
2025-09-05 08:15,6467.500000,6468.000000,6450.500000,6453.500000,18628
2025-09-05 08:30,6453.500000,6455.000000,6450.500000,6451.000000,7925
2025-09-05 08:45,6450.500000,6484.000000,6450.500000,6478.500000,55091
2025-09-05 09:00,6478.500000,6490.000000,6469.000000,6471.500000,29111
2025-09-05 09:15,6471.500000,6480.000000,6471.500000,6473.000000,8718
2025-09-05 09:30,6474.000000,6475.500000,6465.500000,6471.500000,6742
2025-09-05 09:45,6471.000000,6481.000000,6469.000000,6477.500000,6507
2025-09-05 10:00,6477.500000,6480.000000,6467.500000,6474.500000,4766
2025-09-05 10:15,6474.000000,6475.000000,6464.000000,6466.500000,10170
2025-09-05 10:30,6467.500000,6472.500000,6462.000000,6467.000000,5388
2025-09-05 10:45,6466.000000,6467.000000,6462.000000,6465.000000,2024
2025-09-05 11:00,6465.000000,6470.000000,6463.000000,6463.500000,5258
2025-09-05 11:15,6463.500000,6465.000000,6458.000000,6460.000000,5605
2025-09-05 11:30,6459.500000,6465.000000,6458.500000,6460.500000,8761
2025-09-05 11:45,6461.000000,6464.000000,6460.500000,6464.000000,3660
2025-09-05 12:00,6464.000000,6465.000000,6458.500000,6460.000000,5576
2025-09-05 12:15,6460.000000,6476.000000,6460.000000,6471.000000,14593
2025-09-05 12:30,6471.000000,6477.000000,6471.000000,6476.500000,5637
2025-09-05 12:45,6477.000000,6490.000000,6474.500000,6487.000000,24943
2025-09-05 13:00,6487.000000,6487.000000,6476.000000,6477.500000,4931
2025-09-05 13:15,6478.000000,6491.000000,6477.500000,6481.000000,15315
2025-09-05 13:30,6481.000000,6489.500000,6474.500000,6479.000000,11935
2025-09-05 13:45,6479.000000,6482.000000,6475.000000,6476.000000,3160
2025-09-05 14:00,6476.000000,6488.500000,6475.000000,6477.000000,10165
2025-09-05 14:15,6478.000000,6488.500000,6475.500000,6486.000000,5676
2025-09-05 14:30,6486.000000,6486.000000,6483.000000,6483.000000,5037
2025-09-05 14:45,6483.000000,6486.000000,6475.500000,6476.000000,5926
2025-09-05 15:00,6476.500000,6488.500000,6475.000000,6483.500000,16848
2025-09-05 15:15,6483.500000,6488.500000,6483.000000,6486.500000,4810
2025-09-05 15:30,6486.500000,6489.500000,6483.500000,6484.500000,4231
2025-09-05 15:45,6484.000000,6484.000000,6484.000000,6484.000000,584
2025-09-05 16:00,6484.500000,6484.500000,6478.000000,6478.000000,3742
2025-09-05 16:15,6479.000000,6480.000000,6475.000000,6478.500000,1718
2025-09-05 16:30,6478.000000,6483.000000,6474.500000,6481.000000,1331
2025-09-05 16:45,6481.000000,6481.000000,6476.500000,6480.500000,308
2025-09-05 17:00,6480.500000,6480.500000,6478.000000,6478.500000,1538
2025-09-05 17:15,6478.500000,6479.500000,6472.000000,6473.000000,4796
2025-09-05 17:30,6475.000000,6476.000000,6473.500000,6475.500000,1207
2025-09-05 17:45,6475.000000,6475.000000,6472.000000,6472.500000,1113
2025-09-05 18:00,6473.000000,6474.500000,6470.000000,6471.000000,2942
2025-09-05 18:15,6471.500000,6474.000000,6471.000000,6471.000000,1310
2025-09-05 18:30,6470.500000,6471.000000,6466.500000,6469.500000,2118
2025-09-05 18:45,6469.500000,6471.000000,6468.500000,6471.000000,609
2025-09-05 19:00,6470.500000,6470.500000,6467.000000,6469.500000,937
2025-09-05 19:15,6469.500000,6474.000000,6468.500000,6474.000000,1632
2025-09-05 19:30,6474.000000,6481.500000,6473.500000,6481.500000,3901
2025-09-05 19:45,6480.000000,6480.000000,6464.500000,6470.500000,9843
2025-09-05 20:00,6469.500000,6473.000000,6467.000000,6468.000000,1897
2025-09-05 20:15,6469.500000,6470.000000,6461.500000,6467.000000,4704
2025-09-05 20:30,6467.000000,6472.500000,6466.500000,6472.000000,1961
2025-09-05 20:45,6472.000000,6481.500000,6470.000000,6472.000000,3149
2025-09-05 23:00,6439.500000,6498.000000,6439.500000,6498.000000,44
2025-09-05 23:15,6503.500000,6504.000000,6486.000000,6497.500000,50
2025-09-05 23:30,6485.000000,6492.500000,6466.500000,6490.000000,20
2025-09-05 23:45,6490.000000,6490.000000,6490.000000,6490.000000,4
2025-09-06 00:00,6490.000000,6490.000000,6490.000000,6490.000000,1
2025-09-06 00:15,6476.000000,6489.000000,6476.000000,6489.000000,4
2025-09-06 00:30,6475.500000,6489.000000,6475.500000,6476.000000,3
2025-09-06 00:45,6476.000000,6489.500000,6475.000000,6489.500000,11
2025-09-06 01:00,6476.500000,6488.500000,6471.500000,6488.000000,12
2025-09-06 01:15,6474.000000,6474.000000,6474.000000,6474.000000,2
2025-09-06 01:30,6474.000000,6485.500000,6473.500000,6473.500000,4
2025-09-06 01:45,6473.000000,6486.500000,6473.000000,6486.500000,17
2025-09-06 02:00,6475.500000,6487.000000,6475.500000,6487.000000,18
2025-09-06 02:15,6476.000000,6487.000000,6476.000000,6476.000000,4
2025-09-06 02:30,6476.000000,6487.500000,6476.000000,6487.500000,27
2025-09-06 02:45,6487.500000,6487.500000,6476.000000,6476.000000,13
2025-09-06 03:00,6476.500000,6485.000000,6476.000000,6476.000000,64
2025-09-06 03:15,6484.500000,6489.500000,6476.500000,6489.500000,56
2025-09-06 03:30,6477.000000,6507.500000,6462.000000,6484.500000,901
2025-09-06 03:45,6472.000000,6484.500000,6472.000000,6480.500000,14
2025-09-06 04:00,6480.500000,6480.500000,6473.000000,6473.000000,32
2025-09-06 04:15,6472.500000,6480.000000,6472.000000,6472.500000,68
2025-09-06 04:30,6479.500000,6479.500000,6472.000000,6477.000000,43
2025-09-06 04:45,6477.000000,6499.500000,6472.000000,6493.500000,377
2025-09-06 05:00,6486.500000,6495.500000,6482.000000,6482.500000,86
2025-09-06 05:15,6482.500000,6482.500000,6479.500000,6482.500000,29
2025-09-06 05:30,6482.000000,6482.000000,6478.000000,6481.000000,26
2025-09-06 05:45,6480.000000,6480.000000,6477.000000,6478.000000,62
2025-09-06 06:00,6477.000000,6478.000000,6474.000000,6474.000000,112
2025-09-06 06:15,6478.000000,6478.000000,6472.500000,6472.500000,279
2025-09-06 06:30,6472.500000,6478.000000,6472.500000,6478.000000,35
2025-09-06 06:45,6472.000000,6472.000000,6472.000000,6472.000000,83
2025-09-06 07:00,6475.000000,6483.000000,6468.000000,6470.000000,2467
2025-09-06 07:15,6472.000000,6473.000000,6469.000000,6471.000000,641
2025-09-06 07:30,6472.000000,6472.000000,6463.000000,6470.500000,1878
2025-09-06 07:30,6472.000000,6472.000000,6463.000000,6470.500000,1878
2025-09-06 07:45,6470.500000,6470.500000,6468.000000,6468.000000,2254
2025-09-06 08:00,6469.500000,6469.500000,6467.500000,6469.500000,285
2025-09-06 08:15,6469.000000,6469.500000,6467.000000,6469.000000,366
2025-09-06 08:30,6469.000000,6469.000000,6467.000000,6468.500000,531
2025-09-06 08:45,6468.500000,6469.000000,6467.000000,6467.000000,232
2025-09-06 09:00,6468.000000,6468.500000,6467.000000,6467.500000,201
2025-09-06 09:15,6467.500000,6470.500000,6467.500000,6470.500000,1240
2025-09-06 09:30,6471.500000,6473.000000,6469.500000,6470.500000,713
2025-09-06 09:45,6471.000000,6471.500000,6467.000000,6467.500000,461
2025-09-06 10:00,6469.000000,6470.000000,6467.500000,6469.500000,122
2025-09-06 10:15,6469.500000,6470.000000,6468.000000,6470.000000,169
2025-09-06 10:30,6470.000000,6470.000000,6468.000000,6470.000000,177
2025-09-06 10:45,6470.000000,6470.500000,6469.000000,6470.500000,223
2025-09-06 11:00,6470.500000,6471.000000,6469.500000,6471.000000,113
2025-09-06 11:15,6471.000000,6472.500000,6469.500000,6471.000000,295
2025-09-06 11:30,6472.500000,6472.500000,6469.500000,6470.000000,150
2025-09-06 11:45,6470.000000,6473.000000,6469.500000,6473.000000,266
2025-09-06 12:00,6473.000000,6473.000000,6470.000000,6470.000000,509
2025-09-06 12:15,6470.000000,6472.000000,6469.000000,6472.000000,405
2025-09-06 12:30,6471.000000,6473.000000,6469.000000,6471.000000,446
2025-09-06 12:45,6470.000000,6471.000000,6469.000000,6471.000000,362
2025-09-06 13:00,6471.000000,6471.000000,6469.000000,6469.000000,388
2025-09-06 13:15,6471.000000,6473.000000,6469.000000,6473.000000,132
2025-09-06 13:30,6472.500000,6473.000000,6468.000000,6468.000000,263
2025-09-06 13:45,6468.500000,6469.000000,6468.000000,6468.500000,90
2025-09-06 14:00,6469.000000,6469.000000,6467.500000,6467.500000,131
2025-09-06 14:15,6467.500000,6469.000000,6465.000000,6469.000000,675
2025-09-06 14:30,6469.000000,6469.000000,6466.500000,6469.000000,76
2025-09-06 14:45,6469.000000,6469.000000,6465.000000,6466.500000,353
2025-09-06 15:00,6465.500000,6466.500000,6464.500000,6466.000000,76
2025-09-06 15:15,6466.000000,6468.500000,6465.000000,6468.500000,273
2025-09-06 15:30,6468.000000,6473.000000,6467.000000,6467.000000,927
2025-09-06 15:45,6467.000000,6477.000000,6467.000000,6476.500000,2179
2025-09-06 16:00,6476.000000,6477.000000,6469.000000,6469.000000,10
2025-09-06 16:15,6476.500000,6477.000000,6465.000000,6466.500000,145
2025-09-06 16:30,6465.500000,6476.000000,6465.500000,6476.000000,62
2025-09-06 16:45,6476.000000,6479.500000,6467.000000,6477.000000,278
2025-09-06 17:00,6477.500000,6480.000000,6477.500000,6479.500000,60
2025-09-06 17:15,6479.500000,6479.500000,6469.500000,6479.500000,111
2025-09-06 17:30,6479.500000,6479.500000,6469.500000,6479.500000,74
2025-09-06 17:45,6470.500000,6478.000000,6470.000000,6478.000000,50
2025-09-06 18:00,6471.000000,6477.500000,6470.000000,6476.500000,31
2025-09-06 18:15,6476.500000,6477.000000,6469.500000,6476.500000,78
2025-09-06 18:30,6477.000000,6477.000000,6466.500000,6472.000000,142
2025-09-06 18:45,6476.000000,6476.500000,6468.000000,6469.500000,33
2025-09-06 19:00,6470.000000,6474.500000,6466.000000,6466.500000,138
2025-09-06 19:15,6474.000000,6477.000000,6466.000000,6466.000000,411
2025-09-06 19:30,6476.000000,6476.000000,6466.500000,6476.000000,24
2025-09-06 19:45,6475.000000,6477.000000,6469.000000,6476.500000,56
2025-09-06 20:00,6476.500000,6476.500000,6469.000000,6476.000000,15
2025-09-06 20:15,6476.000000,6476.500000,6469.500000,6476.000000,30
2025-09-06 20:30,6476.500000,6476.500000,6470.500000,6476.500000,240
2025-09-06 20:45,6470.500000,6470.500000,6470.000000,6470.000000,19
2025-09-06 23:00,6428.000000,6492.500000,6428.000000,6462.500000,60
2025-09-06 23:15,6472.500000,6472.500000,6472.500000,6472.500000,1
2025-09-06 23:30,6466.000000,6466.000000,6463.000000,6463.000000,13
2025-09-07 00:00,6475.500000,6475.500000,6464.000000,6464.000000,12
2025-09-07 00:15,6464.000000,6464.000000,6462.000000,6462.000000,49
2025-09-07 00:30,6462.000000,6462.000000,6462.000000,6462.000000,1
2025-09-07 00:45,6465.500000,6465.500000,6465.000000,6465.000000,3
2025-09-07 01:15,6473.500000,6474.000000,6473.500000,6474.000000,3
2025-09-07 01:30,6465.000000,6475.000000,6462.500000,6475.000000,30
2025-09-07 01:45,6462.500000,6474.500000,6462.500000,6474.000000,6
2025-09-07 02:15,6474.000000,6474.000000,6463.500000,6463.500000,3
2025-09-07 02:30,6474.000000,6474.500000,6474.000000,6474.500000,5
2025-09-07 02:45,6469.000000,6475.000000,6468.000000,6468.000000,9
2025-09-07 03:00,6475.000000,6475.500000,6468.500000,6475.000000,9
2025-09-07 03:15,6475.000000,6475.000000,6475.000000,6475.000000,2
2025-09-07 03:30,6475.000000,6475.500000,6468.000000,6468.000000,19
2025-09-07 03:45,6475.000000,6475.000000,6468.000000,6475.000000,24
2025-09-07 04:00,6474.500000,6474.500000,6468.500000,6468.500000,6
2025-09-07 04:15,6471.000000,6474.500000,6468.500000,6473.000000,6
2025-09-07 04:30,6468.500000,6472.500000,6468.000000,6472.500000,103
2025-09-07 04:45,6468.000000,6473.000000,6468.000000,6468.000000,30
2025-09-07 05:00,6468.000000,6473.000000,6468.000000,6468.000000,44
2025-09-07 05:15,6468.000000,6473.000000,6468.000000,6472.000000,35
2025-09-07 05:30,6472.000000,6472.000000,6468.000000,6468.000000,33
2025-09-07 05:45,6470.000000,6471.500000,6468.000000,6468.000000,11
2025-09-07 06:00,6471.000000,6472.000000,6468.000000,6468.000000,105
2025-09-07 06:15,6468.000000,6473.000000,6468.000000,6473.000000,56
2025-09-07 06:30,6473.000000,6473.000000,6468.000000,6473.000000,39
2025-09-07 06:45,6476.000000,6476.000000,6476.000000,6476.000000,39
2025-09-07 07:00,6475.000000,6476.000000,6463.000000,6469.500000,1821
2025-09-07 07:15,6470.500000,6471.000000,6470.000000,6470.500000,271
2025-09-07 07:30,6471.000000,6471.000000,6465.500000,6469.500000,856
2025-09-07 07:45,6469.000000,6469.500000,6466.500000,6469.500000,96
2025-09-07 08:00,6469.000000,6469.500000,6468.000000,6469.000000,151
2025-09-07 08:15,6469.500000,6471.000000,6469.000000,6471.000000,378
2025-09-07 08:30,6471.000000,6475.000000,6469.000000,6469.000000,524
2025-09-07 08:45,6472.000000,6472.500000,6469.000000,6470.500000,136
2025-09-07 09:00,6470.500000,6474.500000,6470.000000,6473.500000,419
2025-09-07 09:15,6473.500000,6475.000000,6472.000000,6474.000000,253
2025-09-07 09:30,6474.000000,6475.000000,6472.000000,6475.000000,242
2025-09-07 09:45,6472.500000,6480.500000,6469.000000,6478.000000,1380
2025-09-07 10:00,6478.000000,6479.000000,6474.500000,6479.000000,310
2025-09-07 10:15,6477.000000,6482.000000,6477.000000,6482.000000,273
2025-09-07 10:30,6482.000000,6484.500000,6479.500000,6484.500000,780
2025-09-07 10:45,6484.000000,6486.000000,6481.500000,6483.000000,673
2025-09-07 11:00,6483.000000,6485.000000,6483.000000,6484.000000,338
2025-09-07 11:15,6484.000000,6485.000000,6483.500000,6485.000000,1337
2025-09-07 11:30,6485.000000,6485.000000,6475.000000,6480.000000,1248
2025-09-07 11:45,6479.000000,6482.000000,6477.000000,6482.000000,304
2025-09-07 12:00,6480.000000,6482.000000,6475.500000,6478.500000,304
2025-09-07 12:15,6479.500000,6479.500000,6475.500000,6478.000000,285
2025-09-07 12:30,6478.000000,6482.000000,6478.000000,6482.000000,230
2025-09-07 12:45,6480.000000,6482.000000,6478.000000,6480.500000,266
2025-09-07 13:00,6478.500000,6485.000000,6478.500000,6482.000000,946
2025-09-07 13:15,6481.000000,6483.500000,6471.500000,6472.500000,2185
2025-09-07 13:30,6474.500000,6476.500000,6470.000000,6473.000000,875
2025-09-07 13:45,6473.000000,6473.000000,6469.500000,6470.000000,601
2025-09-07 14:00,6472.000000,6474.000000,6469.500000,6471.000000,612
2025-09-07 14:15,6473.000000,6480.000000,6471.500000,6480.000000,773
2025-09-07 14:30,6478.000000,6479.000000,6476.500000,6479.000000,411
2025-09-07 14:45,6478.500000,6480.000000,6478.500000,6478.500000,255
2025-09-07 15:00,6478.500000,6479.500000,6477.000000,6478.000000,202
2025-09-07 15:15,6478.000000,6479.500000,6478.000000,6478.000000,380
2025-09-07 15:30,6478.500000,6483.500000,6478.000000,6483.000000,1061
2025-09-07 15:45,6483.000000,6484.500000,6480.000000,6484.500000,1076
2025-09-07 16:00,6465.500000,6496.000000,6465.500000,6478.000000,180
2025-09-07 16:15,6469.500000,6474.500000,6462.000000,6464.000000,344
2025-09-07 16:30,6464.000000,6469.500000,6450.000000,6467.500000,386
2025-09-07 16:45,6451.500000,6470.000000,6451.500000,6470.000000,154
2025-09-07 17:00,6470.000000,6480.500000,6469.500000,6480.000000,206
2025-09-07 17:15,6480.000000,6480.000000,6478.000000,6479.000000,98
2025-09-07 17:30,6478.000000,6479.000000,6465.000000,6465.000000,79
2025-09-07 17:45,6478.000000,6479.000000,6456.000000,6477.000000,415
2025-09-07 18:00,6471.500000,6476.500000,6462.000000,6473.500000,34
2025-09-07 18:15,6463.000000,6473.500000,6463.000000,6465.000000,43
2025-09-07 18:30,6472.500000,6475.500000,6465.000000,6475.000000,140
2025-09-07 18:45,6476.500000,6479.000000,6460.000000,6463.000000,451
2025-09-07 19:00,6475.000000,6477.500000,6456.500000,6462.000000,479
2025-09-07 19:15,6462.000000,6462.500000,6462.000000,6462.000000,58
2025-09-07 19:30,6462.500000,6463.000000,6460.000000,6460.000000,111
2025-09-07 19:45,6462.000000,6463.000000,6460.000000,6462.000000,107
2025-09-07 20:00,6462.000000,6463.000000,6460.000000,6463.000000,98
2025-09-07 20:15,6463.000000,6463.000000,6460.000000,6462.500000,31
2025-09-07 20:30,6462.500000,6462.500000,6460.000000,6462.500000,151
2025-09-07 20:45,6460.000000,6463.000000,6460.000000,6463.000000,633
2025-09-08 03:45,6477.000000,6477.000000,6477.000000,6477.000000,238
2025-09-08 04:00,6477.500000,6484.000000,6470.500000,6470.500000,4695
2025-09-08 04:15,6471.500000,6479.000000,6470.000000,6479.000000,593
2025-09-08 04:30,6478.500000,6482.000000,6476.500000,6481.500000,341
2025-09-08 04:45,6482.000000,6482.000000,6478.000000,6480.000000,772
2025-09-08 05:00,6480.000000,6482.000000,6478.000000,6480.000000,1063
2025-09-08 05:15,6479.500000,6480.500000,6475.500000,6480.000000,522
2025-09-08 05:30,6480.000000,6490.000000,6479.000000,6489.500000,3488
2025-09-08 05:45,6489.500000,6490.500000,6483.000000,6487.500000,3055
2025-09-08 06:00,6487.000000,6491.500000,6485.500000,6488.000000,5443
2025-09-08 06:15,6489.000000,6489.000000,6482.000000,6483.500000,2323
2025-09-08 06:30,6483.500000,6487.000000,6480.500000,6486.000000,2480
2025-09-08 06:45,6486.500000,6490.000000,6481.000000,6484.000000,6951
2025-09-08 07:00,6484.000000,6495.000000,6482.500000,6492.500000,12851
2025-09-08 07:15,6492.000000,6495.500000,6490.500000,6490.500000,7266
2025-09-08 07:30,6490.500000,6499.500000,6490.500000,6499.000000,12376
2025-09-08 07:45,6499.000000,6508.500000,6498.000000,6500.500000,25669
2025-09-08 08:00,6500.500000,6503.500000,6494.500000,6497.000000,9298
2025-09-08 08:15,6496.500000,6503.000000,6496.000000,6500.500000,6667
2025-09-08 08:30,6500.500000,6501.500000,6496.000000,6500.000000,6740
2025-09-08 08:45,6500.000000,6502.500000,6498.000000,6501.000000,8860
2025-09-08 09:00,6501.000000,6501.000000,6497.000000,6498.500000,4474
2025-09-08 09:15,6498.000000,6502.000000,6496.500000,6499.000000,11649
2025-09-08 09:30,6499.000000,6500.000000,6495.000000,6498.500000,4341
2025-09-08 09:45,6497.500000,6501.000000,6495.500000,6496.500000,8474
2025-09-08 10:00,6497.500000,6498.500000,6462.500000,6468.000000,38663
2025-09-08 10:15,6469.000000,6478.000000,6467.500000,6476.500000,7910
2025-09-08 10:30,6475.500000,6481.500000,6474.000000,6480.000000,3403
2025-09-08 10:45,6480.000000,6487.500000,6477.000000,6484.000000,4167
2025-09-08 11:00,6484.500000,6484.500000,6477.500000,6477.500000,1156
2025-09-08 11:15,6478.000000,6484.000000,6478.000000,6484.000000,1262
2025-09-08 11:30,6484.000000,6490.000000,6481.000000,6484.500000,2319
2025-09-08 11:45,6484.500000,6486.000000,6481.500000,6485.500000,2189
2025-09-08 12:00,6485.500000,6486.000000,6478.000000,6481.000000,2086
2025-09-08 12:15,6481.500000,6481.500000,6470.000000,6477.000000,7341
2025-09-08 12:30,6476.000000,6482.000000,6470.000000,6474.000000,11897
2025-09-08 12:45,6473.000000,6473.000000,6446.000000,6454.500000,32874
2025-09-08 13:00,6454.000000,6458.500000,6440.000000,6454.500000,15723
2025-09-08 13:15,6455.000000,6455.000000,6447.000000,6454.000000,6773
2025-09-08 13:30,6454.000000,6460.000000,6442.500000,6460.000000,9801
2025-09-08 13:45,6460.000000,6460.500000,6452.000000,6456.000000,9776
2025-09-08 14:00,6456.500000,6460.500000,6449.500000,6460.500000,4291
2025-09-08 14:15,6461.000000,6474.000000,6461.000000,6471.000000,11629
2025-09-08 14:30,6470.500000,6478.500000,6468.500000,6475.000000,5431
2025-09-08 14:45,6475.000000,6478.000000,6469.000000,6469.000000,3821
2025-09-08 15:00,6469.500000,6475.500000,6469.500000,6471.000000,2678
2025-09-08 15:15,6471.500000,6474.500000,6465.500000,6472.500000,4339
2025-09-08 15:30,6472.000000,6481.000000,6471.500000,6480.500000,3219
2025-09-08 15:45,6480.500000,6480.500000,6480.500000,6480.500000,1003
2025-09-08 16:00,6480.500000,6497.000000,6477.000000,6487.500000,12689
2025-09-08 16:15,6488.000000,6489.500000,6484.000000,6484.500000,2134
2025-09-08 16:30,6484.500000,6493.500000,6483.000000,6491.500000,6466
2025-09-08 16:45,6491.500000,6493.500000,6488.000000,6489.500000,3604
2025-09-08 17:00,6489.500000,6490.000000,6486.500000,6487.000000,781
2025-09-08 17:15,6487.000000,6489.000000,6487.000000,6487.500000,685
2025-09-08 17:30,6487.000000,6489.000000,6470.000000,6477.500000,12475
2025-09-08 17:45,6477.500000,6481.500000,6477.000000,6478.000000,1805
2025-09-08 18:00,6478.000000,6478.000000,6475.500000,6475.500000,2610
2025-09-08 18:15,6476.000000,6487.000000,6475.500000,6479.500000,4834
2025-09-08 18:30,6478.500000,6479.500000,6467.500000,6469.000000,7541
2025-09-08 18:45,6468.500000,6471.500000,6467.000000,6470.000000,2490
2025-09-08 19:00,6470.500000,6471.000000,6463.500000,6465.500000,2402
2025-09-08 19:15,6465.500000,6466.500000,6464.000000,6466.000000,932
2025-09-08 19:30,6466.500000,6467.000000,6465.000000,6466.000000,762
2025-09-08 19:45,6466.000000,6467.000000,6465.500000,6465.500000,385
2025-09-08 20:00,6466.000000,6466.000000,6458.000000,6459.000000,4105
2025-09-08 20:15,6458.500000,6468.500000,6458.000000,6463.500000,2968
2025-09-08 20:30,6463.000000,6465.500000,6461.500000,6464.500000,1113
2025-09-08 20:45,6464.000000,6468.500000,6464.000000,6465.000000,1012
2025-09-09 03:45,6483.500000,6483.500000,6483.500000,6483.500000,1074
2025-09-09 04:00,6466.000000,6483.500000,6466.000000,6476.500000,6442
2025-09-09 04:15,6476.500000,6480.000000,6475.000000,6479.500000,575
2025-09-09 04:30,6479.500000,6479.500000,6464.000000,6468.000000,2826
2025-09-09 04:45,6468.000000,6468.000000,6457.000000,6458.000000,3627
2025-09-09 05:00,6458.500000,6461.500000,6455.000000,6455.000000,2403
2025-09-09 05:15,6455.000000,6461.500000,6454.000000,6461.500000,3037
2025-09-09 05:30,6461.500000,6461.500000,6460.500000,6461.500000,320
2025-09-09 05:45,6461.000000,6464.500000,6459.500000,6459.500000,1725
2025-09-09 06:00,6459.500000,6462.500000,6455.000000,6462.500000,1612
2025-09-09 06:15,6463.000000,6463.500000,6460.000000,6461.000000,867
2025-09-09 06:30,6461.000000,6461.500000,6456.500000,6457.000000,1614
2025-09-09 06:45,6456.500000,6460.000000,6455.000000,6460.000000,2477
2025-09-09 07:00,6460.000000,6463.500000,6450.000000,6450.000000,19174
2025-09-09 07:15,6450.000000,6457.500000,6442.500000,6455.000000,11728
2025-09-09 07:30,6455.000000,6471.000000,6454.500000,6465.000000,27409
2025-09-09 07:45,6465.000000,6480.000000,6463.500000,6480.000000,22755
2025-09-09 08:00,6480.000000,6480.000000,6477.000000,6480.000000,8476
2025-09-09 08:15,6480.000000,6492.000000,6478.000000,6482.500000,20190
2025-09-09 08:30,6483.000000,6502.500000,6482.500000,6491.500000,50479
2025-09-09 08:45,6491.000000,6493.500000,6488.000000,6488.000000,7756
2025-09-09 09:00,6488.500000,6491.000000,6482.000000,6482.000000,9643
2025-09-09 09:15,6482.500000,6486.500000,6481.500000,6482.000000,8603
2025-09-09 09:30,6482.000000,6485.000000,6472.500000,6474.500000,11818
2025-09-09 09:45,6475.000000,6478.500000,6473.500000,6477.500000,16922
2025-09-09 10:00,6477.000000,6482.000000,6476.500000,6478.500000,12316
2025-09-09 10:15,6478.500000,6482.000000,6468.500000,6468.500000,8951
2025-09-09 10:30,6468.000000,6470.000000,6462.500000,6469.500000,10030
2025-09-09 10:45,6469.000000,6469.500000,6456.500000,6460.000000,14152
2025-09-09 11:00,6460.000000,6470.000000,6455.000000,6468.500000,9990
2025-09-09 11:15,6468.500000,6475.500000,6466.500000,6472.000000,8640
2025-09-09 11:30,6472.000000,6477.500000,6465.500000,6473.000000,8917
2025-09-09 11:45,6473.000000,6478.500000,6469.500000,6476.500000,10977
2025-09-09 12:00,6476.500000,6485.500000,6476.500000,6481.500000,6583
2025-09-09 12:15,6481.500000,6489.000000,6480.500000,6487.500000,6602
2025-09-09 12:30,6487.000000,6488.000000,6481.000000,6484.500000,3475
2025-09-09 12:45,6484.000000,6484.500000,6480.500000,6481.000000,1808
2025-09-09 13:00,6480.500000,6485.000000,6480.000000,6480.500000,4290
2025-09-09 13:15,6480.500000,6500.000000,6480.000000,6488.000000,22954
2025-09-09 13:30,6489.000000,6489.000000,6482.000000,6487.000000,2963
2025-09-09 13:45,6487.000000,6493.500000,6486.500000,6492.000000,6649
2025-09-09 14:00,6492.500000,6493.500000,6492.000000,6492.000000,5581
2025-09-09 14:15,6492.000000,6495.500000,6492.000000,6495.500000,3544
2025-09-09 14:30,6495.500000,6495.500000,6493.000000,6495.000000,4249
2025-09-09 14:45,6494.500000,6495.500000,6492.000000,6493.000000,11416
2025-09-09 15:00,6493.000000,6496.000000,6488.500000,6491.000000,16752
2025-09-09 15:15,6491.000000,6492.500000,6485.500000,6486.000000,4018
2025-09-09 15:30,6486.000000,6490.500000,6486.000000,6487.500000,2690
2025-09-09 15:45,6488.000000,6488.000000,6488.000000,6488.000000,139
2025-09-09 16:00,6489.000000,6492.000000,6482.500000,6485.500000,2064
2025-09-09 16:15,6485.500000,6487.000000,6481.000000,6487.000000,1835
2025-09-09 16:30,6487.000000,6492.000000,6483.500000,6485.000000,2679
2025-09-09 16:45,6485.500000,6487.000000,6483.000000,6485.500000,783
2025-09-09 17:00,6485.500000,6487.500000,6476.000000,6483.500000,3568
2025-09-09 17:15,6483.500000,6492.000000,6479.500000,6489.000000,3042
2025-09-09 17:30,6489.500000,6491.000000,6489.000000,6490.000000,212
2025-09-09 17:45,6490.000000,6490.000000,6486.500000,6489.000000,920
2025-09-09 18:00,6489.000000,6490.000000,6487.500000,6487.500000,447
2025-09-09 18:15,6488.000000,6490.000000,6486.000000,6488.000000,496
2025-09-09 18:30,6488.500000,6490.000000,6488.000000,6490.000000,2438
2025-09-09 18:45,6490.000000,6490.000000,6487.000000,6489.500000,823
2025-09-09 19:00,6490.000000,6490.000000,6487.000000,6489.000000,1132
2025-09-09 19:15,6489.000000,6489.500000,6488.000000,6489.500000,404
2025-09-09 19:30,6489.000000,6490.000000,6487.500000,6487.500000,1109
2025-09-09 19:45,6487.500000,6490.000000,6487.500000,6488.000000,754
2025-09-09 20:00,6488.500000,6489.500000,6487.000000,6488.500000,970
2025-09-09 20:15,6488.500000,6489.000000,6484.000000,6489.000000,3254
2025-09-09 20:30,6488.000000,6490.000000,6485.500000,6485.500000,1097
2025-09-09 20:45,6489.500000,6490.000000,6484.500000,6484.500000,396
2025-09-10 03:45,6484.500000,6484.500000,6484.500000,6484.500000,135
2025-09-10 04:00,6485.500000,6497.500000,6485.000000,6494.000000,4278
2025-09-10 04:15,6491.500000,6494.000000,6490.000000,6491.000000,1537
2025-09-10 04:30,6491.000000,6492.500000,6469.000000,6477.000000,5840
2025-09-10 04:45,6477.500000,6480.000000,6474.000000,6475.000000,2422
2025-09-10 05:00,6474.000000,6474.000000,6462.500000,6473.000000,2093
2025-09-10 05:15,6473.000000,6473.000000,6461.500000,6465.000000,2637
2025-09-10 05:30,6465.500000,6469.500000,6462.000000,6469.500000,2140
2025-09-10 05:45,6469.500000,6480.500000,6469.000000,6478.500000,2868
2025-09-10 06:00,6478.500000,6483.000000,6465.500000,6467.500000,5067
2025-09-10 06:15,6467.000000,6472.000000,6460.000000,6469.000000,7168
2025-09-10 06:30,6469.500000,6472.000000,6467.500000,6469.500000,2079
2025-09-10 06:45,6469.500000,6471.000000,6466.000000,6466.000000,2033
2025-09-10 07:00,6467.000000,6492.500000,6461.500000,6487.000000,23621
2025-09-10 07:15,6487.000000,6500.000000,6485.500000,6494.000000,16853
2025-09-10 07:30,6494.000000,6531.000000,6492.000000,6520.500000,42601
2025-09-10 07:45,6520.500000,6559.000000,6507.500000,6552.000000,63084
2025-09-10 08:00,6552.500000,6575.500000,6541.000000,6575.500000,54890
2025-09-10 08:15,6575.000000,6595.000000,6575.000000,6581.500000,66128
2025-09-10 08:30,6581.500000,6584.000000,6570.500000,6571.500000,45573
2025-09-10 08:45,6571.500000,6576.500000,6562.000000,6562.500000,30170
2025-09-10 09:00,6562.500000,6573.500000,6562.000000,6565.500000,14394
2025-09-10 09:15,6567.000000,6572.000000,6553.500000,6556.000000,19057
2025-09-10 09:30,6556.000000,6574.000000,6555.000000,6572.500000,21318
2025-09-10 09:45,6572.000000,6590.500000,6564.500000,6583.500000,28333
2025-09-10 10:00,6583.000000,6583.500000,6568.500000,6573.000000,24890
2025-09-10 10:15,6573.500000,6575.000000,6556.000000,6561.500000,23078
2025-09-10 10:30,6561.500000,6583.500000,6561.000000,6572.000000,22182
2025-09-10 10:45,6572.000000,6573.000000,6542.000000,6557.000000,35272
2025-09-10 11:00,6554.000000,6575.000000,6542.500000,6570.000000,26341
2025-09-10 11:15,6568.000000,6572.500000,6560.000000,6562.000000,8098
2025-09-10 11:30,6560.500000,6568.500000,6560.000000,6568.000000,8262
2025-09-10 11:45,6568.000000,6569.000000,6554.000000,6554.000000,7944
2025-09-10 12:00,6554.000000,6557.000000,6545.000000,6553.500000,21103
2025-09-10 12:15,6554.000000,6557.000000,6528.000000,6541.000000,29374
2025-09-10 12:30,6541.000000,6549.500000,6535.500000,6537.000000,8628
2025-09-10 12:45,6537.000000,6546.000000,6534.000000,6545.500000,8054
2025-09-10 13:00,6545.500000,6553.000000,6545.000000,6550.000000,5638
2025-09-10 13:15,6548.500000,6559.000000,6548.000000,6556.000000,11598
2025-09-10 13:30,6556.000000,6558.000000,6546.500000,6552.000000,9713
2025-09-10 13:45,6551.500000,6559.000000,6548.000000,6549.500000,6698
2025-09-10 14:00,6550.000000,6560.000000,6549.000000,6555.500000,6873
2025-09-10 14:15,6555.500000,6556.000000,6550.000000,6552.000000,5806
2025-09-10 14:30,6554.000000,6554.000000,6539.000000,6546.000000,8916
2025-09-10 14:45,6546.000000,6552.000000,6545.500000,6552.000000,4026
2025-09-10 15:00,6552.000000,6555.000000,6538.500000,6540.500000,10321
2025-09-10 15:15,6540.000000,6542.500000,6535.500000,6536.000000,8868
2025-09-10 15:30,6536.000000,6539.000000,6523.500000,6525.000000,18070
2025-09-10 15:45,6532.500000,6532.500000,6532.500000,6532.500000,3073
2025-09-10 16:00,6532.500000,6537.500000,6514.000000,6527.500000,15488
2025-09-10 16:15,6528.000000,6532.500000,6519.000000,6522.500000,4997
2025-09-10 16:30,6523.500000,6524.000000,6510.000000,6518.000000,9711
2025-09-10 16:45,6518.000000,6526.000000,6510.500000,6526.000000,7387
2025-09-10 17:00,6524.000000,6525.500000,6515.500000,6520.000000,5833
2025-09-10 17:15,6521.500000,6522.500000,6515.500000,6516.500000,3014
2025-09-10 17:30,6517.500000,6525.000000,6517.500000,6521.500000,2174
2025-09-10 17:45,6522.000000,6531.500000,6521.000000,6528.500000,5048
2025-09-10 18:00,6527.000000,6529.000000,6522.000000,6527.000000,1786
2025-09-10 18:15,6527.000000,6540.500000,6525.000000,6537.000000,10830
2025-09-10 18:30,6537.000000,6544.000000,6531.000000,6542.500000,6203
2025-09-10 18:45,6543.000000,6550.000000,6539.000000,6546.000000,6984
2025-09-10 19:00,6546.500000,6549.500000,6543.500000,6548.500000,2991
2025-09-10 19:15,6548.500000,6549.000000,6535.000000,6541.500000,3688
2025-09-10 19:30,6541.000000,6541.000000,6530.000000,6531.500000,3138
2025-09-10 19:45,6531.000000,6531.500000,6530.000000,6530.500000,1851
2025-09-10 20:00,6530.500000,6541.500000,6530.000000,6538.000000,1284
2025-09-10 20:15,6535.500000,6539.000000,6535.000000,6535.500000,2310
2025-09-10 20:30,6535.500000,6541.000000,6535.000000,6536.500000,4134
2025-09-10 20:45,6536.500000,6545.000000,6536.000000,6537.500000,1429
2025-09-11 03:45,6537.500000,6537.500000,6537.500000,6537.500000,13
2025-09-11 04:00,6537.500000,6588.500000,6533.500000,6580.500000,16051
2025-09-11 04:15,6580.000000,6580.000000,6571.000000,6579.500000,3037
2025-09-11 04:30,6580.000000,6581.500000,6577.500000,6578.000000,3298
2025-09-11 04:45,6577.500000,6581.500000,6577.500000,6580.000000,2710
2025-09-11 05:00,6580.000000,6588.500000,6577.500000,6586.500000,4721
2025-09-11 05:15,6586.000000,6586.000000,6581.000000,6581.000000,1582
2025-09-11 05:30,6581.000000,6584.000000,6577.500000,6582.500000,3082
2025-09-11 05:45,6582.500000,6582.500000,6567.500000,6569.000000,5139
2025-09-11 06:00,6569.500000,6577.000000,6565.000000,6576.500000,8320
2025-09-11 06:15,6575.000000,6579.000000,6568.000000,6574.000000,3697
2025-09-11 06:30,6574.500000,6574.500000,6562.500000,6566.000000,4800
2025-09-11 06:45,6566.500000,6571.000000,6559.000000,6564.500000,5351
2025-09-11 07:00,6564.000000,6571.000000,6555.000000,6558.000000,9100
2025-09-11 07:15,6557.000000,6569.500000,6556.000000,6562.500000,11888
2025-09-11 07:30,6562.000000,6563.000000,6545.000000,6551.000000,21005
2025-09-11 07:45,6551.000000,6551.000000,6537.000000,6539.500000,24277
2025-09-11 08:00,6538.000000,6547.000000,6530.500000,6547.000000,31308
2025-09-11 08:15,6547.000000,6547.000000,6530.500000,6531.000000,24667
2025-09-11 08:30,6530.500000,6557.000000,6522.000000,6551.000000,13917
2025-09-11 08:45,6550.500000,6559.500000,6549.500000,6558.500000,5747
2025-09-11 09:00,6558.000000,6562.000000,6550.500000,6557.500000,7680
2025-09-11 09:15,6558.000000,6558.000000,6544.000000,6546.500000,16070
2025-09-11 09:30,6546.500000,6553.500000,6545.000000,6553.500000,4724
2025-09-11 09:45,6553.000000,6559.000000,6553.000000,6555.000000,3978
2025-09-11 10:00,6555.000000,6555.500000,6542.500000,6554.500000,9373
2025-09-11 10:15,6554.500000,6559.000000,6550.000000,6559.000000,7576
2025-09-11 10:30,6559.000000,6559.000000,6550.500000,6557.000000,5734
2025-09-11 10:45,6555.500000,6560.500000,6554.000000,6560.000000,4742
2025-09-11 11:00,6560.500000,6574.000000,6557.000000,6573.500000,11706
2025-09-11 11:15,6573.500000,6577.000000,6562.000000,6567.000000,13033
2025-09-11 11:30,6567.500000,6577.500000,6564.500000,6570.500000,8420
2025-09-11 11:45,6570.500000,6590.000000,6570.500000,6581.500000,30317
2025-09-11 12:00,6581.500000,6588.000000,6572.000000,6574.000000,13112
2025-09-11 12:15,6574.500000,6574.500000,6554.500000,6562.500000,23674
2025-09-11 12:30,6562.500000,6566.000000,6552.000000,6565.000000,7718
2025-09-11 12:45,6564.000000,6578.500000,6560.000000,6572.000000,12848
2025-09-11 13:00,6572.000000,6579.000000,6563.000000,6579.000000,8546
2025-09-11 13:15,6579.000000,6627.000000,6578.500000,6623.500000,67655
2025-09-11 13:30,6623.500000,6625.000000,6587.000000,6592.500000,30134
2025-09-11 13:45,6592.500000,6609.500000,6591.000000,6602.500000,13990
2025-09-11 14:00,6602.000000,6626.500000,6602.000000,6624.000000,16942
2025-09-11 14:15,6624.500000,6634.000000,6616.000000,6634.000000,27402
2025-09-11 14:30,6634.000000,6657.500000,6631.500000,6640.000000,53882
2025-09-11 14:45,6640.000000,6648.500000,6623.500000,6627.000000,24765
2025-09-11 15:00,6626.500000,6628.000000,6609.500000,6623.000000,31656
2025-09-11 15:15,6623.000000,6626.000000,6613.000000,6616.000000,11243
2025-09-11 15:30,6616.000000,6625.500000,6614.000000,6617.000000,7381
2025-09-11 15:45,6619.500000,6619.500000,6619.500000,6619.500000,431
2025-09-11 16:00,6619.500000,6619.500000,6612.000000,6618.500000,4567
2025-09-11 16:15,6619.000000,6619.500000,6613.000000,6613.000000,1792
2025-09-11 16:30,6614.000000,6616.000000,6611.000000,6612.500000,3901
2025-09-11 16:45,6612.500000,6618.500000,6611.000000,6612.000000,2980
2025-09-11 17:00,6612.000000,6618.500000,6610.500000,6618.000000,4069
2025-09-11 17:15,6618.000000,6624.500000,6614.500000,6616.500000,6550
2025-09-11 17:30,6617.000000,6617.500000,6611.500000,6615.000000,3031
2025-09-11 17:45,6614.500000,6619.500000,6613.000000,6619.500000,2407
2025-09-11 18:00,6619.500000,6619.500000,6614.000000,6617.000000,1423
2025-09-11 18:15,6616.500000,6622.000000,6616.500000,6622.000000,1927
2025-09-11 18:30,6622.000000,6624.500000,6615.500000,6616.000000,4389
2025-09-11 18:45,6615.500000,6618.000000,6614.000000,6616.000000,2223
2025-09-11 19:00,6616.000000,6616.500000,6614.000000,6616.000000,1050
2025-09-11 19:15,6616.000000,6621.000000,6615.000000,6619.000000,2269
2025-09-11 19:30,6619.000000,6624.000000,6618.500000,6624.000000,1959
2025-09-11 19:45,6622.500000,6636.500000,6622.000000,6628.500000,9713
2025-09-11 20:00,6629.000000,6631.000000,6625.000000,6625.500000,1493
2025-09-11 20:15,6625.500000,6635.500000,6625.000000,6633.000000,6979
2025-09-11 20:30,6633.000000,6636.000000,6624.000000,6624.500000,3401
2025-09-11 20:45,6624.500000,6627.000000,6624.500000,6626.500000,1448
2025-09-12 03:45,6624.500000,6624.500000,6624.500000,6624.500000,100
2025-09-12 04:00,6624.000000,6644.000000,6624.000000,6643.000000,7856
2025-09-12 04:15,6644.000000,6657.000000,6640.000000,6655.000000,11718
2025-09-12 04:30,6652.500000,6669.000000,6645.500000,6669.000000,15981
2025-09-12 04:45,6668.000000,6669.000000,6658.000000,6658.000000,2659
2025-09-12 05:00,6658.000000,6658.500000,6646.000000,6653.500000,3603
2025-09-12 05:15,6653.500000,6660.000000,6653.500000,6660.000000,1729
2025-09-12 05:30,6659.000000,6660.000000,6648.500000,6656.000000,4126
2025-09-12 05:45,6655.500000,6658.000000,6651.500000,6657.000000,5157
2025-09-12 06:00,6657.000000,6658.000000,6633.500000,6634.000000,7786
2025-09-12 06:15,6634.000000,6643.500000,6631.500000,6640.000000,2694
2025-09-12 06:30,6640.000000,6640.000000,6627.500000,6629.000000,3491
2025-09-12 06:45,6629.000000,6629.000000,6615.000000,6624.000000,11700
2025-09-12 07:00,6623.000000,6624.000000,6607.000000,6613.000000,19714
2025-09-12 07:15,6613.500000,6613.500000,6588.000000,6602.500000,17940
2025-09-12 07:30,6602.500000,6615.000000,6598.000000,6610.000000,8391
2025-09-12 07:45,6610.000000,6610.500000,6577.000000,6580.500000,18796
2025-09-12 08:00,6580.500000,6587.000000,6563.500000,6580.500000,17199
2025-09-12 08:15,6581.500000,6585.000000,6560.000000,6560.000000,21351
2025-09-12 08:30,6560.000000,6587.000000,6556.000000,6584.000000,14653
2025-09-12 08:45,6584.500000,6587.000000,6577.000000,6582.500000,5541
2025-09-12 09:00,6583.500000,6583.500000,6556.500000,6562.500000,11708
2025-09-12 09:15,6564.000000,6571.500000,6552.000000,6571.500000,16127
2025-09-12 09:30,6571.000000,6574.500000,6545.000000,6553.000000,20599
2025-09-12 09:45,6554.000000,6559.500000,6540.000000,6547.500000,14897
2025-09-12 10:00,6548.000000,6561.000000,6540.000000,6541.500000,10709
2025-09-12 10:15,6541.000000,6562.000000,6530.000000,6556.500000,21849
2025-09-12 10:30,6554.000000,6554.000000,6461.000000,6512.000000,122004
2025-09-12 10:45,6513.500000,6514.000000,6491.500000,6504.000000,44347
2025-09-12 11:00,6504.500000,6532.000000,6499.000000,6521.500000,31479
2025-09-12 11:15,6521.500000,6526.000000,6508.000000,6516.000000,11826
2025-09-12 11:30,6516.500000,6535.000000,6512.500000,6520.000000,13920
2025-09-12 11:45,6520.000000,6530.000000,6511.000000,6517.500000,11065
2025-09-12 12:00,6517.000000,6519.500000,6490.000000,6499.000000,35552
2025-09-12 12:15,6500.000000,6519.500000,6498.500000,6501.500000,23210
2025-09-12 12:30,6501.500000,6501.500000,6460.500000,6465.000000,71029
2025-09-12 12:45,6465.000000,6514.000000,6462.000000,6495.500000,56888
2025-09-12 13:00,6495.000000,6497.000000,6484.000000,6488.500000,16061
2025-09-12 13:15,6488.000000,6497.500000,6476.000000,6487.500000,20681
2025-09-12 13:30,6486.500000,6486.500000,6428.500000,6458.500000,69902
2025-09-12 13:45,6459.000000,6461.000000,6435.000000,6441.000000,36812
2025-09-12 14:00,6441.000000,6453.000000,6435.000000,6437.500000,12105
2025-09-12 14:15,6437.500000,6443.000000,6430.000000,6442.000000,21709
2025-09-12 14:30,6442.500000,6454.500000,6440.500000,6452.000000,14203
2025-09-12 14:45,6451.000000,6461.000000,6435.000000,6439.000000,17930
2025-09-12 15:00,6439.000000,6447.000000,6437.000000,6443.500000,6268
2025-09-12 15:15,6443.500000,6453.000000,6440.000000,6441.000000,14809
2025-09-12 15:30,6441.000000,6448.500000,6439.000000,6448.000000,7409
2025-09-12 15:45,6448.000000,6448.000000,6448.000000,6448.000000,406
2025-09-12 16:00,6449.000000,6449.500000,6435.000000,6435.000000,8219
2025-09-12 16:15,6435.500000,6435.500000,6411.500000,6417.500000,27847
2025-09-12 16:30,6417.000000,6417.500000,6405.500000,6413.000000,11961
2025-09-12 16:45,6413.500000,6422.000000,6413.000000,6422.000000,9757
2025-09-12 17:00,6421.500000,6424.500000,6416.500000,6421.500000,4569
2025-09-12 17:15,6422.000000,6431.500000,6419.500000,6424.500000,6025
2025-09-12 17:30,6424.500000,6427.000000,6405.500000,6411.000000,12362
2025-09-12 17:45,6411.000000,6420.000000,6411.000000,6420.000000,5332
2025-09-12 18:00,6420.000000,6429.500000,6411.000000,6427.000000,9510
2025-09-12 18:15,6427.000000,6434.000000,6422.000000,6433.500000,5007
2025-09-12 18:30,6433.500000,6434.000000,6425.500000,6425.500000,3629
2025-09-12 18:45,6426.000000,6433.000000,6425.500000,6431.000000,1751
2025-09-12 19:00,6431.500000,6432.000000,6427.000000,6428.500000,2333
2025-09-12 19:15,6428.500000,6431.000000,6423.500000,6428.000000,2944
2025-09-12 19:30,6428.500000,6429.500000,6425.000000,6429.000000,2707
2025-09-12 19:45,6429.500000,6430.500000,6426.500000,6430.000000,1877
2025-09-12 20:00,6430.000000,6433.500000,6429.500000,6429.500000,2149
2025-09-12 20:15,6429.500000,6434.500000,6429.500000,6431.500000,2545
2025-09-12 20:30,6431.500000,6448.000000,6431.000000,6444.000000,4733
2025-09-12 20:45,6443.000000,6448.000000,6442.000000,6448.000000,1526
2025-09-12 23:00,6460.000000,6460.000000,6410.000000,6447.500000,92
2025-09-12 23:15,6447.000000,6447.000000,6413.000000,6420.000000,227
2025-09-12 23:30,6420.000000,6420.000000,6414.000000,6420.000000,105
2025-09-12 23:45,6414.000000,6420.000000,6410.000000,6420.000000,658
2025-09-13 00:00,6420.000000,6420.000000,6419.000000,6420.000000,9
2025-09-13 00:15,6414.000000,6419.500000,6413.000000,6419.500000,16
2025-09-13 00:30,6428.000000,6429.000000,6419.000000,6419.000000,15
2025-09-13 00:45,6415.500000,6428.000000,6415.500000,6427.000000,8
2025-09-13 01:00,6420.000000,6420.000000,6420.000000,6420.000000,1
2025-09-13 01:15,6420.000000,6420.000000,6420.000000,6420.000000,1
2025-09-13 01:30,6427.000000,6428.000000,6420.500000,6420.500000,5
2025-09-13 01:45,6420.500000,6428.500000,6420.000000,6420.000000,13
2025-09-13 02:00,6420.000000,6427.500000,6420.000000,6427.000000,24
2025-09-13 02:15,6427.500000,6427.500000,6421.000000,6421.000000,6
2025-09-13 02:30,6427.500000,6428.000000,6421.000000,6428.000000,10
2025-09-13 02:45,6428.500000,6428.500000,6425.000000,6426.000000,26
2025-09-13 03:00,6428.500000,6428.500000,6428.000000,6428.000000,4
2025-09-13 03:15,6428.000000,6430.500000,6426.000000,6430.500000,116
2025-09-13 03:30,6430.500000,6431.000000,6430.000000,6431.000000,40
2025-09-13 03:45,6432.000000,6437.000000,6432.000000,6437.000000,92
2025-09-13 04:00,6435.500000,6443.500000,6435.500000,6438.000000,107
2025-09-13 04:15,6443.000000,6463.000000,6438.000000,6461.000000,193
2025-09-13 04:30,6460.000000,6461.000000,6443.500000,6459.500000,80
2025-09-13 04:45,6459.500000,6460.000000,6430.000000,6460.000000,215
2025-09-13 05:00,6460.000000,6496.000000,6456.000000,6475.000000,1341
2025-09-13 05:15,6468.500000,6480.500000,6457.500000,6457.500000,212
2025-09-13 05:30,6457.500000,6459.000000,6454.000000,6454.000000,166
2025-09-13 05:45,6453.500000,6453.500000,6450.000000,6451.500000,141
2025-09-13 06:00,6451.000000,6451.500000,6443.500000,6451.500000,151
2025-09-13 06:15,6445.500000,6453.000000,6440.500000,6452.500000,98
2025-09-13 06:30,6452.500000,6454.000000,6445.000000,6454.000000,401
2025-09-13 06:45,6455.000000,6455.000000,6455.000000,6455.000000,202
2025-09-13 08:30,6455.000000,6470.000000,6455.000000,6467.500000,3916
2025-09-13 08:45,6469.500000,6470.500000,6453.500000,6457.000000,9786
2025-09-13 09:00,6457.000000,6457.000000,6440.500000,6444.000000,2275
2025-09-13 09:15,6444.000000,6444.000000,6432.000000,6436.000000,1561
2025-09-13 09:30,6436.000000,6445.000000,6433.000000,6434.000000,1000
2025-09-13 09:45,6434.000000,6434.000000,6426.500000,6431.000000,812
2025-09-13 10:00,6431.500000,6446.500000,6429.000000,6445.500000,1078
2025-09-13 10:15,6443.000000,6449.000000,6443.000000,6444.000000,745
2025-09-13 10:30,6444.000000,6445.000000,6442.000000,6442.000000,249
2025-09-13 10:45,6443.000000,6445.000000,6441.500000,6442.500000,923
2025-09-13 11:00,6444.000000,6445.000000,6441.500000,6443.500000,351
2025-09-13 11:15,6443.500000,6445.000000,6442.000000,6442.500000,402
2025-09-13 11:30,6442.500000,6444.000000,6436.500000,6436.500000,638
2025-09-13 11:45,6436.500000,6441.000000,6436.500000,6438.500000,647
2025-09-13 12:00,6438.500000,6440.000000,6431.000000,6432.000000,1382
2025-09-13 12:15,6432.000000,6436.500000,6432.000000,6435.000000,566
2025-09-13 12:30,6435.000000,6435.500000,6430.000000,6431.500000,1760
2025-09-13 12:45,6431.500000,6434.000000,6430.000000,6430.500000,634
2025-09-13 13:00,6430.500000,6432.000000,6430.000000,6430.500000,2935
2025-09-13 13:15,6430.500000,6430.500000,6422.000000,6424.000000,803
2025-09-13 13:30,6424.000000,6426.500000,6423.500000,6426.000000,1013
2025-09-13 13:45,6424.500000,6425.500000,6415.500000,6423.000000,2430
2025-09-13 14:00,6423.500000,6424.000000,6419.000000,6419.000000,909
2025-09-13 14:15,6418.000000,6420.000000,6413.000000,6413.500000,997
2025-09-13 14:30,6413.500000,6416.000000,6411.500000,6416.000000,1916
2025-09-13 14:45,6418.500000,6425.500000,6415.000000,6421.000000,2742
2025-09-13 15:00,6421.000000,6425.500000,6417.500000,6423.500000,1109
2025-09-13 15:15,6422.500000,6422.500000,6416.000000,6416.500000,351
2025-09-13 15:30,6416.000000,6425.000000,6416.000000,6420.500000,1624
2025-09-13 15:45,6417.500000,6426.500000,6417.500000,6426.500000,1060
2025-09-13 16:00,6320.500000,6450.000000,6320.500000,6414.500000,64
2025-09-13 16:15,6415.000000,6424.000000,6410.500000,6423.000000,112
2025-09-13 16:30,6411.000000,6424.000000,6410.500000,6423.500000,114
2025-09-13 16:45,6424.000000,6424.000000,6416.500000,6416.500000,30
2025-09-13 17:00,6423.000000,6424.000000,6416.000000,6423.500000,60
2025-09-13 17:15,6417.000000,6423.500000,6416.000000,6422.000000,66
2025-09-13 17:30,6422.000000,6422.000000,6416.000000,6420.000000,23
2025-09-13 17:45,6416.000000,6437.000000,6416.000000,6430.500000,164
2025-09-13 18:00,6431.000000,6434.000000,6416.000000,6425.500000,95
2025-09-13 18:15,6424.500000,6424.500000,6417.500000,6424.000000,40
2025-09-13 18:30,6424.000000,6427.500000,6419.000000,6427.500000,41
2025-09-13 18:45,6427.500000,6435.500000,6420.500000,6421.000000,79
2025-09-13 19:00,6421.000000,6433.000000,6420.500000,6423.000000,26
2025-09-13 19:15,6432.000000,6433.000000,6423.000000,6423.500000,78
2025-09-13 19:30,6432.500000,6432.500000,6424.000000,6432.500000,27
2025-09-13 19:45,6424.000000,6431.500000,6424.000000,6424.000000,15
2025-09-13 20:00,6424.000000,6433.000000,6423.000000,6432.000000,81
2025-09-13 20:15,6432.500000,6433.000000,6430.500000,6430.500000,45
2025-09-13 20:30,6430.000000,6432.500000,6430.000000,6430.000000,33
2025-09-13 20:45,6426.000000,6430.000000,6423.000000,6430.000000,12
2025-09-13 23:00,6375.000000,6436.500000,6375.000000,6420.500000,10
2025-09-13 23:15,6421.500000,6434.500000,6421.500000,6434.500000,4
2025-09-13 23:30,6422.500000,6433.500000,6422.500000,6433.500000,2
2025-09-13 23:45,6423.000000,6423.000000,6422.000000,6422.000000,6
2025-09-14 00:15,6426.500000,6426.500000,6426.500000,6426.500000,1
2025-09-14 00:30,6423.500000,6433.500000,6423.000000,6433.500000,4
2025-09-14 00:45,6433.500000,6433.500000,6433.500000,6433.500000,1
2025-09-14 01:00,6426.500000,6426.500000,6426.000000,6426.000000,2
2025-09-14 01:30,6426.000000,6426.000000,6426.000000,6426.000000,1
2025-09-14 01:45,6424.500000,6433.500000,6423.000000,6423.000000,10
2025-09-14 02:00,6433.500000,6433.500000,6423.500000,6433.500000,5
2025-09-14 02:15,6423.500000,6433.500000,6423.500000,6433.500000,2
2025-09-14 02:30,6423.500000,6433.500000,6423.500000,6425.000000,7
2025-09-14 02:45,6423.500000,6435.500000,6423.500000,6423.500000,19
2025-09-14 03:15,6433.500000,6433.500000,6421.000000,6421.000000,83
2025-09-14 03:30,6421.000000,6433.500000,6421.000000,6433.500000,7
2025-09-14 03:45,6433.500000,6435.500000,6433.000000,6435.500000,15
2025-09-14 04:00,6433.000000,6436.000000,6433.000000,6433.000000,40
2025-09-14 04:15,6433.000000,6437.000000,6433.000000,6437.000000,37
2025-09-14 04:30,6436.500000,6437.000000,6433.000000,6437.000000,13
2025-09-14 04:45,6433.000000,6437.000000,6433.000000,6437.000000,34
2025-09-14 05:00,6433.000000,6437.000000,6433.000000,6433.000000,8
2025-09-14 05:15,6433.000000,6437.000000,6433.000000,6437.000000,135
2025-09-14 05:30,6437.000000,6450.000000,6436.000000,6442.000000,186
2025-09-14 05:45,6440.000000,6449.500000,6440.000000,6440.500000,42
2025-09-14 06:00,6449.000000,6449.000000,6440.500000,6448.000000,63
2025-09-14 06:15,6448.500000,6448.500000,6435.000000,6435.000000,103
2025-09-14 06:30,6446.000000,6446.000000,6433.000000,6433.000000,32
2025-09-14 06:45,6426.500000,6426.500000,6426.500000,6426.500000,96
2025-09-14 07:00,6426.500000,6426.500000,6400.500000,6407.500000,5568
2025-09-14 07:15,6406.500000,6418.500000,6400.500000,6411.500000,2254
2025-09-14 07:30,6410.000000,6416.500000,6406.000000,6416.000000,1138
2025-09-14 07:45,6413.500000,6420.500000,6413.500000,6420.500000,833
2025-09-14 08:00,6420.500000,6420.500000,6415.000000,6418.000000,1263
2025-09-14 08:15,6420.000000,6421.000000,6410.500000,6421.000000,1454
2025-09-14 08:30,6421.500000,6424.000000,6418.500000,6422.000000,517
2025-09-14 08:45,6419.500000,6422.000000,6415.000000,6416.500000,426
2025-09-14 09:00,6418.500000,6420.000000,6416.000000,6419.500000,287
2025-09-14 09:15,6419.000000,6419.000000,6411.000000,6416.000000,819
2025-09-14 09:30,6414.000000,6416.000000,6411.000000,6413.000000,296
2025-09-14 09:45,6413.000000,6417.000000,6411.500000,6416.500000,623
2025-09-14 10:00,6416.500000,6419.500000,6415.000000,6419.500000,436
2025-09-14 10:15,6419.500000,6423.000000,6416.500000,6423.000000,2754
2025-09-14 10:30,6421.500000,6438.500000,6421.000000,6426.500000,3603
2025-09-14 10:45,6426.500000,6435.500000,6425.000000,6429.000000,1091
2025-09-14 11:00,6427.500000,6437.000000,6427.000000,6430.500000,1973
2025-09-14 11:15,6430.500000,6435.000000,6430.500000,6433.000000,544
2025-09-14 11:30,6433.000000,6437.500000,6430.000000,6437.500000,1311
2025-09-14 11:45,6437.500000,6440.000000,6436.500000,6438.500000,832
2025-09-14 12:00,6439.000000,6444.000000,6438.500000,6443.500000,644
2025-09-14 12:15,6443.000000,6457.000000,6441.000000,6444.000000,5984
2025-09-14 12:30,6444.000000,6450.000000,6444.000000,6449.000000,1523
2025-09-14 12:45,6448.500000,6449.000000,6444.500000,6446.000000,587
2025-09-14 13:00,6446.500000,6448.000000,6445.000000,6445.500000,572
2025-09-14 13:15,6447.000000,6447.000000,6445.000000,6446.000000,108
2025-09-14 13:30,6445.500000,6453.000000,6445.500000,6452.500000,2079
2025-09-14 13:45,6453.000000,6453.500000,6447.000000,6447.000000,6327
2025-09-14 14:00,6447.500000,6462.500000,6447.500000,6455.000000,3335
2025-09-14 14:15,6455.000000,6457.500000,6446.000000,6452.500000,2930
2025-09-14 14:30,6452.500000,6452.500000,6448.500000,6452.000000,477
2025-09-14 14:45,6452.000000,6453.000000,6447.000000,6448.500000,568
2025-09-14 15:00,6450.500000,6450.500000,6446.500000,6446.500000,409
2025-09-14 15:15,6446.500000,6447.500000,6446.000000,6446.500000,400
2025-09-14 15:30,6446.500000,6449.500000,6446.000000,6449.500000,1821
2025-09-14 15:45,6450.000000,6500.000000,6446.500000,6495.000000,10536
2025-09-14 16:00,6485.000000,6494.000000,6460.000000,6485.500000,887
2025-09-14 16:15,6484.500000,6488.000000,6471.000000,6477.000000,458
2025-09-14 16:30,6473.500000,6476.500000,6473.000000,6475.000000,59
2025-09-14 16:45,6473.500000,6477.500000,6473.000000,6473.000000,242
2025-09-14 17:00,6474.500000,6476.500000,6473.000000,6476.500000,302
2025-09-14 17:15,6476.500000,6477.000000,6468.500000,6477.000000,184
2025-09-14 17:30,6477.000000,6477.000000,6464.500000,6465.500000,212
2025-09-14 17:45,6465.500000,6480.000000,6465.500000,6471.500000,261
2025-09-14 18:00,6471.500000,6479.500000,6471.500000,6476.500000,63
2025-09-14 18:15,6477.000000,6487.500000,6477.000000,6485.000000,394
2025-09-14 18:30,6485.000000,6487.000000,6476.000000,6486.500000,127
2025-09-14 18:45,6486.500000,6487.000000,6456.500000,6466.500000,977
2025-09-14 19:00,6474.500000,6477.000000,6466.500000,6466.500000,94
2025-09-14 19:15,6477.000000,6477.000000,6460.000000,6460.000000,263
2025-09-14 19:30,6460.500000,6469.500000,6460.000000,6461.000000,73
2025-09-14 19:45,6468.000000,6470.000000,6461.000000,6461.000000,150
2025-09-14 20:00,6468.500000,6478.500000,6460.000000,6478.000000,305
2025-09-14 20:15,6477.000000,6478.000000,6461.000000,6468.500000,33
2025-09-14 20:30,6461.500000,6469.000000,6461.000000,6469.000000,64
2025-09-14 20:45,6462.500000,6469.000000,6462.000000,6462.000000,20
2025-09-15 03:45,6465.000000,6465.000000,6465.000000,6465.000000,1499
2025-09-15 04:00,6465.000000,6478.000000,6462.500000,6463.500000,3740
2025-09-15 04:15,6463.500000,6474.000000,6456.500000,6466.000000,2162
2025-09-15 04:30,6466.500000,6477.000000,6452.500000,6456.000000,1506
2025-09-15 04:45,6456.000000,6472.500000,6454.500000,6472.500000,2594
2025-09-15 05:00,6473.500000,6477.000000,6466.000000,6475.000000,1506
2025-09-15 05:15,6475.000000,6475.000000,6466.500000,6474.500000,1739
2025-09-15 05:30,6475.000000,6476.500000,6471.500000,6475.000000,942
2025-09-15 05:45,6474.500000,6476.500000,6463.000000,6463.000000,1794
2025-09-15 06:00,6463.000000,6463.000000,6437.000000,6440.000000,15139
2025-09-15 06:15,6440.000000,6442.000000,6420.500000,6428.000000,8031
2025-09-15 06:30,6427.500000,6455.000000,6427.000000,6446.500000,6555
2025-09-15 06:45,6446.500000,6447.000000,6425.500000,6433.000000,6055
2025-09-15 07:00,6432.500000,6440.500000,6423.500000,6439.500000,13298
2025-09-15 07:15,6440.000000,6444.500000,6430.000000,6437.500000,8348
2025-09-15 07:30,6438.000000,6440.000000,6424.500000,6426.500000,12659
2025-09-15 07:45,6426.500000,6431.000000,6410.500000,6413.000000,14349
2025-09-15 08:00,6412.500000,6418.000000,6409.500000,6416.000000,6306
2025-09-15 08:15,6416.000000,6423.500000,6370.500000,6391.000000,57247
2025-09-15 08:30,6390.500000,6392.000000,6371.500000,6387.000000,16126
2025-09-15 08:45,6386.500000,6402.000000,6385.500000,6391.500000,12422
2025-09-15 09:00,6393.000000,6407.500000,6380.000000,6403.000000,18468
2025-09-15 09:15,6400.500000,6417.500000,6400.000000,6408.500000,7369
2025-09-15 09:30,6408.500000,6408.500000,6398.500000,6400.500000,3967
2025-09-15 09:45,6400.000000,6400.500000,6387.500000,6397.500000,8574
2025-09-15 10:00,6397.000000,6414.000000,6391.500000,6414.000000,16007
2025-09-15 10:15,6413.500000,6417.000000,6405.000000,6416.000000,6663
2025-09-15 10:30,6416.000000,6428.000000,6408.000000,6420.500000,6385
2025-09-15 10:45,6420.500000,6425.000000,6406.000000,6417.000000,6190
2025-09-15 11:00,6417.000000,6424.000000,6412.000000,6424.000000,4528
2025-09-15 11:15,6424.000000,6428.000000,6416.000000,6428.000000,6572
2025-09-15 11:30,6427.500000,6431.500000,6422.000000,6431.000000,5822
2025-09-15 11:45,6429.000000,6435.000000,6423.000000,6430.000000,9378
2025-09-15 12:00,6430.000000,6443.000000,6424.500000,6428.000000,10397
2025-09-15 12:15,6427.000000,6444.000000,6426.000000,6434.500000,6663
2025-09-15 12:30,6435.000000,6441.000000,6429.000000,6434.000000,4703
2025-09-15 12:45,6434.000000,6435.000000,6423.000000,6431.000000,5213
2025-09-15 13:00,6431.000000,6436.000000,6427.500000,6430.000000,4799
2025-09-15 13:15,6429.500000,6442.000000,6425.500000,6440.500000,3896
2025-09-15 13:30,6440.000000,6444.500000,6380.000000,6410.000000,36869
2025-09-15 13:45,6410.000000,6416.000000,6400.000000,6403.000000,11033
2025-09-15 14:00,6402.500000,6408.500000,6400.000000,6403.500000,5299
2025-09-15 14:15,6404.000000,6419.500000,6391.500000,6416.000000,17242
2025-09-15 14:30,6415.500000,6436.500000,6415.000000,6428.000000,14111
2025-09-15 14:45,6429.500000,6438.500000,6422.500000,6426.000000,15753
2025-09-15 15:00,6427.500000,6433.500000,6422.500000,6429.000000,5867
2025-09-15 15:15,6428.500000,6432.000000,6417.000000,6423.000000,7912
2025-09-15 15:30,6423.000000,6430.000000,6422.500000,6423.500000,3946
2025-09-15 15:45,6423.500000,6423.500000,6423.500000,6423.500000,34
2025-09-15 16:00,6423.500000,6428.000000,6420.500000,6422.500000,999
2025-09-15 16:15,6422.500000,6441.500000,6422.500000,6439.000000,5250
2025-09-15 16:30,6439.000000,6439.000000,6430.500000,6431.000000,1758
2025-09-15 16:45,6431.500000,6436.500000,6426.000000,6429.500000,3128
2025-09-15 17:00,6430.500000,6436.000000,6428.500000,6435.500000,818
2025-09-15 17:15,6435.000000,6442.500000,6434.500000,6438.500000,4367
2025-09-15 17:30,6438.500000,6440.000000,6434.000000,6435.000000,768
2025-09-15 17:45,6435.000000,6439.500000,6431.500000,6432.500000,3101
2025-09-15 18:00,6432.000000,6432.500000,6422.000000,6424.500000,2885
2025-09-15 18:15,6425.000000,6429.000000,6425.000000,6427.500000,462
2025-09-15 18:30,6427.500000,6427.500000,6414.500000,6415.000000,2955
2025-09-15 18:45,6415.000000,6415.000000,6406.500000,6410.500000,3612
2025-09-15 19:00,6410.500000,6412.000000,6406.000000,6411.000000,1198
2025-09-15 19:15,6411.000000,6412.500000,6410.000000,6411.000000,442
2025-09-15 19:30,6412.500000,6416.000000,6410.500000,6413.500000,988
2025-09-15 19:45,6416.000000,6416.000000,6412.500000,6415.000000,396
2025-09-15 20:00,6413.500000,6415.000000,6410.500000,6415.000000,206
2025-09-15 20:15,6415.000000,6425.000000,6414.500000,6423.500000,1827
2025-09-15 20:30,6424.500000,6426.000000,6420.000000,6424.000000,1425
2025-09-15 20:45,6424.000000,6424.000000,6420.000000,6420.000000,190
2025-09-16 03:45,6422.000000,6422.000000,6422.000000,6422.000000,63
2025-09-16 04:00,6427.000000,6439.500000,6422.500000,6435.000000,1567
2025-09-16 04:15,6435.000000,6437.000000,6434.000000,6434.000000,748
2025-09-16 04:30,6434.000000,6435.000000,6431.500000,6435.000000,1370
2025-09-16 04:45,6434.500000,6435.000000,6428.500000,6433.000000,948
2025-09-16 05:00,6431.500000,6434.500000,6431.500000,6432.000000,275
2025-09-16 05:15,6431.500000,6456.000000,6431.500000,6449.000000,7354
2025-09-16 05:30,6449.000000,6450.500000,6447.000000,6450.000000,3863
2025-09-16 05:45,6450.500000,6453.000000,6449.500000,6451.000000,2230
2025-09-16 06:00,6449.500000,6451.000000,6438.500000,6439.000000,3911
2025-09-16 06:15,6439.000000,6439.000000,6434.000000,6438.500000,1874
2025-09-16 06:30,6438.500000,6438.500000,6434.500000,6438.000000,3051
2025-09-16 06:45,6437.500000,6437.500000,6421.000000,6427.500000,5368
2025-09-16 07:00,6427.500000,6435.000000,6413.500000,6425.500000,8709
2025-09-16 07:15,6425.500000,6448.500000,6423.500000,6444.500000,11594
2025-09-16 07:30,6444.500000,6454.000000,6423.500000,6438.500000,18862
2025-09-16 07:45,6438.500000,6445.500000,6437.500000,6439.500000,4764
2025-09-16 08:00,6441.500000,6442.000000,6436.500000,6437.500000,2854
2025-09-16 08:15,6437.500000,6438.000000,6436.500000,6436.500000,1198
2025-09-16 08:30,6436.500000,6437.000000,6399.500000,6409.000000,30856
2025-09-16 08:45,6408.500000,6417.500000,6388.000000,6403.500000,16213
2025-09-16 09:00,6403.500000,6407.000000,6376.500000,6387.500000,16595
2025-09-16 09:15,6389.000000,6405.500000,6388.000000,6391.000000,7464
2025-09-16 09:30,6390.000000,6396.000000,6328.000000,6335.000000,60488
2025-09-16 09:45,6335.000000,6353.000000,6324.500000,6340.000000,44989
2025-09-16 10:00,6340.000000,6340.500000,6330.000000,6336.500000,32545
2025-09-16 10:15,6336.500000,6350.500000,6317.000000,6322.000000,35771
2025-09-16 10:30,6322.000000,6334.500000,6320.000000,6331.500000,14263
2025-09-16 10:45,6332.000000,6344.500000,6332.000000,6341.000000,6121
2025-09-16 11:00,6341.000000,6346.500000,6332.500000,6338.500000,6878
2025-09-16 11:15,6339.000000,6340.000000,6326.000000,6332.000000,5032
2025-09-16 11:30,6332.000000,6354.000000,6332.000000,6350.500000,5755
2025-09-16 11:45,6350.000000,6355.000000,6339.500000,6349.500000,16698
2025-09-16 12:00,6348.000000,6354.000000,6343.000000,6346.500000,5371
2025-09-16 12:15,6345.000000,6358.500000,6345.000000,6356.500000,6002
2025-09-16 12:30,6355.500000,6356.500000,6340.500000,6340.500000,5706
2025-09-16 12:45,6341.000000,6351.500000,6336.500000,6351.000000,4709
2025-09-16 13:00,6351.000000,6351.500000,6332.000000,6332.500000,4778
2025-09-16 13:15,6332.500000,6365.000000,6331.500000,6347.000000,21035
2025-09-16 13:30,6347.000000,6365.000000,6346.500000,6363.000000,7262
2025-09-16 13:45,6363.000000,6384.000000,6358.500000,6370.000000,21822
2025-09-16 14:00,6369.500000,6386.000000,6368.000000,6372.000000,11399
2025-09-16 14:15,6372.000000,6376.500000,6366.000000,6367.500000,4926
2025-09-16 14:30,6367.500000,6371.500000,6356.500000,6369.000000,7780
2025-09-16 14:45,6370.500000,6374.500000,6360.000000,6370.500000,6854
2025-09-16 15:00,6370.500000,6374.000000,6362.500000,6368.500000,4869
2025-09-16 15:15,6368.500000,6370.000000,6361.500000,6364.500000,4149
2025-09-16 15:30,6364.500000,6365.000000,6361.000000,6362.000000,1505
2025-09-16 15:45,6365.000000,6365.000000,6365.000000,6365.000000,170
2025-09-16 16:00,6365.000000,6365.000000,6361.000000,6361.000000,1463
2025-09-16 16:15,6362.500000,6364.500000,6362.500000,6364.500000,957
2025-09-16 16:30,6364.500000,6365.000000,6362.500000,6365.000000,1944
2025-09-16 16:45,6365.000000,6370.000000,6364.500000,6368.000000,2328
2025-09-16 17:00,6368.000000,6370.000000,6364.500000,6369.500000,1665
2025-09-16 17:15,6369.500000,6370.000000,6368.000000,6368.500000,564
2025-09-16 17:30,6368.500000,6372.000000,6367.000000,6367.000000,2891
2025-09-16 17:45,6367.500000,6373.000000,6366.000000,6372.500000,2113
2025-09-16 18:00,6374.500000,6375.000000,6370.000000,6370.500000,510
2025-09-16 18:15,6370.000000,6373.500000,6370.000000,6373.000000,745
2025-09-16 18:30,6371.500000,6375.500000,6371.500000,6375.000000,812
2025-09-16 18:45,6375.000000,6375.000000,6374.000000,6374.500000,439
2025-09-16 19:00,6374.500000,6374.500000,6371.000000,6371.500000,674
2025-09-16 19:15,6371.500000,6371.500000,6365.500000,6367.000000,1179
2025-09-16 19:30,6368.500000,6370.000000,6364.500000,6365.000000,1775
2025-09-16 19:45,6365.000000,6367.500000,6360.000000,6364.000000,2935
2025-09-16 20:00,6363.500000,6363.500000,6360.000000,6361.500000,497
2025-09-16 20:15,6361.500000,6361.500000,6359.000000,6359.000000,2201
2025-09-16 20:30,6359.000000,6365.000000,6357.000000,6365.000000,1690
2025-09-16 20:45,6365.000000,6371.000000,6365.000000,6370.500000,827
2025-09-17 03:45,6375.500000,6375.500000,6375.500000,6375.500000,23
2025-09-17 04:00,6375.500000,6375.500000,6360.000000,6375.000000,835
2025-09-17 04:15,6375.000000,6375.000000,6366.500000,6366.500000,425
2025-09-17 04:30,6367.000000,6374.000000,6365.500000,6374.000000,1266
2025-09-17 04:45,6373.500000,6379.000000,6371.500000,6377.000000,687
2025-09-17 05:00,6377.000000,6378.500000,6373.500000,6376.000000,342
2025-09-17 05:15,6375.500000,6378.000000,6369.000000,6371.000000,1332
2025-09-17 05:30,6371.000000,6371.000000,6366.500000,6370.000000,385
2025-09-17 05:45,6367.500000,6370.000000,6367.000000,6368.500000,204
2025-09-17 06:00,6369.500000,6373.500000,6368.000000,6370.000000,1349
2025-09-17 06:15,6369.500000,6369.500000,6347.500000,6350.000000,9164
2025-09-17 06:30,6350.000000,6363.500000,6347.500000,6351.000000,4965
2025-09-17 06:45,6351.000000,6352.000000,6334.500000,6338.000000,6253
2025-09-17 07:00,6338.000000,6354.500000,6335.000000,6341.500000,9052
2025-09-17 07:15,6342.000000,6353.500000,6340.000000,6351.500000,9080
2025-09-17 07:30,6351.500000,6352.500000,6345.000000,6346.000000,2616
2025-09-17 07:45,6346.000000,6350.000000,6342.000000,6345.000000,3597
2025-09-17 08:00,6344.000000,6351.500000,6342.000000,6345.500000,4101
2025-09-17 08:15,6347.000000,6349.500000,6342.000000,6348.000000,1878
2025-09-17 08:30,6348.000000,6348.000000,6345.000000,6345.500000,7900
2025-09-17 08:45,6345.500000,6359.500000,6345.000000,6359.000000,7335
2025-09-17 09:00,6359.000000,6372.500000,6357.500000,6368.500000,8586
2025-09-17 09:15,6368.000000,6383.500000,6367.500000,6373.000000,11848
2025-09-17 09:30,6373.000000,6378.000000,6367.500000,6371.500000,5895
2025-09-17 09:45,6371.500000,6373.000000,6370.000000,6370.000000,9244
2025-09-17 10:00,6370.000000,6370.500000,6360.500000,6370.000000,10302
2025-09-17 10:15,6370.000000,6385.000000,6368.500000,6383.000000,5685
2025-09-17 10:30,6383.500000,6408.000000,6378.500000,6408.000000,11256
2025-09-17 10:45,6408.000000,6421.500000,6388.500000,6388.500000,27452
2025-09-17 11:00,6389.000000,6407.500000,6388.000000,6407.000000,11643
2025-09-17 11:15,6407.000000,6409.000000,6382.000000,6388.000000,9440
2025-09-17 11:30,6388.500000,6397.500000,6382.000000,6384.500000,5580
2025-09-17 11:45,6383.500000,6388.500000,6380.000000,6384.500000,4228
2025-09-17 12:00,6384.500000,6386.500000,6375.500000,6378.500000,4111
2025-09-17 12:15,6377.500000,6383.000000,6365.000000,6366.000000,8081
2025-09-17 12:30,6365.500000,6368.000000,6351.000000,6354.000000,8603
2025-09-17 12:45,6354.500000,6364.000000,6344.000000,6354.500000,7498
2025-09-17 13:00,6354.500000,6357.000000,6337.000000,6341.000000,12351
2025-09-17 13:15,6341.000000,6347.000000,6336.000000,6342.500000,9482
2025-09-17 13:30,6343.000000,6389.500000,6341.500000,6353.000000,31847
2025-09-17 13:45,6353.500000,6358.000000,6350.000000,6350.000000,2669
2025-09-17 14:00,6350.500000,6379.500000,6350.000000,6376.000000,10752
2025-09-17 14:15,6376.500000,6399.500000,6376.000000,6387.500000,21194
2025-09-17 14:30,6387.500000,6394.000000,6369.500000,6387.000000,25661
2025-09-17 14:45,6387.000000,6409.500000,6380.500000,6395.500000,27557
2025-09-17 15:00,6395.500000,6404.500000,6378.500000,6382.000000,25981
2025-09-17 15:15,6382.500000,6410.500000,6375.500000,6387.500000,30745
2025-09-17 15:30,6387.000000,6392.000000,6361.500000,6361.500000,15849
2025-09-17 15:45,6358.500000,6358.500000,6358.500000,6358.500000,11862
2025-09-17 16:00,6369.500000,6407.000000,6362.500000,6392.000000,20921
2025-09-17 16:15,6392.500000,6396.000000,6381.500000,6384.500000,4698
2025-09-17 16:30,6384.000000,6386.500000,6377.500000,6383.500000,1973
2025-09-17 16:45,6383.500000,6384.000000,6377.000000,6379.500000,2893
2025-09-17 17:00,6379.500000,6386.000000,6379.000000,6383.000000,2461
2025-09-17 17:15,6383.000000,6386.000000,6379.000000,6382.500000,1975
2025-09-17 17:30,6382.500000,6384.000000,6374.000000,6380.000000,3463
2025-09-17 17:45,6380.500000,6384.500000,6373.000000,6375.000000,4148
2025-09-17 18:00,6376.500000,6379.500000,6374.500000,6377.000000,1479
2025-09-17 18:15,6376.500000,6380.000000,6374.500000,6380.000000,593
2025-09-17 18:30,6379.000000,6399.500000,6379.000000,6393.500000,4875
2025-09-17 18:45,6393.500000,6394.000000,6390.000000,6390.500000,866
2025-09-17 19:00,6391.000000,6396.500000,6390.000000,6393.500000,927
2025-09-17 19:15,6393.500000,6393.500000,6391.500000,6391.500000,982
2025-09-17 19:30,6391.500000,6391.500000,6386.500000,6388.000000,2159
2025-09-17 19:45,6388.000000,6389.000000,6385.500000,6389.000000,260
2025-09-17 20:00,6389.000000,6390.000000,6381.500000,6381.500000,1279
2025-09-17 20:15,6384.500000,6386.500000,6381.500000,6383.500000,510
2025-09-17 20:30,6383.500000,6385.000000,6375.000000,6382.500000,3133
2025-09-17 20:45,6381.500000,6381.500000,6372.500000,6380.000000,2041
2025-09-18 03:45,6381.000000,6381.000000,6381.000000,6381.000000,48
2025-09-18 04:00,6385.500000,6395.500000,6381.000000,6390.000000,1529
2025-09-18 04:15,6390.500000,6390.500000,6382.500000,6385.000000,365
2025-09-18 04:30,6385.000000,6385.000000,6370.000000,6371.500000,1194
2025-09-18 04:45,6375.000000,6375.000000,6365.500000,6372.000000,866
2025-09-18 05:00,6372.000000,6373.000000,6368.000000,6371.000000,701
2025-09-18 05:15,6370.500000,6381.000000,6370.500000,6379.500000,1406
2025-09-18 05:30,6382.000000,6382.000000,6375.000000,6375.000000,325
2025-09-18 05:45,6375.500000,6375.500000,6372.000000,6372.000000,268
2025-09-18 06:00,6375.500000,6376.500000,6370.000000,6376.000000,1427
2025-09-18 06:15,6376.000000,6379.500000,6375.000000,6378.000000,1723
2025-09-18 06:30,6378.000000,6379.000000,6368.500000,6374.500000,4162
2025-09-18 06:45,6373.500000,6377.500000,6366.500000,6369.000000,2728
2025-09-18 07:00,6370.000000,6373.000000,6362.000000,6366.000000,7427
2025-09-18 07:15,6366.500000,6370.000000,6358.000000,6362.500000,15558
2025-09-18 07:30,6362.000000,6375.500000,6361.500000,6371.500000,10024
2025-09-18 07:45,6371.500000,6383.000000,6369.000000,6372.000000,8107
2025-09-18 08:00,6371.500000,6372.000000,6363.500000,6366.500000,7682
2025-09-18 08:15,6367.500000,6379.500000,6364.000000,6373.000000,7815
2025-09-18 08:30,6373.000000,6376.500000,6367.000000,6371.000000,4160
2025-09-18 08:45,6371.000000,6381.500000,6370.500000,6375.500000,5407
2025-09-18 09:00,6375.500000,6387.000000,6373.500000,6382.000000,5437
2025-09-18 09:15,6381.500000,6382.000000,6359.000000,6363.000000,7671
2025-09-18 09:30,6363.000000,6367.500000,6350.500000,6365.000000,11540
2025-09-18 09:45,6366.500000,6370.500000,6363.500000,6370.000000,3070
2025-09-18 10:00,6370.000000,6370.500000,6362.000000,6362.000000,9264
2025-09-18 10:15,6362.500000,6365.000000,6357.500000,6358.000000,5728
2025-09-18 10:30,6358.000000,6369.500000,6357.000000,6359.500000,7263
2025-09-18 10:45,6359.000000,6370.000000,6359.000000,6366.000000,2936
2025-09-18 11:00,6365.000000,6370.500000,6360.000000,6366.500000,4141
2025-09-18 11:15,6367.000000,6375.000000,6367.000000,6372.500000,3257
2025-09-18 11:30,6372.500000,6373.500000,6345.000000,6345.500000,17912
2025-09-18 11:45,6345.500000,6349.500000,6336.500000,6337.500000,22945
2025-09-18 12:00,6337.500000,6337.500000,6284.500000,6293.500000,127478
2025-09-18 12:15,6293.000000,6308.500000,6288.500000,6299.500000,114811
2025-09-18 12:30,6300.500000,6307.000000,6295.000000,6302.000000,92515
2025-09-18 12:45,6300.500000,6308.000000,6289.000000,6303.500000,97290
2025-09-18 13:00,6304.000000,6314.500000,6300.000000,6307.000000,19853
2025-09-18 13:15,6307.000000,6309.000000,6275.000000,6295.000000,45455
2025-09-18 13:30,6295.000000,6302.500000,6265.000000,6279.000000,44679
2025-09-18 13:45,6279.000000,6288.500000,6275.500000,6279.500000,12825
2025-09-18 14:00,6280.000000,6310.000000,6279.500000,6307.000000,21544
2025-09-18 14:15,6307.000000,6310.000000,6291.000000,6305.500000,20907
2025-09-18 14:30,6305.500000,6325.000000,6305.000000,6323.000000,23744
2025-09-18 14:45,6322.000000,6328.000000,6318.500000,6323.000000,16963
2025-09-18 15:00,6323.000000,6335.000000,6320.500000,6334.500000,25572
2025-09-18 15:15,6332.500000,6350.000000,6331.500000,6343.000000,38456
2025-09-18 15:30,6344.000000,6367.500000,6342.500000,6362.500000,26113
2025-09-18 15:45,6373.500000,6373.500000,6373.500000,6373.500000,8043
2025-09-18 16:00,6367.500000,6368.000000,6362.000000,6364.500000,4921
2025-09-18 16:15,6364.500000,6369.500000,6364.000000,6367.500000,3741
2025-09-18 16:30,6369.000000,6370.000000,6367.500000,6369.500000,1940
2025-09-18 16:45,6369.500000,6369.500000,6359.500000,6362.500000,6613
2025-09-18 17:00,6362.500000,6363.500000,6357.500000,6359.500000,1474
2025-09-18 17:15,6359.500000,6359.500000,6341.000000,6342.000000,6553
2025-09-18 17:30,6341.500000,6351.500000,6336.000000,6350.000000,3574
2025-09-18 17:45,6350.500000,6350.500000,6328.500000,6328.500000,5294
2025-09-18 18:00,6329.000000,6336.500000,6322.000000,6327.500000,4639
2025-09-18 18:15,6327.500000,6331.000000,6320.500000,6331.000000,3790
2025-09-18 18:30,6331.500000,6331.500000,6324.500000,6327.500000,1022
2025-09-18 18:45,6328.500000,6332.000000,6327.000000,6330.000000,1543
2025-09-18 19:00,6330.000000,6331.000000,6324.500000,6327.000000,1538
2025-09-18 19:15,6326.500000,6330.500000,6326.000000,6327.500000,916
2025-09-18 19:30,6327.500000,6330.000000,6323.000000,6324.000000,1248
2025-09-18 19:45,6323.500000,6326.500000,6320.000000,6326.000000,1375
2025-09-18 20:00,6326.000000,6326.500000,6326.000000,6326.500000,659
2025-09-18 20:15,6326.500000,6326.500000,6323.500000,6325.500000,1965
2025-09-18 20:30,6326.000000,6326.500000,6321.000000,6322.500000,1408
2025-09-18 20:45,6325.000000,6326.000000,6320.500000,6325.500000,763
2025-09-19 03:45,6326.000000,6326.000000,6326.000000,6326.000000,23
2025-09-19 04:00,6326.000000,6335.000000,6321.000000,6335.000000,3109
2025-09-19 04:15,6334.500000,6337.500000,6320.500000,6321.500000,1540
2025-09-19 04:30,6320.500000,6321.500000,6320.000000,6321.000000,599
2025-09-19 04:45,6322.000000,6322.000000,6316.500000,6317.500000,1363
2025-09-19 05:00,6317.000000,6319.000000,6303.000000,6319.000000,3000
2025-09-19 05:15,6318.500000,6319.500000,6309.000000,6309.000000,571
2025-09-19 05:30,6309.500000,6311.000000,6304.000000,6304.500000,723
2025-09-19 05:45,6305.500000,6307.500000,6300.500000,6307.500000,3581
2025-09-19 06:00,6309.500000,6329.000000,6309.500000,6328.000000,5363
2025-09-19 06:15,6327.500000,6329.500000,6315.500000,6317.000000,3050
2025-09-19 06:30,6317.000000,6329.000000,6313.500000,6329.000000,1175
2025-09-19 06:45,6328.500000,6343.000000,6328.000000,6343.000000,7660
2025-09-19 07:00,6343.000000,6355.000000,6335.500000,6338.000000,13807
2025-09-19 07:15,6338.000000,6353.000000,6335.000000,6350.500000,7787
2025-09-19 07:30,6351.000000,6351.500000,6337.000000,6343.500000,6304
2025-09-19 07:45,6343.500000,6354.500000,6339.000000,6347.000000,5219
2025-09-19 08:00,6347.000000,6348.500000,6330.500000,6336.000000,7199
2025-09-19 08:15,6335.000000,6345.500000,6329.000000,6337.500000,5822
2025-09-19 08:30,6337.500000,6337.500000,6312.000000,6319.000000,7378
2025-09-19 08:45,6319.000000,6326.500000,6312.000000,6313.500000,7044
2025-09-19 09:00,6313.500000,6324.000000,6310.000000,6313.500000,7209
2025-09-19 09:15,6317.000000,6334.000000,6307.000000,6326.500000,12023
2025-09-19 09:30,6327.500000,6336.500000,6320.500000,6334.500000,16086
2025-09-19 09:45,6336.500000,6345.000000,6324.500000,6340.500000,14566
2025-09-19 10:00,6341.000000,6350.000000,6312.500000,6313.000000,17903
2025-09-19 10:15,6312.500000,6319.500000,6310.000000,6314.000000,10198
2025-09-19 10:30,6315.000000,6315.000000,6292.500000,6296.000000,21273
2025-09-19 10:45,6295.500000,6304.000000,6290.500000,6294.000000,6139
2025-09-19 11:00,6294.500000,6300.000000,6283.000000,6299.500000,14209
2025-09-19 11:15,6299.500000,6299.500000,6272.500000,6284.000000,22693
2025-09-19 11:30,6283.500000,6292.500000,6283.500000,6284.000000,5271
2025-09-19 11:45,6284.000000,6333.000000,6281.000000,6331.500000,20078
2025-09-19 12:00,6331.000000,6331.500000,6291.500000,6293.500000,12754
2025-09-19 12:15,6293.500000,6304.500000,6286.000000,6299.500000,7146
2025-09-19 12:30,6299.000000,6302.000000,6290.500000,6294.000000,10768
2025-09-19 12:45,6294.000000,6310.000000,6294.000000,6299.500000,7419
2025-09-19 13:00,6300.500000,6309.000000,6285.000000,6305.000000,8276
2025-09-19 13:15,6305.500000,6309.000000,6299.000000,6306.500000,14181
2025-09-19 13:30,6307.000000,6308.000000,6304.500000,6306.500000,8081
2025-09-19 13:45,6307.000000,6314.500000,6303.500000,6309.500000,15549
2025-09-19 14:00,6309.000000,6310.500000,6294.500000,6299.000000,9525
2025-09-19 14:15,6299.500000,6300.500000,6285.000000,6288.000000,11698
2025-09-19 14:30,6288.000000,6291.000000,6274.000000,6274.500000,11353
2025-09-19 14:45,6274.500000,6280.000000,6267.500000,6267.500000,13932
2025-09-19 15:00,6267.500000,6270.000000,6257.000000,6257.500000,30536
2025-09-19 15:15,6257.500000,6271.500000,6250.500000,6267.000000,16817
2025-09-19 15:30,6267.000000,6270.000000,6250.000000,6255.500000,13875
2025-09-19 15:45,6262.000000,6262.000000,6262.000000,6262.000000,2202
2025-09-19 16:00,6262.000000,6264.500000,6251.000000,6255.500000,3481
2025-09-19 16:15,6255.500000,6261.500000,6240.000000,6247.000000,15725
2025-09-19 16:30,6247.500000,6264.000000,6241.000000,6264.000000,8456
2025-09-19 16:45,6262.500000,6263.500000,6255.500000,6260.000000,3636
2025-09-19 17:00,6260.000000,6260.000000,6255.000000,6258.000000,2359
2025-09-19 17:15,6259.000000,6259.000000,6250.000000,6251.500000,2811
2025-09-19 17:30,6252.000000,6263.000000,6244.500000,6263.000000,10805
2025-09-19 17:45,6264.000000,6264.000000,6253.500000,6261.500000,2696
2025-09-19 18:00,6261.000000,6266.500000,6256.000000,6264.500000,2069
2025-09-19 18:15,6264.500000,6264.500000,6257.000000,6263.000000,1625
2025-09-19 18:30,6263.500000,6264.000000,6250.000000,6253.500000,4017
2025-09-19 18:45,6253.000000,6259.000000,6251.000000,6251.000000,1643
2025-09-19 19:00,6251.500000,6254.500000,6248.000000,6251.000000,2732
2025-09-19 19:15,6250.000000,6254.000000,6248.000000,6252.000000,1230
2025-09-19 19:30,6252.500000,6252.500000,6244.500000,6248.000000,2166
2025-09-19 19:45,6247.500000,6250.000000,6240.000000,6246.500000,2358
2025-09-19 20:00,6245.500000,6247.000000,6244.500000,6245.000000,1317
2025-09-19 20:15,6245.000000,6245.000000,6235.500000,6238.000000,6216
2025-09-19 20:30,6238.000000,6239.500000,6237.000000,6237.000000,2005
2025-09-19 20:45,6237.000000,6239.500000,6237.000000,6239.000000,1228
2025-09-19 23:00,6252.500000,6264.500000,6229.000000,6229.000000,78
2025-09-19 23:15,6229.000000,6241.000000,6228.000000,6241.000000,82
2025-09-19 23:30,6240.500000,6240.500000,6236.000000,6240.500000,22
2025-09-19 23:45,6240.500000,6240.500000,6225.000000,6240.000000,335
2025-09-20 00:00,6227.500000,6239.500000,6227.500000,6239.000000,31
2025-09-20 00:15,6239.000000,6239.000000,6226.500000,6227.000000,10
2025-09-20 00:30,6238.000000,6238.500000,6228.000000,6228.000000,4
2025-09-20 00:45,6237.500000,6238.000000,6228.000000,6238.000000,11
2025-09-20 01:00,6228.500000,6238.500000,6228.000000,6235.000000,20
2025-09-20 01:15,6228.500000,6238.000000,6228.500000,6230.000000,6
2025-09-20 01:30,6238.000000,6239.000000,6238.000000,6239.000000,42
2025-09-20 01:45,6237.000000,6237.000000,6230.000000,6237.000000,17
2025-09-20 02:00,6237.000000,6239.000000,6230.000000,6239.000000,21
2025-09-20 02:15,6239.000000,6239.000000,6230.000000,6230.000000,47
2025-09-20 02:30,6230.500000,6239.000000,6230.000000,6231.000000,54
2025-09-20 02:45,6239.000000,6239.000000,6239.000000,6239.000000,3
2025-09-20 03:00,6239.000000,6239.000000,6232.000000,6233.000000,6
2025-09-20 03:15,6239.000000,6239.000000,6230.000000,6230.500000,52
2025-09-20 03:30,6238.500000,6246.000000,6230.500000,6246.000000,70
2025-09-20 03:45,6246.000000,6257.000000,6234.500000,6247.000000,21
2025-09-20 04:00,6248.000000,6248.000000,6239.000000,6245.000000,8
2025-09-20 04:15,6246.000000,6246.500000,6230.000000,6244.500000,95
2025-09-20 04:30,6244.500000,6245.000000,6231.500000,6244.000000,37
2025-09-20 04:45,6234.500000,6247.000000,6234.500000,6247.000000,51
2025-09-20 05:00,6246.500000,6254.500000,6235.500000,6236.000000,39
2025-09-20 05:15,6246.500000,6253.000000,6239.500000,6251.500000,36
2025-09-20 05:30,6251.000000,6252.000000,6237.500000,6239.000000,193
2025-09-20 05:45,6239.000000,6254.000000,6232.000000,6253.000000,267
2025-09-20 06:00,6253.000000,6254.000000,6240.500000,6254.000000,128
2025-09-20 06:15,6241.000000,6254.000000,6241.000000,6252.500000,84
2025-09-20 06:30,6252.500000,6254.000000,6241.000000,6242.000000,158
2025-09-20 06:45,6242.000000,6254.000000,6230.000000,6253.500000,338
2025-09-20 07:00,6253.500000,6253.500000,6242.000000,6253.000000,76
2025-09-20 07:15,6252.000000,6253.000000,6240.500000,6251.000000,311
2025-09-20 07:30,6251.000000,6251.000000,6238.000000,6250.000000,140
2025-09-20 07:30,6251.000000,6251.000000,6238.000000,6250.000000,140
2025-09-20 07:45,6250.000000,6253.000000,6243.000000,6252.500000,121
2025-09-20 08:00,6252.500000,6253.000000,6240.500000,6251.000000,122
2025-09-20 08:15,6251.000000,6252.000000,6248.500000,6251.000000,63
2025-09-20 08:30,6252.000000,6252.000000,6248.000000,6251.500000,55
2025-09-20 08:45,6250.000000,6252.000000,6242.500000,6252.000000,98
2025-09-20 09:00,6251.000000,6251.000000,6240.000000,6250.000000,202
2025-09-20 09:15,6250.000000,6250.000000,6240.000000,6245.000000,81
2025-09-20 09:30,6241.000000,6249.000000,6241.000000,6242.500000,45
2025-09-20 09:45,6242.500000,6242.500000,6240.000000,6241.000000,545
2025-09-20 10:00,6242.000000,6242.000000,6239.000000,6240.000000,105
2025-09-20 10:15,6240.000000,6249.500000,6239.500000,6248.500000,125
2025-09-20 10:30,6240.000000,6247.500000,6238.000000,6247.000000,96
2025-09-20 10:45,6239.500000,6246.500000,6238.000000,6238.500000,179
2025-09-20 11:00,6244.500000,6247.500000,6238.000000,6247.500000,72
2025-09-20 11:15,6247.500000,6252.000000,6230.500000,6252.000000,999
2025-09-20 11:30,6251.500000,6251.500000,6239.000000,6249.000000,38
2025-09-20 11:45,6240.500000,6249.000000,6240.000000,6240.000000,88
2025-09-20 12:00,6240.000000,6248.500000,6240.000000,6248.000000,107
2025-09-20 12:15,6248.000000,6248.500000,6241.500000,6248.000000,55
2025-09-20 12:30,6247.500000,6251.000000,6240.500000,6240.500000,243
2025-09-20 12:45,6241.000000,6249.000000,6235.000000,6249.000000,212
2025-09-20 13:00,6248.500000,6250.000000,6239.000000,6240.000000,255
2025-09-20 13:15,6239.500000,6248.000000,6239.500000,6247.000000,70
2025-09-20 13:30,6247.000000,6247.500000,6234.500000,6247.000000,224
2025-09-20 13:45,6246.000000,6246.500000,6233.000000,6235.000000,110
2025-09-20 14:00,6235.000000,6235.000000,6231.500000,6231.500000,334
2025-09-20 14:15,6232.000000,6235.000000,6230.000000,6234.500000,342
2025-09-20 14:30,6230.500000,6235.000000,6230.000000,6235.000000,521
2025-09-20 14:45,6231.000000,6235.000000,6230.000000,6231.000000,113
2025-09-20 15:00,6231.000000,6231.000000,6230.000000,6231.000000,158
2025-09-20 15:15,6230.000000,6235.000000,6230.000000,6234.000000,273
2025-09-20 15:30,6235.000000,6235.000000,6230.000000,6230.500000,78
2025-09-20 15:45,6231.000000,6235.000000,6230.000000,6232.500000,75
2025-09-20 16:00,6232.500000,6234.500000,6231.000000,6231.000000,97
2025-09-20 16:15,6235.000000,6235.000000,6231.000000,6234.000000,45
2025-09-20 16:30,6233.000000,6235.000000,6230.500000,6230.500000,48
2025-09-20 16:45,6235.000000,6235.000000,6230.000000,6234.500000,89
2025-09-20 17:00,6235.000000,6235.000000,6234.500000,6235.000000,51
2025-09-20 17:15,6235.000000,6235.000000,6230.000000,6235.000000,135
2025-09-20 17:30,6235.000000,6235.000000,6230.000000,6230.000000,323
2025-09-20 17:45,6235.000000,6239.000000,6230.000000,6238.500000,66
2025-09-20 18:00,6238.500000,6238.500000,6230.500000,6238.000000,31
2025-09-20 18:15,6231.500000,6238.000000,6231.000000,6238.000000,40
2025-09-20 18:30,6238.000000,6238.500000,6231.000000,6238.500000,67
2025-09-20 18:45,6238.500000,6238.500000,6231.500000,6231.500000,75
2025-09-20 19:00,6238.000000,6238.500000,6231.500000,6238.000000,30
2025-09-20 19:15,6231.500000,6238.000000,6231.000000,6231.000000,29
2025-09-20 19:30,6237.500000,6238.000000,6230.500000,6237.500000,70
2025-09-20 19:45,6237.500000,6238.000000,6231.000000,6237.500000,24
2025-09-20 20:00,6237.500000,6237.500000,6230.000000,6237.500000,128
2025-09-20 20:15,6230.500000,6237.500000,6230.500000,6230.500000,12
2025-09-20 20:30,6237.000000,6237.000000,6230.500000,6237.000000,43
2025-09-20 20:45,6237.000000,6237.000000,6230.500000,6230.500000,19
2025-09-20 23:00,6275.000000,6275.000000,6230.000000,6234.500000,11
2025-09-20 23:15,6247.500000,6247.500000,6237.500000,6237.500000,3
2025-09-20 23:30,6237.000000,6237.000000,6237.000000,6237.000000,3
2025-09-20 23:45,6236.500000,6245.500000,6225.500000,6226.500000,53
2025-09-21 00:00,6234.500000,6240.000000,6234.500000,6240.000000,6
2025-09-21 00:15,6247.000000,6247.000000,6233.000000,6246.500000,6
2025-09-21 00:30,6246.500000,6249.000000,6236.000000,6239.000000,24
2025-09-21 00:45,6247.500000,6247.500000,6247.500000,6247.500000,1
2025-09-21 01:00,6236.000000,6236.000000,6235.000000,6235.000000,6
2025-09-21 01:15,6244.000000,6244.000000,6244.000000,6244.000000,8
2025-09-21 01:30,6233.000000,6233.000000,6229.500000,6229.500000,10
2025-09-21 01:45,6243.500000,6243.500000,6230.000000,6230.000000,4
2025-09-21 02:00,6240.500000,6240.500000,6240.500000,6240.500000,1
2025-09-21 02:15,6230.000000,6241.000000,6226.000000,6241.000000,65
2025-09-21 02:30,6226.500000,6240.500000,6226.500000,6226.500000,18
2025-09-21 02:45,6227.500000,6227.500000,6227.500000,6227.500000,5
2025-09-21 03:00,6239.000000,6239.500000,6227.500000,6239.500000,6
2025-09-21 03:15,6239.000000,6239.000000,6239.000000,6239.000000,3
2025-09-21 03:30,6230.000000,6238.000000,6229.500000,6229.500000,7
2025-09-21 03:45,6238.000000,6238.000000,6229.500000,6229.500000,14
2025-09-21 04:00,6238.000000,6238.000000,6228.000000,6228.000000,11
2025-09-21 04:15,6228.000000,6238.000000,6228.000000,6228.500000,40
2025-09-21 04:30,6228.500000,6238.000000,6227.000000,6231.000000,116
2025-09-21 04:45,6238.000000,6238.000000,6228.000000,6237.500000,22
2025-09-21 05:00,6237.500000,6238.000000,6237.500000,6238.000000,17
2025-09-21 05:15,6238.000000,6238.000000,6228.000000,6228.000000,40
2025-09-21 05:30,6228.000000,6238.000000,6228.000000,6237.000000,89
2025-09-21 05:45,6237.000000,6237.000000,6228.500000,6228.500000,31
2025-09-21 06:00,6228.500000,6237.000000,6228.000000,6235.000000,28
2025-09-21 06:15,6235.000000,6238.500000,6228.500000,6238.500000,108
2025-09-21 06:30,6230.000000,6239.000000,6230.000000,6239.000000,42
2025-09-21 06:45,6239.000000,6239.000000,6231.000000,6238.000000,17
2025-09-21 07:00,6232.000000,6238.500000,6232.000000,6233.000000,26
2025-09-21 07:15,6234.000000,6242.000000,6231.000000,6242.000000,117
2025-09-21 07:30,6233.000000,6243.500000,6232.500000,6233.500000,42
2025-09-21 07:45,6233.500000,6241.000000,6233.000000,6240.500000,57
2025-09-21 08:00,6240.000000,6240.500000,6233.000000,6240.500000,94
2025-09-21 08:15,6240.500000,6242.000000,6232.000000,6232.000000,34
2025-09-21 08:30,6232.000000,6242.000000,6232.000000,6232.500000,71
2025-09-21 08:45,6242.000000,6242.500000,6232.000000,6232.000000,47
2025-09-21 09:00,6243.500000,6243.500000,6232.000000,6242.000000,32
2025-09-21 09:15,6242.000000,6242.500000,6236.000000,6242.500000,56
2025-09-21 09:30,6242.000000,6242.000000,6233.000000,6233.500000,49
2025-09-21 09:45,6241.000000,6242.000000,6233.000000,6242.000000,37
2025-09-21 10:00,6242.000000,6242.000000,6233.500000,6234.000000,52
2025-09-21 10:15,6234.000000,6242.500000,6233.500000,6242.000000,99
2025-09-21 10:30,6242.000000,6243.000000,6234.000000,6243.000000,232
2025-09-21 10:45,6242.500000,6243.500000,6234.000000,6234.000000,67
2025-09-21 11:00,6234.000000,6242.500000,6234.000000,6242.500000,127
2025-09-21 11:15,6234.500000,6242.500000,6231.000000,6231.000000,527
2025-09-21 11:30,6231.000000,6242.000000,6231.000000,6232.000000,24
2025-09-21 11:45,6241.500000,6241.500000,6233.000000,6241.500000,34
2025-09-21 12:00,6241.500000,6241.500000,6232.000000,6241.000000,31
2025-09-21 12:15,6234.000000,6241.000000,6228.000000,6228.000000,331
2025-09-21 12:30,6239.000000,6240.000000,6228.000000,6239.500000,73
2025-09-21 12:45,6239.500000,6240.000000,6228.500000,6229.000000,83
2025-09-21 13:00,6229.000000,6240.000000,6229.000000,6240.000000,57
2025-09-21 13:15,6239.000000,6239.500000,6230.500000,6239.000000,60
2025-09-21 13:30,6239.000000,6239.000000,6230.500000,6239.000000,65
2025-09-21 13:45,6238.500000,6239.000000,6231.000000,6231.000000,15
2025-09-21 14:00,6239.000000,6239.000000,6231.000000,6239.000000,60
2025-09-21 14:15,6231.500000,6239.000000,6231.000000,6239.000000,26
2025-09-21 14:30,6231.000000,6239.000000,6231.000000,6231.000000,87
2025-09-21 14:45,6239.000000,6239.000000,6231.000000,6238.500000,66
2025-09-21 15:00,6238.000000,6238.000000,6230.000000,6237.000000,64
2025-09-21 15:15,6235.000000,6237.000000,6228.500000,6236.500000,49
2025-09-21 15:30,6237.000000,6237.000000,6228.500000,6228.500000,30
2025-09-21 15:45,6228.500000,6237.500000,6228.500000,6230.000000,24
2025-09-21 16:00,6236.000000,6236.000000,6230.000000,6230.000000,18
2025-09-21 16:15,6236.000000,6237.500000,6230.000000,6230.000000,38
2025-09-21 16:30,6235.000000,6235.000000,6229.000000,6235.000000,40
2025-09-21 16:45,6235.000000,6238.500000,6229.000000,6229.500000,30
2025-09-21 17:00,6229.500000,6238.000000,6228.000000,6229.000000,157
2025-09-21 17:15,6234.000000,6235.000000,6228.000000,6235.000000,56
2025-09-21 17:30,6228.500000,6235.000000,6228.000000,6234.000000,38
2025-09-21 17:45,6234.500000,6235.000000,6229.000000,6235.000000,36
2025-09-21 18:00,6229.500000,6234.500000,6227.000000,6227.500000,95
2025-09-21 18:15,6234.000000,6234.000000,6227.000000,6227.500000,35
2025-09-21 18:30,6227.000000,6234.500000,6227.000000,6234.500000,35
2025-09-21 18:45,6234.000000,6235.000000,6227.000000,6234.500000,78
2025-09-21 19:00,6235.000000,6235.500000,6227.500000,6235.500000,52
2025-09-21 19:15,6235.500000,6235.500000,6227.500000,6235.500000,36
2025-09-21 19:30,6235.000000,6238.000000,6228.000000,6228.000000,74
2025-09-21 19:45,6235.000000,6236.000000,6226.000000,6226.000000,215
2025-09-21 20:00,6235.000000,6236.500000,6226.000000,6236.000000,26
2025-09-21 20:15,6236.000000,6238.500000,6236.000000,6238.000000,216
2025-09-21 20:30,6237.500000,6237.500000,6228.000000,6237.000000,40
2025-09-21 20:45,6237.000000,6237.000000,6228.000000,6228.000000,13
2025-09-22 03:45,6238.500000,6238.500000,6238.500000,6238.500000,248
2025-09-22 04:00,6238.500000,6245.000000,6201.000000,6210.000000,11798
2025-09-22 04:15,6213.000000,6228.500000,6213.000000,6226.000000,2581
2025-09-22 04:30,6226.500000,6233.000000,6224.500000,6233.000000,1557
2025-09-22 04:45,6232.000000,6233.000000,6221.000000,6222.500000,1129
2025-09-22 05:00,6222.500000,6236.500000,6220.000000,6236.000000,1536
2025-09-22 05:15,6235.500000,6238.500000,6233.000000,6238.000000,3206
2025-09-22 05:30,6238.000000,6243.000000,6234.000000,6236.000000,3202
2025-09-22 05:45,6236.000000,6241.500000,6230.000000,6241.000000,2714
2025-09-22 06:00,6241.000000,6241.000000,6221.000000,6232.500000,3974
2025-09-22 06:15,6233.000000,6233.000000,6214.500000,6216.000000,2233
2025-09-22 06:30,6217.000000,6231.000000,6213.500000,6225.000000,7102
2025-09-22 06:45,6225.000000,6230.000000,6214.000000,6215.500000,3235
2025-09-22 07:00,6215.000000,6228.500000,6212.000000,6213.500000,11018
2025-09-22 07:15,6213.500000,6215.500000,6166.500000,6176.500000,48148
2025-09-22 07:30,6176.500000,6176.500000,6157.000000,6170.000000,26175
2025-09-22 07:45,6170.000000,6186.000000,6169.500000,6181.500000,23544
2025-09-22 08:00,6180.500000,6195.000000,6180.000000,6186.000000,18152
2025-09-22 08:15,6184.000000,6187.000000,6178.500000,6181.500000,8547
2025-09-22 08:30,6181.500000,6182.000000,6178.500000,6179.500000,4595
2025-09-22 08:45,6179.500000,6179.500000,6162.500000,6177.500000,15575
2025-09-22 09:00,6177.000000,6178.500000,6160.500000,6163.500000,14067
2025-09-22 09:15,6164.000000,6177.500000,6164.000000,6175.500000,5396
2025-09-22 09:30,6175.500000,6187.000000,6170.000000,6178.000000,9045
2025-09-22 09:45,6178.500000,6178.500000,6160.000000,6167.000000,24151
2025-09-22 10:00,6167.000000,6172.500000,6150.000000,6151.000000,30117
2025-09-22 10:15,6151.000000,6167.000000,6150.000000,6166.000000,13666
2025-09-22 10:30,6166.000000,6176.000000,6156.000000,6175.000000,7523
2025-09-22 10:45,6176.000000,6187.500000,6169.500000,6183.500000,9789
2025-09-22 11:00,6182.500000,6190.500000,6175.000000,6180.500000,7234
2025-09-22 11:15,6181.000000,6195.000000,6170.000000,6170.500000,19310
2025-09-22 11:30,6170.000000,6179.000000,6166.000000,6171.500000,7973
2025-09-22 11:45,6171.500000,6231.500000,6165.000000,6192.000000,57875
2025-09-22 12:00,6192.000000,6210.500000,6192.000000,6201.500000,21206
2025-09-22 12:15,6201.000000,6210.000000,6190.500000,6196.000000,11873
2025-09-22 12:30,6196.000000,6205.000000,6180.500000,6185.000000,10651
2025-09-22 12:45,6185.000000,6192.500000,6177.000000,6177.000000,6851
2025-09-22 13:00,6177.500000,6180.500000,6166.500000,6177.000000,6739
2025-09-22 13:15,6178.000000,6178.000000,6167.000000,6175.000000,7416
2025-09-22 13:30,6175.500000,6176.000000,6155.500000,6157.500000,13427
2025-09-22 13:45,6158.000000,6161.500000,6152.000000,6152.500000,8854
2025-09-22 14:00,6152.000000,6154.000000,6141.000000,6144.000000,18732
2025-09-22 14:15,6144.000000,6175.000000,6135.500000,6171.000000,20583
2025-09-22 14:30,6170.500000,6189.000000,6159.500000,6188.500000,19744
2025-09-22 14:45,6188.000000,6207.500000,6187.500000,6199.500000,16366
2025-09-22 15:00,6199.500000,6240.000000,6199.500000,6225.000000,29322
2025-09-22 15:15,6225.000000,6230.000000,6206.000000,6206.500000,17749
2025-09-22 15:30,6207.000000,6210.000000,6201.500000,6209.000000,6792
2025-09-22 15:45,6218.500000,6218.500000,6218.500000,6218.500000,1866
2025-09-22 16:00,6216.000000,6230.000000,6209.000000,6220.000000,8776
2025-09-22 16:15,6219.500000,6225.500000,6210.500000,6216.500000,5930
2025-09-22 16:30,6216.000000,6222.500000,6215.000000,6216.500000,994
2025-09-22 16:45,6216.500000,6222.000000,6214.500000,6222.000000,853
2025-09-22 17:00,6221.500000,6230.000000,6221.500000,6229.000000,4236
2025-09-22 17:15,6229.000000,6229.500000,6209.500000,6215.500000,3266
2025-09-22 17:30,6216.000000,6228.500000,6211.000000,6227.000000,2019
2025-09-22 17:45,6227.000000,6263.000000,6226.500000,6251.000000,18063
2025-09-22 18:00,6251.500000,6279.500000,6251.500000,6267.000000,15577
2025-09-22 18:15,6267.000000,6275.500000,6266.500000,6271.000000,2295
2025-09-22 18:30,6271.500000,6272.000000,6263.500000,6271.000000,3086
2025-09-22 18:45,6271.000000,6276.500000,6270.000000,6273.000000,2526
2025-09-22 19:00,6273.500000,6275.500000,6263.500000,6268.000000,1527
2025-09-22 19:15,6268.500000,6271.000000,6267.000000,6270.000000,2401
2025-09-22 19:30,6269.500000,6272.000000,6268.000000,6269.500000,1062
2025-09-22 19:45,6269.500000,6271.000000,6264.000000,6264.500000,1718
2025-09-22 20:00,6264.500000,6267.000000,6261.000000,6261.000000,1188
2025-09-22 20:15,6262.000000,6270.000000,6260.500000,6269.500000,3293
2025-09-22 20:30,6270.000000,6271.500000,6261.500000,6268.000000,2381
2025-09-22 20:45,6268.500000,6269.000000,6264.000000,6268.500000,251
2025-09-23 03:45,6273.500000,6273.500000,6273.500000,6273.500000,100
2025-09-23 04:00,6273.500000,6298.500000,6257.500000,6287.500000,13574
2025-09-23 04:15,6289.000000,6291.500000,6280.500000,6281.000000,8363
2025-09-23 04:30,6280.500000,6291.000000,6280.500000,6284.500000,1987
2025-09-23 04:45,6284.000000,6284.500000,6273.000000,6274.500000,6723
2025-09-23 05:00,6274.500000,6278.500000,6271.500000,6278.500000,1311
2025-09-23 05:15,6278.500000,6278.500000,6272.500000,6272.500000,2506
2025-09-23 05:30,6272.500000,6273.000000,6270.000000,6273.000000,2605
2025-09-23 05:45,6271.000000,6271.000000,6262.500000,6264.000000,6425
2025-09-23 06:00,6266.500000,6266.500000,6253.500000,6259.500000,3277
2025-09-23 06:15,6260.000000,6263.500000,6254.500000,6263.500000,6206
2025-09-23 06:30,6264.000000,6280.000000,6264.000000,6275.500000,6647
2025-09-23 06:45,6275.000000,6281.000000,6272.000000,6277.000000,3406
2025-09-23 07:00,6276.000000,6276.000000,6244.000000,6257.000000,17332
2025-09-23 07:15,6258.000000,6260.000000,6246.000000,6248.000000,7018
2025-09-23 07:30,6249.000000,6263.000000,6245.000000,6245.500000,6855
2025-09-23 07:45,6245.500000,6245.500000,6224.500000,6233.500000,13685
2025-09-23 08:00,6233.500000,6237.500000,6212.000000,6219.000000,12220
2025-09-23 08:15,6218.000000,6232.000000,6217.000000,6228.500000,5483
2025-09-23 08:30,6228.500000,6263.000000,6228.500000,6259.500000,13807
2025-09-23 08:45,6259.500000,6277.000000,6258.500000,6271.000000,12496
2025-09-23 09:00,6271.000000,6280.000000,6268.500000,6270.000000,7213
2025-09-23 09:15,6269.500000,6281.000000,6265.000000,6281.000000,12026
2025-09-23 09:30,6281.000000,6289.500000,6270.000000,6275.000000,13536
2025-09-23 09:45,6275.000000,6284.000000,6270.000000,6282.000000,6056
2025-09-23 10:00,6282.000000,6285.000000,6266.000000,6273.000000,5482
2025-09-23 10:15,6273.500000,6276.500000,6265.000000,6268.500000,5311
2025-09-23 10:30,6269.000000,6275.000000,6265.000000,6275.000000,4350
2025-09-23 10:45,6274.000000,6279.500000,6270.000000,6274.500000,3258
2025-09-23 11:00,6276.000000,6292.500000,6272.500000,6292.000000,9633
2025-09-23 11:15,6292.000000,6293.500000,6282.500000,6289.000000,6121
2025-09-23 11:30,6289.000000,6292.500000,6277.500000,6278.000000,4088
2025-09-23 11:45,6278.000000,6283.500000,6275.000000,6281.500000,4451
2025-09-23 12:00,6282.000000,6284.000000,6275.500000,6275.500000,4128
2025-09-23 12:15,6275.500000,6275.500000,6260.000000,6266.000000,7638
2025-09-23 12:30,6267.500000,6267.500000,6250.500000,6266.000000,8049
2025-09-23 12:45,6265.500000,6270.000000,6260.500000,6270.000000,2345
2025-09-23 13:00,6270.000000,6276.500000,6266.500000,6270.500000,3013
2025-09-23 13:15,6271.000000,6279.500000,6268.000000,6277.500000,11209
2025-09-23 13:30,6278.000000,6279.000000,6259.500000,6266.000000,10475
2025-09-23 13:45,6266.000000,6269.000000,6258.000000,6265.000000,6110
2025-09-23 14:00,6266.000000,6272.000000,6236.000000,6249.000000,17561
2025-09-23 14:15,6249.500000,6253.500000,6230.500000,6233.500000,13751
2025-09-23 14:30,6233.500000,6236.000000,6224.000000,6226.000000,21439
2025-09-23 14:45,6225.500000,6247.000000,6225.500000,6245.000000,8222
2025-09-23 15:00,6245.000000,6255.000000,6237.500000,6244.000000,7538
2025-09-23 15:15,6243.500000,6250.000000,6237.500000,6249.500000,5850
2025-09-23 15:30,6248.500000,6253.500000,6247.000000,6253.000000,3441
2025-09-23 15:45,6253.000000,6253.000000,6253.000000,6253.000000,290
2025-09-23 16:00,6253.000000,6253.500000,6236.500000,6236.500000,1561
2025-09-23 16:15,6239.000000,6239.000000,6226.500000,6230.500000,3565
2025-09-23 16:30,6231.000000,6235.000000,6222.000000,6224.000000,8356
2025-09-23 16:45,6224.000000,6229.500000,6223.000000,6224.000000,1494
2025-09-23 17:00,6224.000000,6232.500000,6223.000000,6228.000000,2381
2025-09-23 17:15,6228.500000,6229.500000,6224.500000,6228.000000,648
2025-09-23 17:30,6228.000000,6228.000000,6215.500000,6217.500000,6096
2025-09-23 17:45,6218.500000,6220.500000,6215.000000,6215.000000,1913
2025-09-23 18:00,6215.500000,6215.500000,6211.000000,6215.000000,3439
2025-09-23 18:15,6214.500000,6226.500000,6214.500000,6226.000000,2779
2025-09-23 18:30,6226.000000,6226.000000,6216.500000,6218.500000,1793
2025-09-23 18:45,6218.500000,6221.000000,6175.000000,6183.000000,20823
2025-09-23 19:00,6181.500000,6181.500000,6111.500000,6132.500000,59022
2025-09-23 19:15,6132.500000,6162.500000,6120.500000,6149.000000,26568
2025-09-23 19:30,6149.000000,6163.500000,6133.000000,6134.500000,24627
2025-09-23 19:45,6134.000000,6152.500000,6120.500000,6124.500000,15511
2025-09-23 20:00,6124.000000,6144.500000,6120.000000,6135.000000,14434
2025-09-23 20:15,6132.500000,6155.000000,6127.000000,6153.000000,8479
2025-09-23 20:30,6152.000000,6155.000000,6148.000000,6151.500000,6140
2025-09-23 20:45,6152.000000,6153.000000,6130.000000,6140.000000,4623
2025-09-24 03:45,6140.500000,6140.500000,6140.500000,6140.500000,278
2025-09-24 04:00,6150.000000,6161.000000,6124.500000,6137.000000,16924
2025-09-24 04:15,6140.000000,6151.500000,6133.500000,6145.500000,3747
2025-09-24 04:30,6144.000000,6156.000000,6143.000000,6146.000000,3967
2025-09-24 04:45,6145.000000,6156.000000,6141.000000,6156.000000,3867
2025-09-24 05:00,6156.000000,6156.000000,6142.000000,6142.000000,2333
2025-09-24 05:15,6143.000000,6144.000000,6140.000000,6143.500000,1844
2025-09-24 05:30,6143.500000,6144.500000,6131.000000,6132.500000,2449
2025-09-24 05:45,6132.000000,6140.000000,6131.000000,6136.500000,1877
2025-09-24 06:00,6136.000000,6136.000000,6077.500000,6092.500000,35762
2025-09-24 06:15,6093.500000,6110.000000,6083.000000,6105.500000,15403
2025-09-24 06:30,6105.500000,6110.500000,6092.000000,6092.000000,12149
2025-09-24 06:45,6092.000000,6118.000000,6084.000000,6095.000000,13670
2025-09-24 07:00,6095.000000,6115.000000,6070.500000,6113.500000,43298
2025-09-24 07:15,6114.500000,6140.000000,6101.000000,6137.000000,33053
2025-09-24 07:30,6137.500000,6149.500000,6132.000000,6146.000000,22261
2025-09-24 07:45,6146.500000,6159.000000,6140.000000,6158.500000,12619
2025-09-24 08:00,6158.000000,6167.500000,6146.000000,6148.000000,20806
2025-09-24 08:15,6148.500000,6178.000000,6148.500000,6168.500000,20945
2025-09-24 08:30,6169.000000,6177.000000,6152.000000,6155.000000,22732
2025-09-24 08:45,6155.500000,6170.500000,6147.000000,6165.500000,12520
2025-09-24 09:00,6165.500000,6167.000000,6153.500000,6155.500000,6508
2025-09-24 09:15,6156.000000,6163.500000,6127.000000,6133.000000,20943
2025-09-24 09:30,6132.000000,6157.500000,6132.000000,6154.000000,12053
2025-09-24 09:45,6154.000000,6165.500000,6143.000000,6161.000000,23863
2025-09-24 10:00,6160.000000,6165.000000,6142.500000,6146.500000,13722
2025-09-24 10:15,6147.500000,6156.000000,6146.000000,6153.500000,5700
2025-09-24 10:30,6153.500000,6155.000000,6136.000000,6154.500000,6673
2025-09-24 10:45,6154.000000,6154.500000,6140.000000,6142.000000,3213
2025-09-24 11:00,6142.500000,6145.000000,6136.000000,6143.000000,5733
2025-09-24 11:15,6143.500000,6155.000000,6138.000000,6146.500000,8211
2025-09-24 11:30,6148.000000,6155.000000,6146.500000,6153.000000,4884
2025-09-24 11:45,6153.000000,6180.500000,6151.000000,6178.500000,23873
2025-09-24 12:00,6178.500000,6193.500000,6177.000000,6189.500000,18075
2025-09-24 12:15,6189.000000,6191.000000,6178.000000,6182.000000,7562
2025-09-24 12:30,6182.500000,6209.000000,6182.500000,6199.500000,19072
2025-09-24 12:45,6199.500000,6200.000000,6188.000000,6200.000000,5444
2025-09-24 13:00,6198.500000,6239.000000,6189.000000,6221.500000,34459
2025-09-24 13:15,6222.000000,6223.000000,6206.500000,6215.500000,11831
2025-09-24 13:30,6216.000000,6219.500000,6205.500000,6216.000000,11371
2025-09-24 13:45,6216.000000,6224.500000,6215.000000,6222.500000,13645
2025-09-24 14:00,6223.000000,6224.500000,6212.000000,6214.000000,8417
2025-09-24 14:15,6213.000000,6223.000000,6185.000000,6192.500000,17309
2025-09-24 14:30,6188.500000,6200.500000,6179.000000,6183.500000,12646
2025-09-24 14:45,6184.000000,6211.500000,6184.000000,6191.000000,10911
2025-09-24 15:00,6190.500000,6198.000000,6179.500000,6182.000000,10887
2025-09-24 15:15,6182.000000,6197.000000,6179.000000,6185.500000,9445
2025-09-24 15:30,6184.500000,6184.500000,6178.000000,6183.500000,3206
2025-09-24 15:45,6190.500000,6190.500000,6190.500000,6190.500000,1835
2025-09-24 16:00,6191.000000,6191.000000,6184.500000,6188.500000,1549
2025-09-24 16:15,6188.500000,6188.500000,6172.500000,6178.500000,3595
2025-09-24 16:30,6178.000000,6185.000000,6175.000000,6178.500000,1627
2025-09-24 16:45,6178.000000,6190.000000,6176.500000,6183.500000,3543
2025-09-24 17:00,6189.000000,6190.000000,6184.000000,6188.500000,9667
2025-09-24 17:15,6188.500000,6190.000000,6175.000000,6182.500000,4299
2025-09-24 17:30,6183.000000,6186.500000,6176.500000,6181.500000,1244
2025-09-24 17:45,6182.000000,6184.500000,6178.500000,6181.000000,1566
2025-09-24 18:00,6179.000000,6189.500000,6178.000000,6187.000000,1253
2025-09-24 18:15,6187.000000,6190.000000,6185.000000,6188.500000,1452
2025-09-24 18:30,6188.500000,6190.000000,6187.000000,6189.500000,1732
2025-09-24 18:45,6190.000000,6190.000000,6177.000000,6184.500000,3734
2025-09-24 19:00,6185.000000,6189.500000,6180.500000,6183.000000,1242
2025-09-24 19:15,6184.000000,6187.500000,6182.500000,6186.500000,790
2025-09-24 19:30,6187.000000,6189.000000,6185.000000,6187.500000,1077
2025-09-24 19:45,6187.500000,6190.000000,6186.500000,6190.000000,1524
2025-09-24 20:00,6190.000000,6190.000000,6188.500000,6188.500000,2951
2025-09-24 20:15,6189.000000,6190.000000,6186.500000,6189.000000,1610
2025-09-24 20:30,6189.000000,6190.000000,6183.000000,6188.500000,1615
2025-09-24 20:45,6188.000000,6190.000000,6186.000000,6189.000000,1227
2025-09-25 03:45,6190.000000,6190.000000,6190.000000,6190.000000,267
2025-09-25 04:00,6197.000000,6197.000000,6180.500000,6189.500000,2352
2025-09-25 04:15,6189.500000,6190.000000,6189.000000,6190.000000,967
2025-09-25 04:30,6190.000000,6190.000000,6188.000000,6189.500000,1178
2025-09-25 04:45,6189.500000,6190.000000,6188.000000,6190.000000,1434
2025-09-25 05:00,6190.000000,6190.000000,6185.000000,6190.000000,1407
2025-09-25 05:15,6190.000000,6190.000000,6185.500000,6185.500000,626
2025-09-25 05:30,6188.500000,6188.500000,6183.500000,6185.000000,1209
2025-09-25 05:45,6186.500000,6188.500000,6183.000000,6186.500000,1066
2025-09-25 06:00,6185.000000,6185.000000,6164.000000,6173.000000,6781
2025-09-25 06:15,6173.000000,6183.500000,6168.000000,6181.000000,2855
2025-09-25 06:30,6181.000000,6190.000000,6180.500000,6185.500000,4615
2025-09-25 06:45,6186.000000,6209.500000,6183.500000,6203.000000,7986
2025-09-25 07:00,6203.000000,6203.000000,6181.000000,6189.500000,11542
2025-09-25 07:15,6189.500000,6190.000000,6172.500000,6173.000000,4141
2025-09-25 07:30,6173.000000,6181.000000,6157.500000,6175.500000,10568
2025-09-25 07:45,6178.000000,6180.000000,6164.500000,6167.000000,4420
2025-09-25 08:00,6167.000000,6168.000000,6129.000000,6141.000000,23630
2025-09-25 08:15,6140.500000,6153.000000,6137.500000,6146.000000,17594
2025-09-25 08:30,6148.000000,6164.500000,6145.000000,6151.000000,21434
2025-09-25 08:45,6151.000000,6157.500000,6145.000000,6153.000000,9343
2025-09-25 09:00,6153.000000,6154.000000,6144.000000,6146.500000,5823
2025-09-25 09:15,6146.500000,6180.000000,6146.500000,6178.500000,10969
2025-09-25 09:30,6178.000000,6178.000000,6160.500000,6165.000000,5515
2025-09-25 09:45,6167.000000,6176.500000,6164.000000,6169.500000,1766
2025-09-25 10:00,6169.500000,6173.500000,6166.500000,6170.500000,2972
2025-09-25 10:15,6171.000000,6171.000000,6157.500000,6166.500000,3806
2025-09-25 10:30,6167.500000,6178.500000,6167.000000,6175.000000,10685
2025-09-25 10:45,6175.000000,6176.000000,6166.000000,6166.000000,3695
2025-09-25 11:00,6165.000000,6167.500000,6161.500000,6166.500000,3138
2025-09-25 11:15,6166.000000,6178.000000,6166.000000,6172.500000,3334
2025-09-25 11:30,6172.500000,6175.500000,6169.500000,6175.500000,1362
2025-09-25 11:45,6175.500000,6186.000000,6175.000000,6185.500000,3824
2025-09-25 12:00,6185.500000,6189.000000,6177.500000,6181.000000,4698
2025-09-25 12:15,6181.000000,6182.000000,6165.000000,6168.000000,2735
2025-09-25 12:30,6168.000000,6168.000000,6165.000000,6168.000000,7159
2025-09-25 12:45,6167.500000,6168.000000,6165.000000,6166.000000,7535
2025-09-25 13:00,6166.500000,6168.000000,6165.000000,6168.000000,3126
2025-09-25 13:15,6168.000000,6168.000000,6165.000000,6166.000000,2762
2025-09-25 13:30,6167.000000,6168.000000,6154.500000,6156.000000,6372
2025-09-25 13:45,6156.000000,6164.000000,6155.000000,6157.000000,2670
2025-09-25 14:00,6156.500000,6164.500000,6156.500000,6162.500000,953
2025-09-25 14:15,6163.000000,6164.000000,6160.500000,6163.500000,2207
2025-09-25 14:30,6163.500000,6164.000000,6161.500000,6162.000000,5261
2025-09-25 14:45,6162.000000,6162.000000,6161.000000,6162.000000,5948
2025-09-25 15:00,6161.500000,6162.000000,6155.000000,6156.000000,8015
2025-09-25 15:15,6156.000000,6156.000000,6139.000000,6139.000000,14476
2025-09-25 15:30,6139.000000,6139.500000,6129.000000,6134.500000,6019
2025-09-25 15:45,6149.500000,6149.500000,6149.500000,6149.500000,8144
2025-09-25 16:00,6144.000000,6168.000000,6130.000000,6136.000000,12783
2025-09-25 16:15,6136.500000,6143.000000,6108.000000,6121.000000,17472
2025-09-25 16:30,6121.000000,6125.000000,6120.000000,6120.500000,4921
2025-09-25 16:45,6121.000000,6129.000000,6113.500000,6129.000000,4926
2025-09-25 17:00,6130.500000,6136.000000,6129.000000,6130.500000,1570
2025-09-25 17:15,6131.000000,6131.500000,6121.000000,6122.000000,4156
2025-09-25 17:30,6122.000000,6135.500000,6122.000000,6135.500000,3895
2025-09-25 17:45,6135.500000,6139.500000,6130.500000,6131.000000,2711
2025-09-25 18:00,6131.000000,6131.000000,6123.500000,6130.000000,1418
2025-09-25 18:15,6130.500000,6135.000000,6123.500000,6123.500000,1703
2025-09-25 18:30,6123.500000,6123.500000,6114.000000,6119.500000,3988
2025-09-25 18:45,6119.500000,6119.500000,6118.000000,6119.500000,2454
2025-09-25 19:00,6119.000000,6119.500000,6118.000000,6119.500000,1125
2025-09-25 19:15,6119.500000,6135.000000,6118.500000,6133.000000,7669
2025-09-25 19:30,6132.500000,6132.500000,6120.000000,6127.000000,2057
2025-09-25 19:45,6126.500000,6130.000000,6121.500000,6123.000000,943
2025-09-25 20:00,6122.000000,6131.000000,6121.000000,6124.000000,1841
2025-09-25 20:15,6123.500000,6124.500000,6120.000000,6120.500000,1202
2025-09-25 20:30,6120.500000,6125.000000,6120.000000,6122.000000,1289
2025-09-25 20:45,6122.500000,6129.000000,6122.000000,6123.000000,373
2025-09-26 03:45,6123.000000,6123.000000,6123.000000,6123.000000,293
2025-09-26 04:00,6136.000000,6136.000000,6120.000000,6130.000000,2415
2025-09-26 04:15,6129.500000,6132.000000,6116.500000,6116.500000,2094
2025-09-26 04:30,6118.000000,6119.500000,6100.500000,6104.000000,4650
2025-09-26 04:45,6104.000000,6107.000000,6090.500000,6103.000000,8057
2025-09-26 05:00,6103.500000,6115.500000,6100.500000,6115.000000,2490
2025-09-26 05:15,6114.500000,6130.000000,6114.500000,6125.500000,4523
2025-09-26 05:30,6124.000000,6128.500000,6121.000000,6124.000000,888
2025-09-26 05:45,6124.500000,6124.500000,6120.000000,6120.000000,2029
2025-09-26 06:00,6120.000000,6140.000000,6120.000000,6140.000000,10225
2025-09-26 06:15,6140.000000,6143.000000,6132.000000,6134.000000,4547
2025-09-26 06:30,6134.000000,6137.000000,6132.000000,6136.000000,2929
2025-09-26 06:45,6136.000000,6165.000000,6135.500000,6143.500000,9647
2025-09-26 07:00,6144.000000,6147.000000,6131.500000,6135.000000,8949
2025-09-26 07:15,6135.000000,6137.000000,6113.000000,6127.000000,14565
2025-09-26 07:30,6127.000000,6129.000000,6114.500000,6116.000000,10824
2025-09-26 07:45,6116.000000,6135.000000,6112.500000,6128.000000,9648
2025-09-26 08:00,6128.500000,6137.500000,6128.000000,6131.000000,13353
2025-09-26 08:15,6131.000000,6136.000000,6126.000000,6128.000000,3194
2025-09-26 08:30,6127.500000,6149.500000,6123.000000,6143.500000,7143
2025-09-26 08:45,6143.000000,6149.000000,6134.500000,6135.500000,8265
2025-09-26 09:00,6135.500000,6144.000000,6134.500000,6143.000000,3075
2025-09-26 09:15,6143.000000,6150.000000,6142.500000,6146.500000,7344
2025-09-26 09:30,6146.500000,6157.000000,6144.000000,6157.000000,9364
2025-09-26 09:45,6157.000000,6170.000000,6149.500000,6165.500000,21622
2025-09-26 10:00,6166.000000,6168.000000,6154.000000,6154.500000,10756
2025-09-26 10:15,6154.500000,6159.500000,6152.000000,6152.000000,7134
2025-09-26 10:30,6152.500000,6154.000000,6147.000000,6150.000000,6824
2025-09-26 10:45,6150.500000,6153.500000,6146.000000,6153.000000,4494
2025-09-26 11:00,6153.500000,6153.500000,6150.000000,6150.000000,4920
2025-09-26 11:15,6150.500000,6154.500000,6150.000000,6154.000000,3497
2025-09-26 11:30,6154.000000,6155.500000,6142.000000,6149.500000,10209
2025-09-26 11:45,6151.000000,6155.000000,6146.000000,6152.500000,3563
2025-09-26 12:00,6152.000000,6153.500000,6145.500000,6149.500000,2038
2025-09-26 12:15,6149.500000,6149.500000,6130.500000,6138.500000,13217
2025-09-26 12:30,6137.500000,6150.000000,6133.000000,6135.000000,9279
2025-09-26 12:45,6135.000000,6144.500000,6132.500000,6141.000000,15982
2025-09-26 13:00,6141.000000,6150.000000,6139.500000,6140.000000,5090
2025-09-26 13:15,6140.000000,6140.000000,6131.000000,6137.000000,2477
2025-09-26 13:30,6136.000000,6139.500000,6132.500000,6138.500000,3181
2025-09-26 13:45,6139.000000,6139.000000,6120.500000,6130.000000,8252
2025-09-26 14:00,6130.000000,6138.000000,6127.500000,6135.000000,6605
2025-09-26 14:15,6135.000000,6145.000000,6127.000000,6145.000000,12922
2025-09-26 14:30,6145.000000,6167.500000,6144.500000,6156.000000,28923
2025-09-26 14:45,6155.500000,6195.500000,6155.500000,6195.500000,22833
2025-09-26 15:00,6195.000000,6199.000000,6180.000000,6184.500000,22206
2025-09-26 15:15,6184.500000,6196.000000,6181.000000,6195.500000,13422
2025-09-26 15:30,6196.000000,6199.000000,6184.500000,6197.500000,23111
2025-09-26 15:45,6198.500000,6198.500000,6198.500000,6198.500000,1000
2025-09-26 16:00,6198.000000,6224.500000,6191.500000,6214.000000,14379
2025-09-26 16:15,6213.000000,6221.000000,6200.500000,6218.000000,7033
2025-09-26 16:30,6217.500000,6225.000000,6204.500000,6206.000000,10292
2025-09-26 16:45,6206.000000,6222.000000,6205.000000,6216.500000,3479
2025-09-26 17:00,6217.000000,6222.000000,6213.500000,6213.500000,2672
2025-09-26 17:15,6213.500000,6220.000000,6211.000000,6219.500000,3671
2025-09-26 17:30,6219.000000,6219.000000,6214.000000,6216.000000,1314
2025-09-26 17:45,6216.500000,6223.000000,6216.000000,6219.000000,6072
2025-09-26 18:00,6219.000000,6223.500000,6216.000000,6223.500000,2114
2025-09-26 18:15,6223.500000,6245.000000,6223.000000,6239.000000,12755
2025-09-26 18:30,6239.000000,6245.000000,6237.500000,6245.000000,1966
2025-09-26 18:45,6244.500000,6244.500000,6223.000000,6226.500000,10332
2025-09-26 19:00,6226.000000,6230.000000,6220.500000,6221.000000,1922
2025-09-26 19:15,6221.000000,6229.000000,6218.000000,6228.000000,1129
2025-09-26 19:30,6228.000000,6229.000000,6222.000000,6228.000000,1130
2025-09-26 19:45,6228.000000,6228.500000,6225.500000,6228.000000,443
2025-09-26 20:00,6228.000000,6233.000000,6223.500000,6229.000000,2919
2025-09-26 20:15,6228.500000,6235.000000,6226.000000,6234.000000,1859
2025-09-26 20:30,6234.500000,6239.500000,6231.000000,6239.000000,2857
2025-09-26 20:45,6238.500000,6238.500000,6225.000000,6228.000000,1268
2025-09-26 23:00,6208.000000,6227.500000,6191.500000,6200.500000,132
2025-09-26 23:15,6219.500000,6219.500000,6206.500000,6219.000000,7
2025-09-26 23:30,6219.000000,6219.000000,6210.500000,6210.500000,10
2025-09-26 23:45,6217.500000,6217.500000,6210.000000,6210.000000,18
2025-09-27 00:15,6210.000000,6220.500000,6210.000000,6220.500000,53
2025-09-27 00:30,6220.000000,6220.000000,6220.000000,6220.000000,3
2025-09-27 00:45,6220.000000,6220.000000,6220.000000,6220.000000,2
2025-09-27 01:00,6210.500000,6220.000000,6210.500000,6210.500000,5
2025-09-27 01:15,6220.000000,6221.000000,6211.000000,6211.000000,9
2025-09-27 01:30,6210.500000,6223.000000,6210.500000,6223.000000,4
2025-09-27 01:45,6211.000000,6211.000000,6207.500000,6209.500000,63
2025-09-27 02:00,6208.000000,6216.500000,6208.000000,6216.500000,6
2025-09-27 02:15,6216.500000,6225.000000,6208.000000,6225.000000,32
2025-09-27 02:30,6225.000000,6225.500000,6211.500000,6211.500000,15
2025-09-27 02:45,6224.500000,6225.500000,6208.500000,6212.000000,11
2025-09-27 03:00,6224.500000,6226.000000,6213.000000,6213.000000,15
2025-09-27 03:15,6225.500000,6226.000000,6207.500000,6226.000000,42
2025-09-27 03:30,6226.000000,6227.000000,6210.500000,6227.000000,35
2025-09-27 03:45,6213.000000,6227.000000,6211.500000,6226.000000,21
2025-09-27 04:00,6214.500000,6225.500000,6214.000000,6214.000000,33
2025-09-27 04:15,6214.000000,6227.000000,6212.000000,6226.000000,81
2025-09-27 04:30,6213.000000,6226.000000,6211.500000,6226.000000,34
2025-09-27 04:45,6225.500000,6226.000000,6212.500000,6215.000000,30
2025-09-27 05:00,6212.500000,6224.500000,6212.500000,6223.000000,50
2025-09-27 05:15,6222.000000,6222.000000,6215.500000,6221.000000,8
2025-09-27 05:30,6221.000000,6221.500000,6216.000000,6221.500000,9
2025-09-27 05:45,6216.500000,6221.500000,6213.500000,6221.500000,77
2025-09-27 06:00,6221.500000,6222.000000,6213.500000,6213.500000,68
2025-09-27 06:15,6221.000000,6222.000000,6212.000000,6212.000000,80
2025-09-27 06:30,6212.000000,6220.500000,6208.500000,6208.500000,22
2025-09-27 06:45,6228.000000,6228.000000,6228.000000,6228.000000,51
2025-09-27 07:00,6229.500000,6249.500000,6227.000000,6240.500000,2711
2025-09-27 07:15,6240.500000,6242.000000,6231.500000,6231.500000,717
2025-09-27 07:30,6235.500000,6239.500000,6228.500000,6233.000000,1273
2025-09-27 07:30,6235.500000,6239.500000,6228.500000,6233.000000,1273
2025-09-27 07:45,6233.000000,6238.000000,6228.500000,6236.500000,1083
2025-09-27 08:00,6236.500000,6239.000000,6233.500000,6235.000000,209
2025-09-27 08:15,6235.500000,6237.500000,6230.500000,6233.500000,146
2025-09-27 08:30,6233.500000,6233.500000,6230.000000,6231.500000,549
2025-09-27 08:45,6230.000000,6232.000000,6229.000000,6231.000000,129
2025-09-27 09:00,6232.000000,6233.000000,6231.000000,6232.500000,93
2025-09-27 09:15,6232.500000,6233.000000,6230.000000,6231.500000,526
2025-09-27 09:30,6232.000000,6233.000000,6232.000000,6232.000000,193
2025-09-27 09:45,6233.000000,6233.000000,6232.000000,6232.500000,260
2025-09-27 10:00,6231.500000,6233.000000,6229.500000,6230.000000,213
2025-09-27 10:15,6229.500000,6233.000000,6229.500000,6231.000000,542
2025-09-27 10:30,6231.000000,6232.000000,6230.000000,6231.500000,122
2025-09-27 10:45,6232.000000,6232.000000,6231.500000,6231.500000,158
2025-09-27 11:00,6231.500000,6232.000000,6231.500000,6232.000000,237
2025-09-27 11:15,6231.500000,6233.000000,6231.500000,6231.500000,383
2025-09-27 11:30,6231.500000,6231.500000,6230.500000,6231.500000,157
2025-09-27 11:45,6231.500000,6234.500000,6230.500000,6232.000000,215
2025-09-27 12:00,6232.000000,6233.500000,6231.500000,6232.000000,105
2025-09-27 12:15,6232.000000,6234.500000,6231.000000,6231.000000,196
2025-09-27 12:30,6231.000000,6233.000000,6229.000000,6229.000000,204
2025-09-27 12:45,6231.000000,6231.500000,6228.500000,6231.000000,253
2025-09-27 13:00,6230.000000,6232.000000,6229.500000,6230.500000,91
2025-09-27 13:15,6229.500000,6230.000000,6228.500000,6229.500000,339
2025-09-27 13:30,6228.500000,6231.500000,6228.000000,6228.000000,142
2025-09-27 13:45,6229.500000,6230.000000,6219.000000,6223.500000,1503
2025-09-27 14:00,6223.500000,6224.500000,6221.000000,6224.500000,136
2025-09-27 14:15,6224.500000,6227.500000,6220.000000,6223.000000,452
2025-09-27 14:30,6223.500000,6224.000000,6220.500000,6222.500000,350
2025-09-27 14:45,6223.000000,6224.000000,6222.000000,6223.500000,269
2025-09-27 15:00,6223.500000,6224.000000,6222.000000,6222.500000,244
2025-09-27 15:15,6223.500000,6224.000000,6222.500000,6224.000000,440
2025-09-27 15:30,6224.000000,6224.000000,6220.500000,6223.500000,546
2025-09-27 15:45,6223.500000,6224.000000,6221.500000,6221.500000,50
2025-09-27 16:00,6240.000000,6240.000000,6210.000000,6223.000000,40
2025-09-27 16:15,6223.500000,6223.500000,6217.500000,6220.000000,49
2025-09-27 16:30,6220.000000,6230.000000,6217.500000,6222.000000,30
2025-09-27 16:45,6229.000000,6231.500000,6218.500000,6220.000000,53
2025-09-27 17:00,6229.000000,6229.000000,6219.000000,6228.000000,38
2025-09-27 17:15,6228.000000,6228.500000,6218.500000,6228.500000,41
2025-09-27 17:30,6228.500000,6229.000000,6220.000000,6228.500000,32
2025-09-27 17:45,6221.000000,6227.500000,6219.500000,6225.500000,55
2025-09-27 18:00,6219.500000,6226.000000,6218.000000,6226.000000,45
2025-09-27 18:15,6226.000000,6226.000000,6218.000000,6218.000000,16
2025-09-27 18:30,6220.500000,6227.500000,6218.000000,6218.500000,46
2025-09-27 18:45,6218.500000,6230.000000,6218.500000,6230.000000,65
2025-09-27 19:00,6230.500000,6233.500000,6230.000000,6233.500000,26
2025-09-27 19:15,6233.000000,6251.000000,6230.000000,6245.000000,723
2025-09-27 19:30,6250.000000,6251.000000,6242.000000,6250.000000,50
2025-09-27 19:45,6250.000000,6250.000000,6241.500000,6241.500000,19
2025-09-27 20:00,6241.500000,6241.500000,6240.500000,6240.500000,14
2025-09-27 20:15,6240.500000,6242.000000,6240.000000,6240.000000,101
2025-09-27 20:30,6241.500000,6245.000000,6240.000000,6240.000000,16
2025-09-27 20:45,6240.000000,6246.000000,6240.000000,6246.000000,17
2025-09-27 23:00,6246.000000,6246.000000,6223.000000,6225.500000,18
2025-09-27 23:15,6234.500000,6234.500000,6234.500000,6234.500000,1
2025-09-27 23:30,6227.500000,6234.000000,6227.500000,6234.000000,5
2025-09-27 23:45,6234.000000,6245.500000,6234.000000,6244.500000,13
2025-09-28 00:00,6245.000000,6246.000000,6234.000000,6234.000000,13
2025-09-28 00:15,6245.500000,6246.000000,6233.500000,6233.500000,4
2025-09-28 00:30,6231.500000,6245.000000,6231.500000,6245.000000,8
2025-09-28 00:45,6235.500000,6244.500000,6235.500000,6244.500000,4
2025-09-28 01:00,6235.500000,6243.000000,6228.000000,6243.000000,11
2025-09-28 01:15,6243.000000,6244.500000,6232.500000,6244.500000,18
2025-09-28 01:30,6244.000000,6244.000000,6232.000000,6232.000000,3
2025-09-28 01:45,6243.500000,6243.500000,6232.000000,6232.000000,2
2025-09-28 02:00,6232.000000,6244.000000,6228.000000,6244.000000,36
2025-09-28 02:15,6231.500000,6232.000000,6230.000000,6230.000000,7
2025-09-28 02:30,6239.000000,6242.000000,6231.500000,6231.500000,8
2025-09-28 02:45,6243.000000,6245.000000,6234.000000,6234.000000,40
2025-09-28 03:00,6231.000000,6243.000000,6231.000000,6243.000000,11
2025-09-28 03:15,6232.000000,6243.000000,6232.000000,6243.000000,2
2025-09-28 03:30,6243.000000,6243.000000,6233.000000,6233.000000,2
2025-09-28 03:45,6233.000000,6246.000000,6201.000000,6201.000000,321
2025-09-28 04:00,6233.500000,6233.500000,6233.000000,6233.000000,3
2025-09-28 04:15,6223.500000,6230.500000,6212.500000,6218.000000,19
2025-09-28 04:30,6218.000000,6229.500000,6218.000000,6218.000000,4
2025-09-28 04:45,6229.000000,6230.000000,6218.000000,6220.000000,33
2025-09-28 05:00,6229.000000,6229.000000,6220.500000,6221.500000,15
2025-09-28 05:15,6228.000000,6228.000000,6220.500000,6220.500000,51
2025-09-28 05:30,6220.500000,6227.500000,6220.500000,6227.500000,5
2025-09-28 05:45,6227.500000,6228.000000,6221.000000,6221.000000,45
2025-09-28 06:00,6227.500000,6227.500000,6222.000000,6227.500000,15
2025-09-28 06:15,6227.500000,6227.500000,6222.500000,6227.500000,11
2025-09-28 06:30,6228.000000,6228.000000,6227.500000,6227.500000,20
2025-09-28 06:45,6222.500000,6222.500000,6222.500000,6222.500000,29
2025-09-28 07:00,6228.000000,6229.500000,6211.000000,6211.000000,847
2025-09-28 07:15,6212.000000,6221.000000,6207.500000,6219.500000,425
2025-09-28 07:30,6219.500000,6222.500000,6216.000000,6219.000000,170
2025-09-28 07:45,6217.500000,6224.000000,6214.500000,6223.500000,592
2025-09-28 08:00,6224.000000,6225.000000,6216.500000,6225.000000,1068
2025-09-28 08:15,6225.000000,6227.000000,6223.000000,6224.000000,551
2025-09-28 08:30,6224.000000,6226.000000,6224.000000,6224.000000,83
2025-09-28 08:45,6224.500000,6224.500000,6219.000000,6219.500000,138
2025-09-28 09:00,6219.000000,6219.000000,6213.000000,6215.500000,323
2025-09-28 09:15,6216.000000,6224.000000,6216.000000,6223.500000,427
2025-09-28 09:30,6220.000000,6220.000000,6216.500000,6218.500000,65
2025-09-28 09:45,6219.000000,6219.000000,6218.500000,6219.000000,51
2025-09-28 10:00,6219.500000,6220.000000,6218.500000,6219.000000,217
2025-09-28 10:15,6219.000000,6219.000000,6218.000000,6218.000000,140
2025-09-28 10:30,6218.500000,6219.500000,6216.000000,6218.500000,151
2025-09-28 10:45,6218.500000,6220.000000,6216.500000,6220.000000,542
2025-09-28 11:00,6220.000000,6222.500000,6211.500000,6216.500000,1336
2025-09-28 11:15,6213.000000,6219.500000,6211.000000,6219.000000,256
2025-09-28 11:30,6218.500000,6220.000000,6215.500000,6220.000000,65
2025-09-28 11:45,6218.000000,6219.500000,6216.000000,6218.000000,97
2025-09-28 12:00,6218.000000,6218.000000,6216.000000,6216.500000,95
2025-09-28 12:15,6216.500000,6216.500000,6215.000000,6216.500000,247
2025-09-28 12:30,6215.500000,6217.500000,6215.500000,6217.500000,122
2025-09-28 12:45,6216.500000,6218.500000,6216.000000,6217.500000,130
2025-09-28 13:00,6217.500000,6218.000000,6216.000000,6218.000000,146
2025-09-28 13:15,6218.000000,6218.000000,6216.500000,6217.500000,119
2025-09-28 13:30,6217.500000,6218.000000,6215.500000,6217.000000,231
2025-09-28 13:45,6216.000000,6217.000000,6211.000000,6211.000000,775
2025-09-28 14:00,6211.000000,6213.000000,6210.500000,6211.500000,515
2025-09-28 14:15,6211.500000,6211.500000,6211.000000,6211.500000,185
2025-09-28 14:30,6211.000000,6211.500000,6207.000000,6210.000000,833
2025-09-28 14:45,6210.000000,6216.500000,6210.000000,6216.500000,464
2025-09-28 15:00,6215.000000,6215.000000,6209.000000,6213.000000,304
2025-09-28 15:15,6211.000000,6213.000000,6209.000000,6213.000000,318
2025-09-28 15:30,6211.000000,6215.000000,6209.000000,6214.500000,427
2025-09-28 15:45,6214.500000,6221.500000,6209.000000,6221.000000,762
2025-09-28 16:00,6202.500000,6220.500000,6201.000000,6207.500000,55
2025-09-28 16:15,6217.500000,6219.000000,6207.000000,6211.000000,34
2025-09-28 16:30,6219.000000,6220.000000,6211.000000,6219.000000,33
2025-09-28 16:45,6211.500000,6219.500000,6211.000000,6219.000000,45
2025-09-28 17:00,6211.500000,6219.500000,6211.000000,6219.000000,59
2025-09-28 17:15,6212.000000,6220.000000,6209.000000,6209.000000,105
2025-09-28 17:30,6219.000000,6219.500000,6209.500000,6219.000000,27
2025-09-28 17:45,6219.000000,6219.500000,6211.500000,6211.500000,19
2025-09-28 18:00,6219.500000,6219.500000,6207.000000,6207.500000,54
2025-09-28 18:15,6219.000000,6219.000000,6207.500000,6207.500000,12
2025-09-28 18:30,6218.000000,6218.500000,6207.000000,6218.500000,20
2025-09-28 18:45,6212.500000,6219.000000,6207.000000,6218.500000,151
2025-09-28 19:00,6209.500000,6217.000000,6209.000000,6216.000000,23
2025-09-28 19:15,6215.000000,6218.500000,6209.000000,6210.500000,32
2025-09-28 19:30,6218.000000,6219.000000,6218.000000,6219.000000,26
2025-09-28 19:45,6212.000000,6219.000000,6211.000000,6211.000000,45
2025-09-28 20:00,6218.500000,6218.500000,6212.500000,6212.500000,10
2025-09-28 20:15,6212.000000,6217.500000,6210.500000,6217.000000,14
2025-09-28 20:30,6210.500000,6210.500000,6208.500000,6209.000000,44
2025-09-28 20:45,6209.000000,6209.000000,6209.000000,6209.000000,1
2025-09-29 03:45,6205.000000,6205.000000,6205.000000,6205.000000,16
2025-09-29 04:00,6209.000000,6221.000000,6205.000000,6220.000000,1110
2025-09-29 04:15,6221.000000,6221.000000,6213.500000,6216.500000,538
2025-09-29 04:30,6216.500000,6222.000000,6213.500000,6214.000000,745
2025-09-29 04:45,6213.500000,6217.000000,6210.500000,6211.500000,996
2025-09-29 05:00,6211.500000,6215.000000,6210.500000,6213.000000,1051
2025-09-29 05:15,6213.000000,6216.000000,6212.500000,6215.500000,202
2025-09-29 05:30,6214.000000,6220.000000,6214.000000,6218.000000,759
2025-09-29 05:45,6218.000000,6219.000000,6204.000000,6205.500000,3676
2025-09-29 06:00,6206.000000,6206.000000,6182.500000,6189.500000,6962
2025-09-29 06:15,6189.500000,6197.500000,6186.000000,6196.000000,1625
2025-09-29 06:30,6196.500000,6199.000000,6190.000000,6190.500000,2181
2025-09-29 06:45,6190.500000,6192.000000,6187.500000,6188.500000,1319
2025-09-29 07:00,6187.500000,6197.500000,6175.500000,6192.500000,11075
2025-09-29 07:15,6192.500000,6195.000000,6184.000000,6193.500000,6076
2025-09-29 07:30,6193.500000,6211.500000,6190.000000,6207.000000,7567
2025-09-29 07:45,6208.000000,6218.500000,6205.500000,6218.000000,5674
2025-09-29 08:00,6218.000000,6230.000000,6217.500000,6225.000000,11177
2025-09-29 08:15,6225.500000,6235.500000,6221.500000,6229.500000,14621
2025-09-29 08:30,6230.000000,6236.000000,6225.000000,6226.500000,13959
2025-09-29 08:45,6226.500000,6232.500000,6225.000000,6232.500000,6393
2025-09-29 09:00,6231.500000,6259.000000,6230.000000,6259.000000,11515
2025-09-29 09:15,6259.000000,6264.000000,6250.000000,6252.000000,8166
2025-09-29 09:30,6252.000000,6256.500000,6250.500000,6256.500000,4834
2025-09-29 09:45,6256.000000,6256.500000,6228.500000,6235.000000,29682
2025-09-29 10:00,6234.500000,6248.500000,6234.000000,6245.000000,20664
2025-09-29 10:15,6245.000000,6251.500000,6239.000000,6245.000000,9402
2025-09-29 10:30,6245.000000,6245.500000,6223.000000,6227.500000,23511
2025-09-29 10:45,6226.500000,6240.000000,6225.000000,6231.500000,10833
2025-09-29 11:00,6231.500000,6239.500000,6230.000000,6237.000000,3519
2025-09-29 11:15,6237.000000,6238.000000,6228.500000,6235.000000,8965
2025-09-29 11:30,6235.000000,6237.500000,6218.500000,6225.000000,8807
2025-09-29 11:45,6225.000000,6229.500000,6224.500000,6229.000000,3321
2025-09-29 12:00,6229.000000,6234.000000,6200.000000,6200.000000,23091
2025-09-29 12:15,6200.000000,6209.500000,6191.000000,6201.500000,10269
2025-09-29 12:30,6202.000000,6204.000000,6187.000000,6196.000000,9254
2025-09-29 12:45,6196.500000,6197.000000,6185.500000,6191.500000,6774
2025-09-29 13:00,6191.500000,6199.500000,6180.500000,6183.000000,11667
2025-09-29 13:15,6183.000000,6196.500000,6180.000000,6195.000000,4824
2025-09-29 13:30,6195.000000,6196.000000,6175.000000,6178.500000,11189
2025-09-29 13:45,6178.500000,6179.000000,6157.000000,6168.500000,16138
2025-09-29 14:00,6168.500000,6184.000000,6157.500000,6178.000000,17823
2025-09-29 14:15,6178.000000,6185.000000,6170.500000,6184.000000,5303
2025-09-29 14:30,6184.000000,6188.500000,6176.500000,6183.000000,5874
2025-09-29 14:45,6182.000000,6186.500000,6163.000000,6164.500000,10522
2025-09-29 15:00,6164.500000,6165.000000,6138.000000,6151.000000,24309
2025-09-29 15:15,6150.500000,6152.000000,6113.000000,6126.000000,35293
2025-09-29 15:30,6126.000000,6127.500000,6090.000000,6092.000000,42385
2025-09-29 15:45,6099.000000,6099.000000,6099.000000,6099.000000,780
2025-09-29 16:00,6098.000000,6113.500000,6073.500000,6085.500000,26020
2025-09-29 16:15,6086.500000,6095.000000,6085.000000,6095.000000,9634
2025-09-29 16:30,6095.000000,6095.000000,6088.000000,6095.000000,8841
2025-09-29 16:45,6095.000000,6095.000000,6089.000000,6091.500000,6342
2025-09-29 17:00,6091.000000,6091.000000,6080.000000,6084.500000,6225
2025-09-29 17:15,6084.000000,6095.000000,6080.000000,6094.500000,7419
2025-09-29 17:30,6094.500000,6095.000000,6087.500000,6095.000000,3327
2025-09-29 17:45,6095.000000,6095.000000,6087.000000,6093.000000,1792
2025-09-29 18:00,6093.000000,6095.000000,6088.000000,6090.500000,2336
2025-09-29 18:15,6090.500000,6091.500000,6073.000000,6087.500000,11783
2025-09-29 18:30,6087.500000,6091.000000,6084.000000,6087.000000,3821
2025-09-29 18:45,6087.000000,6091.000000,6082.000000,6090.500000,3308
2025-09-29 19:00,6091.000000,6091.000000,6086.000000,6086.500000,2290
2025-09-29 19:15,6086.500000,6092.500000,6086.500000,6091.500000,1863
2025-09-29 19:30,6092.500000,6095.000000,6092.500000,6094.500000,2543
2025-09-29 19:45,6094.500000,6095.500000,6073.500000,6081.000000,9516
2025-09-29 20:00,6080.500000,6086.000000,6080.000000,6081.000000,1088
2025-09-29 20:15,6081.500000,6087.000000,6080.500000,6087.000000,1928
2025-09-29 20:30,6086.500000,6087.500000,6084.500000,6087.500000,1430
2025-09-29 20:45,6087.500000,6095.500000,6087.500000,6093.000000,850
2025-09-30 03:45,6095.000000,6095.000000,6095.000000,6095.000000,58
2025-09-30 04:00,6099.000000,6108.500000,6094.000000,6100.000000,2603
2025-09-30 04:15,6100.000000,6100.000000,6095.000000,6095.500000,7410
2025-09-30 04:30,6095.500000,6100.000000,6094.000000,6100.000000,3510
2025-09-30 04:45,6100.000000,6100.000000,6093.500000,6098.500000,2712
2025-09-30 05:00,6095.500000,6097.500000,6079.500000,6085.000000,3683
2025-09-30 05:15,6084.000000,6093.000000,6084.000000,6091.500000,1399
2025-09-30 05:30,6092.500000,6093.000000,6085.500000,6087.500000,1384
2025-09-30 05:45,6087.000000,6096.000000,6078.000000,6094.000000,8257
2025-09-30 06:00,6093.000000,6093.000000,6075.000000,6075.500000,6900
2025-09-30 06:15,6075.500000,6082.000000,6074.500000,6081.000000,6338
2025-09-30 06:30,6080.000000,6081.000000,6077.000000,6078.500000,4340
2025-09-30 06:45,6078.000000,6080.000000,6077.000000,6079.500000,6135
2025-09-30 07:00,6079.000000,6079.000000,6050.000000,6053.500000,42468
2025-09-30 07:15,6053.500000,6062.000000,6037.500000,6041.500000,23313
2025-09-30 07:30,6041.500000,6073.500000,6036.000000,6065.500000,22184
2025-09-30 07:45,6066.000000,6080.000000,6055.000000,6073.500000,14986
2025-09-30 08:00,6073.500000,6080.000000,6056.500000,6069.000000,8619
2025-09-30 08:15,6068.500000,6071.000000,6054.000000,6063.000000,5936
2025-09-30 08:30,6063.000000,6063.000000,6019.000000,6019.500000,34505
2025-09-30 08:45,6020.000000,6039.500000,6019.500000,6030.000000,17036
2025-09-30 09:00,6030.000000,6037.000000,6016.500000,6036.000000,22569
2025-09-30 09:15,6037.500000,6042.500000,6016.000000,6018.000000,15981
2025-09-30 09:30,6018.500000,6022.500000,6005.000000,6013.000000,30300
2025-09-30 09:45,6013.500000,6033.500000,6013.000000,6032.500000,12574
2025-09-30 10:00,6032.000000,6036.500000,6023.000000,6031.000000,9630
2025-09-30 10:15,6031.000000,6045.000000,6011.000000,6011.500000,28916
2025-09-30 10:30,6011.500000,6020.000000,6011.000000,6016.000000,8046
2025-09-30 10:45,6015.000000,6035.000000,6015.000000,6030.500000,16861
2025-09-30 11:00,6030.500000,6035.000000,6023.500000,6035.000000,14549
2025-09-30 11:15,6035.000000,6040.000000,6027.000000,6036.000000,7055
2025-09-30 11:30,6036.000000,6048.000000,6029.500000,6033.500000,21501
2025-09-30 11:45,6033.500000,6046.000000,6013.000000,6017.000000,14653
2025-09-30 12:00,6016.500000,6022.500000,6005.000000,6016.000000,18173
2025-09-30 12:15,6015.500000,6039.500000,6015.500000,6039.000000,12343
2025-09-30 12:30,6038.000000,6043.000000,6028.000000,6034.000000,8353
2025-09-30 12:45,6035.000000,6043.000000,6028.000000,6037.500000,14168
2025-09-30 13:00,6038.500000,6050.000000,6035.000000,6038.500000,16995
2025-09-30 13:15,6038.500000,6045.000000,6029.000000,6044.000000,8831
2025-09-30 13:30,6044.000000,6071.500000,6040.000000,6066.000000,30602
2025-09-30 13:45,6067.500000,6100.000000,6062.000000,6100.000000,25049
2025-09-30 14:00,6100.000000,6114.000000,6081.000000,6097.000000,26836
2025-09-30 14:15,6097.000000,6098.000000,6083.500000,6088.500000,14091
2025-09-30 14:30,6089.000000,6105.500000,6088.500000,6095.000000,16062
2025-09-30 14:45,6095.000000,6105.500000,6089.500000,6105.000000,7996
2025-09-30 15:00,6105.500000,6123.000000,6105.500000,6121.500000,18281
2025-09-30 15:15,6122.000000,6135.000000,6113.000000,6115.000000,13598
2025-09-30 15:30,6114.500000,6132.500000,6114.500000,6132.000000,10511
2025-09-30 15:45,6111.000000,6111.000000,6111.000000,6111.000000,11001
2025-09-30 16:00,6111.000000,6124.000000,6111.000000,6115.500000,5133
2025-09-30 16:15,6117.500000,6119.500000,6110.000000,6112.500000,3133
2025-09-30 16:30,6114.000000,6114.500000,6104.000000,6110.000000,6274
2025-09-30 16:45,6109.500000,6110.000000,6086.000000,6088.000000,6355
2025-09-30 17:00,6088.000000,6092.000000,6027.000000,6063.500000,27437
2025-09-30 17:15,6063.500000,6069.000000,6061.500000,6066.500000,2802
2025-09-30 17:30,6066.500000,6070.500000,6065.500000,6070.500000,1196
2025-09-30 17:45,6070.000000,6081.500000,6068.500000,6078.500000,5832
2025-09-30 18:00,6079.500000,6080.000000,6073.500000,6080.000000,1496
2025-09-30 18:15,6080.000000,6081.500000,6077.000000,6081.000000,608
2025-09-30 18:30,6080.500000,6081.000000,6071.500000,6078.000000,1809
2025-09-30 18:45,6078.000000,6086.500000,6074.000000,6084.000000,3708
2025-09-30 19:00,6084.000000,6085.000000,6081.000000,6083.500000,785
2025-09-30 19:15,6083.000000,6083.000000,6076.000000,6080.000000,2821
2025-09-30 19:30,6078.500000,6078.500000,6072.000000,6078.000000,1483
2025-09-30 19:45,6076.000000,6083.500000,6075.500000,6080.500000,1034
2025-09-30 20:00,6082.500000,6083.000000,6077.500000,6079.500000,806
2025-09-30 20:15,6079.500000,6084.000000,6078.000000,6084.000000,1483
2025-09-30 20:30,6083.500000,6084.000000,6081.500000,6084.000000,864
2025-09-30 20:45,6084.000000,6085.000000,6082.000000,6082.500000,1143
2025-10-01 03:45,6093.000000,6093.000000,6093.000000,6093.000000,15
2025-10-01 04:00,6095.000000,6097.500000,6066.000000,6094.000000,5355
2025-10-01 04:15,6093.500000,6095.000000,6085.500000,6093.000000,622
2025-10-01 04:30,6093.000000,6104.500000,6093.000000,6101.500000,1549
2025-10-01 04:45,6101.500000,6115.000000,6100.000000,6113.000000,2492
2025-10-01 05:00,6114.000000,6116.000000,6105.500000,6109.500000,3016
2025-10-01 05:15,6108.000000,6110.000000,6105.000000,6105.500000,863
2025-10-01 05:30,6105.000000,6105.500000,6100.000000,6101.500000,1936
2025-10-01 05:45,6105.000000,6115.500000,6104.500000,6110.000000,2622
2025-10-01 06:00,6108.000000,6108.000000,6094.500000,6104.500000,4657
2025-10-01 06:15,6104.500000,6113.000000,6104.500000,6107.000000,1309
2025-10-01 06:30,6107.000000,6110.000000,6103.000000,6105.000000,574
2025-10-01 06:45,6104.000000,6109.500000,6101.500000,6108.500000,1361
2025-10-01 07:00,6108.500000,6108.500000,6066.000000,6084.000000,12913
2025-10-01 07:15,6084.000000,6089.000000,6067.500000,6086.000000,6223
2025-10-01 07:30,6086.500000,6102.500000,6082.500000,6089.000000,10352
2025-10-01 07:45,6088.000000,6088.000000,6066.500000,6076.500000,14489
2025-10-01 08:00,6076.000000,6090.000000,6071.000000,6089.500000,4035
2025-10-01 08:15,6090.000000,6108.500000,6090.000000,6108.500000,6934
2025-10-01 08:30,6108.500000,6114.500000,6085.500000,6088.500000,9702
2025-10-01 08:45,6088.000000,6091.500000,6084.000000,6091.000000,2596
2025-10-01 09:00,6091.000000,6104.500000,6084.500000,6086.500000,4071
2025-10-01 09:15,6087.000000,6105.000000,6085.500000,6104.500000,7029
2025-10-01 09:30,6104.500000,6108.000000,6086.000000,6096.500000,6713
2025-10-01 09:45,6096.500000,6106.500000,6090.500000,6102.000000,4454
2025-10-01 10:00,6101.500000,6102.500000,6086.500000,6091.500000,4758
2025-10-01 10:15,6091.000000,6094.500000,6075.500000,6075.500000,6613
2025-10-01 10:30,6075.500000,6080.500000,6060.000000,6076.000000,15452
2025-10-01 10:45,6075.000000,6083.000000,6072.500000,6081.500000,2591
2025-10-01 11:00,6081.500000,6089.500000,6074.000000,6079.000000,2823
2025-10-01 11:15,6080.500000,6082.500000,6060.500000,6077.500000,5989
2025-10-01 11:30,6078.500000,6083.000000,6053.000000,6053.000000,7720
2025-10-01 11:45,6053.000000,6067.000000,6052.000000,6062.500000,3716
2025-10-01 12:00,6063.000000,6063.000000,6032.000000,6045.000000,19602
2025-10-01 12:15,6045.000000,6045.500000,6021.500000,6023.000000,17766
2025-10-01 12:30,6024.500000,6039.500000,6021.500000,6031.000000,13089
2025-10-01 12:45,6030.000000,6039.500000,6021.500000,6024.000000,15927
2025-10-01 13:00,6024.000000,6045.000000,6011.000000,6040.500000,25945
2025-10-01 13:15,6041.500000,6047.000000,6033.500000,6037.500000,9203
2025-10-01 13:30,6038.000000,6052.500000,6037.500000,6049.000000,6156
2025-10-01 13:45,6049.000000,6063.500000,6048.000000,6057.000000,9412
2025-10-01 14:00,6056.500000,6056.500000,6014.000000,6020.500000,15954
2025-10-01 14:15,6020.500000,6027.500000,6009.000000,6026.000000,17536
2025-10-01 14:30,6025.500000,6026.500000,6015.000000,6025.500000,9725
2025-10-01 14:45,6025.500000,6025.500000,6010.500000,6023.000000,13262
2025-10-01 15:00,6023.000000,6057.500000,6022.500000,6040.500000,11699
2025-10-01 15:15,6040.000000,6048.000000,6040.000000,6042.500000,9441
2025-10-01 15:30,6042.500000,6042.500000,6032.500000,6033.500000,3263
2025-10-01 15:45,6034.500000,6034.500000,6034.500000,6034.500000,132
2025-10-01 16:00,6040.000000,6042.000000,6024.000000,6038.500000,3559
2025-10-01 16:15,6038.000000,6042.500000,6034.500000,6037.000000,2044
2025-10-01 16:30,6036.500000,6042.500000,6027.000000,6029.000000,1609
2025-10-01 16:45,6029.000000,6034.000000,6026.500000,6032.500000,1365
2025-10-01 17:00,6032.500000,6036.000000,6026.000000,6029.000000,1760
2025-10-01 17:15,6029.000000,6030.500000,6021.500000,6025.000000,2059
2025-10-01 17:30,6025.000000,6028.000000,6013.500000,6028.000000,5113
2025-10-01 17:45,6027.000000,6031.000000,6024.500000,6030.000000,1581
2025-10-01 18:00,6029.000000,6030.000000,6011.000000,6015.500000,8674
2025-10-01 18:15,6015.500000,6024.000000,6007.500000,6018.500000,6749
2025-10-01 18:30,6018.500000,6023.500000,6015.500000,6016.500000,1051
2025-10-01 18:45,6018.500000,6021.500000,6015.500000,6020.500000,1983
2025-10-01 19:00,6020.500000,6025.000000,6015.000000,6022.500000,7142
2025-10-01 19:15,6023.000000,6031.500000,6019.000000,6025.500000,9850
2025-10-01 19:30,6027.000000,6030.000000,6023.000000,6030.000000,614
2025-10-01 19:45,6030.000000,6033.500000,6029.000000,6029.000000,3235
2025-10-01 20:00,6030.000000,6042.000000,6029.500000,6039.500000,3256
2025-10-01 20:15,6039.500000,6046.500000,6038.000000,6043.500000,2515
2025-10-01 20:30,6043.500000,6055.000000,6042.000000,6050.000000,4845
2025-10-01 20:45,6050.000000,6050.500000,6041.500000,6048.500000,149
2025-10-02 03:45,6042.000000,6042.000000,6042.000000,6042.000000,109
2025-10-02 04:00,6042.000000,6045.000000,6026.000000,6044.500000,2682
2025-10-02 04:15,6042.500000,6044.000000,6032.000000,6035.500000,406
2025-10-02 04:30,6035.000000,6043.500000,6031.000000,6036.000000,1305
2025-10-02 04:45,6036.000000,6036.000000,6020.000000,6025.000000,1936
2025-10-02 05:00,6025.000000,6028.000000,6010.000000,6028.000000,3240
2025-10-02 05:15,6027.500000,6030.000000,6016.000000,6017.500000,2946
2025-10-02 05:30,6017.000000,6022.500000,6001.500000,6001.500000,10872
2025-10-02 05:45,6002.000000,6009.500000,6000.000000,6000.500000,15116
2025-10-02 06:00,6003.500000,6019.500000,6000.500000,6015.000000,10141
2025-10-02 06:15,6015.000000,6021.500000,6010.000000,6020.000000,5090
2025-10-02 06:30,6020.000000,6020.000000,6012.500000,6015.000000,4006
2025-10-02 06:45,6015.000000,6015.000000,5991.500000,6001.000000,20535
2025-10-02 07:00,6001.000000,6012.000000,5991.000000,5993.500000,15358
2025-10-02 07:15,5993.000000,6013.000000,5991.500000,6005.500000,26439
2025-10-02 07:30,6005.500000,6032.500000,6005.000000,6025.000000,18526
2025-10-02 07:45,6026.000000,6027.000000,6018.000000,6023.500000,3936
2025-10-02 08:00,6024.500000,6035.000000,6023.500000,6030.500000,7747
2025-10-02 08:15,6031.000000,6036.500000,6002.000000,6002.000000,9369
2025-10-02 08:30,6002.500000,6009.000000,5993.500000,6002.000000,19390
2025-10-02 08:45,6003.500000,6020.000000,6003.500000,6012.000000,6209
2025-10-02 09:00,6011.500000,6017.000000,6002.500000,6007.000000,7228
2025-10-02 09:15,6008.500000,6014.500000,6005.000000,6014.000000,8411
2025-10-02 09:30,6014.500000,6018.000000,6010.000000,6017.000000,8880
2025-10-02 09:45,6017.500000,6067.000000,6017.000000,6061.500000,30131
2025-10-02 10:00,6062.000000,6080.500000,6059.500000,6064.000000,16515
2025-10-02 10:15,6064.500000,6064.500000,6052.500000,6052.500000,12540
2025-10-02 10:30,6052.000000,6060.000000,6045.000000,6045.500000,6084
2025-10-02 10:45,6045.000000,6045.000000,6028.000000,6030.000000,9972
2025-10-02 11:00,6030.500000,6044.000000,6016.500000,6039.500000,11587
2025-10-02 11:15,6039.500000,6053.500000,6035.000000,6038.000000,8502
2025-10-02 11:30,6037.000000,6049.000000,6036.500000,6048.500000,6493
2025-10-02 11:45,6048.000000,6053.500000,6043.500000,6051.500000,8531
2025-10-02 12:00,6053.000000,6053.500000,6038.500000,6041.000000,5809
2025-10-02 12:15,6040.500000,6047.000000,6039.500000,6043.500000,2972
2025-10-02 12:30,6045.000000,6055.000000,6037.000000,6047.000000,7637
2025-10-02 12:45,6047.500000,6051.500000,6037.500000,6042.000000,8529
2025-10-02 13:00,6041.000000,6045.500000,6031.000000,6045.500000,4967
2025-10-02 13:15,6044.500000,6046.000000,6030.500000,6032.000000,3636
2025-10-02 13:30,6030.500000,6040.000000,6029.000000,6030.500000,8619
2025-10-02 13:45,6030.000000,6034.500000,6020.500000,6028.000000,5798
2025-10-02 14:00,6028.500000,6030.500000,6019.500000,6028.500000,7329
2025-10-02 14:15,6028.500000,6060.500000,6027.000000,6056.000000,11828
2025-10-02 14:30,6056.500000,6057.000000,6045.500000,6049.000000,8741
2025-10-02 14:45,6049.500000,6058.000000,6041.500000,6047.500000,6345
2025-10-02 15:00,6047.500000,6051.000000,6046.000000,6051.000000,1732
2025-10-02 15:15,6051.000000,6054.500000,6030.000000,6030.500000,8264
2025-10-02 15:30,6030.500000,6031.000000,6003.000000,6030.000000,17588
2025-10-02 15:45,6029.000000,6029.000000,6029.000000,6029.000000,199
2025-10-02 16:00,6028.500000,6029.000000,6012.000000,6016.000000,8437
2025-10-02 16:15,6015.000000,6019.500000,6011.000000,6018.500000,3282
2025-10-02 16:30,6019.000000,6023.500000,6018.000000,6022.000000,945
2025-10-02 16:45,6022.000000,6035.000000,6017.000000,6022.500000,8252
2025-10-02 17:00,6022.500000,6022.500000,6011.000000,6020.500000,2394
2025-10-02 17:15,6020.500000,6023.500000,6017.000000,6019.500000,883
2025-10-02 17:30,6019.500000,6023.000000,6017.500000,6020.000000,734
2025-10-02 17:45,6020.500000,6023.500000,6020.500000,6022.500000,715
2025-10-02 18:00,6022.500000,6022.500000,6010.500000,6011.500000,2569
2025-10-02 18:15,6012.000000,6012.000000,6003.500000,6005.000000,3591
2025-10-02 18:30,6005.500000,6007.000000,6001.000000,6004.500000,3826
2025-10-02 18:45,6004.500000,6006.000000,6000.000000,6005.000000,6290
2025-10-02 19:00,6005.000000,6018.000000,6003.500000,6011.000000,3670
2025-10-02 19:15,6013.000000,6020.500000,6011.000000,6014.000000,1574
2025-10-02 19:30,6013.500000,6019.000000,6008.000000,6019.000000,1415
2025-10-02 19:45,6021.000000,6039.500000,6021.000000,6030.000000,5586
2025-10-02 20:00,6029.500000,6036.500000,6029.500000,6033.000000,794
2025-10-02 20:15,6033.000000,6034.000000,6025.500000,6029.500000,1529
2025-10-02 20:30,6029.500000,6031.000000,6021.500000,6025.000000,1369
2025-10-02 20:45,6026.500000,6026.500000,6020.000000,6026.500000,1299
2025-10-03 03:45,6030.000000,6030.000000,6030.000000,6030.000000,14
2025-10-03 04:00,6030.000000,6033.000000,6026.500000,6030.000000,772
2025-10-03 04:15,6030.000000,6044.000000,6030.000000,6038.500000,1974
2025-10-03 04:30,6039.000000,6039.000000,6038.000000,6038.500000,579
2025-10-03 04:45,6038.500000,6040.000000,6032.000000,6038.000000,910
2025-10-03 05:00,6038.000000,6040.000000,6037.500000,6038.500000,625
2025-10-03 05:15,6038.500000,6038.500000,6033.000000,6036.000000,585
2025-10-03 05:30,6036.000000,6038.500000,6032.500000,6038.500000,647
2025-10-03 05:45,6038.500000,6044.000000,6036.000000,6042.000000,1474
2025-10-03 06:00,6042.000000,6044.000000,6041.000000,6042.000000,2149
2025-10-03 06:15,6042.500000,6042.500000,6023.500000,6023.500000,4185
2025-10-03 06:30,6024.500000,6037.500000,6023.500000,6037.000000,979
2025-10-03 06:45,6037.500000,6042.000000,6032.500000,6035.000000,2767
2025-10-03 07:00,6035.500000,6058.000000,6035.000000,6049.500000,9790
2025-10-03 07:15,6049.500000,6049.500000,6028.000000,6038.000000,13993
2025-10-03 07:30,6038.500000,6038.500000,6024.500000,6030.000000,10273
2025-10-03 07:45,6030.500000,6038.000000,6030.000000,6037.000000,2761
2025-10-03 08:00,6036.000000,6060.000000,6034.000000,6059.000000,9341
2025-10-03 08:15,6057.500000,6060.000000,6036.000000,6044.000000,9909
2025-10-03 08:30,6044.000000,6053.500000,6030.000000,6040.000000,12302
2025-10-03 08:45,6040.000000,6043.500000,6027.000000,6034.000000,3943
2025-10-03 09:00,6035.000000,6040.500000,6031.000000,6035.000000,3544
2025-10-03 09:15,6034.500000,6037.000000,6030.500000,6031.500000,2009
2025-10-03 09:30,6030.500000,6031.500000,6017.000000,6018.000000,9384
2025-10-03 09:45,6018.000000,6018.000000,6005.000000,6005.000000,11654
2025-10-03 10:00,6005.500000,6017.000000,6000.000000,6010.500000,29009
2025-10-03 10:15,6010.500000,6013.000000,5986.500000,5994.000000,21222
2025-10-03 10:30,5993.500000,6005.000000,5993.500000,5998.000000,14933
2025-10-03 10:45,5997.500000,5999.500000,5977.000000,5989.500000,30716
2025-10-03 11:00,5989.000000,5993.000000,5970.500000,5991.500000,17561
2025-10-03 11:15,5992.000000,6000.000000,5989.000000,6000.000000,14868
2025-10-03 11:30,5999.500000,6000.000000,5982.000000,5984.500000,10913
2025-10-03 11:45,5985.500000,5985.500000,5971.000000,5973.500000,14712
2025-10-03 12:00,5972.500000,5982.000000,5966.000000,5966.000000,31274
2025-10-03 12:15,5966.500000,5976.000000,5960.000000,5975.500000,24355
2025-10-03 12:30,5976.000000,5978.000000,5968.500000,5972.000000,6729
2025-10-03 12:45,5972.000000,5979.000000,5962.500000,5976.000000,7103
2025-10-03 13:00,5975.000000,5976.000000,5962.000000,5964.500000,6902
2025-10-03 13:15,5965.000000,5970.000000,5953.500000,5964.000000,18803
2025-10-03 13:30,5963.000000,5972.000000,5956.500000,5971.500000,8238
2025-10-03 13:45,5972.000000,5973.000000,5956.500000,5964.000000,9253
2025-10-03 14:00,5964.000000,5968.000000,5957.500000,5965.000000,7870
2025-10-03 14:15,5965.000000,5968.500000,5954.000000,5955.000000,9625
2025-10-03 14:30,5955.000000,5955.000000,5932.500000,5947.500000,45161
2025-10-03 14:45,5947.500000,5949.000000,5942.500000,5949.000000,9512
2025-10-03 15:00,5948.500000,5953.500000,5942.000000,5943.000000,6947
2025-10-03 15:15,5943.000000,5945.000000,5943.000000,5943.500000,8286
2025-10-03 15:30,5943.000000,5943.500000,5927.000000,5927.500000,21154
2025-10-03 15:45,5927.500000,5927.500000,5927.500000,5927.500000,941
2025-10-03 16:00,5928.000000,5935.500000,5917.000000,5929.500000,14577
2025-10-03 16:15,5929.500000,5929.500000,5916.500000,5928.000000,8797
2025-10-03 16:30,5928.500000,5928.500000,5911.000000,5912.500000,9001
2025-10-03 16:45,5913.000000,5924.000000,5911.000000,5921.000000,6123
2025-10-03 17:00,5919.000000,5933.000000,5919.000000,5932.500000,4366
2025-10-03 17:15,5932.500000,5932.500000,5925.000000,5927.500000,3028
2025-10-03 17:30,5927.500000,5937.000000,5927.000000,5935.500000,4987
2025-10-03 17:45,5935.500000,5935.500000,5930.500000,5934.000000,2175
2025-10-03 18:00,5932.000000,5944.500000,5930.500000,5942.000000,4850
2025-10-03 18:15,5942.000000,5945.000000,5937.000000,5942.000000,5330
2025-10-03 18:30,5942.000000,5945.500000,5938.500000,5941.500000,3976
2025-10-03 18:45,5942.000000,5943.500000,5935.500000,5937.500000,3756
2025-10-03 19:00,5938.000000,5941.500000,5931.000000,5931.500000,3240
2025-10-03 19:15,5932.000000,5939.500000,5932.000000,5939.000000,1498
2025-10-03 19:30,5939.000000,5939.000000,5933.000000,5937.500000,1113
2025-10-03 19:45,5937.000000,5938.500000,5933.000000,5936.500000,1217
2025-10-03 20:00,5937.000000,5939.000000,5933.500000,5933.500000,1128
2025-10-03 20:15,5935.000000,5936.000000,5925.500000,5926.000000,3402
2025-10-03 20:30,5926.000000,5928.500000,5915.500000,5916.000000,4062
2025-10-03 20:45,5916.000000,5917.000000,5913.500000,5914.000000,1926
2025-10-03 23:00,5959.000000,5959.000000,5938.500000,5938.500000,60
2025-10-03 23:15,5930.000000,5938.500000,5917.000000,5936.000000,51
2025-10-03 23:30,5936.000000,5936.500000,5936.000000,5936.500000,9
2025-10-03 23:45,5936.500000,5936.500000,5926.000000,5926.000000,25
2025-10-04 00:00,5927.000000,5927.000000,5921.500000,5926.000000,28
2025-10-04 00:15,5922.000000,5922.000000,5921.000000,5921.000000,8
2025-10-04 00:30,5925.500000,5925.500000,5916.000000,5923.500000,48
2025-10-04 00:45,5923.000000,5923.500000,5916.500000,5922.000000,28
2025-10-04 01:00,5922.000000,5922.500000,5915.000000,5916.000000,48
2025-10-04 01:15,5916.000000,5916.500000,5911.000000,5911.000000,325
2025-10-04 01:30,5916.000000,5916.000000,5910.000000,5915.000000,24
2025-10-04 01:45,5913.000000,5915.000000,5910.000000,5910.000000,15
2025-10-04 02:00,5910.500000,5950.000000,5908.000000,5929.000000,97
2025-10-04 02:15,5928.500000,5935.500000,5920.000000,5935.000000,29
2025-10-04 02:30,5936.000000,5936.000000,5923.000000,5923.000000,6
2025-10-04 02:45,5934.500000,5946.000000,5922.500000,5939.500000,48
2025-10-04 03:00,5939.500000,5939.500000,5923.500000,5939.500000,45
2025-10-04 03:15,5939.000000,5943.500000,5908.000000,5908.000000,238
2025-10-04 03:30,5930.000000,5930.000000,5900.000000,5900.000000,379
2025-10-04 03:45,5926.500000,5926.500000,5882.500000,5918.000000,325
2025-10-04 04:00,5901.000000,5918.000000,5900.000000,5914.500000,163
2025-10-04 04:15,5914.000000,5914.000000,5901.000000,5909.000000,153
2025-10-04 04:30,5909.000000,5918.000000,5908.000000,5918.000000,109
2025-10-04 04:45,5909.000000,5928.500000,5907.500000,5928.500000,127
2025-10-04 05:00,5923.000000,5929.500000,5911.000000,5928.500000,150
2025-10-04 05:15,5928.500000,5929.000000,5916.500000,5927.000000,70
2025-10-04 05:30,5926.500000,5926.500000,5917.500000,5917.500000,79
2025-10-04 05:45,5917.000000,5919.000000,5912.000000,5918.500000,103
2025-10-04 06:00,5918.500000,5919.000000,5907.500000,5918.000000,169
2025-10-04 06:15,5918.000000,5927.000000,5909.000000,5915.500000,86
2025-10-04 06:30,5924.000000,5925.000000,5915.000000,5925.000000,47
2025-10-04 06:45,5920.000000,5920.000000,5920.000000,5920.000000,138
2025-10-04 07:00,5925.000000,5930.000000,5906.000000,5907.000000,8224
2025-10-04 07:15,5906.000000,5907.000000,5900.000000,5900.000000,13810
2025-10-04 07:30,5900.500000,5901.000000,5860.000000,5868.500000,27598
2025-10-04 07:30,5900.500000,5901.000000,5860.000000,5868.500000,27598
2025-10-04 07:45,5869.500000,5871.000000,5860.000000,5867.000000,8872
2025-10-04 08:00,5867.000000,5870.000000,5860.000000,5866.500000,8383
2025-10-04 08:15,5867.500000,5875.000000,5867.000000,5875.000000,11411
2025-10-04 08:30,5877.500000,5878.500000,5870.000000,5874.500000,4491
2025-10-04 08:45,5873.500000,5879.500000,5865.000000,5866.000000,2131
2025-10-04 09:00,5866.000000,5873.000000,5862.000000,5867.000000,5416
2025-10-04 09:15,5865.500000,5878.500000,5861.500000,5878.000000,3897
2025-10-04 09:30,5878.000000,5878.000000,5866.500000,5874.000000,3771
2025-10-04 09:45,5874.500000,5875.500000,5862.500000,5864.000000,6179
2025-10-04 10:00,5863.500000,5867.500000,5861.500000,5865.500000,3932
2025-10-04 10:15,5863.000000,5868.000000,5861.000000,5866.000000,5032
2025-10-04 10:30,5866.000000,5867.000000,5856.000000,5858.500000,10152
2025-10-04 10:45,5858.500000,5863.500000,5856.500000,5860.500000,2372
2025-10-04 11:00,5861.500000,5872.500000,5859.000000,5863.500000,4074
2025-10-04 11:15,5863.000000,5868.500000,5860.000000,5862.000000,2928
2025-10-04 11:30,5863.500000,5870.000000,5862.500000,5867.000000,1527
2025-10-04 11:45,5869.000000,5882.500000,5868.000000,5880.000000,5205
2025-10-04 12:00,5877.500000,5884.500000,5873.000000,5877.500000,3172
2025-10-04 12:15,5876.000000,5881.000000,5873.500000,5879.000000,1622
2025-10-04 12:30,5879.000000,5884.500000,5875.500000,5880.000000,1444
2025-10-04 12:45,5880.000000,5882.500000,5875.000000,5880.000000,1745
2025-10-04 13:00,5880.000000,5881.000000,5867.500000,5869.500000,3882
2025-10-04 13:15,5870.000000,5873.000000,5862.000000,5862.000000,2595
2025-10-04 13:30,5865.000000,5866.500000,5862.000000,5865.000000,1397
2025-10-04 13:45,5865.000000,5866.500000,5861.000000,5865.500000,3121
2025-10-04 14:00,5863.500000,5865.000000,5861.500000,5864.000000,1296
2025-10-04 14:15,5864.000000,5875.000000,5862.000000,5870.500000,1885
2025-10-04 14:30,5870.500000,5875.000000,5862.000000,5870.500000,3214
2025-10-04 14:45,5871.000000,5888.000000,5871.000000,5885.500000,5283
2025-10-04 15:00,5885.500000,5896.000000,5885.000000,5896.000000,3446
2025-10-04 15:15,5896.000000,5897.000000,5888.000000,5893.500000,3342
2025-10-04 15:30,5893.500000,5893.500000,5885.000000,5889.000000,1552
2025-10-04 15:45,5889.000000,5889.500000,5885.000000,5889.000000,1768
2025-10-04 16:00,5930.000000,5930.000000,5891.000000,5904.000000,269
2025-10-04 16:15,5904.000000,5930.000000,5904.000000,5914.000000,722
2025-10-04 16:30,5914.500000,5915.000000,5901.500000,5912.500000,437
2025-10-04 16:45,5912.500000,5912.500000,5904.000000,5911.500000,105
2025-10-04 17:00,5911.500000,5911.500000,5900.000000,5900.000000,685
2025-10-04 17:15,5900.000000,5909.500000,5895.000000,5905.000000,194
2025-10-04 17:30,5904.500000,5905.000000,5895.500000,5904.000000,137
2025-10-04 17:45,5904.000000,5904.000000,5900.000000,5904.000000,37
2025-10-04 18:00,5904.000000,5904.000000,5900.000000,5904.000000,71
2025-10-04 18:15,5904.000000,5904.000000,5898.000000,5898.000000,146
2025-10-04 18:30,5898.000000,5903.500000,5898.000000,5898.000000,86
2025-10-04 18:45,5903.000000,5904.500000,5881.000000,5898.000000,441
2025-10-04 19:00,5900.500000,5918.500000,5892.000000,5908.000000,750
2025-10-04 19:15,5908.000000,5911.000000,5893.000000,5903.000000,244
2025-10-04 19:30,5903.000000,5903.500000,5892.500000,5902.500000,115
2025-10-04 19:45,5903.000000,5904.500000,5895.500000,5904.500000,50
2025-10-04 20:00,5904.500000,5914.500000,5900.000000,5902.000000,146
2025-10-04 20:15,5913.500000,5914.000000,5901.500000,5913.500000,114
2025-10-04 20:30,5913.500000,5915.000000,5903.500000,5915.000000,113
2025-10-04 20:45,5907.000000,5914.500000,5903.500000,5914.500000,22
2025-10-04 23:00,5850.000000,5927.500000,5830.000000,5891.500000,18
2025-10-04 23:15,5905.000000,5918.000000,5905.000000,5917.000000,16
2025-10-04 23:30,5916.500000,5916.500000,5902.000000,5902.000000,5
2025-10-04 23:45,5903.000000,5915.000000,5903.000000,5914.000000,18
2025-10-05 00:00,5914.500000,5914.500000,5914.500000,5914.500000,2
2025-10-05 00:15,5915.000000,5915.000000,5915.000000,5915.000000,5
2025-10-05 00:30,5903.000000,5903.000000,5903.000000,5903.000000,1
2025-10-05 00:45,5904.500000,5904.500000,5904.000000,5904.000000,10
2025-10-05 01:00,5904.000000,5915.000000,5904.000000,5915.000000,7
2025-10-05 01:15,5915.000000,5917.000000,5915.000000,5917.000000,15
2025-10-05 01:30,5916.500000,5916.500000,5905.500000,5905.500000,2
2025-10-05 01:45,5916.500000,5917.000000,5893.000000,5893.000000,26
2025-10-05 02:00,5907.500000,5924.000000,5901.000000,5901.000000,50
2025-10-05 02:15,5900.000000,5922.000000,5900.000000,5922.000000,10
2025-10-05 02:30,5922.500000,5922.500000,5922.000000,5922.000000,6
2025-10-05 02:45,5922.000000,5922.000000,5900.000000,5915.000000,37
2025-10-05 03:00,5915.000000,5915.000000,5901.000000,5914.000000,7
2025-10-05 03:15,5913.500000,5913.500000,5901.500000,5901.500000,3
2025-10-05 03:30,5901.500000,5913.000000,5900.500000,5912.500000,12
2025-10-05 03:45,5912.500000,5915.000000,5901.000000,5914.500000,54
2025-10-05 04:00,5914.500000,5921.000000,5902.500000,5911.000000,56
2025-10-05 04:15,5919.000000,5920.000000,5915.000000,5920.000000,49
2025-10-05 04:30,5920.000000,5920.500000,5911.500000,5911.500000,128
2025-10-05 04:45,5920.000000,5920.000000,5910.500000,5919.000000,48
2025-10-05 05:00,5919.000000,5919.000000,5912.500000,5918.500000,40
2025-10-05 05:15,5918.500000,5920.000000,5906.500000,5907.500000,90
2025-10-05 05:30,5919.000000,5920.000000,5908.500000,5908.500000,94
2025-10-05 05:45,5919.000000,5920.000000,5908.500000,5919.500000,84
2025-10-05 06:00,5910.500000,5919.500000,5892.000000,5912.500000,592
2025-10-05 06:15,5912.500000,5915.000000,5904.000000,5914.500000,38
2025-10-05 06:30,5914.500000,5915.000000,5905.500000,5906.000000,86
2025-10-05 06:45,5897.000000,5897.000000,5897.000000,5897.000000,226
2025-10-05 07:00,5900.000000,5903.500000,5870.000000,5879.000000,4990
2025-10-05 07:15,5879.000000,5892.500000,5879.000000,5886.000000,1022
2025-10-05 07:30,5887.500000,5895.000000,5885.000000,5895.000000,1415
2025-10-05 07:45,5894.500000,5899.500000,5890.500000,5897.500000,979
2025-10-05 08:00,5897.500000,5897.500000,5885.500000,5889.000000,1284
2025-10-05 08:15,5889.500000,5899.000000,5889.500000,5899.000000,879
2025-10-05 08:30,5898.500000,5902.500000,5896.500000,5902.500000,1163
2025-10-05 08:45,5902.500000,5912.000000,5901.500000,5910.500000,2476
2025-10-05 09:00,5910.500000,5911.000000,5905.000000,5905.000000,896
2025-10-05 09:15,5905.000000,5909.000000,5891.500000,5896.000000,2097
2025-10-05 09:30,5898.000000,5899.000000,5884.000000,5885.000000,2492
2025-10-05 09:45,5886.500000,5899.000000,5885.000000,5887.000000,1522
2025-10-05 10:00,5887.000000,5894.000000,5875.000000,5884.500000,3580
2025-10-05 10:15,5884.000000,5884.500000,5867.000000,5876.500000,5001
2025-10-05 10:30,5876.500000,5887.000000,5870.000000,5887.000000,1010
2025-10-05 10:45,5887.000000,5892.500000,5885.500000,5891.500000,886
2025-10-05 11:00,5892.000000,5898.000000,5890.500000,5895.500000,3159
2025-10-05 11:15,5896.000000,5913.000000,5895.000000,5910.000000,4804
2025-10-05 11:30,5910.000000,5910.000000,5903.000000,5903.000000,2326
2025-10-05 11:45,5902.500000,5902.500000,5889.000000,5900.500000,1957
2025-10-05 12:00,5900.500000,5900.500000,5885.500000,5888.000000,1355
2025-10-05 12:15,5888.000000,5892.500000,5885.000000,5888.500000,980
2025-10-05 12:30,5888.500000,5892.000000,5885.000000,5891.500000,730
2025-10-05 12:45,5891.500000,5904.000000,5891.500000,5896.500000,3107
2025-10-05 13:00,5897.000000,5901.000000,5897.000000,5901.000000,180
2025-10-05 13:15,5901.000000,5905.000000,5900.000000,5902.500000,577
2025-10-05 13:30,5902.500000,5904.500000,5900.500000,5904.000000,498
2025-10-05 13:45,5904.500000,5916.000000,5902.000000,5915.000000,3893
2025-10-05 14:00,5915.500000,5926.000000,5915.000000,5925.500000,4010
2025-10-05 14:15,5925.500000,5926.000000,5913.500000,5915.500000,1302
2025-10-05 14:30,5917.500000,5918.500000,5909.000000,5915.000000,1444
2025-10-05 14:45,5915.000000,5915.000000,5908.500000,5910.000000,1017
2025-10-05 15:00,5909.500000,5923.500000,5909.500000,5922.000000,5407
2025-10-05 15:15,5922.000000,5927.500000,5922.000000,5926.500000,2016
2025-10-05 15:30,5926.500000,5927.500000,5920.000000,5926.000000,2498
2025-10-05 15:45,5926.500000,5927.500000,5920.500000,5927.000000,1505
2025-10-05 16:00,5925.000000,5946.000000,5919.500000,5944.500000,216
2025-10-05 16:15,5944.500000,5976.000000,5939.000000,5968.000000,801
2025-10-05 16:30,5967.000000,5967.000000,5955.000000,5965.000000,224
2025-10-05 16:45,5965.000000,5966.000000,5959.000000,5964.500000,95
2025-10-05 17:00,5959.000000,5964.500000,5949.000000,5952.500000,172
2025-10-05 17:15,5959.000000,5962.500000,5950.500000,5960.500000,349
2025-10-05 17:30,5960.500000,5960.500000,5950.500000,5953.500000,132
2025-10-05 17:45,5960.000000,5961.000000,5954.500000,5954.500000,76
2025-10-05 18:00,5955.000000,5962.500000,5955.000000,5962.000000,87
2025-10-05 18:15,5962.000000,5962.000000,5956.500000,5960.000000,55
2025-10-05 18:30,5961.000000,5961.500000,5948.500000,5960.000000,108
2025-10-05 18:45,5959.500000,5962.000000,5955.000000,5961.000000,149
2025-10-05 19:00,5961.000000,5962.000000,5955.000000,5962.000000,180
2025-10-05 19:15,5959.000000,5962.000000,5950.500000,5954.000000,169
2025-10-05 19:30,5954.500000,5957.500000,5951.000000,5957.500000,52
2025-10-05 19:45,5957.500000,5962.500000,5953.500000,5961.000000,154
2025-10-05 20:00,5960.000000,5963.000000,5948.500000,5963.000000,193
2025-10-05 20:15,5963.000000,5964.000000,5950.500000,5963.500000,88
2025-10-05 20:30,5963.500000,5964.500000,5950.000000,5964.500000,110
2025-10-05 20:45,5963.000000,5963.000000,5951.500000,5960.000000,30
2025-10-06 03:45,5954.000000,5954.000000,5954.000000,5954.000000,552
2025-10-06 04:00,5950.500000,5954.500000,5928.000000,5935.000000,6435
2025-10-06 04:15,5935.000000,5943.000000,5934.000000,5939.500000,1353
2025-10-06 04:30,5939.000000,5941.500000,5933.500000,5940.500000,2126
2025-10-06 04:45,5940.500000,5941.500000,5937.500000,5940.000000,1304
2025-10-06 05:00,5940.500000,5941.000000,5938.000000,5940.500000,965
2025-10-06 05:15,5941.000000,5941.000000,5936.500000,5938.000000,997
2025-10-06 05:30,5938.000000,5941.000000,5936.000000,5936.000000,945
2025-10-06 05:45,5936.000000,5947.000000,5935.500000,5945.500000,3296
2025-10-06 06:00,5945.500000,5945.500000,5914.500000,5922.500000,6459
2025-10-06 06:15,5922.500000,5931.500000,5920.000000,5931.000000,1936
2025-10-06 06:30,5931.000000,5931.000000,5924.500000,5927.000000,912
2025-10-06 06:45,5927.000000,5939.000000,5926.000000,5938.500000,3744
2025-10-06 07:00,5938.500000,5944.000000,5907.000000,5921.500000,25363
2025-10-06 07:15,5922.000000,5959.000000,5920.000000,5954.500000,25699
2025-10-06 07:30,5954.500000,5957.000000,5928.000000,5936.500000,25762
2025-10-06 07:45,5936.500000,5960.000000,5928.000000,5949.500000,7983
2025-10-06 08:00,5948.000000,5960.000000,5936.500000,5937.000000,9914
2025-10-06 08:15,5937.000000,5947.500000,5935.500000,5947.000000,3509
2025-10-06 08:30,5947.000000,5958.500000,5944.500000,5956.500000,6095
2025-10-06 08:45,5956.500000,5967.000000,5950.000000,5961.000000,15060
2025-10-06 09:00,5961.000000,5977.500000,5961.000000,5963.500000,16173
2025-10-06 09:15,5963.500000,5980.000000,5960.500000,5979.500000,9500
2025-10-06 09:30,5979.500000,5985.000000,5963.500000,5964.500000,11327
2025-10-06 09:45,5965.000000,5985.000000,5964.000000,5981.000000,17908
2025-10-06 10:00,5980.500000,5984.000000,5966.500000,5983.500000,12582
2025-10-06 10:15,5983.000000,5985.000000,5960.000000,5966.000000,16327
2025-10-06 10:30,5965.500000,5976.500000,5951.000000,5953.500000,11207
2025-10-06 10:45,5954.000000,5973.500000,5951.500000,5969.000000,13301
2025-10-06 11:00,5969.500000,5980.000000,5962.500000,5976.500000,12274
2025-10-06 11:15,5975.500000,5979.500000,5942.500000,5953.500000,15523
2025-10-06 11:30,5953.000000,5956.500000,5947.500000,5956.000000,7258
2025-10-06 11:45,5955.500000,5958.000000,5934.000000,5935.500000,15054
2025-10-06 12:00,5935.500000,5948.000000,5934.000000,5940.500000,11122
2025-10-06 12:15,5940.500000,5948.000000,5926.000000,5926.500000,13367
2025-10-06 12:30,5926.500000,5932.500000,5912.000000,5920.500000,12863
2025-10-06 12:45,5920.000000,5943.000000,5911.000000,5935.500000,14880
2025-10-06 13:00,5935.000000,5973.000000,5934.000000,5969.000000,14839
2025-10-06 13:15,5969.000000,5992.500000,5966.500000,5983.500000,45178
2025-10-06 13:30,5983.500000,6003.500000,5983.500000,6003.000000,20313
2025-10-06 13:45,6004.000000,6042.000000,6003.500000,6039.000000,41759
2025-10-06 14:00,6040.000000,6046.000000,6030.500000,6045.000000,37411
2025-10-06 14:15,6045.500000,6050.000000,6030.000000,6049.500000,25945
2025-10-06 14:30,6050.000000,6070.000000,6039.500000,6048.500000,20034
2025-10-06 14:45,6050.000000,6062.500000,6049.000000,6059.500000,12571
2025-10-06 15:00,6059.500000,6074.000000,6059.500000,6072.000000,12709
2025-10-06 15:15,6072.000000,6105.500000,6066.500000,6100.500000,41236
2025-10-06 15:30,6100.500000,6117.000000,6100.000000,6102.500000,22324
2025-10-06 15:45,6100.500000,6100.500000,6100.500000,6100.500000,2583
2025-10-06 16:00,6101.000000,6109.500000,6091.000000,6105.000000,20861
2025-10-06 16:15,6105.500000,6110.000000,6087.000000,6093.000000,7755
2025-10-06 16:30,6093.500000,6107.000000,6090.000000,6107.000000,9112
2025-10-06 16:45,6106.500000,6131.500000,6106.500000,6126.000000,16812
2025-10-06 17:00,6127.000000,6132.000000,6121.500000,6122.500000,8181
2025-10-06 17:15,6123.000000,6125.000000,6114.000000,6119.000000,5565
2025-10-06 17:30,6119.000000,6121.000000,6112.500000,6114.000000,4054
2025-10-06 17:45,6115.000000,6115.000000,6100.000000,6107.000000,5253
2025-10-06 18:00,6106.500000,6111.000000,6106.500000,6111.000000,1739
2025-10-06 18:15,6111.000000,6118.500000,6106.000000,6106.000000,4229
2025-10-06 18:30,6106.500000,6115.000000,6101.000000,6112.000000,1927
2025-10-06 18:45,6111.500000,6119.500000,6110.500000,6119.000000,1677
2025-10-06 19:00,6118.000000,6130.000000,6113.000000,6125.000000,4432
2025-10-06 19:15,6126.500000,6127.000000,6123.500000,6125.000000,1243
2025-10-06 19:30,6125.000000,6128.500000,6123.500000,6128.000000,2455
2025-10-06 19:45,6128.000000,6129.000000,6123.500000,6123.500000,2214
2025-10-06 20:00,6123.500000,6126.000000,6123.000000,6125.000000,1908
2025-10-06 20:15,6124.500000,6125.500000,6123.000000,6124.000000,1503
2025-10-06 20:30,6124.000000,6127.000000,6124.000000,6126.500000,1706
2025-10-06 20:45,6126.500000,6126.500000,6102.000000,6110.000000,6098
2025-10-07 03:45,6100.000000,6100.000000,6100.000000,6100.000000,220
2025-10-07 04:00,6100.000000,6121.000000,6082.000000,6120.000000,4710
2025-10-07 04:15,6120.500000,6121.000000,6101.000000,6109.000000,1644
2025-10-07 04:30,6109.000000,6110.500000,6101.500000,6103.500000,1092
2025-10-07 04:45,6104.000000,6104.000000,6090.000000,6092.000000,1576
2025-10-07 05:00,6092.000000,6105.500000,6090.000000,6105.500000,1966
2025-10-07 05:15,6105.500000,6158.000000,6105.500000,6157.500000,13758
2025-10-07 05:30,6154.000000,6156.000000,6131.500000,6144.000000,8523
2025-10-07 05:45,6144.000000,6158.500000,6143.000000,6158.000000,6727
2025-10-07 06:00,6158.000000,6158.000000,6107.000000,6112.000000,16237
2025-10-07 06:15,6113.000000,6124.000000,6102.500000,6103.000000,6490
2025-10-07 06:30,6103.000000,6105.000000,6085.000000,6089.500000,9765
2025-10-07 06:45,6089.500000,6095.000000,6088.000000,6095.000000,2195
2025-10-07 07:00,6095.000000,6103.000000,6075.500000,6084.000000,16819
2025-10-07 07:15,6084.500000,6103.000000,6081.500000,6102.500000,7849
2025-10-07 07:30,6103.000000,6132.500000,6089.000000,6132.000000,15707
2025-10-07 07:45,6132.000000,6165.500000,6128.500000,6134.500000,28048
2025-10-07 08:00,6134.500000,6151.500000,6134.500000,6144.500000,20488
2025-10-07 08:15,6145.000000,6162.000000,6137.500000,6160.500000,21871
2025-10-07 08:30,6161.500000,6161.500000,6135.500000,6137.500000,17156
2025-10-07 08:45,6138.000000,6147.000000,6131.500000,6134.000000,11208
2025-10-07 09:00,6134.000000,6135.000000,6128.000000,6129.500000,8038
2025-10-07 09:15,6129.000000,6130.500000,6116.000000,6124.500000,16675
2025-10-07 09:30,6124.000000,6138.000000,6120.500000,6137.500000,3978
2025-10-07 09:45,6137.500000,6140.000000,6129.000000,6137.000000,4051
2025-10-07 10:00,6137.000000,6139.500000,6116.000000,6124.500000,13472
2025-10-07 10:15,6124.500000,6138.000000,6123.000000,6136.000000,4765
2025-10-07 10:30,6136.000000,6136.500000,6126.500000,6129.500000,9412
2025-10-07 10:45,6130.000000,6130.000000,6123.500000,6125.500000,3317
2025-10-07 11:00,6125.500000,6128.000000,6109.500000,6113.000000,8343
2025-10-07 11:15,6112.000000,6123.000000,6110.500000,6122.500000,4715
2025-10-07 11:30,6122.000000,6136.500000,6119.000000,6124.000000,9166
2025-10-07 11:45,6124.500000,6124.500000,6106.000000,6119.500000,5658
2025-10-07 12:00,6119.500000,6121.500000,6096.500000,6104.500000,10248
2025-10-07 12:15,6104.500000,6106.500000,6098.000000,6106.500000,4766
2025-10-07 12:30,6105.500000,6136.000000,6100.000000,6134.500000,9617
2025-10-07 12:45,6134.500000,6143.000000,6133.000000,6139.500000,9744
2025-10-07 13:00,6138.500000,6140.500000,6130.000000,6135.000000,2891
2025-10-07 13:15,6134.500000,6134.500000,6101.000000,6108.500000,7270
2025-10-07 13:30,6107.500000,6121.000000,6102.000000,6112.500000,4867
2025-10-07 13:45,6112.000000,6127.500000,6108.000000,6123.000000,7198
2025-10-07 14:00,6123.000000,6123.000000,6097.000000,6103.000000,11673
2025-10-07 14:15,6103.000000,6107.000000,6098.500000,6099.000000,6527
2025-10-07 14:30,6099.000000,6113.000000,6099.000000,6109.500000,5313
2025-10-07 14:45,6107.500000,6118.000000,6105.500000,6112.500000,5481
2025-10-07 15:00,6112.500000,6127.000000,6100.000000,6125.500000,9489
2025-10-07 15:15,6126.000000,6139.500000,6123.000000,6139.500000,10550
2025-10-07 15:30,6139.000000,6143.000000,6126.500000,6127.500000,13807
2025-10-07 15:45,6144.000000,6144.000000,6144.000000,6144.000000,11800
2025-10-07 16:00,6138.500000,6143.000000,6126.000000,6130.000000,8038
2025-10-07 16:15,6130.500000,6134.500000,6129.000000,6130.500000,1811
2025-10-07 16:30,6130.500000,6131.000000,6118.500000,6121.500000,4111
2025-10-07 16:45,6122.000000,6124.000000,6118.000000,6120.000000,3014
2025-10-07 17:00,6123.000000,6130.000000,6120.500000,6128.500000,981
2025-10-07 17:15,6128.000000,6130.500000,6125.500000,6128.500000,952
2025-10-07 17:30,6128.500000,6132.500000,6126.000000,6132.500000,853
2025-10-07 17:45,6132.500000,6133.500000,6128.500000,6128.500000,1974
2025-10-07 18:00,6129.000000,6132.000000,6126.000000,6127.500000,1304
2025-10-07 18:15,6127.500000,6128.500000,6113.500000,6119.000000,5454
2025-10-07 18:30,6118.500000,6124.000000,6117.500000,6123.000000,797
2025-10-07 18:45,6123.000000,6124.500000,6118.500000,6119.500000,1344
2025-10-07 19:00,6119.500000,6125.000000,6117.000000,6124.500000,1493
2025-10-07 19:15,6123.000000,6123.500000,6118.000000,6119.500000,204
2025-10-07 19:30,6119.500000,6123.000000,6117.000000,6123.000000,887
2025-10-07 19:45,6123.000000,6125.000000,6122.000000,6124.000000,383
2025-10-07 20:00,6124.000000,6132.000000,6124.000000,6126.500000,1633
2025-10-07 20:15,6129.500000,6131.000000,6126.500000,6129.500000,2068
2025-10-07 20:30,6128.000000,6132.500000,6126.000000,6132.500000,1873
2025-10-07 20:45,6132.500000,6134.000000,6132.000000,6134.000000,424
2025-10-08 03:45,6135.000000,6135.000000,6135.000000,6135.000000,41
2025-10-08 04:00,6135.000000,6149.000000,6124.500000,6148.000000,3145
2025-10-08 04:15,6148.000000,6148.000000,6142.500000,6143.500000,1202
2025-10-08 04:30,6142.500000,6143.500000,6140.000000,6140.000000,525
2025-10-08 04:45,6140.000000,6142.500000,6138.500000,6139.500000,1152
2025-10-08 05:00,6138.500000,6143.000000,6135.500000,6142.000000,1101
2025-10-08 05:15,6143.000000,6145.000000,6142.000000,6144.500000,433
2025-10-08 05:30,6145.000000,6145.000000,6136.000000,6136.500000,1649
2025-10-08 05:45,6136.000000,6136.000000,6130.000000,6130.500000,1859
2025-10-08 06:00,6131.000000,6136.000000,6124.000000,6130.000000,3350
2025-10-08 06:15,6131.500000,6132.000000,6126.500000,6131.000000,1501
2025-10-08 06:30,6130.500000,6139.500000,6130.500000,6138.500000,800
2025-10-08 06:45,6138.500000,6142.500000,6133.500000,6142.000000,2486
2025-10-08 07:00,6140.000000,6160.000000,6129.000000,6131.000000,23320
2025-10-08 07:15,6131.500000,6135.000000,6121.000000,6130.500000,7732
2025-10-08 07:30,6130.500000,6135.500000,6125.500000,6131.500000,4867
2025-10-08 07:45,6131.500000,6140.000000,6125.500000,6131.000000,5271
2025-10-08 08:00,6131.500000,6131.500000,6106.000000,6115.000000,21683
2025-10-08 08:15,6115.500000,6126.000000,6115.000000,6123.000000,8439
2025-10-08 08:30,6122.500000,6140.000000,6121.500000,6134.500000,6666
2025-10-08 08:45,6134.500000,6138.000000,6124.000000,6129.500000,3315
2025-10-08 09:00,6129.000000,6131.000000,6103.500000,6115.000000,33631
2025-10-08 09:15,6116.000000,6117.500000,6080.500000,6086.000000,16573
2025-10-08 09:30,6086.500000,6087.500000,6070.000000,6070.000000,37796
2025-10-08 09:45,6070.500000,6080.000000,6070.000000,6079.000000,17267
2025-10-08 10:00,6079.000000,6087.500000,6070.500000,6081.500000,17750
2025-10-08 10:15,6080.000000,6082.500000,6041.000000,6048.500000,24715
2025-10-08 10:30,6047.500000,6065.000000,6042.500000,6058.000000,12942
2025-10-08 10:45,6057.500000,6058.000000,6041.000000,6051.500000,10813
2025-10-08 11:00,6050.000000,6084.000000,6040.000000,6075.000000,19195
2025-10-08 11:15,6074.500000,6095.500000,6070.000000,6075.000000,12784
2025-10-08 11:30,6075.000000,6095.500000,6074.000000,6088.500000,11783
2025-10-08 11:45,6088.000000,6088.500000,6055.000000,6056.500000,12408
2025-10-08 12:00,6057.500000,6065.000000,6050.500000,6064.500000,8276
2025-10-08 12:15,6064.000000,6071.000000,6060.000000,6064.000000,4410
2025-10-08 12:30,6064.500000,6064.500000,6022.500000,6025.000000,18157
2025-10-08 12:45,6025.000000,6030.500000,6012.000000,6016.500000,24376
2025-10-08 13:00,6016.500000,6020.500000,6000.000000,6003.000000,22128
2025-10-08 13:15,6003.000000,6028.000000,5998.000000,6021.000000,25009
2025-10-08 13:30,6021.500000,6038.500000,6020.500000,6025.500000,26636
2025-10-08 13:45,6025.500000,6028.000000,5977.000000,5985.500000,21970
2025-10-08 14:00,5984.500000,5992.000000,5958.000000,5958.000000,31556
2025-10-08 14:15,5958.000000,5991.000000,5953.000000,5983.500000,21589
2025-10-08 14:30,5983.500000,5984.500000,5955.500000,5964.000000,11494
2025-10-08 14:45,5964.500000,5969.500000,5916.500000,5917.000000,42048
2025-10-08 15:00,5916.500000,5957.500000,5912.500000,5929.500000,25105
2025-10-08 15:15,5929.500000,5933.000000,5882.000000,5895.000000,50628
2025-10-08 15:30,5894.000000,5912.500000,5880.000000,5908.000000,42926
2025-10-08 15:45,5914.500000,5914.500000,5914.500000,5914.500000,1887
2025-10-08 16:00,5915.000000,5948.500000,5906.500000,5946.500000,45730
2025-10-08 16:15,5945.500000,5952.500000,5919.000000,5931.500000,20910
2025-10-08 16:30,5931.500000,5935.500000,5915.500000,5918.000000,16142
2025-10-08 16:45,5918.000000,5942.000000,5918.000000,5942.000000,5278
2025-10-08 17:00,5941.500000,5952.000000,5938.500000,5949.500000,9527
2025-10-08 17:15,5949.500000,5954.500000,5937.500000,5945.000000,11399
2025-10-08 17:30,5946.500000,5946.500000,5928.000000,5930.000000,6429
2025-10-08 17:45,5930.000000,5941.000000,5929.500000,5935.500000,3784
2025-10-08 18:00,5935.500000,5950.500000,5932.500000,5950.000000,7813
2025-10-08 18:15,5947.000000,5954.000000,5939.000000,5946.000000,6975
2025-10-08 18:30,5945.500000,5950.000000,5940.000000,5948.500000,3534
2025-10-08 18:45,5949.000000,5952.500000,5945.000000,5950.500000,2953
2025-10-08 19:00,5951.000000,5953.000000,5945.500000,5950.500000,3595
2025-10-08 19:15,5949.000000,5953.500000,5945.000000,5945.000000,3787
2025-10-08 19:30,5945.000000,5947.500000,5938.000000,5940.000000,3723
2025-10-08 19:45,5940.000000,5942.500000,5935.000000,5938.500000,4194
2025-10-08 20:00,5938.000000,5940.000000,5934.000000,5939.000000,2901
2025-10-08 20:15,5939.000000,5947.000000,5937.500000,5943.000000,2445
2025-10-08 20:30,5943.000000,5955.000000,5941.500000,5945.000000,5997
2025-10-08 20:45,5949.000000,5959.500000,5944.500000,5952.000000,2784
2025-10-09 03:45,5968.000000,5968.000000,5968.000000,5968.000000,2311
2025-10-09 04:00,5968.000000,5968.000000,5925.000000,5950.000000,6627
2025-10-09 04:15,5951.000000,5961.000000,5949.500000,5955.000000,1879
2025-10-09 04:30,5954.000000,5968.000000,5954.000000,5966.000000,6237
2025-10-09 04:45,5965.000000,5980.000000,5965.000000,5978.000000,3715
2025-10-09 05:00,5978.500000,5979.000000,5950.500000,5960.500000,4092
2025-10-09 05:15,5960.500000,5976.500000,5960.500000,5976.500000,1413
2025-10-09 05:30,5976.500000,5979.000000,5960.000000,5960.500000,2062
2025-10-09 05:45,5960.000000,5964.000000,5952.000000,5956.000000,2158
2025-10-09 06:00,5955.000000,5955.000000,5912.500000,5916.000000,9271
2025-10-09 06:15,5916.500000,5952.000000,5916.500000,5945.500000,6815
2025-10-09 06:30,5943.500000,5960.000000,5943.500000,5944.500000,4111
2025-10-09 06:45,5944.000000,5966.500000,5934.000000,5957.000000,8813
2025-10-09 07:00,5956.500000,5999.000000,5935.500000,5975.000000,28926
2025-10-09 07:15,5975.500000,5992.500000,5966.500000,5977.000000,11033
2025-10-09 07:30,5978.000000,5989.000000,5963.000000,5977.500000,13184
2025-10-09 07:45,5977.500000,5986.500000,5960.500000,5966.000000,4812
2025-10-09 08:00,5966.500000,5975.000000,5930.500000,5936.500000,8514
2025-10-09 08:15,5937.000000,5938.500000,5869.000000,5873.500000,42476
2025-10-09 08:30,5873.000000,5876.500000,5831.000000,5850.500000,82634
2025-10-09 08:45,5850.500000,5879.000000,5841.000000,5877.500000,37823
2025-10-09 09:00,5877.500000,5949.500000,5870.500000,5932.000000,55784
2025-10-09 09:15,5934.000000,6070.500000,5934.000000,6026.500000,89591
2025-10-09 09:30,6025.500000,6040.000000,5973.500000,5985.500000,45390
2025-10-09 09:45,5985.000000,6024.000000,5977.000000,6005.500000,29547
2025-10-09 10:00,6005.000000,6066.500000,6005.000000,6056.500000,40514
2025-10-09 10:15,6057.000000,6065.500000,6021.500000,6021.500000,21333
2025-10-09 10:30,6022.000000,6044.000000,6012.500000,6015.000000,16312
2025-10-09 10:45,6015.000000,6035.000000,6015.000000,6020.500000,7116
2025-10-09 11:00,6020.500000,6034.500000,5998.500000,6003.000000,10649
2025-10-09 11:15,6003.500000,6019.500000,6002.000000,6015.500000,8580
2025-10-09 11:30,6015.000000,6030.000000,6007.500000,6027.000000,8580
2025-10-09 11:45,6027.000000,6050.000000,6026.500000,6035.000000,9931
2025-10-09 12:00,6035.000000,6060.000000,6035.000000,6053.500000,9263
2025-10-09 12:15,6051.500000,6063.000000,6047.000000,6054.500000,9054
2025-10-09 12:30,6055.500000,6066.000000,6047.000000,6055.000000,9429
2025-10-09 12:45,6055.000000,6055.000000,6018.000000,6021.000000,23947
2025-10-09 13:00,6021.000000,6023.000000,6002.000000,6013.000000,15158
2025-10-09 13:15,6013.000000,6049.500000,6011.000000,6044.000000,16969
2025-10-09 13:30,6044.000000,6058.000000,6037.500000,6055.000000,17119
2025-10-09 13:45,6055.500000,6095.500000,6055.000000,6082.500000,32546
2025-10-09 14:00,6082.500000,6095.500000,6081.500000,6090.000000,13965
2025-10-09 14:15,6089.500000,6100.000000,6074.000000,6092.000000,21887
2025-10-09 14:30,6091.000000,6094.500000,6073.000000,6074.500000,11480
2025-10-09 14:45,6075.000000,6090.000000,6062.000000,6085.000000,11326
2025-10-09 15:00,6085.000000,6113.500000,6085.000000,6104.500000,38260
2025-10-09 15:15,6104.500000,6113.500000,6100.000000,6113.000000,17724
2025-10-09 15:30,6110.500000,6111.500000,6100.000000,6105.000000,5705
2025-10-09 15:45,6100.000000,6100.000000,6100.000000,6100.000000,943
2025-10-09 16:00,6099.500000,6100.000000,6079.000000,6088.500000,5961
2025-10-09 16:15,6088.500000,6106.500000,6087.000000,6100.500000,4196
2025-10-09 16:30,6101.500000,6101.500000,6085.000000,6089.000000,3689
2025-10-09 16:45,6089.000000,6095.000000,6082.500000,6088.000000,4915
2025-10-09 17:00,6088.000000,6091.500000,6082.000000,6091.500000,3523
2025-10-09 17:15,6091.500000,6091.500000,6073.000000,6077.000000,5563
2025-10-09 17:30,6077.000000,6079.000000,6069.500000,6071.000000,5070
2025-10-09 17:45,6071.000000,6100.000000,6068.500000,6094.000000,7405
2025-10-09 18:00,6094.000000,6097.500000,6087.500000,6095.000000,1551
2025-10-09 18:15,6094.000000,6100.000000,6092.000000,6095.000000,4927
2025-10-09 18:30,6095.000000,6099.000000,6093.500000,6095.500000,1878
2025-10-09 18:45,6095.000000,6109.000000,6094.000000,6103.500000,4031
2025-10-09 19:00,6103.000000,6110.000000,6101.000000,6107.500000,5525
2025-10-09 19:15,6104.500000,6113.000000,6103.500000,6110.500000,4148
2025-10-09 19:30,6108.500000,6110.000000,6097.000000,6109.000000,3387
2025-10-09 19:45,6109.500000,6110.000000,6105.000000,6107.000000,1711
2025-10-09 20:00,6107.000000,6107.000000,6100.000000,6101.000000,845
2025-10-09 20:15,6102.500000,6103.500000,6097.500000,6099.500000,1117
2025-10-09 20:30,6099.500000,6101.000000,6093.500000,6098.500000,3674
2025-10-09 20:45,6098.000000,6099.500000,6091.000000,6096.000000,1025
2025-10-10 03:45,6104.000000,6104.000000,6104.000000,6104.000000,31
2025-10-10 04:00,6104.000000,6109.500000,6039.500000,6076.000000,9317
2025-10-10 04:15,6076.000000,6096.000000,6076.000000,6092.000000,4847
2025-10-10 04:30,6093.000000,6098.000000,6092.500000,6098.000000,1063
2025-10-10 04:45,6097.500000,6098.000000,6090.500000,6091.000000,1148
2025-10-10 05:00,6091.000000,6091.000000,6077.000000,6078.500000,1504
2025-10-10 05:15,6080.500000,6080.500000,6075.000000,6075.000000,1333
2025-10-10 05:30,6075.000000,6075.000000,6066.000000,6070.500000,1224
2025-10-10 05:45,6070.000000,6082.000000,6067.500000,6082.000000,1184
2025-10-10 06:00,6082.000000,6114.500000,6082.000000,6110.000000,11278
2025-10-10 06:15,6109.000000,6114.000000,6091.500000,6109.000000,4949
2025-10-10 06:30,6109.000000,6129.000000,6109.000000,6112.000000,6468
2025-10-10 06:45,6111.500000,6126.000000,6111.500000,6118.000000,4462
2025-10-10 07:00,6118.000000,6121.500000,6095.000000,6098.000000,11044
2025-10-10 07:15,6099.000000,6103.500000,6074.500000,6079.500000,11186
2025-10-10 07:30,6079.500000,6104.000000,6066.000000,6079.500000,22799
2025-10-10 07:45,6079.500000,6095.500000,6079.000000,6090.000000,3484
2025-10-10 08:00,6090.000000,6101.500000,6080.500000,6095.500000,9386
2025-10-10 08:15,6094.000000,6136.000000,6090.500000,6130.500000,18600
2025-10-10 08:30,6128.500000,6139.000000,6118.000000,6135.000000,15255
2025-10-10 08:45,6135.000000,6139.000000,6119.500000,6122.000000,12890
2025-10-10 09:00,6120.500000,6126.500000,6105.500000,6114.500000,12580
2025-10-10 09:15,6114.500000,6114.500000,6091.500000,6097.500000,8096
2025-10-10 09:30,6097.500000,6107.500000,6091.000000,6103.000000,5630
2025-10-10 09:45,6102.000000,6105.000000,6082.500000,6094.500000,9233
2025-10-10 10:00,6094.500000,6104.000000,6080.000000,6080.500000,15838
2025-10-10 10:15,6080.500000,6084.500000,6064.500000,6065.500000,10136
2025-10-10 10:30,6065.000000,6081.000000,6043.000000,6061.500000,31712
2025-10-10 10:45,6061.500000,6061.500000,6025.000000,6054.500000,17153
2025-10-10 11:00,6056.000000,6064.500000,6040.000000,6054.000000,11902
2025-10-10 11:15,6054.000000,6059.000000,6041.500000,6045.000000,5090
2025-10-10 11:30,6045.000000,6048.500000,6037.500000,6042.000000,12192
2025-10-10 11:45,6042.000000,6045.000000,6040.000000,6042.500000,2065
2025-10-10 12:00,6042.500000,6047.500000,6040.500000,6041.000000,10692
2025-10-10 12:15,6041.000000,6075.000000,6027.500000,6060.500000,13958
2025-10-10 12:30,6060.000000,6073.000000,6050.500000,6050.500000,14136
2025-10-10 12:45,6051.500000,6059.000000,6032.500000,6039.500000,9458
2025-10-10 13:00,6040.000000,6049.000000,6026.000000,6031.000000,10194
2025-10-10 13:15,6031.000000,6037.000000,5997.000000,6011.000000,18995
2025-10-10 13:30,6011.500000,6011.500000,5975.000000,5978.500000,25263
2025-10-10 13:45,5978.000000,6007.500000,5960.000000,5995.000000,27899
2025-10-10 14:00,5993.000000,5993.000000,5968.500000,5971.500000,23058
2025-10-10 14:15,5971.500000,5971.500000,5956.000000,5964.000000,12215
2025-10-10 14:30,5964.000000,5982.000000,5961.000000,5979.500000,13622
2025-10-10 14:45,5981.500000,6034.000000,5978.000000,5990.500000,27623
2025-10-10 15:00,5990.500000,6009.500000,5950.000000,5980.500000,36183
2025-10-10 15:15,5980.000000,5998.000000,5961.000000,5991.000000,23026
2025-10-10 15:30,5991.000000,6008.000000,5983.500000,5999.500000,8010
2025-10-10 15:45,6000.000000,6000.000000,6000.000000,6000.000000,2578
2025-10-10 16:00,6000.500000,6006.500000,5977.000000,5992.000000,5511
2025-10-10 16:15,5992.000000,6012.000000,5985.500000,6010.500000,3889
2025-10-10 16:30,6010.500000,6011.500000,5987.000000,5996.000000,4287
2025-10-10 16:45,5996.000000,5999.500000,5994.500000,5998.500000,1183
2025-10-10 17:00,5998.500000,5999.000000,5983.000000,5983.000000,4727
2025-10-10 17:15,5983.500000,5994.000000,5982.000000,5993.500000,3890
2025-10-10 17:30,5993.000000,5998.500000,5993.000000,5995.000000,1367
2025-10-10 17:45,5995.000000,5996.000000,5983.500000,5987.000000,1927
2025-10-10 18:00,5987.000000,5987.500000,5983.500000,5987.500000,1736
2025-10-10 18:15,5988.500000,5991.500000,5982.500000,5989.500000,4001
2025-10-10 18:30,5989.500000,5989.500000,5982.500000,5984.000000,2408
2025-10-10 18:45,5984.000000,5985.500000,5982.500000,5985.000000,3436
2025-10-10 19:00,5985.000000,5996.500000,5983.500000,5992.000000,4149
2025-10-10 19:15,5992.500000,5992.500000,5983.000000,5983.500000,2838
2025-10-10 19:30,5983.500000,5986.000000,5982.500000,5982.500000,2456
2025-10-10 19:45,5983.000000,5985.000000,5982.000000,5982.500000,5880
2025-10-10 20:00,5982.500000,5982.500000,5968.000000,5968.500000,6318
2025-10-10 20:15,5968.500000,5978.000000,5966.500000,5969.500000,3823
2025-10-10 20:30,5969.500000,5969.500000,5961.000000,5963.500000,2247
2025-10-10 20:45,5964.000000,5964.000000,5960.000000,5964.000000,1467
2025-10-10 23:00,5864.000000,5950.000000,5864.000000,5931.000000,748
2025-10-10 23:15,5920.000000,5960.000000,5919.000000,5938.000000,243
2025-10-10 23:30,5937.500000,5949.000000,5930.000000,5949.000000,76
2025-10-10 23:45,5948.500000,5948.500000,5933.000000,5937.000000,17
2025-10-11 00:00,5948.500000,5949.000000,5933.000000,5940.000000,75
2025-10-11 00:15,5933.500000,5948.500000,5932.000000,5940.000000,82
2025-10-11 00:30,5943.000000,5943.500000,5919.000000,5919.000000,630
2025-10-11 00:45,5920.500000,5944.500000,5920.500000,5944.500000,89
2025-10-11 01:00,5944.500000,5944.500000,5944.000000,5944.500000,5
2025-10-11 01:15,5934.500000,5949.000000,5933.000000,5949.000000,128
2025-10-11 01:30,5949.000000,5949.000000,5935.000000,5948.500000,8
2025-10-11 01:45,5948.000000,5949.000000,5948.000000,5949.000000,49
2025-10-11 02:00,5949.000000,5960.000000,5935.000000,5953.500000,130
2025-10-11 02:15,5955.000000,5962.500000,5955.000000,5962.500000,49
2025-10-11 02:30,5962.500000,5962.500000,5955.000000,5962.500000,10
2025-10-11 02:45,5955.000000,5972.000000,5953.500000,5971.500000,49
2025-10-11 03:00,5970.000000,5972.500000,5964.000000,5972.000000,29
2025-10-11 03:15,5972.000000,5972.000000,5961.500000,5972.000000,28
2025-10-11 03:30,5970.000000,5972.500000,5970.000000,5972.500000,9
2025-10-11 03:45,5972.500000,5973.000000,5962.000000,5973.000000,50
2025-10-11 04:00,5973.000000,5973.000000,5961.000000,5972.000000,87
2025-10-11 04:15,5972.000000,5973.000000,5961.000000,5972.500000,63
2025-10-11 04:30,5963.500000,5973.000000,5963.500000,5972.000000,51
2025-10-11 04:45,5972.000000,5990.000000,5969.500000,5979.000000,201
2025-10-11 05:00,5980.000000,5980.500000,5972.500000,5979.500000,67
2025-10-11 05:15,5979.500000,5980.500000,5972.500000,5975.000000,43
2025-10-11 05:30,5979.500000,5980.000000,5973.000000,5979.000000,364
2025-10-11 05:45,5979.000000,5979.500000,5972.500000,5979.500000,58
2025-10-11 06:00,5979.500000,5979.500000,5971.000000,5976.500000,686
2025-10-11 06:15,5977.000000,5977.000000,5961.500000,5977.000000,147
2025-10-11 06:30,5976.500000,5977.000000,5967.000000,5976.000000,113
2025-10-11 06:45,5964.000000,5964.000000,5964.000000,5964.000000,711
2025-10-11 07:00,5964.000000,5964.000000,5935.000000,5938.500000,6213
2025-10-11 07:15,5939.000000,5955.500000,5938.000000,5949.500000,4117
2025-10-11 07:30,5949.500000,5969.000000,5947.500000,5968.500000,1766
2025-10-11 07:30,5949.500000,5969.000000,5947.500000,5968.500000,1766
2025-10-11 07:45,5968.500000,5968.500000,5958.000000,5963.000000,854
2025-10-11 08:00,5963.000000,5966.000000,5963.000000,5966.000000,582
2025-10-11 08:15,5966.000000,5979.000000,5965.500000,5975.000000,1520
2025-10-11 08:30,5975.000000,5981.500000,5965.000000,5965.000000,1861
2025-10-11 08:45,5965.000000,5973.500000,5964.000000,5972.500000,537
2025-10-11 09:00,5972.500000,5977.000000,5969.500000,5976.000000,728
2025-10-11 09:15,5977.000000,5977.000000,5967.000000,5968.500000,913
2025-10-11 09:30,5968.500000,5975.000000,5966.000000,5975.000000,1007
2025-10-11 09:45,5974.500000,5977.000000,5971.000000,5977.000000,411
2025-10-11 10:00,5977.000000,5977.000000,5972.500000,5976.500000,264
2025-10-11 10:15,5976.500000,5976.500000,5973.000000,5976.000000,354
2025-10-11 10:30,5976.000000,5976.500000,5972.000000,5976.500000,676
2025-10-11 10:45,5976.500000,5985.000000,5975.500000,5985.000000,2475
2025-10-11 11:00,5984.500000,5985.500000,5982.000000,5982.500000,1321
2025-10-11 11:15,5982.500000,5985.500000,5981.500000,5981.500000,322
2025-10-11 11:30,5983.000000,5985.500000,5980.000000,5980.500000,803
2025-10-11 11:45,5980.500000,5984.000000,5980.000000,5983.500000,466
2025-10-11 12:00,5982.500000,5986.000000,5981.000000,5985.500000,421
2025-10-11 12:15,5986.000000,5988.000000,5984.000000,5984.000000,300
2025-10-11 12:30,5985.000000,5985.000000,5980.500000,5982.000000,201
2025-10-11 12:45,5982.000000,5985.000000,5981.000000,5982.000000,256
2025-10-11 13:00,5981.000000,5982.000000,5976.500000,5978.000000,341
2025-10-11 13:15,5978.000000,5978.000000,5976.500000,5977.500000,133
2025-10-11 13:30,5977.500000,5977.500000,5976.000000,5976.500000,191
2025-10-11 13:45,5977.000000,5980.500000,5976.000000,5980.000000,245
2025-10-11 14:00,5981.000000,5982.500000,5976.500000,5980.000000,266
2025-10-11 14:15,5980.000000,5983.500000,5978.000000,5981.000000,88
2025-10-11 14:30,5983.000000,5983.500000,5981.000000,5982.500000,1617
2025-10-11 14:45,5983.000000,5983.000000,5981.500000,5982.500000,319
2025-10-11 15:00,5982.500000,5983.000000,5981.500000,5983.000000,171
2025-10-11 15:15,5981.500000,5983.000000,5981.500000,5982.500000,287
2025-10-11 15:30,5983.000000,5983.000000,5981.500000,5983.000000,325
2025-10-11 15:45,5983.000000,5983.000000,5981.000000,5982.500000,524
2025-10-11 16:00,6009.500000,6009.500000,5967.500000,5972.000000,68
2025-10-11 16:15,5972.000000,5992.000000,5969.500000,5976.500000,204
2025-10-11 16:30,5975.000000,5988.500000,5970.500000,5988.500000,135
2025-10-11 16:45,5980.000000,5987.000000,5975.000000,5976.000000,35
2025-10-11 17:00,5985.000000,5985.000000,5976.000000,5985.000000,58
2025-10-11 17:15,5974.500000,5985.000000,5971.000000,5983.500000,123
2025-10-11 17:30,5983.500000,5984.000000,5965.000000,5978.000000,332
2025-10-11 17:45,5978.000000,5981.500000,5969.500000,5980.500000,101
2025-10-11 18:00,5980.500000,5982.500000,5970.500000,5982.500000,69
2025-10-11 18:15,5980.000000,5982.500000,5970.000000,5973.500000,70
2025-10-11 18:30,5981.500000,5983.000000,5974.000000,5982.500000,74
2025-10-11 18:45,5982.000000,5982.000000,5974.500000,5982.000000,18
2025-10-11 19:00,5982.000000,5982.000000,5974.500000,5977.500000,54
2025-10-11 19:15,5977.000000,5977.500000,5975.500000,5977.500000,44
2025-10-11 19:30,5977.500000,5977.500000,5964.500000,5965.500000,175
2025-10-11 19:45,5976.500000,5977.500000,5966.000000,5977.500000,49
2025-10-11 20:00,5977.500000,5982.000000,5967.500000,5967.500000,58
2025-10-11 20:15,5967.000000,5980.000000,5964.000000,5979.000000,57
2025-10-11 20:30,5970.500000,5978.000000,5970.500000,5977.500000,18
2025-10-11 20:45,5977.500000,5977.500000,5965.000000,5966.000000,7
2025-10-11 23:00,5994.000000,5994.000000,5975.500000,5986.500000,14
2025-10-11 23:15,5982.500000,5986.500000,5968.500000,5986.500000,17
2025-10-11 23:30,5986.500000,5986.500000,5986.500000,5986.500000,7
2025-10-11 23:45,5973.500000,5988.500000,5973.500000,5988.500000,7
2025-10-12 00:00,5976.000000,5980.000000,5970.000000,5980.000000,23
2025-10-12 00:15,5980.500000,5984.000000,5980.000000,5984.000000,5
2025-10-12 00:30,5984.500000,5984.500000,5970.000000,5981.000000,28
2025-10-12 00:45,5978.500000,5980.500000,5978.000000,5980.500000,7
2025-10-12 01:00,5980.500000,5982.500000,5980.000000,5982.500000,6
2025-10-12 01:15,5982.500000,5982.500000,5971.000000,5982.500000,33
2025-10-12 01:30,5983.000000,5983.000000,5983.000000,5983.000000,9
2025-10-12 01:45,5980.000000,5982.500000,5971.500000,5982.500000,7
2025-10-12 02:00,5982.500000,5982.500000,5982.500000,5982.500000,7
2025-10-12 02:15,5982.500000,5982.500000,5971.000000,5971.000000,7
2025-10-12 02:30,5981.500000,5982.500000,5981.500000,5982.500000,4
2025-10-12 02:45,5982.500000,5983.000000,5982.500000,5983.000000,24
2025-10-12 03:00,5983.000000,5983.000000,5972.500000,5982.500000,25
2025-10-12 03:15,5982.500000,5983.000000,5982.500000,5983.000000,3
2025-10-12 03:30,5983.000000,5983.000000,5971.500000,5971.500000,7
2025-10-12 03:45,5982.500000,5985.000000,5972.000000,5984.500000,15
2025-10-12 04:00,5972.500000,5982.000000,5972.500000,5974.000000,13
2025-10-12 04:15,5982.500000,5982.500000,5972.500000,5982.000000,25
2025-10-12 04:30,5972.500000,5984.000000,5968.500000,5968.500000,66
2025-10-12 04:45,5970.500000,5983.500000,5969.500000,5981.500000,30
2025-10-12 05:00,5981.500000,5984.000000,5971.500000,5971.500000,23
2025-10-12 05:15,5972.000000,5972.000000,5970.000000,5972.000000,49
2025-10-12 05:30,5970.000000,5983.000000,5970.000000,5971.500000,170
2025-10-12 05:45,5982.500000,5983.000000,5981.500000,5983.000000,21
2025-10-12 06:00,5983.000000,5983.000000,5973.500000,5982.500000,31
2025-10-12 06:15,5974.500000,5983.000000,5974.500000,5976.500000,34
2025-10-12 06:30,5983.000000,5983.000000,5976.000000,5976.000000,24
2025-10-12 06:45,5986.000000,5986.000000,5986.000000,5986.000000,28
2025-10-12 07:00,5987.000000,5997.500000,5978.500000,5988.500000,4214
2025-10-12 07:15,5989.000000,5995.500000,5989.000000,5995.500000,508
2025-10-12 07:30,5995.500000,6005.500000,5993.500000,6004.500000,3064
2025-10-12 07:45,6005.500000,6007.500000,5994.000000,5996.500000,3018
2025-10-12 08:00,5997.000000,5997.000000,5993.500000,5995.500000,382
2025-10-12 08:15,5995.500000,5997.000000,5991.000000,5996.500000,642
2025-10-12 08:30,5996.500000,5997.000000,5994.000000,5995.000000,130
2025-10-12 08:45,5995.000000,6000.000000,5994.000000,6000.000000,457
2025-10-12 09:00,5998.000000,6006.000000,5998.000000,6005.000000,317
2025-10-12 09:15,6005.000000,6005.000000,5998.500000,6002.000000,308
2025-10-12 09:30,6002.000000,6008.000000,6002.000000,6004.000000,844
2025-10-12 09:45,6004.500000,6010.000000,6004.500000,6009.500000,577
2025-10-12 10:00,6010.000000,6010.000000,6006.000000,6008.500000,2769
2025-10-12 10:15,6009.000000,6010.000000,6008.500000,6009.500000,186
2025-10-12 10:30,6010.000000,6010.000000,6006.000000,6009.500000,1834
2025-10-12 10:45,6009.000000,6009.500000,6006.500000,6007.500000,111
2025-10-12 11:00,6008.000000,6010.000000,6006.000000,6006.500000,2468
2025-10-12 11:15,6007.500000,6008.500000,6006.000000,6008.000000,386
2025-10-12 11:30,6008.000000,6010.000000,6008.000000,6010.000000,231
2025-10-12 11:45,6010.000000,6010.000000,6007.000000,6008.500000,483
2025-10-12 12:00,6007.500000,6009.500000,6006.000000,6006.500000,530
2025-10-12 12:15,6006.500000,6009.500000,6006.500000,6009.500000,259
2025-10-12 12:30,6009.500000,6010.000000,6007.000000,6009.500000,114
2025-10-12 12:45,6008.500000,6009.500000,6007.000000,6008.500000,244
2025-10-12 13:00,6009.000000,6010.000000,6007.000000,6008.000000,292
2025-10-12 13:15,6007.000000,6008.500000,6006.000000,6006.000000,163
2025-10-12 13:30,6006.500000,6007.500000,6006.000000,6007.000000,1082
2025-10-12 13:45,6006.000000,6007.000000,6006.000000,6007.000000,121
2025-10-12 14:00,6007.000000,6007.000000,6006.000000,6007.000000,164
2025-10-12 14:15,6007.000000,6007.000000,6006.000000,6007.000000,154
2025-10-12 14:30,6007.000000,6007.000000,6006.000000,6006.500000,283
2025-10-12 14:45,6007.000000,6007.000000,6006.500000,6007.000000,1002
2025-10-12 15:00,6006.500000,6007.000000,6006.000000,6006.000000,1424
2025-10-12 15:15,6007.000000,6007.000000,6006.000000,6006.000000,482
2025-10-12 15:30,6006.000000,6007.000000,6006.000000,6007.000000,617
2025-10-12 15:45,6007.000000,6007.000000,6006.000000,6007.000000,1091
2025-10-12 16:00,5994.500000,6020.000000,5994.500000,6009.500000,59
2025-10-12 16:15,6010.000000,6018.000000,6001.000000,6017.500000,94
2025-10-12 16:30,6017.500000,6017.500000,6009.500000,6017.500000,43
2025-10-12 16:45,6017.000000,6017.500000,6016.500000,6017.000000,83
2025-10-12 17:00,6017.000000,6017.500000,6011.000000,6011.500000,78
2025-10-12 17:15,6011.500000,6013.500000,6007.500000,6013.000000,75
2025-10-12 17:30,6013.500000,6013.500000,6007.500000,6007.500000,33
2025-10-12 17:45,6007.500000,6012.000000,6007.500000,6012.000000,33
2025-10-12 18:00,6012.000000,6015.000000,6007.500000,6007.500000,38
2025-10-12 18:15,6007.500000,6014.000000,6007.500000,6008.500000,27
2025-10-12 18:30,6013.000000,6013.500000,6008.500000,6008.500000,12
2025-10-12 18:45,6008.500000,6013.500000,6008.500000,6009.000000,21
2025-10-12 19:00,6008.500000,6014.500000,6005.000000,6014.500000,279
2025-10-12 19:15,6005.000000,6015.000000,6002.000000,6012.500000,61
2025-10-12 19:30,6012.500000,6012.500000,6005.500000,6010.000000,26
2025-10-12 19:45,6006.500000,6014.000000,6006.500000,6014.000000,38
2025-10-12 20:00,6014.000000,6014.000000,6010.000000,6013.500000,33
2025-10-12 20:15,6013.500000,6014.000000,6006.500000,6006.500000,39
2025-10-12 20:30,6006.500000,6013.500000,6005.500000,6007.000000,71
2025-10-12 20:45,6013.500000,6013.500000,6006.500000,6013.500000,10
2025-10-13 03:45,6024.500000,6024.500000,6024.500000,6024.500000,577
2025-10-13 04:00,6024.000000,6034.000000,6017.000000,6030.500000,5412
2025-10-13 04:15,6028.000000,6033.000000,6019.000000,6033.000000,2207
2025-10-13 04:30,6030.500000,6033.000000,6023.500000,6030.500000,2218
2025-10-13 04:45,6030.500000,6031.000000,6026.500000,6028.500000,1250
2025-10-13 05:00,6028.500000,6030.000000,6027.500000,6028.000000,1094
2025-10-13 05:15,6029.500000,6034.000000,6025.000000,6030.500000,5395
2025-10-13 05:30,6030.500000,6031.500000,6027.000000,6027.500000,406
2025-10-13 05:45,6027.500000,6030.000000,6022.500000,6024.500000,774
2025-10-13 06:00,6024.000000,6026.500000,6000.500000,6012.500000,7807
2025-10-13 06:15,6013.000000,6022.500000,6010.000000,6019.000000,3459
2025-10-13 06:30,6019.000000,6031.000000,6018.500000,6027.000000,6350
2025-10-13 06:45,6027.500000,6033.500000,6027.000000,6030.500000,2780
2025-10-13 07:00,6031.000000,6043.000000,6018.000000,6036.000000,24960
2025-10-13 07:15,6036.000000,6039.500000,6023.000000,6036.000000,6558
2025-10-13 07:30,6036.000000,6042.000000,6006.000000,6013.500000,13137
2025-10-13 07:45,6014.000000,6014.500000,5950.000000,5961.000000,52931
2025-10-13 08:00,5961.500000,5983.000000,5944.000000,5977.000000,20912
2025-10-13 08:15,5977.000000,5981.500000,5942.000000,5951.500000,14753
2025-10-13 08:30,5951.000000,5971.500000,5940.000000,5967.500000,13742
2025-10-13 08:45,5967.000000,5995.000000,5961.500000,5983.500000,12357
2025-10-13 09:00,5983.000000,5985.500000,5950.500000,5974.000000,9490
2025-10-13 09:15,5975.500000,5980.000000,5958.500000,5959.000000,3246
2025-10-13 09:30,5958.500000,5973.500000,5958.000000,5968.000000,5451
2025-10-13 09:45,5967.500000,5987.500000,5963.500000,5973.000000,5617
2025-10-13 10:00,5973.500000,5979.000000,5965.500000,5970.500000,4503
2025-10-13 10:15,5970.500000,5972.000000,5960.000000,5961.500000,4754
2025-10-13 10:30,5961.500000,5963.500000,5951.500000,5952.000000,3862
2025-10-13 10:45,5952.000000,5957.000000,5940.500000,5944.000000,9909
2025-10-13 11:00,5944.000000,5947.000000,5913.000000,5917.000000,29556
2025-10-13 11:15,5917.000000,5931.500000,5901.500000,5914.000000,17511
2025-10-13 11:30,5914.000000,5921.500000,5910.000000,5920.000000,15440
2025-10-13 11:45,5920.000000,5965.000000,5920.000000,5945.500000,40700
2025-10-13 12:00,5948.000000,6006.500000,5948.000000,5984.000000,49463
2025-10-13 12:15,5984.000000,6010.000000,5979.000000,5987.000000,17331
2025-10-13 12:30,5986.500000,5995.500000,5984.500000,5994.500000,9915
2025-10-13 12:45,5994.500000,6022.500000,5992.500000,5998.000000,20228
2025-10-13 13:00,5998.000000,6000.500000,5988.500000,5989.500000,8329
2025-10-13 13:15,5989.500000,5989.500000,5972.000000,5985.000000,8487
2025-10-13 13:30,5986.500000,5987.500000,5965.500000,5974.000000,4512
2025-10-13 13:45,5972.500000,5982.000000,5968.000000,5981.500000,7149
2025-10-13 14:00,5982.000000,5982.000000,5955.500000,5967.000000,8688
2025-10-13 14:15,5968.000000,5972.000000,5930.500000,5937.000000,19372
2025-10-13 14:30,5936.500000,5941.000000,5916.500000,5937.500000,15767
2025-10-13 14:45,5937.500000,5939.500000,5923.500000,5933.000000,10599
2025-10-13 15:00,5932.500000,5949.000000,5927.500000,5949.000000,10045
2025-10-13 15:15,5948.000000,5948.000000,5933.000000,5936.000000,4199
2025-10-13 15:30,5936.000000,5943.000000,5931.500000,5943.000000,4206
2025-10-13 15:45,5951.500000,5951.500000,5951.500000,5951.500000,2436
2025-10-13 16:00,5951.000000,5951.500000,5936.000000,5937.500000,3272
2025-10-13 16:15,5938.000000,5943.000000,5937.000000,5941.500000,1710
2025-10-13 16:30,5941.500000,5960.000000,5941.000000,5957.000000,2321
2025-10-13 16:45,5956.500000,5977.000000,5952.000000,5975.500000,4544
2025-10-13 17:00,5975.500000,5975.500000,5959.000000,5960.500000,2708
2025-10-13 17:15,5960.500000,5966.000000,5957.500000,5966.000000,2565
2025-10-13 17:30,5966.500000,5973.500000,5958.500000,5959.000000,5483
2025-10-13 17:45,5959.500000,5961.000000,5956.000000,5957.000000,724
2025-10-13 18:00,5957.500000,5963.000000,5957.000000,5961.000000,796
2025-10-13 18:15,5961.000000,5964.500000,5961.000000,5963.000000,353
2025-10-13 18:30,5963.000000,5969.000000,5946.500000,5950.500000,5779
2025-10-13 18:45,5950.500000,5951.500000,5942.500000,5946.000000,1277
2025-10-13 19:00,5946.000000,5946.000000,5941.000000,5945.500000,966
2025-10-13 19:15,5945.500000,5949.500000,5945.500000,5949.500000,817
2025-10-13 19:30,5949.000000,5950.000000,5942.000000,5942.000000,2700
2025-10-13 19:45,5943.500000,5949.000000,5941.000000,5946.500000,1361
2025-10-13 20:00,5946.000000,5946.000000,5942.500000,5943.000000,1062
2025-10-13 20:15,5943.500000,5946.000000,5942.500000,5943.000000,1474
2025-10-13 20:30,5943.000000,5947.500000,5942.000000,5947.000000,1297
2025-10-13 20:45,5944.000000,5950.000000,5944.000000,5950.000000,818
2025-10-14 03:45,5956.000000,5956.000000,5956.000000,5956.000000,12
2025-10-14 04:00,5960.000000,5961.000000,5947.000000,5959.500000,1317
2025-10-14 04:15,5960.000000,5965.500000,5959.000000,5960.500000,876
2025-10-14 04:30,5963.500000,5967.000000,5960.500000,5965.500000,871
2025-10-14 04:45,5965.500000,5967.500000,5960.000000,5963.000000,888
2025-10-14 05:00,5963.000000,5966.000000,5958.000000,5958.000000,802
2025-10-14 05:15,5958.000000,5958.000000,5952.000000,5955.000000,499
2025-10-14 05:30,5955.000000,5956.000000,5952.000000,5955.000000,575
2025-10-14 05:45,5955.500000,5960.000000,5954.000000,5959.500000,529
2025-10-14 06:00,5958.500000,5959.000000,5942.000000,5949.000000,4503
2025-10-14 06:15,5948.000000,5949.500000,5941.000000,5947.000000,2910
2025-10-14 06:30,5947.000000,5947.000000,5937.000000,5937.000000,1186
2025-10-14 06:45,5936.500000,5950.000000,5936.500000,5942.500000,1530
2025-10-14 07:00,5942.500000,5942.500000,5922.000000,5922.500000,11426
2025-10-14 07:15,5922.500000,5934.500000,5921.500000,5929.000000,7421
2025-10-14 07:30,5929.500000,5938.000000,5925.500000,5931.000000,3974
2025-10-14 07:45,5931.000000,5947.000000,5919.000000,5925.000000,7212
2025-10-14 08:00,5924.000000,5937.500000,5920.500000,5933.000000,7532
2025-10-14 08:15,5932.000000,5933.000000,5920.500000,5929.000000,4901
2025-10-14 08:30,5929.500000,5930.500000,5910.000000,5914.000000,11360
2025-10-14 08:45,5914.000000,5937.000000,5912.500000,5930.000000,8687
2025-10-14 09:00,5930.000000,5946.500000,5922.500000,5943.000000,7140
2025-10-14 09:15,5943.000000,5950.000000,5936.500000,5940.000000,9327
2025-10-14 09:30,5940.000000,5948.000000,5935.500000,5937.500000,3946
2025-10-14 09:45,5937.000000,5939.000000,5921.500000,5933.000000,7392
2025-10-14 10:00,5933.000000,5939.000000,5923.500000,5938.000000,3995
2025-10-14 10:15,5936.500000,5945.000000,5935.000000,5938.000000,2415
2025-10-14 10:30,5939.000000,5943.000000,5934.000000,5942.500000,5910
2025-10-14 10:45,5942.000000,5942.000000,5927.500000,5930.000000,2824
2025-10-14 11:00,5929.500000,5939.000000,5929.500000,5932.500000,2797
2025-10-14 11:15,5932.500000,5942.000000,5920.000000,5935.000000,12414
2025-10-14 11:30,5935.000000,5938.000000,5922.000000,5932.000000,6587
2025-10-14 11:45,5931.000000,5936.500000,5925.500000,5935.000000,5064
2025-10-14 12:00,5935.000000,5937.500000,5922.000000,5922.000000,4663
2025-10-14 12:15,5922.000000,5934.500000,5917.000000,5934.500000,11197
2025-10-14 12:30,5933.500000,5938.500000,5902.000000,5902.000000,19906
2025-10-14 12:45,5902.000000,5902.500000,5864.500000,5900.500000,75469
2025-10-14 13:00,5901.000000,5901.000000,5858.000000,5865.000000,34421
2025-10-14 13:15,5865.000000,5884.000000,5864.000000,5879.000000,19962
2025-10-14 13:30,5879.000000,5879.500000,5865.000000,5868.000000,14185
2025-10-14 13:45,5868.500000,5870.000000,5860.500000,5862.000000,22627
2025-10-14 14:00,5864.000000,5870.000000,5860.000000,5870.000000,7809
2025-10-14 14:15,5870.000000,5891.500000,5869.000000,5878.000000,12855
2025-10-14 14:30,5878.000000,5888.500000,5875.000000,5886.500000,3403
2025-10-14 14:45,5887.000000,5897.500000,5874.500000,5874.500000,11786
2025-10-14 15:00,5874.500000,5884.500000,5870.000000,5878.000000,5642
2025-10-14 15:15,5878.500000,5883.000000,5870.000000,5880.000000,15476
2025-10-14 15:30,5880.000000,5880.500000,5874.000000,5874.500000,11977
2025-10-14 15:45,5874.000000,5874.000000,5874.000000,5874.000000,1600
2025-10-14 16:00,5874.500000,5880.000000,5870.000000,5873.500000,12771
2025-10-14 16:15,5873.500000,5881.500000,5870.000000,5870.500000,7311
2025-10-14 16:30,5870.000000,5871.000000,5863.500000,5868.000000,3264
2025-10-14 16:45,5867.500000,5872.000000,5865.500000,5871.000000,3075
2025-10-14 17:00,5870.500000,5880.000000,5869.000000,5877.500000,1694
2025-10-14 17:15,5878.000000,5879.500000,5875.000000,5875.500000,918
2025-10-14 17:30,5875.000000,5876.500000,5873.000000,5875.500000,1601
2025-10-14 17:45,5876.000000,5877.000000,5872.500000,5874.000000,1804
2025-10-14 18:00,5874.000000,5874.000000,5870.000000,5871.500000,1192
2025-10-14 18:15,5871.500000,5872.500000,5870.000000,5871.000000,1265
2025-10-14 18:30,5871.500000,5876.000000,5871.000000,5875.500000,1681
2025-10-14 18:45,5875.500000,5876.500000,5874.000000,5875.000000,697
2025-10-14 19:00,5875.000000,5876.000000,5874.000000,5875.000000,781
2025-10-14 19:15,5875.000000,5876.000000,5872.500000,5875.500000,1998
2025-10-14 19:30,5875.500000,5876.000000,5869.000000,5870.000000,3531
2025-10-14 19:45,5870.000000,5880.000000,5870.000000,5879.500000,807
2025-10-14 20:00,5880.000000,5890.000000,5877.000000,5890.000000,2354
2025-10-14 20:15,5890.000000,5890.000000,5881.500000,5886.000000,1721
2025-10-14 20:30,5884.500000,5890.000000,5884.000000,5888.000000,2740
2025-10-14 20:45,5888.000000,5890.000000,5888.000000,5888.000000,1112
2025-10-15 03:45,5885.000000,5885.000000,5885.000000,5885.000000,121
2025-10-15 04:00,5885.000000,5899.500000,5880.000000,5893.000000,2243
2025-10-15 04:15,5892.000000,5896.000000,5886.500000,5894.000000,891
2025-10-15 04:30,5892.000000,5898.000000,5891.500000,5897.500000,711
2025-10-15 04:45,5898.000000,5898.000000,5894.000000,5894.000000,544
2025-10-15 05:00,5894.000000,5899.000000,5894.000000,5899.000000,665
2025-10-15 05:15,5899.000000,5899.000000,5893.000000,5897.500000,1793
2025-10-15 05:30,5897.500000,5909.000000,5896.000000,5908.000000,3425
2025-10-15 05:45,5908.000000,5908.000000,5888.500000,5890.000000,5847
2025-10-15 06:00,5893.500000,5893.500000,5875.000000,5875.500000,6259
2025-10-15 06:15,5875.500000,5886.500000,5875.000000,5885.500000,2949
2025-10-15 06:30,5885.500000,5885.500000,5870.500000,5871.000000,3104
2025-10-15 06:45,5871.000000,5878.000000,5860.500000,5876.000000,6935
2025-10-15 07:00,5875.500000,5883.500000,5860.000000,5874.500000,16666
2025-10-15 07:15,5874.500000,5879.500000,5860.000000,5861.000000,11215
2025-10-15 07:30,5861.000000,5876.000000,5857.500000,5865.500000,10171
2025-10-15 07:45,5866.500000,5870.000000,5857.000000,5857.000000,6319
2025-10-15 08:00,5858.500000,5863.500000,5851.000000,5856.000000,15415
2025-10-15 08:15,5856.500000,5859.000000,5850.500000,5856.500000,11234
2025-10-15 08:30,5857.500000,5861.500000,5850.000000,5850.500000,6474
2025-10-15 08:45,5851.000000,5854.000000,5843.000000,5847.000000,12452
2025-10-15 09:00,5847.000000,5856.500000,5843.000000,5856.500000,12747
2025-10-15 09:15,5856.500000,5862.000000,5841.500000,5847.000000,21385
2025-10-15 09:30,5846.000000,5864.500000,5843.500000,5861.000000,8278
2025-10-15 09:45,5862.500000,5877.000000,5859.500000,5866.500000,15574
2025-10-15 10:00,5867.000000,5900.000000,5866.000000,5883.500000,24705
2025-10-15 10:15,5883.500000,5887.000000,5857.000000,5861.000000,14864
2025-10-15 10:30,5861.000000,5870.000000,5861.000000,5866.500000,5343
2025-10-15 10:45,5866.500000,5868.000000,5859.500000,5860.000000,9329
2025-10-15 11:00,5860.000000,5864.000000,5856.500000,5856.500000,5436
2025-10-15 11:15,5856.500000,5867.000000,5853.000000,5860.500000,8896
2025-10-15 11:30,5860.000000,5894.000000,5858.000000,5880.000000,33982
2025-10-15 11:45,5880.000000,5894.000000,5876.000000,5878.000000,12702
2025-10-15 12:00,5879.000000,5890.500000,5874.500000,5878.500000,13862
2025-10-15 12:15,5880.000000,5881.500000,5865.000000,5870.500000,18681
2025-10-15 12:30,5870.500000,5877.500000,5863.500000,5875.000000,7839
2025-10-15 12:45,5874.500000,5892.500000,5870.000000,5887.500000,14055
2025-10-15 13:00,5887.500000,5888.000000,5872.000000,5872.500000,10340
2025-10-15 13:15,5872.500000,5885.500000,5870.500000,5871.500000,9042
2025-10-15 13:30,5871.500000,5884.500000,5870.500000,5875.000000,4699
2025-10-15 13:45,5876.500000,5877.000000,5862.500000,5865.500000,6337
2025-10-15 14:00,5865.500000,5879.500000,5863.000000,5871.500000,3026
2025-10-15 14:15,5873.500000,5875.500000,5856.000000,5860.500000,10270
2025-10-15 14:30,5862.500000,5863.000000,5856.500000,5862.000000,3685
2025-10-15 14:45,5862.000000,5869.500000,5861.000000,5861.000000,3081
2025-10-15 15:00,5861.500000,5863.000000,5847.000000,5858.500000,16621
2025-10-15 15:15,5857.500000,5859.000000,5843.500000,5844.000000,21062
2025-10-15 15:30,5844.000000,5847.500000,5842.500000,5846.500000,4452
2025-10-15 15:45,5857.000000,5857.000000,5857.000000,5857.000000,3808
2025-10-15 16:00,5848.000000,5857.000000,5846.000000,5848.000000,3264
2025-10-15 16:15,5848.000000,5861.500000,5848.000000,5861.500000,2002
2025-10-15 16:30,5861.500000,5861.500000,5852.500000,5858.000000,2894
2025-10-15 16:45,5857.500000,5858.000000,5840.500000,5846.000000,12912
2025-10-15 17:00,5846.000000,5849.500000,5841.500000,5843.000000,4101
2025-10-15 17:15,5843.000000,5843.000000,5835.000000,5837.000000,13340
2025-10-15 17:30,5837.000000,5846.000000,5835.500000,5843.500000,5998
2025-10-15 17:45,5842.500000,5844.500000,5837.500000,5839.000000,3048
2025-10-15 18:00,5839.000000,5844.500000,5836.500000,5843.500000,2849
2025-10-15 18:15,5843.500000,5844.500000,5840.500000,5843.500000,1560
2025-10-15 18:30,5843.000000,5843.500000,5840.000000,5843.000000,2703
2025-10-15 18:45,5842.000000,5843.500000,5839.500000,5840.500000,2050
2025-10-15 19:00,5840.500000,5844.000000,5837.500000,5838.500000,3494
2025-10-15 19:15,5839.000000,5844.500000,5839.000000,5844.500000,2089
2025-10-15 19:30,5845.000000,5853.000000,5844.000000,5852.000000,2243
2025-10-15 19:45,5853.000000,5853.500000,5850.000000,5850.000000,1400
2025-10-15 20:00,5850.000000,5850.500000,5837.000000,5838.500000,4567
2025-10-15 20:15,5841.000000,5847.500000,5835.500000,5836.000000,4907
2025-10-15 20:30,5836.500000,5840.500000,5835.500000,5836.500000,2688
2025-10-15 20:45,5836.000000,5838.500000,5835.000000,5835.000000,2084
2025-10-16 03:45,5837.000000,5837.000000,5837.000000,5837.000000,83
2025-10-16 04:00,5839.000000,5854.000000,5837.000000,5846.000000,6475
2025-10-16 04:15,5845.500000,5848.000000,5843.500000,5846.000000,1300
2025-10-16 04:30,5846.000000,5850.000000,5844.500000,5850.000000,885
2025-10-16 04:45,5849.000000,5852.000000,5847.000000,5850.500000,931
2025-10-16 05:00,5850.000000,5850.000000,5844.000000,5846.500000,633
2025-10-16 05:15,5847.000000,5847.000000,5841.000000,5845.000000,1095
2025-10-16 05:30,5845.000000,5848.000000,5845.000000,5846.500000,1024
2025-10-16 05:45,5847.000000,5848.500000,5846.000000,5848.500000,705
2025-10-16 06:00,5848.000000,5848.000000,5832.500000,5832.500000,7814
2025-10-16 06:15,5833.000000,5841.000000,5832.500000,5840.000000,5952
2025-10-16 06:30,5840.000000,5841.000000,5835.500000,5837.500000,1553
2025-10-16 06:45,5839.000000,5844.000000,5835.000000,5841.500000,1397
2025-10-16 07:00,5840.000000,5847.500000,5830.000000,5830.000000,17848
2025-10-16 07:15,5830.500000,5833.500000,5813.000000,5820.000000,18069
2025-10-16 07:30,5820.000000,5833.000000,5817.000000,5818.500000,14218
2025-10-16 07:45,5820.000000,5830.000000,5818.500000,5825.500000,8769
2025-10-16 08:00,5825.500000,5848.000000,5824.000000,5834.000000,15339
2025-10-16 08:15,5833.500000,5837.000000,5818.500000,5820.000000,8589
2025-10-16 08:30,5820.000000,5822.000000,5807.000000,5810.000000,20445
2025-10-16 08:45,5809.500000,5813.500000,5806.500000,5807.500000,12869
2025-10-16 09:00,5808.000000,5808.000000,5802.000000,5804.500000,13745
2025-10-16 09:15,5803.000000,5829.000000,5803.000000,5823.500000,15748
2025-10-16 09:30,5823.500000,5846.500000,5823.000000,5845.000000,14405
2025-10-16 09:45,5845.000000,5858.500000,5840.000000,5852.500000,14936
2025-10-16 10:00,5853.000000,5855.500000,5838.000000,5846.000000,5241
2025-10-16 10:15,5846.500000,5850.000000,5832.000000,5836.500000,4303
2025-10-16 10:30,5837.000000,5842.000000,5834.500000,5840.500000,3231
2025-10-16 10:45,5840.500000,5844.500000,5834.500000,5842.500000,5226
2025-10-16 11:00,5841.000000,5857.000000,5841.000000,5854.000000,6510
2025-10-16 11:15,5854.000000,5856.000000,5842.000000,5845.000000,6362
2025-10-16 11:30,5845.500000,5875.000000,5845.500000,5864.500000,25805
2025-10-16 11:45,5864.000000,5870.000000,5850.000000,5852.000000,7898
2025-10-16 12:00,5854.000000,5864.000000,5854.000000,5858.000000,5378
2025-10-16 12:15,5857.500000,5874.500000,5853.000000,5868.000000,7726
2025-10-16 12:30,5868.500000,5880.000000,5860.000000,5867.500000,13808
2025-10-16 12:45,5868.000000,5888.000000,5867.000000,5879.000000,9649
2025-10-16 13:00,5879.500000,5900.000000,5876.000000,5896.500000,19304
2025-10-16 13:15,5898.000000,5904.000000,5890.000000,5897.000000,11836
2025-10-16 13:30,5897.000000,5898.500000,5875.000000,5883.500000,13027
2025-10-16 13:45,5883.500000,5895.000000,5881.500000,5882.000000,6080
2025-10-16 14:00,5882.000000,5999.000000,5877.000000,5973.000000,87515
2025-10-16 14:15,5973.000000,5985.000000,5951.000000,5979.500000,40162
2025-10-16 14:30,5979.500000,6030.000000,5979.500000,6012.000000,103323
2025-10-16 14:45,6012.000000,6029.000000,6002.000000,6004.000000,44070
2025-10-16 15:00,6004.000000,6016.000000,5962.000000,5977.500000,44489
2025-10-16 15:15,5978.500000,5993.500000,5968.500000,5972.000000,22514
2025-10-16 15:30,5971.000000,5989.500000,5971.000000,5987.500000,18666
2025-10-16 15:45,5996.000000,5996.000000,5996.000000,5996.000000,1184
2025-10-16 16:00,5989.000000,6010.000000,5985.500000,5994.500000,13397
2025-10-16 16:15,5994.500000,6000.000000,5978.000000,5979.500000,14357
2025-10-16 16:30,5980.000000,5995.500000,5956.000000,5987.500000,13262
2025-10-16 16:45,5988.000000,5994.000000,5984.500000,5989.000000,5687
2025-10-16 17:00,5989.000000,6160.000000,5981.500000,6108.000000,158561
2025-10-16 17:15,6108.000000,6194.500000,6108.000000,6179.000000,149499
2025-10-16 17:30,6178.000000,6179.500000,6125.500000,6136.000000,103794
2025-10-16 17:45,6135.000000,6159.500000,6127.000000,6154.500000,65300
2025-10-16 18:00,6156.500000,6158.000000,6120.500000,6124.000000,41678
2025-10-16 18:15,6124.500000,6129.500000,6108.500000,6128.500000,35918
2025-10-16 18:30,6129.000000,6143.500000,6126.500000,6136.000000,22889
2025-10-16 18:45,6136.000000,6145.000000,6127.000000,6130.500000,7283
2025-10-16 19:00,6131.000000,6150.000000,6131.000000,6146.000000,11401
2025-10-16 19:15,6146.000000,6149.000000,6144.000000,6145.500000,5208
2025-10-16 19:30,6146.000000,6155.000000,6145.000000,6154.000000,6605
2025-10-16 19:45,6154.000000,6158.000000,6146.500000,6151.500000,7642
2025-10-16 20:00,6150.000000,6158.500000,6149.500000,6158.500000,9403
2025-10-16 20:15,6158.500000,6164.500000,6151.000000,6151.000000,8717
2025-10-16 20:30,6151.000000,6185.000000,6151.000000,6183.000000,17150
2025-10-16 20:45,6183.500000,6185.000000,6173.500000,6185.000000,4735
2025-10-17 03:45,6189.500000,6189.500000,6189.500000,6189.500000,1150
2025-10-17 04:00,6189.500000,6200.500000,6151.500000,6155.500000,18931
2025-10-17 04:15,6155.500000,6177.500000,6150.000000,6169.500000,10661
2025-10-17 04:30,6168.500000,6175.500000,6159.500000,6168.500000,9745
2025-10-17 04:45,6168.500000,6168.500000,6144.500000,6145.500000,6705
2025-10-17 05:00,6145.500000,6153.000000,6137.500000,6137.500000,8619
2025-10-17 05:15,6138.000000,6147.500000,6130.000000,6140.500000,9911
2025-10-17 05:30,6141.500000,6160.000000,6130.000000,6160.000000,10379
2025-10-17 05:45,6157.000000,6176.500000,6157.000000,6174.500000,16653
2025-10-17 06:00,6174.500000,6181.000000,6152.500000,6167.500000,21413
2025-10-17 06:15,6169.000000,6171.500000,6149.500000,6162.500000,8724
2025-10-17 06:30,6162.000000,6178.500000,6162.000000,6177.000000,11830
2025-10-17 06:45,6177.500000,6186.000000,6161.500000,6174.000000,19527
2025-10-17 07:00,6173.000000,6199.000000,6166.000000,6169.000000,93283
2025-10-17 07:15,6168.500000,6229.000000,6168.500000,6218.500000,55758
2025-10-17 07:30,6218.500000,6225.000000,6200.500000,6210.000000,34305
