time,open,high,low,close,volume
2025-07-21 05:45,112100.000000,112100.000000,111670.000000,111670.000000,3
2025-07-21 06:00,112600.000000,112620.000000,112290.000000,112290.000000,10
2025-07-21 06:15,112200.000000,112200.000000,111990.000000,111990.000000,6
2025-07-21 06:30,112060.000000,112170.000000,112040.000000,112040.000000,6
2025-07-21 06:45,112040.000000,112140.000000,111990.000000,112140.000000,12
2025-07-21 07:00,111970.000000,112120.000000,111970.000000,112120.000000,5
2025-07-21 07:15,112140.000000,112200.000000,112140.000000,112200.000000,3
2025-07-21 07:30,112290.000000,112290.000000,111870.000000,112080.000000,8
2025-07-21 07:45,112100.000000,112100.000000,112010.000000,112010.000000,4
2025-07-21 08:15,112140.000000,112250.000000,112140.000000,112250.000000,3
2025-07-21 08:30,112280.000000,112280.000000,112280.000000,112280.000000,2
2025-07-21 08:45,112500.000000,112500.000000,112440.000000,112440.000000,5
2025-07-21 09:00,112550.000000,112580.000000,112510.000000,112570.000000,24
2025-07-21 09:45,112930.000000,113150.000000,112900.000000,113150.000000,16
2025-07-21 10:00,113100.000000,113270.000000,113080.000000,113260.000000,11
2025-07-21 10:15,113200.000000,113200.000000,113200.000000,113200.000000,1
2025-07-21 10:30,113080.000000,113160.000000,112870.000000,112940.000000,14
2025-07-21 10:45,112970.000000,113030.000000,112970.000000,113030.000000,2
2025-07-21 11:00,113280.000000,113280.000000,113090.000000,113090.000000,6
2025-07-21 11:15,113050.000000,113050.000000,112750.000000,112750.000000,17
2025-07-21 11:30,112940.000000,112980.000000,112940.000000,112980.000000,2
2025-07-21 12:00,112920.000000,112920.000000,112920.000000,112920.000000,1
2025-07-21 12:15,113000.000000,113000.000000,113000.000000,113000.000000,1
2025-07-21 12:30,113160.000000,113160.000000,113160.000000,113160.000000,1
2025-07-21 13:30,113260.000000,113400.000000,113260.000000,113400.000000,27
2025-07-21 14:00,113300.000000,113320.000000,113300.000000,113320.000000,2
2025-07-21 14:15,113330.000000,113330.000000,113310.000000,113320.000000,11
2025-07-21 14:30,113510.000000,113580.000000,113490.000000,113490.000000,12
2025-07-21 14:45,113590.000000,113600.000000,113590.000000,113600.000000,2
2025-07-21 15:15,113480.000000,113480.000000,113480.000000,113480.000000,1
2025-07-21 15:30,113460.000000,113590.000000,113460.000000,113550.000000,3
2025-07-21 16:00,113720.000000,113720.000000,113560.000000,113570.000000,3
2025-07-21 16:15,113590.000000,113590.000000,113580.000000,113580.000000,3
2025-07-21 16:30,113380.000000,113420.000000,113140.000000,113370.000000,38
2025-07-21 17:00,113540.000000,113540.000000,113530.000000,113540.000000,4
2025-07-21 17:30,113390.000000,113390.000000,113390.000000,113390.000000,1
2025-07-21 17:45,113700.000000,113760.000000,113590.000000,113590.000000,15
2025-07-21 18:00,113780.000000,113780.000000,113780.000000,113780.000000,1
2025-07-21 18:15,113860.000000,113920.000000,113800.000000,113920.000000,5
2025-07-21 18:45,113900.000000,113900.000000,113830.000000,113900.000000,15
2025-07-21 19:00,113790.000000,113790.000000,113790.000000,113790.000000,1
2025-07-21 19:30,113710.000000,113710.000000,113710.000000,113710.000000,1
2025-07-21 20:00,113620.000000,113620.000000,113620.000000,113620.000000,1
2025-07-22 06:00,113170.000000,113240.000000,113170.000000,113240.000000,4
2025-07-22 07:00,113070.000000,113170.000000,113070.000000,113170.000000,2
2025-07-22 07:30,113290.000000,113290.000000,113290.000000,113290.000000,1
2025-07-22 08:00,112820.000000,112890.000000,112810.000000,112890.000000,3
2025-07-22 08:15,112830.000000,112830.000000,112700.000000,112700.000000,6
2025-07-22 08:30,112800.000000,112990.000000,112800.000000,112990.000000,4
2025-07-22 08:45,112810.000000,112810.000000,112810.000000,112810.000000,1
2025-07-22 09:15,112470.000000,112590.000000,112470.000000,112570.000000,4
2025-07-22 09:45,113060.000000,113110.000000,113060.000000,113110.000000,7
2025-07-22 10:00,113200.000000,113200.000000,113030.000000,113100.000000,4
2025-07-22 10:30,113190.000000,113190.000000,113160.000000,113160.000000,9
2025-07-22 11:00,113200.000000,113220.000000,113200.000000,113220.000000,2
2025-07-22 11:45,113000.000000,113000.000000,113000.000000,113000.000000,1
2025-07-22 12:00,112790.000000,112900.000000,112780.000000,112900.000000,5
2025-07-22 12:30,113280.000000,113350.000000,113280.000000,113350.000000,3
2025-07-22 12:45,113230.000000,113230.000000,113230.000000,113230.000000,2
2025-07-22 13:15,113500.000000,113510.000000,113500.000000,113510.000000,2
2025-07-22 13:45,113510.000000,113510.000000,113510.000000,113510.000000,1
2025-07-22 14:45,113050.000000,113050.000000,113050.000000,113050.000000,1
2025-07-22 15:00,113090.000000,113090.000000,113050.000000,113050.000000,5
2025-07-22 15:15,113190.000000,113190.000000,113190.000000,113190.000000,8
2025-07-22 16:00,113190.000000,113190.000000,113190.000000,113190.000000,3
2025-07-22 16:30,113320.000000,113320.000000,113320.000000,113320.000000,1
2025-07-22 17:00,113270.000000,113270.000000,113230.000000,113230.000000,2
2025-07-22 17:15,113140.000000,113140.000000,113140.000000,113140.000000,1
2025-07-22 18:00,113240.000000,113240.000000,113240.000000,113240.000000,1
2025-07-22 20:00,113520.000000,113520.000000,113520.000000,113520.000000,2
2025-07-22 20:15,113500.000000,113500.000000,113500.000000,113500.000000,1
2025-07-22 20:45,113450.000000,113450.000000,113450.000000,113450.000000,10
2025-07-23 06:00,113690.000000,113690.000000,113350.000000,113360.000000,49
2025-07-23 06:15,113360.000000,113370.000000,113000.000000,113000.000000,9
2025-07-23 06:30,113050.000000,113050.000000,113050.000000,113050.000000,1
2025-07-23 07:00,113450.000000,113650.000000,113450.000000,113650.000000,37
2025-07-23 07:30,113730.000000,113790.000000,113540.000000,113720.000000,29
2025-07-23 07:45,113800.000000,113820.000000,113800.000000,113800.000000,6
2025-07-23 08:00,113840.000000,113840.000000,113840.000000,113840.000000,1
2025-07-23 08:15,113880.000000,113880.000000,113700.000000,113700.000000,8
2025-07-23 08:30,113600.000000,113600.000000,113500.000000,113500.000000,2
2025-07-23 09:00,113620.000000,113620.000000,113620.000000,113620.000000,1
2025-07-23 09:30,113510.000000,113510.000000,113430.000000,113430.000000,10
2025-07-23 10:00,113510.000000,113570.000000,113490.000000,113510.000000,16
2025-07-23 10:15,113420.000000,113420.000000,113340.000000,113390.000000,12
2025-07-23 10:30,113340.000000,113340.000000,113340.000000,113340.000000,1
2025-07-23 10:45,113470.000000,113470.000000,113470.000000,113470.000000,1
2025-07-23 11:15,113510.000000,113850.000000,113510.000000,113850.000000,8
2025-07-23 11:30,113590.000000,113590.000000,113590.000000,113590.000000,1
2025-07-23 11:45,113700.000000,113750.000000,113670.000000,113750.000000,5
2025-07-23 12:00,113690.000000,113690.000000,113690.000000,113690.000000,1
2025-07-23 12:30,113630.000000,113660.000000,113630.000000,113650.000000,7
2025-07-23 13:00,113680.000000,113730.000000,113680.000000,113730.000000,10
2025-07-23 13:15,113850.000000,113850.000000,113760.000000,113780.000000,10
2025-07-23 13:30,113590.000000,113590.000000,113500.000000,113500.000000,4
2025-07-23 13:45,113430.000000,113530.000000,113420.000000,113440.000000,13
2025-07-23 14:00,113480.000000,113610.000000,113480.000000,113610.000000,10
2025-07-23 14:30,113290.000000,113290.000000,113240.000000,113240.000000,6
2025-07-23 14:45,113240.000000,113240.000000,113200.000000,113200.000000,3
2025-07-23 15:15,113700.000000,113700.000000,113700.000000,113700.000000,1
2025-07-23 16:00,113980.000000,114100.000000,113630.000000,113630.000000,6
2025-07-23 16:15,113350.000000,113350.000000,112990.000000,113340.000000,12
2025-07-23 16:45,113330.000000,113510.000000,113310.000000,113510.000000,5
2025-07-23 17:00,113690.000000,113690.000000,113690.000000,113690.000000,5
2025-07-23 17:15,113580.000000,113580.000000,113570.000000,113570.000000,2
2025-07-23 17:30,113660.000000,113660.000000,113660.000000,113660.000000,1
2025-07-23 18:45,113440.000000,113440.000000,113400.000000,113400.000000,2
2025-07-23 19:00,113200.000000,113210.000000,113030.000000,113030.000000,5
2025-07-23 19:30,113380.000000,113380.000000,113380.000000,113380.000000,1
2025-07-23 20:15,113260.000000,113320.000000,113260.000000,113320.000000,3
2025-07-24 06:00,113420.000000,113500.000000,113420.000000,113500.000000,2
2025-07-24 06:15,113480.000000,113480.000000,113480.000000,113480.000000,2
2025-07-24 06:30,113260.000000,113260.000000,113260.000000,113260.000000,1
2025-07-24 06:45,113550.000000,113550.000000,113550.000000,113550.000000,2
2025-07-24 07:15,113030.000000,113030.000000,112710.000000,112890.000000,13
2025-07-24 07:30,112600.000000,112600.000000,112310.000000,112310.000000,15
2025-07-24 07:45,112260.000000,112260.000000,112000.000000,112000.000000,12
2025-07-24 08:00,112080.000000,112080.000000,111830.000000,111830.000000,8
2025-07-24 08:15,111830.000000,111830.000000,111700.000000,111740.000000,12
2025-07-24 08:30,111610.000000,111730.000000,111430.000000,111730.000000,13
2025-07-24 08:45,112000.000000,112000.000000,112000.000000,112000.000000,1
2025-07-24 09:15,111250.000000,111700.000000,111230.000000,111700.000000,5
2025-07-24 09:30,111900.000000,111900.000000,111900.000000,111900.000000,1
2025-07-24 09:45,111760.000000,111760.000000,111760.000000,111760.000000,1
2025-07-24 10:00,111900.000000,112010.000000,111890.000000,111890.000000,13
2025-07-24 10:15,111900.000000,111900.000000,111810.000000,111810.000000,18
2025-07-24 10:45,111870.000000,111870.000000,111750.000000,111750.000000,5
2025-07-24 11:15,111840.000000,111840.000000,111840.000000,111840.000000,1
2025-07-24 12:00,111800.000000,111800.000000,111800.000000,111800.000000,1
2025-07-24 12:15,111940.000000,111940.000000,111810.000000,111810.000000,4
2025-07-24 12:30,111560.000000,111660.000000,111510.000000,111660.000000,10
2025-07-24 13:00,111770.000000,111770.000000,111770.000000,111770.000000,2
2025-07-24 13:15,112000.000000,112050.000000,112000.000000,112050.000000,3
2025-07-24 14:00,112170.000000,112170.000000,112170.000000,112170.000000,1
2025-07-24 14:15,112040.000000,112090.000000,112040.000000,112090.000000,6
2025-07-24 15:00,111670.000000,111670.000000,111500.000000,111500.000000,15
2025-07-24 16:00,111470.000000,111470.000000,111420.000000,111420.000000,4
2025-07-24 16:15,111380.000000,111410.000000,111380.000000,111380.000000,15
2025-07-24 16:30,111380.000000,111380.000000,111380.000000,111380.000000,3
2025-07-24 17:15,111760.000000,111760.000000,111740.000000,111740.000000,2
2025-07-24 18:15,111750.000000,111750.000000,111750.000000,111750.000000,1
2025-07-24 20:00,111660.000000,111660.000000,111660.000000,111660.000000,1
2025-07-25 06:00,111800.000000,111800.000000,111650.000000,111650.000000,4
2025-07-25 06:45,111430.000000,111430.000000,111320.000000,111320.000000,4
2025-07-25 07:00,111230.000000,111400.000000,111230.000000,111400.000000,5
2025-07-25 07:15,111460.000000,111460.000000,111460.000000,111460.000000,1
2025-07-25 07:45,111290.000000,111290.000000,111290.000000,111290.000000,1
2025-07-25 08:15,111370.000000,111370.000000,111370.000000,111370.000000,1
2025-07-25 09:00,111410.000000,111760.000000,111410.000000,111760.000000,4
2025-07-25 09:30,111760.000000,111760.000000,111760.000000,111760.000000,1
2025-07-25 09:45,111490.000000,111490.000000,111490.000000,111490.000000,1
2025-07-25 10:00,111340.000000,111340.000000,111090.000000,111120.000000,4
2025-07-25 10:15,111100.000000,111530.000000,111100.000000,111530.000000,6
2025-07-25 10:30,111820.000000,112000.000000,110470.000000,110820.000000,100
2025-07-25 10:45,111200.000000,111500.000000,111200.000000,111500.000000,5
2025-07-25 11:00,111500.000000,111500.000000,111500.000000,111500.000000,1
2025-07-25 11:15,111500.000000,112000.000000,111500.000000,111630.000000,9
2025-07-25 11:30,111580.000000,111580.000000,111270.000000,111270.000000,3
2025-07-25 11:45,111330.000000,111330.000000,111180.000000,111180.000000,2
2025-07-25 12:00,111370.000000,111370.000000,111170.000000,111170.000000,2
2025-07-25 12:30,111490.000000,111510.000000,111490.000000,111510.000000,2
2025-07-25 12:45,111130.000000,111130.000000,110990.000000,110990.000000,6
2025-07-25 13:00,110600.000000,110600.000000,110260.000000,110260.000000,11
2025-07-25 13:15,110250.000000,110250.000000,110000.000000,110000.000000,28
2025-07-25 13:30,110000.000000,110290.000000,110000.000000,110290.000000,6
2025-07-25 13:45,110180.000000,110230.000000,110170.000000,110230.000000,4
2025-07-25 14:00,110000.000000,110000.000000,109840.000000,109950.000000,31
2025-07-25 14:15,109830.000000,109850.000000,109800.000000,109800.000000,4
2025-07-25 14:30,109770.000000,109950.000000,109770.000000,109950.000000,2
2025-07-25 15:00,109790.000000,109790.000000,109790.000000,109790.000000,25
2025-07-25 15:15,109960.000000,109960.000000,109960.000000,109960.000000,1
2025-07-25 15:30,109990.000000,110130.000000,109890.000000,109900.000000,9
2025-07-25 15:45,109990.000000,109990.000000,109990.000000,109990.000000,1
2025-07-25 16:00,109960.000000,109960.000000,109820.000000,109820.000000,13
2025-07-25 16:15,109700.000000,109900.000000,109650.000000,109900.000000,16
2025-07-25 16:30,109980.000000,109980.000000,109900.000000,109900.000000,2
2025-07-25 16:45,109840.000000,109920.000000,109760.000000,109920.000000,9
2025-07-25 17:00,110000.000000,110040.000000,110000.000000,110040.000000,7
2025-07-25 17:15,110190.000000,110190.000000,110190.000000,110190.000000,3
2025-07-25 17:30,110080.000000,110130.000000,110080.000000,110120.000000,6
2025-07-25 17:45,110240.000000,110240.000000,110200.000000,110200.000000,3
2025-07-25 18:00,110220.000000,110220.000000,110220.000000,110220.000000,1
2025-07-25 18:30,110130.000000,110150.000000,110130.000000,110150.000000,3
2025-07-25 19:00,110150.000000,110150.000000,110130.000000,110130.000000,2
2025-07-25 19:15,110110.000000,110110.000000,110110.000000,110110.000000,1
2025-07-25 19:45,110200.000000,110200.000000,110200.000000,110200.000000,3
2025-07-25 20:45,110300.000000,110400.000000,110300.000000,110400.000000,3
2025-07-28 06:00,110000.000000,110000.000000,109650.000000,109650.000000,15
2025-07-28 06:15,109500.000000,109650.000000,109500.000000,109650.000000,15
2025-07-28 06:30,109650.000000,109650.000000,109500.000000,109500.000000,22
2025-07-28 06:45,109500.000000,109530.000000,109500.000000,109530.000000,2
2025-07-28 07:00,109600.000000,109600.000000,109600.000000,109600.000000,4
2025-07-28 07:15,109380.000000,109460.000000,109380.000000,109380.000000,7
2025-07-28 07:30,109380.000000,109380.000000,109280.000000,109280.000000,4
2025-07-28 08:00,109370.000000,109400.000000,109260.000000,109350.000000,10
2025-07-28 08:15,109280.000000,109280.000000,109250.000000,109260.000000,11
2025-07-28 08:30,109250.000000,109590.000000,109180.000000,109500.000000,21
2025-07-28 08:45,109580.000000,109600.000000,109580.000000,109600.000000,2
2025-07-28 09:00,109370.000000,109370.000000,109370.000000,109370.000000,7
2025-07-28 09:15,109380.000000,109460.000000,109380.000000,109460.000000,6
2025-07-28 09:30,109450.000000,109450.000000,109400.000000,109450.000000,7
2025-07-28 09:45,109400.000000,109400.000000,109400.000000,109400.000000,1
2025-07-28 10:00,109500.000000,109610.000000,109500.000000,109610.000000,4
2025-07-28 10:15,109780.000000,109780.000000,109780.000000,109780.000000,6
2025-07-28 10:30,109610.000000,109610.000000,109610.000000,109610.000000,1
2025-07-28 11:15,109430.000000,109430.000000,109400.000000,109400.000000,6
2025-07-28 11:30,109380.000000,109380.000000,109380.000000,109380.000000,2
2025-07-28 11:45,109150.000000,109150.000000,109000.000000,109060.000000,15
2025-07-28 12:00,108970.000000,108970.000000,108430.000000,108430.000000,68
2025-07-28 12:15,108240.000000,108240.000000,107500.000000,107500.000000,21
2025-07-28 12:30,107470.000000,107850.000000,107450.000000,107640.000000,23
2025-07-28 12:45,107810.000000,107810.000000,107300.000000,107630.000000,11
2025-07-28 13:00,107630.000000,107740.000000,106960.000000,107100.000000,47
2025-07-28 13:15,107200.000000,107680.000000,107000.000000,107340.000000,69
2025-07-28 13:30,107210.000000,107470.000000,107000.000000,107010.000000,31
2025-07-28 13:45,107010.000000,107010.000000,106720.000000,106900.000000,36
2025-07-28 14:00,106550.000000,106620.000000,106450.000000,106530.000000,38
2025-07-28 14:15,106430.000000,106430.000000,106000.000000,106080.000000,72
2025-07-28 14:30,106080.000000,106280.000000,105950.000000,106280.000000,72
2025-07-28 14:45,106480.000000,106480.000000,106150.000000,106180.000000,16
2025-07-28 15:00,106120.000000,106400.000000,106000.000000,106250.000000,19
2025-07-28 15:15,106510.000000,106510.000000,106510.000000,106510.000000,13
2025-07-28 15:30,106000.000000,106030.000000,106000.000000,106030.000000,8
2025-07-28 16:00,106000.000000,106170.000000,106000.000000,106170.000000,2
2025-07-28 16:15,106200.000000,106200.000000,105900.000000,106130.000000,6
2025-07-28 16:30,106090.000000,106150.000000,105960.000000,106150.000000,15
2025-07-28 16:45,106070.000000,106080.000000,106050.000000,106050.000000,3
2025-07-28 17:00,106000.000000,106060.000000,106000.000000,106060.000000,7
2025-07-28 17:15,106050.000000,106050.000000,106050.000000,106050.000000,1
2025-07-28 17:45,106040.000000,106040.000000,106040.000000,106040.000000,1
2025-07-28 18:00,106000.000000,106000.000000,105900.000000,105900.000000,8
2025-07-28 18:15,105940.000000,105950.000000,105940.000000,105950.000000,3
2025-07-28 18:30,106000.000000,106120.000000,105990.000000,106120.000000,9
2025-07-28 18:45,105990.000000,105990.000000,105990.000000,105990.000000,1
2025-07-28 19:00,106040.000000,106040.000000,106040.000000,106040.000000,1
2025-07-28 19:15,106010.000000,106010.000000,106010.000000,106010.000000,1
2025-07-28 19:30,105900.000000,105900.000000,105880.000000,105880.000000,10
2025-07-28 19:45,105900.000000,105900.000000,105900.000000,105900.000000,1
2025-07-28 20:00,105920.000000,105960.000000,105770.000000,105770.000000,20
2025-07-28 20:15,105770.000000,105770.000000,105690.000000,105720.000000,7
2025-07-28 20:30,105710.000000,105880.000000,105710.000000,105840.000000,27
2025-07-29 06:00,106110.000000,106110.000000,106090.000000,106090.000000,5
2025-07-29 06:15,106110.000000,106110.000000,105700.000000,105700.000000,51
2025-07-29 06:30,105610.000000,105610.000000,105350.000000,105530.000000,60
2025-07-29 06:45,105400.000000,105770.000000,105320.000000,105770.000000,28
2025-07-29 07:00,105700.000000,106030.000000,105350.000000,105900.000000,11
2025-07-29 07:15,105800.000000,105800.000000,105800.000000,105800.000000,3
2025-07-29 07:30,105550.000000,105550.000000,105160.000000,105250.000000,21
2025-07-29 07:45,105260.000000,105290.000000,104660.000000,104730.000000,36
2025-07-29 08:00,104710.000000,105080.000000,104620.000000,105080.000000,35
2025-07-29 08:15,105350.000000,105600.000000,105310.000000,105310.000000,16
2025-07-29 08:30,105080.000000,105170.000000,105080.000000,105150.000000,3
2025-07-29 08:45,105250.000000,105250.000000,105200.000000,105240.000000,13
2025-07-29 09:00,105450.000000,105500.000000,105450.000000,105500.000000,8
2025-07-29 09:15,105500.000000,105500.000000,105310.000000,105400.000000,14
2025-07-29 09:30,105500.000000,105500.000000,105220.000000,105220.000000,4
2025-07-29 09:45,105280.000000,105280.000000,105270.000000,105270.000000,2
2025-07-29 10:00,105630.000000,105630.000000,105440.000000,105450.000000,3
2025-07-29 10:15,105500.000000,105500.000000,105500.000000,105500.000000,1
2025-07-29 10:30,105500.000000,105940.000000,105500.000000,105940.000000,11
2025-07-29 10:45,105700.000000,105700.000000,105700.000000,105700.000000,1
2025-07-29 11:00,105860.000000,106120.000000,105860.000000,105900.000000,37
2025-07-29 11:15,106050.000000,106200.000000,106050.000000,106200.000000,17
2025-07-29 11:30,106200.000000,106200.000000,106050.000000,106050.000000,6
2025-07-29 11:45,106000.000000,106000.000000,105760.000000,105840.000000,10
2025-07-29 12:00,105840.000000,106100.000000,105840.000000,106100.000000,11
2025-07-29 12:15,106200.000000,106200.000000,105990.000000,105990.000000,6
2025-07-29 12:30,105900.000000,106000.000000,105850.000000,106000.000000,3
2025-07-29 12:45,106070.000000,106200.000000,106070.000000,106200.000000,8
2025-07-29 13:00,106320.000000,106340.000000,106200.000000,106200.000000,11
2025-07-29 13:15,106080.000000,106100.000000,105980.000000,106100.000000,4
2025-07-29 13:30,105980.000000,105980.000000,105880.000000,105940.000000,8
2025-07-29 13:45,105690.000000,105750.000000,105660.000000,105750.000000,3
2025-07-29 14:00,105750.000000,105800.000000,105750.000000,105800.000000,3
2025-07-29 14:45,106000.000000,106000.000000,106000.000000,106000.000000,1
2025-07-29 15:30,105930.000000,105930.000000,105930.000000,105930.000000,2
2025-07-29 16:00,105930.000000,105930.000000,105930.000000,105930.000000,2
2025-07-29 16:30,106030.000000,106200.000000,106030.000000,106200.000000,4
2025-07-29 16:45,105990.000000,105990.000000,105990.000000,105990.000000,1
2025-07-29 17:00,106200.000000,106260.000000,106200.000000,106260.000000,3
2025-07-29 17:15,106460.000000,106560.000000,106460.000000,106560.000000,6
2025-07-29 17:30,106420.000000,106420.000000,105430.000000,105460.000000,33
2025-07-29 17:45,105350.000000,105350.000000,104870.000000,104870.000000,23
2025-07-29 18:00,104610.000000,104850.000000,104610.000000,104850.000000,25
2025-07-29 18:15,104850.000000,104850.000000,104850.000000,104850.000000,2
2025-07-29 18:45,104800.000000,104900.000000,104800.000000,104900.000000,4
2025-07-29 19:00,105180.000000,105200.000000,105180.000000,105200.000000,6
2025-07-29 19:15,105190.000000,105200.000000,105190.000000,105200.000000,6
2025-07-29 19:30,105130.000000,105130.000000,105130.000000,105130.000000,1
2025-07-29 20:00,105400.000000,105450.000000,105400.000000,105450.000000,4
2025-07-29 20:15,105510.000000,105510.000000,105510.000000,105510.000000,1
2025-07-29 20:45,105440.000000,105550.000000,105440.000000,105550.000000,7
2025-07-30 06:00,105010.000000,105080.000000,105000.000000,105080.000000,8
2025-07-30 06:15,105500.000000,105580.000000,105500.000000,105520.000000,21
2025-07-30 06:30,105560.000000,106020.000000,105560.000000,106010.000000,45
2025-07-30 06:45,105870.000000,105870.000000,105810.000000,105810.000000,6
2025-07-30 07:00,105710.000000,105810.000000,105590.000000,105810.000000,49
2025-07-30 07:15,105670.000000,105840.000000,105480.000000,105690.000000,11
2025-07-30 07:30,105700.000000,106000.000000,105440.000000,106000.000000,4
2025-07-30 07:45,106000.000000,106200.000000,105990.000000,106000.000000,37
2025-07-30 08:00,106040.000000,106040.000000,105750.000000,105750.000000,8
2025-07-30 08:15,105840.000000,105900.000000,105780.000000,105900.000000,11
2025-07-30 08:30,106040.000000,106040.000000,106020.000000,106020.000000,4
2025-07-30 09:00,105900.000000,106000.000000,105900.000000,106000.000000,3
2025-07-30 10:15,105950.000000,105950.000000,105950.000000,105950.000000,4
2025-07-30 10:30,105790.000000,106000.000000,105790.000000,106000.000000,24
2025-07-30 10:45,106090.000000,106210.000000,106050.000000,106050.000000,8
2025-07-30 11:00,106080.000000,106080.000000,105990.000000,106080.000000,37
2025-07-30 11:15,105960.000000,105960.000000,105640.000000,105640.000000,25
2025-07-30 11:30,105940.000000,105970.000000,105940.000000,105970.000000,5
2025-07-30 12:00,106070.000000,106070.000000,106070.000000,106070.000000,1
2025-07-30 12:15,105940.000000,105940.000000,105510.000000,105880.000000,36
2025-07-30 12:30,105890.000000,105890.000000,105750.000000,105750.000000,81
2025-07-30 12:45,105640.000000,105700.000000,105640.000000,105650.000000,8
2025-07-30 13:00,105550.000000,105950.000000,105550.000000,105950.000000,115
2025-07-30 13:15,106030.000000,106030.000000,105920.000000,105970.000000,61
2025-07-30 13:30,106000.000000,106000.000000,106000.000000,106000.000000,1
2025-07-30 13:45,105980.000000,106090.000000,105980.000000,106090.000000,4
2025-07-30 14:00,106170.000000,106320.000000,106170.000000,106320.000000,57
2025-07-30 14:15,106280.000000,106280.000000,106280.000000,106280.000000,2
2025-07-30 14:30,106200.000000,106270.000000,106150.000000,106150.000000,9
2025-07-30 14:45,106240.000000,106240.000000,106000.000000,106000.000000,6
2025-07-30 15:00,106240.000000,106240.000000,106230.000000,106230.000000,3
2025-07-30 15:15,106290.000000,106290.000000,106210.000000,106210.000000,4
2025-07-30 15:30,106050.000000,106270.000000,106050.000000,106270.000000,2
2025-07-30 16:00,106320.000000,106320.000000,106320.000000,106320.000000,1
2025-07-30 16:15,106170.000000,106170.000000,106170.000000,106170.000000,2
2025-07-30 16:30,106020.000000,106040.000000,106020.000000,106040.000000,12
2025-07-30 16:45,105990.000000,105990.000000,105960.000000,105960.000000,11
2025-07-30 17:00,105990.000000,105990.000000,105970.000000,105970.000000,5
2025-07-30 17:45,105810.000000,105810.000000,105810.000000,105810.000000,1
2025-07-30 19:00,105710.000000,105710.000000,105710.000000,105710.000000,1
2025-07-30 20:30,105960.000000,105960.000000,105960.000000,105960.000000,3
2025-07-30 20:45,105850.000000,105850.000000,105850.000000,105850.000000,2
2025-07-31 05:45,105980.000000,105980.000000,105980.000000,105980.000000,1
2025-07-31 06:00,106200.000000,106700.000000,106200.000000,106700.000000,6
2025-07-31 06:15,106750.000000,107000.000000,106750.000000,106990.000000,9
2025-07-31 06:30,107000.000000,107110.000000,106540.000000,106540.000000,7
2025-07-31 06:45,106680.000000,106680.000000,106680.000000,106680.000000,1
2025-07-31 07:00,106910.000000,106910.000000,106780.000000,106780.000000,3
2025-07-31 07:15,106660.000000,106660.000000,106490.000000,106650.000000,7
2025-07-31 07:30,106860.000000,106990.000000,106860.000000,106990.000000,2
2025-07-31 07:45,107170.000000,107470.000000,107100.000000,107400.000000,61
2025-07-31 08:00,107500.000000,108000.000000,107500.000000,107840.000000,67
2025-07-31 08:15,107640.000000,107700.000000,107470.000000,107470.000000,37
2025-07-31 08:30,107750.000000,107860.000000,107730.000000,107860.000000,6
2025-07-31 08:45,107760.000000,107760.000000,107570.000000,107620.000000,18
2025-07-31 09:00,107730.000000,108300.000000,107730.000000,108030.000000,77
2025-07-31 09:15,108110.000000,108260.000000,107500.000000,107500.000000,40
2025-07-31 09:30,107610.000000,107640.000000,107330.000000,107330.000000,18
2025-07-31 09:45,107400.000000,107400.000000,107400.000000,107400.000000,1
2025-07-31 10:00,107710.000000,107710.000000,107710.000000,107710.000000,1
2025-07-31 10:15,107410.000000,107410.000000,107410.000000,107410.000000,1
2025-07-31 10:30,107410.000000,107410.000000,107270.000000,107270.000000,3
2025-07-31 10:45,107260.000000,107340.000000,107210.000000,107260.000000,8
2025-07-31 11:00,107210.000000,107280.000000,107160.000000,107210.000000,13
2025-07-31 11:15,107150.000000,107150.000000,106960.000000,106960.000000,5
2025-07-31 11:30,106930.000000,106930.000000,106930.000000,106930.000000,2
2025-07-31 11:45,106710.000000,107000.000000,106710.000000,107000.000000,16
2025-07-31 12:00,106850.000000,106920.000000,106850.000000,106920.000000,6
2025-07-31 12:15,107010.000000,107010.000000,107010.000000,107010.000000,1
2025-07-31 12:45,107260.000000,107310.000000,107260.000000,107310.000000,2
2025-07-31 13:00,107220.000000,107230.000000,107220.000000,107220.000000,9
2025-07-31 13:15,107300.000000,107300.000000,107300.000000,107300.000000,2
2025-07-31 13:30,107360.000000,107360.000000,107360.000000,107360.000000,1
2025-07-31 14:00,107500.000000,107660.000000,107410.000000,107660.000000,7
2025-07-31 14:15,107740.000000,107740.000000,107740.000000,107740.000000,2
2025-07-31 14:30,107730.000000,107970.000000,107730.000000,107970.000000,5
2025-07-31 14:45,108010.000000,108010.000000,108010.000000,108010.000000,1
2025-07-31 15:00,107710.000000,107710.000000,107660.000000,107660.000000,2
2025-07-31 15:15,107700.000000,107710.000000,107700.000000,107710.000000,3
2025-07-31 16:00,107990.000000,108040.000000,107990.000000,108030.000000,4
2025-07-31 16:15,107970.000000,107990.000000,107970.000000,107990.000000,3
2025-07-31 16:30,107830.000000,107850.000000,107770.000000,107770.000000,3
2025-07-31 18:30,107700.000000,107700.000000,107700.000000,107700.000000,1
2025-07-31 18:45,107700.000000,107740.000000,107700.000000,107740.000000,6
2025-07-31 19:30,107870.000000,107870.000000,107870.000000,107870.000000,1
2025-07-31 20:00,107760.000000,107760.000000,107760.000000,107760.000000,1
2025-07-31 20:15,107740.000000,107740.000000,107740.000000,107740.000000,1
2025-07-31 20:45,107910.000000,107910.000000,107910.000000,107910.000000,1
2025-08-01 06:00,108270.000000,108500.000000,108270.000000,108390.000000,16
2025-08-01 06:15,108270.000000,108340.000000,108270.000000,108340.000000,2
2025-08-01 06:30,108490.000000,108500.000000,108490.000000,108500.000000,7
2025-08-01 06:45,108380.000000,108460.000000,108380.000000,108460.000000,2
2025-08-01 07:00,108520.000000,108520.000000,108110.000000,108110.000000,4
2025-08-01 07:15,108120.000000,108120.000000,107850.000000,107880.000000,4
2025-08-01 07:30,107930.000000,108130.000000,107930.000000,108130.000000,3
2025-08-01 07:45,108010.000000,108010.000000,108010.000000,108010.000000,1
2025-08-01 08:15,107960.000000,108000.000000,107960.000000,108000.000000,10
2025-08-01 09:15,107990.000000,107990.000000,107900.000000,107920.000000,3
2025-08-01 09:45,107780.000000,108030.000000,107780.000000,108030.000000,6
2025-08-01 10:00,108100.000000,108200.000000,108100.000000,108200.000000,6
2025-08-01 10:45,108200.000000,108200.000000,108150.000000,108150.000000,2
2025-08-01 11:15,108070.000000,108070.000000,108070.000000,108070.000000,1
2025-08-01 11:30,107830.000000,107830.000000,107490.000000,107520.000000,26
2025-08-01 11:45,107520.000000,107520.000000,107330.000000,107330.000000,25
2025-08-01 12:00,107500.000000,107500.000000,107500.000000,107500.000000,2
2025-08-01 12:15,107530.000000,107550.000000,107500.000000,107510.000000,11
2025-08-01 12:45,107560.000000,107580.000000,107410.000000,107470.000000,68
2025-08-01 13:00,107310.000000,107690.000000,107190.000000,107690.000000,13
2025-08-01 13:15,107750.000000,108100.000000,107750.000000,108100.000000,18
2025-08-01 13:30,107860.000000,108010.000000,107860.000000,108010.000000,4
2025-08-01 14:00,107850.000000,107850.000000,107820.000000,107840.000000,5
2025-08-01 14:15,107810.000000,107980.000000,107810.000000,107980.000000,6
2025-08-01 14:45,107850.000000,107860.000000,107840.000000,107850.000000,31
2025-08-01 15:00,107810.000000,107840.000000,107810.000000,107840.000000,2
2025-08-01 15:15,107910.000000,107910.000000,107910.000000,107910.000000,1
2025-08-01 15:30,107990.000000,107990.000000,107990.000000,107990.000000,1
2025-08-01 15:45,107980.000000,108010.000000,107980.000000,108010.000000,6
2025-08-01 16:15,108020.000000,108020.000000,108000.000000,108000.000000,4
2025-08-01 16:30,107900.000000,107900.000000,107900.000000,107900.000000,1
2025-08-01 16:45,107580.000000,107580.000000,107300.000000,107450.000000,28
2025-08-01 17:00,107330.000000,107340.000000,106850.000000,107340.000000,125
2025-08-01 17:30,107580.000000,107780.000000,107580.000000,107780.000000,13
2025-08-01 17:45,107700.000000,107700.000000,107700.000000,107700.000000,3
2025-08-01 18:00,107690.000000,107820.000000,107640.000000,107790.000000,35
2025-08-01 18:15,107790.000000,107880.000000,107790.000000,107870.000000,10
2025-08-01 18:30,107870.000000,107990.000000,107870.000000,107990.000000,3
2025-08-01 19:00,107890.000000,107890.000000,107890.000000,107890.000000,5
2025-08-01 19:15,107830.000000,107830.000000,107830.000000,107830.000000,1
2025-08-01 19:30,107770.000000,107770.000000,107770.000000,107770.000000,15
2025-08-01 20:00,107890.000000,107890.000000,107890.000000,107890.000000,2
2025-08-01 20:15,107890.000000,107900.000000,107890.000000,107900.000000,24
2025-08-01 20:30,107860.000000,107900.000000,107840.000000,107900.000000,27
2025-08-01 20:45,107920.000000,107920.000000,107920.000000,107920.000000,1
2025-08-04 06:00,108390.000000,108390.000000,107810.000000,107810.000000,25
2025-08-04 06:15,107870.000000,107870.000000,107870.000000,107870.000000,1
2025-08-04 06:45,108150.000000,108150.000000,108130.000000,108130.000000,12
2025-08-04 07:00,108050.000000,108050.000000,107950.000000,107950.000000,12
2025-08-04 07:15,108030.000000,108030.000000,108020.000000,108020.000000,2
2025-08-04 07:30,108150.000000,108640.000000,108150.000000,108600.000000,11
2025-08-04 07:45,108660.000000,108850.000000,108550.000000,108560.000000,85
2025-08-04 08:15,108850.000000,108870.000000,108720.000000,108720.000000,8
2025-08-04 08:30,108800.000000,108800.000000,108740.000000,108740.000000,2
2025-08-04 08:45,108740.000000,108800.000000,108740.000000,108800.000000,2
2025-08-04 09:00,108740.000000,108740.000000,108740.000000,108740.000000,1
2025-08-04 09:15,108880.000000,109130.000000,108850.000000,109100.000000,11
2025-08-04 09:30,109100.000000,109100.000000,109100.000000,109100.000000,6
2025-08-04 09:45,109270.000000,109330.000000,109190.000000,109190.000000,6
2025-08-04 10:00,109210.000000,109210.000000,109210.000000,109210.000000,1
2025-08-04 10:30,109300.000000,109300.000000,109300.000000,109300.000000,1
2025-08-04 10:45,109250.000000,109330.000000,109250.000000,109320.000000,5
2025-08-04 11:00,109400.000000,109460.000000,109310.000000,109310.000000,23
2025-08-04 11:15,109330.000000,109330.000000,109310.000000,109310.000000,2
2025-08-04 11:30,109500.000000,109500.000000,109500.000000,109500.000000,5
2025-08-04 11:45,109370.000000,109370.000000,109190.000000,109190.000000,5
2025-08-04 12:00,109210.000000,109210.000000,109160.000000,109160.000000,2
2025-08-04 12:15,109240.000000,109240.000000,109240.000000,109240.000000,1
2025-08-04 12:30,109330.000000,109330.000000,109330.000000,109330.000000,1
2025-08-04 13:00,109400.000000,109500.000000,109400.000000,109500.000000,18
2025-08-04 13:15,109420.000000,109420.000000,109420.000000,109420.000000,2
2025-08-04 13:30,109410.000000,109410.000000,109410.000000,109410.000000,1
2025-08-04 13:45,109440.000000,109480.000000,109400.000000,109460.000000,20
2025-08-04 14:00,109400.000000,109400.000000,109320.000000,109320.000000,7
2025-08-04 14:15,109500.000000,109730.000000,109500.000000,109670.000000,35
2025-08-04 14:30,109740.000000,109890.000000,109730.000000,109880.000000,17
2025-08-04 14:45,109980.000000,110000.000000,109760.000000,109760.000000,18
2025-08-04 15:00,109660.000000,109880.000000,109660.000000,109880.000000,13
2025-08-04 15:15,109920.000000,110100.000000,109910.000000,110100.000000,18
2025-08-04 16:15,110040.000000,110040.000000,110000.000000,110010.000000,5
2025-08-04 16:30,110000.000000,110000.000000,110000.000000,110000.000000,1
2025-08-04 16:45,109970.000000,109970.000000,109970.000000,109970.000000,1
2025-08-04 17:15,110000.000000,110000.000000,110000.000000,110000.000000,1
2025-08-04 17:30,110060.000000,110290.000000,110060.000000,110290.000000,13
2025-08-04 17:45,110240.000000,110240.000000,110240.000000,110240.000000,1
2025-08-04 18:00,110300.000000,110300.000000,110300.000000,110300.000000,2
2025-08-04 18:15,110160.000000,110160.000000,110160.000000,110160.000000,1
2025-08-04 18:30,110160.000000,110290.000000,110160.000000,110290.000000,3
2025-08-04 18:45,110280.000000,110460.000000,110280.000000,110450.000000,10
2025-08-04 19:00,110470.000000,110470.000000,110330.000000,110330.000000,2
2025-08-04 19:15,110280.000000,110280.000000,110280.000000,110280.000000,2
2025-08-04 19:45,110270.000000,110270.000000,110270.000000,110270.000000,2
2025-08-04 20:00,110260.000000,110260.000000,110180.000000,110180.000000,2
2025-08-04 20:15,110180.000000,110290.000000,110180.000000,110290.000000,3
2025-08-04 20:30,110190.000000,110190.000000,110100.000000,110100.000000,11
2025-08-04 20:45,110080.000000,110080.000000,110080.000000,110080.000000,1
2025-08-05 06:00,109970.000000,110250.000000,109970.000000,110250.000000,12
2025-08-05 06:15,110250.000000,110250.000000,110250.000000,110250.000000,19
2025-08-05 06:30,110270.000000,110270.000000,110210.000000,110210.000000,2
2025-08-05 06:45,110180.000000,110180.000000,110170.000000,110170.000000,8
2025-08-05 07:00,110170.000000,110170.000000,109530.000000,109530.000000,19
2025-08-05 07:15,109500.000000,109670.000000,109340.000000,109670.000000,6
2025-08-05 07:45,109760.000000,109810.000000,109520.000000,109520.000000,12
2025-08-05 08:00,109400.000000,109400.000000,109400.000000,109400.000000,1
2025-08-05 08:15,109320.000000,109320.000000,109320.000000,109320.000000,1
2025-08-05 08:30,109320.000000,109530.000000,109310.000000,109500.000000,10
2025-08-05 08:45,109660.000000,109660.000000,109660.000000,109660.000000,1
2025-08-05 09:00,109480.000000,109480.000000,109450.000000,109450.000000,10
2025-08-05 09:15,109450.000000,109450.000000,109450.000000,109450.000000,1
2025-08-05 09:30,109260.000000,109440.000000,109210.000000,109440.000000,5
2025-08-05 09:45,109380.000000,109430.000000,109370.000000,109370.000000,4
2025-08-05 10:00,109270.000000,109270.000000,109230.000000,109250.000000,5
2025-08-05 11:30,109290.000000,109290.000000,109290.000000,109290.000000,5
2025-08-05 12:15,108940.000000,108940.000000,108900.000000,108900.000000,3
2025-08-05 12:30,109200.000000,109800.000000,109200.000000,109800.000000,19
2025-08-05 12:45,109850.000000,110310.000000,109850.000000,109990.000000,21
2025-08-05 13:00,109860.000000,109870.000000,109760.000000,109760.000000,4
2025-08-05 13:15,109800.000000,109800.000000,109800.000000,109800.000000,1
2025-08-05 13:30,109990.000000,110040.000000,109990.000000,110040.000000,7
2025-08-05 13:45,110100.000000,110210.000000,110100.000000,110140.000000,10
2025-08-05 14:00,110040.000000,110220.000000,110040.000000,110190.000000,7
2025-08-05 14:15,110210.000000,110300.000000,109830.000000,109830.000000,104
2025-08-05 14:30,110140.000000,110140.000000,109990.000000,109990.000000,2
2025-08-05 14:45,109680.000000,109780.000000,109680.000000,109780.000000,3
2025-08-05 15:00,110010.000000,110010.000000,110010.000000,110010.000000,2
2025-08-05 15:15,109980.000000,109980.000000,109980.000000,109980.000000,1
2025-08-05 15:30,109940.000000,109940.000000,109940.000000,109940.000000,1
2025-08-05 16:00,110020.000000,110020.000000,110020.000000,110020.000000,1
2025-08-05 16:15,110080.000000,110080.000000,110070.000000,110070.000000,2
2025-08-05 16:30,110170.000000,110370.000000,110160.000000,110160.000000,18
2025-08-05 16:45,110110.000000,110110.000000,110010.000000,110070.000000,22
2025-08-05 17:00,110310.000000,110730.000000,110310.000000,110500.000000,91
2025-08-05 17:15,110550.000000,110570.000000,110330.000000,110330.000000,22
2025-08-05 17:30,110390.000000,110390.000000,110200.000000,110200.000000,7
2025-08-05 17:45,110290.000000,110290.000000,110290.000000,110290.000000,5
2025-08-05 18:45,110280.000000,110280.000000,110280.000000,110280.000000,1
2025-08-05 19:00,110300.000000,110300.000000,110300.000000,110300.000000,25
2025-08-05 20:45,110100.000000,110100.000000,110100.000000,110100.000000,1
2025-08-06 06:00,110250.000000,110380.000000,110210.000000,110380.000000,32
2025-08-06 06:15,110390.000000,110390.000000,110380.000000,110380.000000,5
2025-08-06 06:30,110360.000000,110360.000000,110320.000000,110320.000000,4
2025-08-06 06:45,110340.000000,110340.000000,110340.000000,110340.000000,1
2025-08-06 07:00,110220.000000,110220.000000,110220.000000,110220.000000,1
2025-08-06 07:15,110150.000000,110150.000000,110100.000000,110100.000000,11
2025-08-06 07:30,110060.000000,110060.000000,109870.000000,109890.000000,8
2025-08-06 07:45,109800.000000,109800.000000,109590.000000,109670.000000,14
2025-08-06 08:00,109680.000000,109680.000000,109500.000000,109540.000000,22
2025-08-06 08:15,109670.000000,109760.000000,109670.000000,109700.000000,7
2025-08-06 08:30,109600.000000,109760.000000,109600.000000,109760.000000,16
2025-08-06 08:45,109600.000000,109600.000000,109500.000000,109500.000000,21
2025-08-06 09:00,109500.000000,109500.000000,109440.000000,109440.000000,4
2025-08-06 09:30,109500.000000,109700.000000,109500.000000,109700.000000,8
2025-08-06 09:45,109590.000000,109610.000000,109590.000000,109610.000000,5
2025-08-06 10:15,109760.000000,109760.000000,109560.000000,109560.000000,10
2025-08-06 10:45,109590.000000,109590.000000,109480.000000,109480.000000,3
2025-08-06 11:00,109460.000000,109460.000000,109280.000000,109460.000000,32
2025-08-06 11:15,109510.000000,109590.000000,109510.000000,109510.000000,14
2025-08-06 11:45,109520.000000,109730.000000,109510.000000,109730.000000,3
2025-08-06 12:00,110070.000000,110180.000000,110070.000000,110180.000000,4
2025-08-06 12:15,110000.000000,110000.000000,109990.000000,109990.000000,7
2025-08-06 12:45,109650.000000,109650.000000,109570.000000,109570.000000,2
2025-08-06 13:00,109550.000000,109550.000000,109340.000000,109340.000000,4
2025-08-06 13:15,109370.000000,109370.000000,109320.000000,109320.000000,3
2025-08-06 13:30,109570.000000,109570.000000,109570.000000,109570.000000,1
2025-08-06 13:45,109390.000000,109390.000000,109130.000000,109390.000000,11
2025-08-06 14:00,109110.000000,110060.000000,109110.000000,109140.000000,23
2025-08-06 14:15,109290.000000,109290.000000,108550.000000,108690.000000,76
2025-08-06 14:30,108710.000000,108800.000000,108650.000000,108770.000000,14
2025-08-06 14:45,108830.000000,108830.000000,108630.000000,108630.000000,50
2025-08-06 15:00,108640.000000,109030.000000,108610.000000,108720.000000,96
2025-08-06 15:15,108700.000000,108810.000000,108700.000000,108810.000000,8
2025-08-06 15:30,108970.000000,108970.000000,108970.000000,108970.000000,1
2025-08-06 16:00,108630.000000,109140.000000,106050.000000,108960.000000,31
2025-08-06 16:15,108960.000000,109100.000000,108920.000000,109100.000000,9
2025-08-06 16:30,109150.000000,109560.000000,109030.000000,109310.000000,33
2025-08-06 16:45,108880.000000,109160.000000,108880.000000,109160.000000,4
2025-08-06 17:00,109420.000000,111000.000000,109420.000000,110710.000000,127
2025-08-06 17:15,110710.000000,111110.000000,110710.000000,110910.000000,93
2025-08-06 17:30,111100.000000,111100.000000,110770.000000,110770.000000,6
2025-08-06 17:45,110620.000000,110960.000000,110620.000000,110960.000000,18
2025-08-06 18:00,110990.000000,111320.000000,110990.000000,111230.000000,119
2025-08-06 18:15,111260.000000,111450.000000,111160.000000,111330.000000,40
2025-08-06 18:30,111260.000000,111260.000000,111040.000000,111050.000000,43
2025-08-06 18:45,111030.000000,113230.000000,111010.000000,113230.000000,86
2025-08-06 19:00,113280.000000,113300.000000,112760.000000,113210.000000,43
2025-08-06 19:15,113320.000000,114410.000000,113320.000000,114090.000000,99
2025-08-06 19:30,113990.000000,115150.000000,113990.000000,114270.000000,95
2025-08-06 19:45,114240.000000,114360.000000,113460.000000,113500.000000,39
2025-08-06 20:00,113700.000000,113710.000000,111660.000000,112850.000000,30
2025-08-06 20:15,113000.000000,113520.000000,112940.000000,113520.000000,6
2025-08-06 20:30,113580.000000,113880.000000,113490.000000,113490.000000,15
2025-08-06 20:45,113070.000000,113070.000000,113070.000000,113070.000000,1
2025-08-07 05:45,113260.000000,113260.000000,113080.000000,113080.000000,2
2025-08-07 06:00,113200.000000,113200.000000,112780.000000,112940.000000,13
2025-08-07 06:15,112980.000000,112980.000000,112980.000000,112980.000000,1
2025-08-07 06:30,112990.000000,112990.000000,112850.000000,112890.000000,5
2025-08-07 06:45,112810.000000,112820.000000,112810.000000,112820.000000,3
2025-08-07 07:00,112820.000000,113150.000000,112420.000000,112420.000000,36
2025-08-07 07:15,112450.000000,113110.000000,112450.000000,113110.000000,14
2025-08-07 07:30,113170.000000,113640.000000,113170.000000,113580.000000,22
2025-08-07 07:45,113770.000000,113820.000000,113680.000000,113680.000000,3
2025-08-07 08:00,113890.000000,115310.000000,113890.000000,115310.000000,181
2025-08-07 08:15,115300.000000,115470.000000,114820.000000,114990.000000,105
2025-08-07 08:30,115060.000000,115300.000000,115000.000000,115050.000000,23
2025-08-07 08:45,115100.000000,116500.000000,115100.000000,115580.000000,66
2025-08-07 09:00,115890.000000,116060.000000,115400.000000,115400.000000,30
2025-08-07 09:15,115340.000000,115390.000000,115310.000000,115340.000000,8
2025-08-07 09:30,115450.000000,115510.000000,115200.000000,115490.000000,32
2025-08-07 09:45,115390.000000,115390.000000,115310.000000,115330.000000,3
2025-08-07 10:00,115200.000000,115310.000000,115100.000000,115310.000000,19
2025-08-07 10:15,115340.000000,115390.000000,115150.000000,115300.000000,6
2025-08-07 10:45,115300.000000,115820.000000,115300.000000,115440.000000,13
2025-08-07 11:00,115350.000000,115360.000000,115350.000000,115360.000000,4
2025-08-07 11:15,115720.000000,115900.000000,115680.000000,115680.000000,13
2025-08-07 11:30,115600.000000,115690.000000,115360.000000,115690.000000,23
2025-08-07 11:45,115810.000000,115810.000000,115780.000000,115780.000000,3
2025-08-07 12:00,115720.000000,115910.000000,115100.000000,115100.000000,27
2025-08-07 12:15,115190.000000,115350.000000,115190.000000,115350.000000,3
2025-08-07 12:30,115430.000000,115570.000000,115370.000000,115370.000000,9
2025-08-07 12:45,115420.000000,115420.000000,115420.000000,115420.000000,1
2025-08-07 13:00,115300.000000,115400.000000,115300.000000,115390.000000,22
2025-08-07 13:15,115410.000000,115520.000000,115410.000000,115480.000000,41
2025-08-07 13:30,115450.000000,115450.000000,115250.000000,115350.000000,15
2025-08-07 13:45,115290.000000,115460.000000,115290.000000,115400.000000,9
2025-08-07 14:00,115500.000000,115550.000000,115310.000000,115330.000000,6
2025-08-07 14:15,115500.000000,115550.000000,115410.000000,115410.000000,6
2025-08-07 14:45,115600.000000,115600.000000,115550.000000,115590.000000,13
2025-08-07 15:00,115600.000000,115880.000000,115040.000000,115040.000000,78
2025-08-07 15:15,115010.000000,115010.000000,114400.000000,114440.000000,19
2025-08-07 15:30,114250.000000,114510.000000,114230.000000,114510.000000,6
2025-08-07 15:45,114600.000000,114600.000000,114600.000000,114600.000000,1
2025-08-07 16:00,114170.000000,114170.000000,113900.000000,113900.000000,10
2025-08-07 16:15,114060.000000,114420.000000,114060.000000,114270.000000,11
2025-08-07 16:30,114480.000000,114520.000000,114480.000000,114490.000000,6
2025-08-07 17:00,114240.000000,114240.000000,114210.000000,114210.000000,2
2025-08-07 17:15,114090.000000,114310.000000,114090.000000,114310.000000,3
2025-08-07 17:30,114340.000000,114340.000000,114060.000000,114060.000000,5
2025-08-07 17:45,114000.000000,114000.000000,113880.000000,113880.000000,18
2025-08-07 18:00,113870.000000,113950.000000,113870.000000,113900.000000,3
2025-08-07 18:15,114260.000000,115160.000000,114250.000000,114620.000000,44
2025-08-07 18:30,114650.000000,114650.000000,114650.000000,114650.000000,1
2025-08-07 18:45,114600.000000,114800.000000,114600.000000,114770.000000,3
2025-08-07 19:00,114750.000000,114750.000000,114750.000000,114750.000000,1
2025-08-07 19:15,114650.000000,114650.000000,114650.000000,114650.000000,1
2025-08-07 19:30,114550.000000,114560.000000,114510.000000,114560.000000,8
2025-08-07 20:15,114580.000000,115450.000000,114580.000000,115320.000000,41
2025-08-07 20:30,115000.000000,115050.000000,114990.000000,115050.000000,8
2025-08-08 06:00,115140.000000,115140.000000,114990.000000,115020.000000,6
2025-08-08 06:15,115000.000000,115100.000000,114990.000000,115100.000000,6
2025-08-08 06:30,114950.000000,114950.000000,114950.000000,114950.000000,1
2025-08-08 06:45,114970.000000,114970.000000,114970.000000,114970.000000,2
2025-08-08 07:00,114750.000000,114750.000000,114420.000000,114430.000000,10
2025-08-08 07:15,114450.000000,114450.000000,114170.000000,114170.000000,8
2025-08-08 07:30,114010.000000,114140.000000,114000.000000,114100.000000,4
2025-08-08 07:45,114010.000000,114170.000000,114000.000000,114000.000000,5
2025-08-08 08:00,113750.000000,114010.000000,113750.000000,114010.000000,6
2025-08-08 08:15,113970.000000,114020.000000,113970.000000,114020.000000,2
2025-08-08 08:30,114140.000000,114140.000000,114140.000000,114140.000000,1
2025-08-08 09:00,114260.000000,114260.000000,114200.000000,114200.000000,2
2025-08-08 09:15,114000.000000,114000.000000,113990.000000,113990.000000,3
2025-08-08 09:30,113890.000000,113890.000000,113890.000000,113890.000000,1
2025-08-08 09:45,113820.000000,113890.000000,113680.000000,113890.000000,55
2025-08-08 10:00,113680.000000,113680.000000,113300.000000,113400.000000,13
2025-08-08 10:15,113380.000000,113420.000000,113380.000000,113390.000000,15
2025-08-08 10:30,113390.000000,113550.000000,113390.000000,113550.000000,12
2025-08-08 10:45,113500.000000,113530.000000,113360.000000,113530.000000,12
2025-08-08 11:00,113600.000000,113660.000000,113390.000000,113390.000000,11
2025-08-08 11:30,113450.000000,113650.000000,113450.000000,113650.000000,5
2025-08-08 11:45,113630.000000,114180.000000,113630.000000,114040.000000,51
2025-08-08 12:00,114100.000000,114280.000000,114080.000000,114210.000000,62
2025-08-08 12:15,114150.000000,114470.000000,114080.000000,114460.000000,22
2025-08-08 12:30,114480.000000,114530.000000,114420.000000,114420.000000,9
2025-08-08 12:45,114280.000000,114300.000000,113750.000000,113750.000000,5
2025-08-08 13:00,114010.000000,114010.000000,113980.000000,113980.000000,2
2025-08-08 13:15,114060.000000,114060.000000,114060.000000,114060.000000,1
2025-08-08 13:30,113840.000000,113930.000000,113840.000000,113930.000000,4
2025-08-08 13:45,114080.000000,114220.000000,114050.000000,114220.000000,15
2025-08-08 14:00,114390.000000,114780.000000,114070.000000,114500.000000,53
2025-08-08 14:15,114380.000000,114800.000000,114380.000000,114690.000000,20
2025-08-08 14:30,114760.000000,114930.000000,114630.000000,114630.000000,32
2025-08-08 14:45,115000.000000,115180.000000,115000.000000,115180.000000,4
2025-08-08 15:00,115340.000000,115370.000000,115150.000000,115160.000000,15
2025-08-08 15:15,115260.000000,115270.000000,115150.000000,115150.000000,9
2025-08-08 15:30,115250.000000,115360.000000,115250.000000,115340.000000,4
2025-08-08 16:15,115370.000000,115370.000000,115320.000000,115320.000000,2
2025-08-08 16:30,115170.000000,115250.000000,115170.000000,115200.000000,4
2025-08-08 16:45,115430.000000,115470.000000,115430.000000,115470.000000,2
2025-08-08 17:00,115640.000000,115770.000000,115500.000000,115500.000000,11
2025-08-08 17:15,115440.000000,115440.000000,115440.000000,115440.000000,1
2025-08-08 17:30,115660.000000,115720.000000,115660.000000,115720.000000,3
2025-08-08 18:00,115570.000000,115570.000000,115570.000000,115570.000000,1
2025-08-08 18:30,115580.000000,115580.000000,115580.000000,115580.000000,1
2025-08-08 18:45,115500.000000,115550.000000,115430.000000,115550.000000,11
2025-08-08 19:00,115530.000000,115530.000000,115420.000000,115440.000000,6
2025-08-08 19:30,115440.000000,115440.000000,115440.000000,115440.000000,1
2025-08-08 20:00,115720.000000,115720.000000,115720.000000,115720.000000,21
2025-08-08 20:15,116000.000000,116760.000000,115960.000000,116740.000000,32
2025-08-08 20:30,116990.000000,117170.000000,116990.000000,117120.000000,19
2025-08-08 20:45,117170.000000,117170.000000,117170.000000,117170.000000,1
2025-08-11 05:45,118000.000000,118170.000000,118000.000000,118170.000000,3
2025-08-11 06:00,118170.000000,118440.000000,117900.000000,118430.000000,49
2025-08-11 06:15,118350.000000,118360.000000,118200.000000,118240.000000,9
2025-08-11 06:30,118100.000000,118310.000000,117990.000000,118280.000000,13
2025-08-11 06:45,118030.000000,118150.000000,118030.000000,118150.000000,25
2025-08-11 07:00,118100.000000,118180.000000,117380.000000,117610.000000,25
2025-08-11 07:15,117750.000000,118250.000000,117750.000000,118250.000000,15
2025-08-11 07:30,118250.000000,118360.000000,118040.000000,118040.000000,47
2025-08-11 07:45,118130.000000,118130.000000,117500.000000,117500.000000,10
2025-08-11 08:00,117670.000000,117900.000000,117670.000000,117900.000000,6
2025-08-11 08:15,117700.000000,117910.000000,117700.000000,117830.000000,14
2025-08-11 08:30,117890.000000,118030.000000,117890.000000,117990.000000,29
2025-08-11 08:45,117910.000000,118000.000000,117730.000000,117810.000000,11
2025-08-11 09:00,117780.000000,117890.000000,117500.000000,117560.000000,80
2025-08-11 09:15,117760.000000,117760.000000,117640.000000,117720.000000,9
2025-08-11 09:30,117680.000000,117680.000000,117500.000000,117500.000000,16
2025-08-11 09:45,117530.000000,117530.000000,117500.000000,117500.000000,6
2025-08-11 10:00,117510.000000,117550.000000,117430.000000,117430.000000,8
2025-08-11 10:15,117370.000000,117450.000000,117370.000000,117450.000000,2
2025-08-11 10:30,117700.000000,117700.000000,117630.000000,117630.000000,2
2025-08-11 11:00,117900.000000,117900.000000,117900.000000,117900.000000,1
2025-08-11 11:15,118000.000000,118000.000000,118000.000000,118000.000000,1
2025-08-11 11:30,118020.000000,118040.000000,117940.000000,118030.000000,24
2025-08-11 11:45,118030.000000,118030.000000,117900.000000,117900.000000,11
2025-08-11 12:30,117710.000000,117860.000000,117710.000000,117860.000000,6
2025-08-11 13:00,117630.000000,117630.000000,117590.000000,117590.000000,8
2025-08-11 13:15,117640.000000,117690.000000,117500.000000,117500.000000,3
2025-08-11 13:30,117500.000000,117500.000000,117500.000000,117500.000000,20
2025-08-11 14:00,117800.000000,117800.000000,117800.000000,117800.000000,1
2025-08-11 14:15,118000.000000,118070.000000,118000.000000,118070.000000,9
2025-08-11 14:45,117790.000000,117790.000000,117790.000000,117790.000000,1
2025-08-11 15:00,118020.000000,118220.000000,118020.000000,118190.000000,3
2025-08-11 15:15,118210.000000,118210.000000,118140.000000,118140.000000,4
2025-08-11 15:30,118230.000000,118350.000000,117210.000000,117220.000000,20
2025-08-11 15:45,117120.000000,117280.000000,117000.000000,117280.000000,13
2025-08-11 16:00,117110.000000,117610.000000,117000.000000,117530.000000,8
2025-08-11 16:15,117290.000000,117290.000000,116930.000000,116930.000000,19
2025-08-11 16:45,117260.000000,117260.000000,117260.000000,117260.000000,1
2025-08-11 17:00,117310.000000,117320.000000,117290.000000,117320.000000,4
2025-08-11 17:15,117420.000000,117460.000000,117420.000000,117450.000000,4
2025-08-11 17:30,117470.000000,117470.000000,117470.000000,117470.000000,1
2025-08-11 17:45,116970.000000,116970.000000,116970.000000,116970.000000,1
2025-08-11 18:00,116990.000000,116990.000000,116920.000000,116920.000000,2
2025-08-11 18:15,116940.000000,116960.000000,116940.000000,116960.000000,2
2025-08-11 18:30,117010.000000,117060.000000,117010.000000,117060.000000,2
2025-08-11 19:00,117050.000000,117110.000000,117050.000000,117110.000000,2
2025-08-11 19:15,117150.000000,117150.000000,117150.000000,117150.000000,1
2025-08-11 20:00,117280.000000,117280.000000,117280.000000,117280.000000,10
2025-08-11 20:15,117500.000000,117500.000000,117500.000000,117500.000000,1
2025-08-11 20:30,117470.000000,117470.000000,117470.000000,117470.000000,5
2025-08-11 20:45,117230.000000,117230.000000,117220.000000,117220.000000,3
2025-08-12 05:45,117000.000000,117000.000000,116970.000000,116970.000000,6
2025-08-12 06:00,116970.000000,117290.000000,116970.000000,117290.000000,49
2025-08-12 06:15,117320.000000,117320.000000,117180.000000,117180.000000,2
2025-08-12 07:00,117280.000000,117280.000000,116830.000000,116830.000000,4
2025-08-12 07:15,116830.000000,116870.000000,116830.000000,116870.000000,2
2025-08-12 07:30,117200.000000,117200.000000,117190.000000,117190.000000,5
2025-08-12 07:45,116970.000000,117060.000000,116970.000000,117060.000000,2
2025-08-12 08:00,116970.000000,117070.000000,116890.000000,116890.000000,7
2025-08-12 08:15,116870.000000,117170.000000,116870.000000,117120.000000,5
2025-08-12 08:30,117130.000000,117130.000000,117070.000000,117070.000000,3
2025-08-12 09:00,117390.000000,117400.000000,117390.000000,117400.000000,5
2025-08-12 09:15,117500.000000,117520.000000,117500.000000,117520.000000,6
2025-08-12 09:30,117600.000000,117600.000000,117570.000000,117570.000000,6
2025-08-12 10:45,117400.000000,117400.000000,117400.000000,117400.000000,1
2025-08-12 11:30,117500.000000,117500.000000,117500.000000,117500.000000,1
2025-08-12 12:30,117370.000000,117700.000000,117370.000000,117580.000000,38
2025-08-12 13:30,117720.000000,118120.000000,117720.000000,117990.000000,33
2025-08-12 14:00,117940.000000,117940.000000,117820.000000,117820.000000,5
2025-08-12 14:15,117900.000000,117900.000000,117850.000000,117890.000000,3
2025-08-12 14:30,118110.000000,118110.000000,118080.000000,118080.000000,5
2025-08-12 14:45,118250.000000,118320.000000,118190.000000,118220.000000,6
2025-08-12 15:00,118250.000000,118280.000000,118250.000000,118280.000000,2
2025-08-12 15:15,118370.000000,118420.000000,118370.000000,118420.000000,29
2025-08-12 15:30,118450.000000,118500.000000,118360.000000,118360.000000,7
2025-08-12 16:00,119000.000000,119000.000000,118380.000000,118380.000000,11
2025-08-12 16:15,118340.000000,118340.000000,118290.000000,118290.000000,3
2025-08-12 16:30,118250.000000,118300.000000,118150.000000,118250.000000,10
2025-08-12 17:00,117990.000000,117990.000000,117990.000000,117990.000000,1
2025-08-12 17:30,118020.000000,118090.000000,118020.000000,118090.000000,2
2025-08-12 17:45,118090.000000,118090.000000,118090.000000,118090.000000,2
2025-08-12 18:00,118160.000000,118160.000000,118160.000000,118160.000000,1
2025-08-12 18:15,118260.000000,118260.000000,118260.000000,118260.000000,1
2025-08-12 18:30,118380.000000,118400.000000,118380.000000,118400.000000,2
2025-08-12 19:45,118250.000000,118250.000000,118250.000000,118250.000000,1
2025-08-12 20:15,118260.000000,118260.000000,118260.000000,118260.000000,1
2025-08-12 20:30,118300.000000,118300.000000,118240.000000,118240.000000,2
2025-08-13 06:00,118460.000000,118630.000000,118460.000000,118560.000000,3
2025-08-13 06:15,118650.000000,118650.000000,118600.000000,118620.000000,11
2025-08-13 06:30,118620.000000,118620.000000,118510.000000,118510.000000,17
2025-08-13 07:00,118470.000000,118470.000000,118390.000000,118390.000000,11
2025-08-13 07:15,118600.000000,118600.000000,118370.000000,118370.000000,14
2025-08-13 07:30,118210.000000,118210.000000,118210.000000,118210.000000,1
2025-08-13 07:45,118280.000000,118280.000000,117910.000000,117910.000000,22
2025-08-13 08:00,117880.000000,117920.000000,117850.000000,117890.000000,10
2025-08-13 08:15,117780.000000,117780.000000,117590.000000,117590.000000,9
2025-08-13 08:30,117590.000000,117650.000000,117530.000000,117530.000000,10
2025-08-13 08:45,117490.000000,117660.000000,117490.000000,117660.000000,7
2025-08-13 09:15,117810.000000,118000.000000,117810.000000,118000.000000,3
2025-08-13 09:45,117890.000000,117890.000000,117690.000000,117690.000000,3
2025-08-13 10:00,117500.000000,117500.000000,117460.000000,117460.000000,4
2025-08-13 10:15,117390.000000,117520.000000,117390.000000,117520.000000,3
2025-08-13 10:30,117650.000000,117650.000000,117650.000000,117650.000000,1
2025-08-13 11:00,117590.000000,117590.000000,117590.000000,117590.000000,1
2025-08-13 11:15,117520.000000,117680.000000,117520.000000,117680.000000,5
2025-08-13 11:30,117650.000000,117680.000000,117640.000000,117680.000000,4
2025-08-13 11:45,117630.000000,117630.000000,117210.000000,117210.000000,3
2025-08-13 12:00,117350.000000,117410.000000,117350.000000,117410.000000,4
2025-08-13 12:15,117410.000000,117670.000000,117300.000000,117670.000000,4
2025-08-13 12:30,117720.000000,117720.000000,117690.000000,117690.000000,2
2025-08-13 12:45,117700.000000,117750.000000,117620.000000,117620.000000,20
2025-08-13 13:00,117650.000000,117650.000000,117640.000000,117640.000000,2
2025-08-13 13:15,117670.000000,117670.000000,117640.000000,117650.000000,4
2025-08-13 13:45,117770.000000,118000.000000,117770.000000,117910.000000,5
2025-08-13 14:00,117890.000000,117900.000000,117890.000000,117900.000000,2
2025-08-13 14:15,117700.000000,118040.000000,117590.000000,117720.000000,21
2025-08-13 14:45,117940.000000,117960.000000,117940.000000,117960.000000,2
2025-08-13 15:00,117920.000000,118020.000000,117920.000000,118020.000000,11
2025-08-13 15:15,118030.000000,118030.000000,117970.000000,117970.000000,14
2025-08-13 15:30,117810.000000,117860.000000,117810.000000,117860.000000,3
2025-08-13 16:00,117800.000000,117890.000000,117800.000000,117890.000000,2
2025-08-13 16:30,117600.000000,117600.000000,117600.000000,117600.000000,1
2025-08-13 16:45,117520.000000,117520.000000,117490.000000,117490.000000,2
2025-08-13 17:15,117470.000000,117470.000000,117470.000000,117470.000000,1
2025-08-13 18:15,117520.000000,117520.000000,117520.000000,117520.000000,1
2025-08-13 19:00,117400.000000,117450.000000,117380.000000,117380.000000,11
2025-08-13 19:15,117320.000000,117320.000000,117180.000000,117220.000000,5
2025-08-13 19:30,117180.000000,117310.000000,117180.000000,117290.000000,4
2025-08-13 20:00,117100.000000,117100.000000,117000.000000,117000.000000,12
2025-08-13 20:15,116770.000000,116840.000000,116750.000000,116840.000000,10
2025-08-13 20:30,116770.000000,116770.000000,116690.000000,116750.000000,17
2025-08-13 20:45,116830.000000,117000.000000,116830.000000,117000.000000,4
2025-08-14 05:45,116970.000000,117000.000000,116970.000000,117000.000000,7
2025-08-14 06:00,117000.000000,117070.000000,116700.000000,116700.000000,7
2025-08-14 06:15,116750.000000,116770.000000,116700.000000,116700.000000,4
2025-08-14 06:30,116750.000000,116810.000000,116690.000000,116710.000000,17
2025-08-14 06:45,116670.000000,116770.000000,116670.000000,116740.000000,9
2025-08-14 07:00,116790.000000,116820.000000,116380.000000,116380.000000,39
2025-08-14 07:15,116430.000000,116430.000000,116430.000000,116430.000000,4
2025-08-14 07:30,116490.000000,116490.000000,116490.000000,116490.000000,1
2025-08-14 07:45,116320.000000,116560.000000,116320.000000,116560.000000,7
2025-08-14 08:00,116540.000000,116820.000000,116540.000000,116750.000000,7
2025-08-14 08:15,116770.000000,116770.000000,116320.000000,116360.000000,17
2025-08-14 08:30,116300.000000,116300.000000,116300.000000,116300.000000,2
2025-08-14 08:45,116350.000000,116410.000000,116280.000000,116370.000000,25
2025-08-14 09:00,116330.000000,116600.000000,116330.000000,116600.000000,19
2025-08-14 09:15,116780.000000,117000.000000,116770.000000,117000.000000,11
2025-08-14 09:30,116900.000000,116900.000000,116900.000000,116900.000000,1
2025-08-14 09:45,116750.000000,117000.000000,116750.000000,117000.000000,11
2025-08-14 10:00,117160.000000,117440.000000,117060.000000,117440.000000,27
2025-08-14 10:15,117500.000000,117520.000000,117350.000000,117350.000000,10
2025-08-14 10:30,117580.000000,117580.000000,117490.000000,117490.000000,6
2025-08-14 10:45,117670.000000,117670.000000,117560.000000,117560.000000,2
2025-08-14 11:15,117450.000000,117770.000000,117450.000000,117700.000000,14
2025-08-14 11:30,117680.000000,117680.000000,117680.000000,117680.000000,1
2025-08-14 11:45,117700.000000,117700.000000,117700.000000,117700.000000,3
2025-08-14 12:00,117700.000000,118110.000000,117680.000000,118110.000000,44
2025-08-14 12:45,117990.000000,118490.000000,117990.000000,118330.000000,19
2025-08-14 13:00,118320.000000,118320.000000,118320.000000,118320.000000,1
2025-08-14 13:15,118300.000000,118300.000000,118220.000000,118220.000000,5
2025-08-14 13:30,118210.000000,118290.000000,118150.000000,118260.000000,16
2025-08-14 13:45,118300.000000,118500.000000,118300.000000,118500.000000,23
2025-08-14 14:00,118520.000000,118520.000000,118190.000000,118190.000000,12
2025-08-14 14:15,118270.000000,118270.000000,118020.000000,118050.000000,18
2025-08-14 14:30,118250.000000,118250.000000,118250.000000,118250.000000,8
2025-08-14 14:45,118200.000000,118200.000000,118200.000000,118200.000000,1
2025-08-14 15:15,118110.000000,118110.000000,118070.000000,118070.000000,3
2025-08-14 16:00,117990.000000,117990.000000,116970.000000,117580.000000,22
2025-08-14 16:15,117830.000000,117830.000000,117710.000000,117720.000000,11
2025-08-14 16:30,117530.000000,117970.000000,117530.000000,117600.000000,6
2025-08-14 16:45,117720.000000,117800.000000,117700.000000,117790.000000,5
2025-08-14 17:15,117490.000000,117590.000000,117400.000000,117540.000000,21
2025-08-14 17:30,117720.000000,118000.000000,117720.000000,117820.000000,10
2025-08-14 17:45,117970.000000,117980.000000,117910.000000,117910.000000,4
2025-08-14 18:00,117940.000000,118000.000000,117910.000000,117970.000000,12
2025-08-14 18:15,118040.000000,118040.000000,118030.000000,118030.000000,5
2025-08-14 18:30,118110.000000,118110.000000,118110.000000,118110.000000,1
2025-08-14 18:45,118270.000000,118270.000000,118090.000000,118090.000000,5
2025-08-14 19:00,118150.000000,118150.000000,118090.000000,118090.000000,4
2025-08-14 19:15,118000.000000,118000.000000,118000.000000,118000.000000,3
2025-08-14 19:30,118000.000000,118000.000000,117950.000000,117950.000000,8
2025-08-14 20:00,117980.000000,118000.000000,117950.000000,118000.000000,17
2025-08-14 20:15,117950.000000,117990.000000,117950.000000,117990.000000,2
2025-08-14 20:30,118000.000000,118000.000000,117920.000000,117920.000000,2
2025-08-15 06:00,118000.000000,118030.000000,117670.000000,117750.000000,11
2025-08-15 06:15,117800.000000,117810.000000,117800.000000,117810.000000,3
2025-08-15 06:30,117820.000000,117820.000000,117820.000000,117820.000000,2
2025-08-15 06:45,117750.000000,117870.000000,117750.000000,117870.000000,5
2025-08-15 07:00,117880.000000,118030.000000,117780.000000,118030.000000,18
2025-08-15 07:30,117640.000000,117640.000000,117640.000000,117640.000000,8
2025-08-15 07:45,117640.000000,117960.000000,117640.000000,117960.000000,8
2025-08-15 08:00,118110.000000,118110.000000,118110.000000,118110.000000,3
2025-08-15 08:30,118140.000000,118250.000000,118140.000000,118230.000000,3
2025-08-15 08:45,118260.000000,118420.000000,118260.000000,118420.000000,2
2025-08-15 09:00,118250.000000,118250.000000,118250.000000,118250.000000,1
2025-08-15 09:15,118400.000000,118650.000000,118400.000000,118650.000000,16
2025-08-15 09:30,118700.000000,118820.000000,118630.000000,118680.000000,16
2025-08-15 09:45,118730.000000,118730.000000,118600.000000,118600.000000,3
2025-08-15 10:00,118640.000000,118640.000000,118640.000000,118640.000000,1
2025-08-15 10:15,118670.000000,118720.000000,118610.000000,118630.000000,14
2025-08-15 10:30,118690.000000,118710.000000,118550.000000,118550.000000,26
2025-08-15 10:45,118540.000000,118540.000000,118540.000000,118540.000000,1
2025-08-15 11:00,118680.000000,118750.000000,118560.000000,118560.000000,17
2025-08-15 11:30,118690.000000,118830.000000,118680.000000,118830.000000,42
2025-08-15 11:45,118830.000000,118830.000000,118710.000000,118710.000000,5
2025-08-15 12:00,118640.000000,118680.000000,118640.000000,118680.000000,3
2025-08-15 12:15,118660.000000,118660.000000,118330.000000,118330.000000,10
2025-08-15 12:30,118340.000000,118420.000000,118340.000000,118420.000000,2
2025-08-15 12:45,118500.000000,118580.000000,118500.000000,118580.000000,6
2025-08-15 13:30,118580.000000,118580.000000,118530.000000,118530.000000,4
2025-08-15 13:45,118620.000000,118800.000000,118620.000000,118800.000000,7
2025-08-15 14:00,118870.000000,119060.000000,118870.000000,119060.000000,21
2025-08-15 14:15,119100.000000,119270.000000,119090.000000,119220.000000,20
2025-08-15 14:30,119170.000000,119220.000000,119000.000000,119130.000000,8
2025-08-15 14:45,119130.000000,119150.000000,119050.000000,119080.000000,17
2025-08-15 15:00,118980.000000,119000.000000,118980.000000,119000.000000,2
2025-08-15 15:15,119060.000000,119060.000000,118810.000000,118830.000000,18
2025-08-15 15:30,118960.000000,119020.000000,118950.000000,119010.000000,7
2025-08-15 15:45,119170.000000,119230.000000,119170.000000,119190.000000,9
2025-08-15 16:00,119120.000000,119120.000000,119040.000000,119040.000000,4
2025-08-15 16:30,119000.000000,119150.000000,119000.000000,119150.000000,7
2025-08-15 17:15,119110.000000,119110.000000,119000.000000,119020.000000,3
2025-08-15 18:00,119020.000000,119020.000000,119000.000000,119000.000000,2
2025-08-15 18:45,119080.000000,119190.000000,119060.000000,119060.000000,8
2025-08-15 19:00,119070.000000,119070.000000,119020.000000,119020.000000,4
2025-08-15 19:30,119000.000000,119000.000000,118780.000000,118840.000000,5
2025-08-15 19:45,118850.000000,118910.000000,118850.000000,118910.000000,6
2025-08-15 20:00,118850.000000,118850.000000,118850.000000,118850.000000,1
2025-08-15 20:15,118800.000000,118800.000000,118800.000000,118800.000000,1
2025-08-15 20:45,119060.000000,119060.000000,119060.000000,119060.000000,1
2025-08-16 06:45,118790.000000,118790.000000,118000.000000,118000.000000,7
2025-08-16 07:00,117510.000000,117510.000000,116490.000000,116880.000000,33
2025-08-16 07:15,116880.000000,117050.000000,116880.000000,117050.000000,21
2025-08-16 07:30,117010.000000,117140.000000,116700.000000,116700.000000,3
2025-08-16 07:30,117010.000000,117140.000000,116700.000000,116700.000000,3
2025-08-16 07:45,117000.000000,117000.000000,117000.000000,117000.000000,1
2025-08-16 08:00,116850.000000,116850.000000,116850.000000,116850.000000,1
2025-08-16 08:15,116850.000000,116850.000000,116500.000000,116500.000000,15
2025-08-16 08:30,116500.000000,116500.000000,116150.000000,116150.000000,12
2025-08-16 08:45,116350.000000,116350.000000,116350.000000,116350.000000,1
2025-08-16 09:00,116350.000000,116700.000000,116350.000000,116690.000000,14
2025-08-16 09:15,116700.000000,116740.000000,116600.000000,116740.000000,18
2025-08-16 09:30,116600.000000,116600.000000,116600.000000,116600.000000,1
2025-08-16 10:00,116300.000000,116350.000000,116290.000000,116290.000000,3
2025-08-16 10:15,116200.000000,116200.000000,116200.000000,116200.000000,5
2025-08-16 11:00,116240.000000,116240.000000,116200.000000,116200.000000,3
2025-08-16 11:15,116410.000000,116450.000000,116410.000000,116450.000000,10
2025-08-16 11:45,116200.000000,116200.000000,116200.000000,116200.000000,1
2025-08-16 12:00,116360.000000,116360.000000,116220.000000,116220.000000,5
2025-08-16 13:00,116410.000000,116450.000000,116410.000000,116450.000000,2
2025-08-16 13:30,116750.000000,116750.000000,116750.000000,116750.000000,1
2025-08-16 14:00,116660.000000,116660.000000,116660.000000,116660.000000,5
2025-08-16 14:15,116510.000000,116510.000000,116280.000000,116280.000000,9
2025-08-16 14:45,116290.000000,116290.000000,116280.000000,116280.000000,2
2025-08-17 07:00,116490.000000,116700.000000,116350.000000,116700.000000,19
2025-08-17 07:15,116500.000000,116500.000000,116500.000000,116500.000000,4
2025-08-17 07:45,116600.000000,116720.000000,116600.000000,116720.000000,6
2025-08-17 08:00,116630.000000,116630.000000,116630.000000,116630.000000,1
2025-08-17 08:30,116630.000000,116630.000000,116500.000000,116500.000000,15
2025-08-17 12:45,116350.000000,116350.000000,116200.000000,116200.000000,3
2025-08-17 13:15,116210.000000,116210.000000,116180.000000,116180.000000,3
2025-08-17 13:30,116190.000000,116190.000000,116190.000000,116190.000000,1
2025-08-17 14:00,116280.000000,116280.000000,116280.000000,116280.000000,1
2025-08-17 14:15,116270.000000,116270.000000,116270.000000,116270.000000,5
2025-08-17 14:45,116160.000000,116160.000000,116150.000000,116150.000000,3
2025-08-17 15:00,116150.000000,116170.000000,116150.000000,116170.000000,3
2025-08-17 15:15,116300.000000,116300.000000,116300.000000,116300.000000,1
2025-08-17 15:30,116150.000000,116150.000000,116100.000000,116100.000000,6
2025-08-17 15:45,116100.000000,116100.000000,116090.000000,116100.000000,5
2025-08-18 06:00,116280.000000,116520.000000,116250.000000,116380.000000,31
2025-08-18 06:15,116360.000000,116770.000000,116320.000000,116770.000000,11
2025-08-18 06:30,116580.000000,116580.000000,116580.000000,116580.000000,1
2025-08-18 06:45,116560.000000,116580.000000,116560.000000,116580.000000,2
2025-08-18 07:00,116410.000000,116460.000000,116160.000000,116300.000000,19
2025-08-18 07:15,116190.000000,116200.000000,115830.000000,116060.000000,46
2025-08-18 07:30,116000.000000,116190.000000,115880.000000,116110.000000,7
2025-08-18 07:45,116000.000000,116000.000000,115700.000000,115800.000000,39
2025-08-18 08:00,115750.000000,115800.000000,115500.000000,115800.000000,15
2025-08-18 08:15,115880.000000,116000.000000,115880.000000,116000.000000,4
2025-08-18 08:30,116140.000000,116280.000000,116080.000000,116210.000000,11
2025-08-18 08:45,116390.000000,116390.000000,116390.000000,116390.000000,2
2025-08-18 09:00,116500.000000,116550.000000,116470.000000,116550.000000,8
2025-08-18 09:15,116500.000000,116630.000000,116500.000000,116500.000000,8
2025-08-18 09:30,116480.000000,116600.000000,116480.000000,116600.000000,2
2025-08-18 09:45,116670.000000,116730.000000,116420.000000,116450.000000,14
2025-08-18 10:00,116420.000000,116420.000000,116150.000000,116150.000000,24
2025-08-18 10:15,116200.000000,116200.000000,116140.000000,116140.000000,2
2025-08-18 10:30,116110.000000,116270.000000,116080.000000,116080.000000,10
2025-08-18 10:45,116060.000000,116070.000000,115960.000000,116000.000000,43
2025-08-18 11:00,116050.000000,116050.000000,115910.000000,115910.000000,28
2025-08-18 11:15,115900.000000,116010.000000,115850.000000,115890.000000,36
2025-08-18 11:30,115780.000000,115920.000000,115680.000000,115920.000000,17
2025-08-18 11:45,115910.000000,116000.000000,115900.000000,116000.000000,22
2025-08-18 12:15,116010.000000,116010.000000,116010.000000,116010.000000,1
2025-08-18 12:30,116020.000000,116150.000000,115910.000000,116150.000000,31
2025-08-18 12:45,116180.000000,116260.000000,116120.000000,116240.000000,47
2025-08-18 13:00,116230.000000,116550.000000,116230.000000,116550.000000,17
2025-08-18 13:15,116620.000000,116620.000000,116170.000000,116170.000000,5
2025-08-18 13:30,116320.000000,116320.000000,116320.000000,116320.000000,1
2025-08-18 13:45,116270.000000,116290.000000,116270.000000,116280.000000,5
2025-08-18 14:00,116190.000000,116270.000000,116040.000000,116040.000000,31
2025-08-18 14:15,116070.000000,116140.000000,116060.000000,116120.000000,43
2025-08-18 14:30,116110.000000,116200.000000,115820.000000,115850.000000,65
2025-08-18 14:45,115650.000000,115770.000000,115540.000000,115600.000000,55
2025-08-18 15:00,115640.000000,115670.000000,115500.000000,115550.000000,16
2025-08-18 15:15,115600.000000,115600.000000,115590.000000,115590.000000,12
2025-08-18 15:30,115590.000000,115590.000000,115410.000000,115480.000000,18
2025-08-18 15:45,115400.000000,115400.000000,115400.000000,115400.000000,1
2025-08-18 16:00,115310.000000,115400.000000,115310.000000,115340.000000,7
2025-08-18 16:15,115230.000000,115240.000000,115160.000000,115160.000000,7
2025-08-18 16:30,115470.000000,116010.000000,115470.000000,115860.000000,36
2025-08-18 17:00,115490.000000,115660.000000,115490.000000,115660.000000,2
2025-08-18 17:15,115800.000000,116390.000000,115800.000000,116030.000000,24
2025-08-18 17:30,116030.000000,116090.000000,115860.000000,115950.000000,7
2025-08-18 17:45,115810.000000,115810.000000,115790.000000,115810.000000,3
2025-08-18 18:00,115810.000000,115810.000000,115810.000000,115810.000000,1
2025-08-18 18:15,115950.000000,115950.000000,115950.000000,115950.000000,1
2025-08-18 18:45,115890.000000,117660.000000,115890.000000,117650.000000,63
2025-08-18 19:00,117650.000000,118530.000000,117200.000000,117420.000000,117
2025-08-18 19:15,117420.000000,117420.000000,116950.000000,116970.000000,15
2025-08-18 19:30,117410.000000,117500.000000,117330.000000,117330.000000,7
2025-08-18 19:45,117300.000000,117300.000000,117080.000000,117210.000000,9
2025-08-18 20:00,117240.000000,117400.000000,117240.000000,117310.000000,10
2025-08-18 20:15,117270.000000,117290.000000,117270.000000,117280.000000,8
2025-08-18 20:30,117250.000000,117270.000000,117250.000000,117270.000000,2
2025-08-18 20:45,117250.000000,117310.000000,117200.000000,117310.000000,3
2025-08-19 06:00,117240.000000,117430.000000,117240.000000,117380.000000,17
2025-08-19 06:15,117190.000000,117290.000000,117190.000000,117240.000000,4
2025-08-19 06:30,117340.000000,117380.000000,117340.000000,117380.000000,2
2025-08-19 06:45,117450.000000,117500.000000,117290.000000,117290.000000,4
2025-08-19 07:00,117360.000000,117360.000000,117360.000000,117360.000000,2
2025-08-19 07:15,117550.000000,117630.000000,117490.000000,117520.000000,37
2025-08-19 07:30,117600.000000,117600.000000,117600.000000,117600.000000,1
2025-08-19 07:45,117760.000000,117760.000000,117760.000000,117760.000000,1
2025-08-19 08:30,117640.000000,117680.000000,117570.000000,117670.000000,6
2025-08-19 09:00,117710.000000,117740.000000,117650.000000,117650.000000,12
2025-08-19 09:15,117490.000000,117720.000000,117490.000000,117720.000000,8
2025-08-19 09:30,117320.000000,117450.000000,117300.000000,117430.000000,7
2025-08-19 09:45,117430.000000,117480.000000,117270.000000,117270.000000,22
2025-08-19 10:00,117330.000000,117360.000000,117330.000000,117360.000000,4
2025-08-19 10:15,117330.000000,117360.000000,117330.000000,117340.000000,4
2025-08-19 10:30,117350.000000,117390.000000,117310.000000,117310.000000,4
2025-08-19 10:45,117220.000000,117300.000000,117200.000000,117300.000000,4
2025-08-19 11:00,117580.000000,117580.000000,117490.000000,117520.000000,4
2025-08-19 11:30,117540.000000,117540.000000,117510.000000,117510.000000,2
2025-08-19 11:45,117620.000000,117620.000000,117620.000000,117620.000000,1
2025-08-19 12:00,117700.000000,117770.000000,117420.000000,117420.000000,12
2025-08-19 12:15,117420.000000,117500.000000,117420.000000,117500.000000,3
2025-08-19 12:45,117300.000000,117300.000000,117250.000000,117250.000000,2
2025-08-19 13:15,117300.000000,117300.000000,117300.000000,117300.000000,5
2025-08-19 13:30,117370.000000,117380.000000,117360.000000,117380.000000,3
2025-08-19 13:45,117450.000000,117610.000000,117450.000000,117610.000000,10
2025-08-19 14:00,117730.000000,117800.000000,117730.000000,117730.000000,3
2025-08-19 14:15,117440.000000,117440.000000,117390.000000,117390.000000,2
2025-08-19 14:30,117520.000000,117600.000000,117520.000000,117600.000000,2
2025-08-19 14:45,117400.000000,117420.000000,117400.000000,117420.000000,2
2025-08-19 15:00,117350.000000,117400.000000,116900.000000,116900.000000,17
2025-08-19 15:15,116940.000000,116950.000000,116750.000000,116750.000000,29
2025-08-19 15:30,116890.000000,116890.000000,116700.000000,116700.000000,6
2025-08-19 15:45,116680.000000,116680.000000,116640.000000,116650.000000,3
2025-08-19 16:00,116690.000000,116690.000000,116310.000000,116330.000000,18
2025-08-19 16:15,116350.000000,116460.000000,116350.000000,116460.000000,6
2025-08-19 17:00,116400.000000,116460.000000,116390.000000,116460.000000,6
2025-08-19 17:15,116440.000000,116700.000000,116440.000000,116700.000000,5
2025-08-19 17:30,116680.000000,116950.000000,116680.000000,116770.000000,9
2025-08-19 17:45,116960.000000,116960.000000,116910.000000,116910.000000,3
2025-08-19 18:00,116890.000000,117000.000000,116850.000000,116970.000000,8
2025-08-19 18:15,116960.000000,116960.000000,116960.000000,116960.000000,1
2025-08-19 19:30,116830.000000,116830.000000,116830.000000,116830.000000,2
2025-08-19 20:30,116550.000000,116600.000000,116550.000000,116600.000000,4
2025-08-20 06:00,116510.000000,116720.000000,116470.000000,116720.000000,5
2025-08-20 06:15,116710.000000,116710.000000,116710.000000,116710.000000,1
2025-08-20 06:30,116720.000000,116720.000000,116720.000000,116720.000000,2
2025-08-20 06:45,116800.000000,116820.000000,116800.000000,116820.000000,2
2025-08-20 07:00,116710.000000,116740.000000,116710.000000,116740.000000,2
2025-08-20 07:15,116700.000000,116700.000000,116700.000000,116700.000000,2
2025-08-20 07:30,116510.000000,116700.000000,116510.000000,116700.000000,3
2025-08-20 07:45,116910.000000,117080.000000,116910.000000,117030.000000,16
2025-08-20 08:00,116900.000000,116950.000000,116830.000000,116950.000000,9
2025-08-20 08:15,116980.000000,116980.000000,116980.000000,116980.000000,1
2025-08-20 08:30,116890.000000,116890.000000,116890.000000,116890.000000,1
2025-08-20 09:00,116990.000000,117100.000000,116600.000000,116600.000000,7
2025-08-20 09:30,116510.000000,116510.000000,116480.000000,116480.000000,4
2025-08-20 10:15,116580.000000,116580.000000,116580.000000,116580.000000,1
2025-08-20 10:30,116360.000000,116440.000000,116360.000000,116440.000000,4
2025-08-20 10:45,116320.000000,116380.000000,116320.000000,116380.000000,7
2025-08-20 11:00,116150.000000,116280.000000,116150.000000,116210.000000,14
2025-08-20 11:15,116320.000000,116320.000000,115970.000000,115970.000000,39
2025-08-20 11:30,116020.000000,116020.000000,115710.000000,115920.000000,38
2025-08-20 11:45,116000.000000,116000.000000,116000.000000,116000.000000,3
2025-08-20 12:00,115970.000000,115970.000000,115830.000000,115830.000000,25
2025-08-20 12:15,115930.000000,115930.000000,115710.000000,115790.000000,14
2025-08-20 12:30,115810.000000,116070.000000,115780.000000,116070.000000,104
2025-08-20 12:45,116020.000000,116120.000000,116020.000000,116120.000000,4
2025-08-20 13:00,116120.000000,116120.000000,116120.000000,116120.000000,4
2025-08-20 13:15,116040.000000,116040.000000,115840.000000,115840.000000,15
2025-08-20 13:30,115830.000000,115830.000000,115520.000000,115720.000000,13
2025-08-20 13:45,115680.000000,115750.000000,115420.000000,115500.000000,14
2025-08-20 14:00,115500.000000,115500.000000,115360.000000,115400.000000,9
2025-08-20 14:15,115520.000000,115520.000000,115430.000000,115430.000000,3
2025-08-20 14:30,115500.000000,115690.000000,115480.000000,115690.000000,28
2025-08-20 14:45,115680.000000,115680.000000,115560.000000,115560.000000,2
2025-08-20 15:00,115700.000000,115880.000000,115700.000000,115880.000000,2
2025-08-20 15:15,115910.000000,116030.000000,115850.000000,115870.000000,38
2025-08-20 15:30,115820.000000,115820.000000,115630.000000,115630.000000,21
2025-08-20 15:45,115670.000000,115670.000000,115670.000000,115670.000000,1
2025-08-20 16:00,115840.000000,115850.000000,115840.000000,115850.000000,2
2025-08-20 16:15,115500.000000,115500.000000,115500.000000,115500.000000,1
2025-08-20 16:45,115350.000000,115350.000000,115250.000000,115270.000000,4
2025-08-20 17:00,115390.000000,115390.000000,115390.000000,115390.000000,1
2025-08-20 17:15,115450.000000,115450.000000,115450.000000,115450.000000,1
2025-08-20 17:30,115530.000000,115530.000000,115510.000000,115510.000000,2
2025-08-20 18:45,115480.000000,115480.000000,115480.000000,115480.000000,1
2025-08-20 19:45,115700.000000,115700.000000,115700.000000,115700.000000,1
2025-08-21 06:00,115540.000000,115600.000000,115540.000000,115600.000000,3
2025-08-21 06:15,115560.000000,115560.000000,115560.000000,115560.000000,2
2025-08-21 06:30,115350.000000,115350.000000,115350.000000,115350.000000,2
2025-08-21 06:45,115250.000000,115260.000000,114890.000000,114890.000000,29
2025-08-21 07:00,114850.000000,115060.000000,114770.000000,115060.000000,21
2025-08-21 07:15,115020.000000,115040.000000,114800.000000,114810.000000,42
2025-08-21 07:30,114810.000000,114900.000000,114670.000000,114700.000000,24
2025-08-21 07:45,114730.000000,114810.000000,114640.000000,114750.000000,15
2025-08-21 08:00,114690.000000,114690.000000,114340.000000,114440.000000,40
2025-08-21 08:15,114460.000000,114520.000000,114440.000000,114500.000000,6
2025-08-21 08:30,114460.000000,114580.000000,114460.000000,114580.000000,9
2025-08-21 08:45,114560.000000,114560.000000,114560.000000,114560.000000,1
2025-08-21 09:00,114430.000000,114650.000000,114420.000000,114650.000000,9
2025-08-21 09:15,114670.000000,114670.000000,114670.000000,114670.000000,11
2025-08-21 09:30,114670.000000,114790.000000,114650.000000,114790.000000,15
2025-08-21 09:45,114790.000000,114910.000000,114790.000000,114910.000000,7
2025-08-21 10:00,114880.000000,115010.000000,114880.000000,114900.000000,8
2025-08-21 10:15,114790.000000,114790.000000,114300.000000,114520.000000,13
2025-08-21 10:30,114490.000000,114490.000000,114490.000000,114490.000000,1
2025-08-21 10:45,114570.000000,114570.000000,114470.000000,114560.000000,13
2025-08-21 11:00,114880.000000,115200.000000,114880.000000,115090.000000,23
2025-08-21 11:15,115120.000000,115180.000000,115000.000000,115040.000000,45
2025-08-21 11:30,115140.000000,115160.000000,114800.000000,114800.000000,4
2025-08-21 11:45,114910.000000,115010.000000,114850.000000,115010.000000,33
2025-08-21 12:00,114950.000000,114950.000000,114950.000000,114950.000000,1
2025-08-21 12:15,114890.000000,114890.000000,114890.000000,114890.000000,2
2025-08-21 12:30,114800.000000,115090.000000,114800.000000,115000.000000,14
2025-08-21 12:45,114980.000000,114980.000000,114850.000000,114850.000000,2
2025-08-21 13:00,114700.000000,114800.000000,114490.000000,114490.000000,7
2025-08-21 13:30,114490.000000,114500.000000,113910.000000,114010.000000,125
2025-08-21 13:45,113900.000000,114030.000000,113730.000000,113790.000000,39
2025-08-21 14:00,113700.000000,113730.000000,113450.000000,113590.000000,71
2025-08-21 14:15,113540.000000,113640.000000,113400.000000,113510.000000,43
2025-08-21 14:30,113630.000000,113650.000000,113550.000000,113550.000000,16
2025-08-21 14:45,113460.000000,113500.000000,113430.000000,113480.000000,13
2025-08-21 15:00,113370.000000,113400.000000,113000.000000,113000.000000,22
2025-08-21 15:15,113030.000000,113030.000000,112860.000000,112960.000000,19
2025-08-21 15:30,112990.000000,112990.000000,112800.000000,112850.000000,14
2025-08-21 15:45,112870.000000,112870.000000,112870.000000,112870.000000,1
2025-08-21 16:00,112970.000000,112980.000000,112740.000000,112740.000000,41
2025-08-21 16:15,112780.000000,112960.000000,112580.000000,112960.000000,24
2025-08-21 16:30,113020.000000,113040.000000,112950.000000,112990.000000,14
2025-08-21 16:45,112990.000000,113020.000000,112850.000000,112880.000000,23
2025-08-21 17:00,112900.000000,113050.000000,112760.000000,112940.000000,49
2025-08-21 17:15,112920.000000,112940.000000,112920.000000,112940.000000,3
2025-08-21 17:30,112880.000000,113060.000000,112880.000000,113060.000000,4
2025-08-21 18:00,112990.000000,112990.000000,112850.000000,112860.000000,4
2025-08-21 18:15,112850.000000,112900.000000,112850.000000,112900.000000,7
2025-08-21 18:30,112860.000000,112860.000000,112730.000000,112740.000000,9
2025-08-21 18:45,112680.000000,112680.000000,112590.000000,112650.000000,7
2025-08-21 19:00,112760.000000,112760.000000,112760.000000,112760.000000,1
2025-08-21 19:15,112650.000000,112650.000000,112570.000000,112580.000000,17
2025-08-21 19:30,112620.000000,112620.000000,112490.000000,112490.000000,41
2025-08-21 19:45,112500.000000,112520.000000,112440.000000,112480.000000,12
2025-08-21 20:00,112530.000000,112550.000000,112470.000000,112470.000000,6
2025-08-21 20:15,112570.000000,112570.000000,112440.000000,112480.000000,10
2025-08-21 20:30,112540.000000,112630.000000,112540.000000,112630.000000,15
2025-08-21 20:45,112620.000000,112620.000000,112620.000000,112620.000000,1
2025-08-22 06:00,112720.000000,113010.000000,112720.000000,112980.000000,4
2025-08-22 06:15,113020.000000,114000.000000,112980.000000,113070.000000,33
2025-08-22 06:30,113000.000000,113000.000000,112860.000000,112880.000000,7
2025-08-22 06:45,112680.000000,112690.000000,112650.000000,112650.000000,5
2025-08-22 07:00,112780.000000,112980.000000,112780.000000,112830.000000,6
2025-08-22 07:15,112850.000000,112910.000000,112810.000000,112810.000000,12
2025-08-22 07:30,112620.000000,112690.000000,112570.000000,112600.000000,18
2025-08-22 07:45,112640.000000,112680.000000,112620.000000,112630.000000,16
2025-08-22 08:00,112630.000000,112750.000000,112500.000000,112750.000000,12
2025-08-22 08:30,112680.000000,112740.000000,112660.000000,112700.000000,6
2025-08-22 09:00,112660.000000,112660.000000,112500.000000,112500.000000,7
2025-08-22 09:15,112920.000000,113000.000000,112920.000000,113000.000000,3
2025-08-22 09:30,113030.000000,113030.000000,112900.000000,112900.000000,4
2025-08-22 09:45,112850.000000,112960.000000,112830.000000,112830.000000,35
2025-08-22 10:00,112800.000000,112870.000000,112740.000000,112800.000000,28
2025-08-22 10:15,113080.000000,113150.000000,113080.000000,113150.000000,15
2025-08-22 10:30,113030.000000,113100.000000,112990.000000,113020.000000,13
2025-08-22 10:45,113000.000000,113000.000000,113000.000000,113000.000000,2
2025-08-22 11:00,112860.000000,112860.000000,112810.000000,112830.000000,11
2025-08-22 11:15,112670.000000,112700.000000,112470.000000,112700.000000,25
2025-08-22 11:30,112610.000000,113120.000000,112610.000000,112990.000000,55
2025-08-22 11:45,112730.000000,112730.000000,112690.000000,112720.000000,7
2025-08-22 12:00,112700.000000,112760.000000,112430.000000,112450.000000,34
2025-08-22 12:15,112460.000000,112560.000000,112460.000000,112530.000000,10
2025-08-22 12:30,112590.000000,112690.000000,112480.000000,112540.000000,19
2025-08-22 12:45,112460.000000,112470.000000,112030.000000,112040.000000,101
2025-08-22 13:00,112130.000000,112350.000000,112130.000000,112350.000000,19
2025-08-22 13:15,112390.000000,112390.000000,112250.000000,112250.000000,4
2025-08-22 13:30,112380.000000,112380.000000,112380.000000,112380.000000,2
2025-08-22 13:45,112500.000000,112570.000000,112500.000000,112570.000000,5
2025-08-22 14:00,112460.000000,112900.000000,112460.000000,112800.000000,30
2025-08-22 14:15,112770.000000,112770.000000,112580.000000,112580.000000,2
2025-08-22 14:30,112700.000000,112770.000000,112700.000000,112770.000000,3
2025-08-22 14:45,112630.000000,112630.000000,112630.000000,112630.000000,1
2025-08-22 15:00,112730.000000,112900.000000,112730.000000,112900.000000,3
2025-08-22 15:30,112950.000000,113250.000000,112880.000000,113190.000000,27
2025-08-22 16:00,113240.000000,113240.000000,113240.000000,113240.000000,1
2025-08-22 16:15,113180.000000,113180.000000,113150.000000,113150.000000,4
2025-08-22 16:30,113090.000000,113090.000000,113090.000000,113090.000000,1
2025-08-22 17:00,112960.000000,112960.000000,112960.000000,112960.000000,1
2025-08-22 17:15,112950.000000,112950.000000,112950.000000,112950.000000,1
2025-08-22 17:30,113060.000000,113240.000000,112680.000000,112680.000000,24
2025-08-22 17:45,112930.000000,112980.000000,112900.000000,112900.000000,5
2025-08-22 18:00,112790.000000,112790.000000,112790.000000,112790.000000,1
2025-08-22 18:30,112800.000000,112870.000000,112800.000000,112870.000000,4
2025-08-22 19:00,112780.000000,112780.000000,112780.000000,112780.000000,1
2025-08-22 19:30,112990.000000,112990.000000,112990.000000,112990.000000,1
2025-08-22 20:00,113040.000000,113040.000000,113040.000000,113040.000000,1
2025-08-22 20:15,113000.000000,113000.000000,113000.000000,113000.000000,1
2025-08-22 20:45,113100.000000,113210.000000,113100.000000,113210.000000,4
2025-08-23 07:00,113110.000000,113110.000000,113110.000000,113110.000000,6
2025-08-23 07:30,113040.000000,113050.000000,113040.000000,113050.000000,2
2025-08-23 07:30,113040.000000,113050.000000,113040.000000,113050.000000,2
2025-08-23 09:00,112740.000000,112740.000000,112740.000000,112740.000000,2
2025-08-23 09:30,112900.000000,112900.000000,112900.000000,112900.000000,2
2025-08-23 10:00,112870.000000,112870.000000,112870.000000,112870.000000,1
2025-08-23 10:45,112740.000000,112740.000000,112680.000000,112690.000000,4
2025-08-23 11:45,112870.000000,112870.000000,112870.000000,112870.000000,1
2025-08-23 12:00,112870.000000,112870.000000,112870.000000,112870.000000,1
2025-08-23 12:45,112700.000000,112700.000000,112690.000000,112690.000000,2
2025-08-23 13:30,112900.000000,112900.000000,112900.000000,112900.000000,1
2025-08-24 07:00,112950.000000,112950.000000,112950.000000,112950.000000,2
2025-08-24 08:30,112770.000000,112770.000000,112770.000000,112770.000000,1
2025-08-24 11:45,112860.000000,112860.000000,112860.000000,112860.000000,4
2025-08-24 15:00,112860.000000,112860.000000,112860.000000,112860.000000,1
2025-08-24 15:15,112860.000000,112860.000000,112860.000000,112860.000000,3
2025-08-24 15:30,112860.000000,112860.000000,112860.000000,112860.000000,9
2025-08-25 06:00,112680.000000,112680.000000,112360.000000,112360.000000,30
2025-08-25 06:15,112380.000000,112380.000000,112300.000000,112340.000000,15
2025-08-25 06:30,112340.000000,112340.000000,112340.000000,112340.000000,1
2025-08-25 06:45,112420.000000,112420.000000,112350.000000,112350.000000,12
2025-08-25 07:00,112500.000000,112500.000000,112400.000000,112460.000000,10
2025-08-25 07:15,112480.000000,112480.000000,112310.000000,112320.000000,6
2025-08-25 08:00,112200.000000,112200.000000,111870.000000,112090.000000,55
2025-08-25 08:15,112000.000000,112000.000000,111820.000000,111880.000000,31
2025-08-25 08:30,111900.000000,111900.000000,111800.000000,111880.000000,13
2025-08-25 08:45,111770.000000,111940.000000,111750.000000,111940.000000,7
2025-08-25 09:00,111940.000000,112000.000000,111940.000000,111950.000000,5
2025-08-25 09:30,112030.000000,112150.000000,111820.000000,112080.000000,15
2025-08-25 09:45,112120.000000,112120.000000,112050.000000,112050.000000,9
2025-08-25 10:00,112000.000000,112000.000000,112000.000000,112000.000000,1
2025-08-25 10:15,112240.000000,112240.000000,112160.000000,112160.000000,12
2025-08-25 10:30,112230.000000,112400.000000,112200.000000,112400.000000,35
2025-08-25 10:45,112150.000000,112500.000000,112150.000000,112460.000000,11
2025-08-25 11:15,112420.000000,112560.000000,112300.000000,112560.000000,11
2025-08-25 11:30,112500.000000,112500.000000,112500.000000,112500.000000,1
2025-08-25 11:45,112330.000000,112330.000000,112120.000000,112200.000000,13
2025-08-25 12:00,112210.000000,112210.000000,112150.000000,112210.000000,16
2025-08-25 12:15,112220.000000,112220.000000,111870.000000,111870.000000,54
2025-08-25 12:30,111920.000000,112080.000000,111920.000000,111920.000000,14
2025-08-25 12:45,111920.000000,112200.000000,111880.000000,112130.000000,26
2025-08-25 13:00,112230.000000,112230.000000,112220.000000,112220.000000,9
2025-08-25 13:15,112500.000000,112500.000000,112500.000000,112500.000000,4
2025-08-25 13:30,112500.000000,112630.000000,112490.000000,112490.000000,10
2025-08-25 13:45,112600.000000,112950.000000,112570.000000,112890.000000,16
2025-08-25 14:00,113000.000000,113520.000000,113000.000000,113520.000000,59
2025-08-25 14:15,113520.000000,113520.000000,113430.000000,113480.000000,21
2025-08-25 14:30,113470.000000,113680.000000,113450.000000,113450.000000,23
2025-08-25 14:45,113520.000000,113520.000000,113520.000000,113520.000000,2
2025-08-25 15:00,113780.000000,114050.000000,113780.000000,113890.000000,40
2025-08-25 15:15,113880.000000,113920.000000,113820.000000,113830.000000,29
2025-08-25 15:30,113860.000000,113900.000000,113860.000000,113900.000000,30
2025-08-25 15:45,113820.000000,114100.000000,113820.000000,114100.000000,5
2025-08-25 16:00,114150.000000,114380.000000,113960.000000,114000.000000,48
2025-08-25 16:15,113900.000000,113900.000000,113840.000000,113840.000000,2
2025-08-25 16:30,113900.000000,113900.000000,113690.000000,113740.000000,15
2025-08-25 16:45,113720.000000,113830.000000,113720.000000,113820.000000,3
2025-08-25 17:30,113740.000000,113770.000000,113740.000000,113770.000000,6
2025-08-25 17:45,113820.000000,113820.000000,113740.000000,113740.000000,2
2025-08-25 18:00,113760.000000,113790.000000,113760.000000,113790.000000,9
2025-08-25 18:30,113760.000000,113780.000000,113760.000000,113760.000000,9
2025-08-25 18:45,113730.000000,113730.000000,113730.000000,113730.000000,2
2025-08-25 19:30,113740.000000,113750.000000,113740.000000,113750.000000,7
2025-08-25 20:00,113740.000000,113740.000000,113720.000000,113720.000000,2
2025-08-25 20:15,113680.000000,113680.000000,113680.000000,113680.000000,1
2025-08-26 06:00,113740.000000,114020.000000,113740.000000,114020.000000,16
2025-08-26 06:15,114010.000000,114280.000000,114000.000000,114280.000000,22
2025-08-26 06:30,114380.000000,114590.000000,114380.000000,114440.000000,62
2025-08-26 06:45,114490.000000,114560.000000,114490.000000,114500.000000,18
2025-08-26 07:00,114520.000000,114870.000000,114520.000000,114740.000000,55
2025-08-26 07:15,114630.000000,114650.000000,114340.000000,114380.000000,50
2025-08-26 07:30,114410.000000,114420.000000,114290.000000,114290.000000,21
2025-08-26 07:45,114270.000000,114300.000000,113940.000000,113940.000000,23
2025-08-26 08:00,113940.000000,114400.000000,113940.000000,114400.000000,53
2025-08-26 08:15,114320.000000,114350.000000,114170.000000,114170.000000,10
2025-08-26 08:30,114180.000000,114380.000000,114180.000000,114330.000000,22
2025-08-26 08:45,114270.000000,114340.000000,114270.000000,114340.000000,9
2025-08-26 09:00,114200.000000,114200.000000,114200.000000,114200.000000,3
2025-08-26 09:15,114220.000000,114280.000000,114210.000000,114280.000000,4
2025-08-26 09:30,114100.000000,114100.000000,114090.000000,114090.000000,2
2025-08-26 09:45,113880.000000,113990.000000,113850.000000,113990.000000,9
2025-08-26 10:00,114030.000000,114050.000000,114030.000000,114050.000000,2
2025-08-26 10:15,114010.000000,114150.000000,114000.000000,114060.000000,12
2025-08-26 10:30,114010.000000,114010.000000,114010.000000,114010.000000,1
2025-08-26 10:45,114210.000000,114210.000000,114210.000000,114210.000000,3
2025-08-26 11:00,114440.000000,114440.000000,114360.000000,114360.000000,6
2025-08-26 11:15,114340.000000,114340.000000,114340.000000,114340.000000,5
2025-08-26 11:30,114350.000000,114350.000000,114340.000000,114350.000000,13
2025-08-26 12:00,114210.000000,114210.000000,114210.000000,114210.000000,1
2025-08-26 12:30,114160.000000,114170.000000,114160.000000,114170.000000,2
2025-08-26 12:45,114130.000000,114130.000000,113940.000000,113940.000000,9
2025-08-26 13:00,113890.000000,113990.000000,113890.000000,113990.000000,5
2025-08-26 13:15,113910.000000,113970.000000,113800.000000,113800.000000,20
2025-08-26 13:30,113790.000000,113920.000000,113730.000000,113920.000000,11
2025-08-26 13:45,113840.000000,113840.000000,113290.000000,113330.000000,139
2025-08-26 14:00,113380.000000,113430.000000,113320.000000,113430.000000,33
2025-08-26 14:15,113320.000000,113360.000000,113200.000000,113230.000000,48
2025-08-26 14:30,113300.000000,113320.000000,113100.000000,113100.000000,10
2025-08-26 14:45,113250.000000,113250.000000,113100.000000,113120.000000,15
2025-08-26 15:00,113060.000000,113170.000000,113000.000000,113150.000000,51
2025-08-26 15:15,113050.000000,113050.000000,113050.000000,113050.000000,4
2025-08-26 15:30,113040.000000,113140.000000,113040.000000,113140.000000,5
2025-08-26 16:15,113300.000000,113300.000000,113300.000000,113300.000000,2
2025-08-26 16:30,113140.000000,113140.000000,113010.000000,113010.000000,5
2025-08-26 16:45,112990.000000,113000.000000,112900.000000,113000.000000,7
2025-08-26 17:00,113110.000000,113110.000000,113110.000000,113110.000000,1
2025-08-26 17:15,113170.000000,113170.000000,113170.000000,113170.000000,1
2025-08-26 17:30,113210.000000,113210.000000,113100.000000,113100.000000,2
2025-08-26 17:45,113120.000000,113130.000000,113120.000000,113130.000000,2
2025-08-26 18:30,113260.000000,113420.000000,113260.000000,113420.000000,4
2025-08-26 18:45,113440.000000,113480.000000,113430.000000,113440.000000,6
2025-08-26 19:00,113400.000000,113400.000000,113300.000000,113300.000000,17
2025-08-26 19:30,113420.000000,113470.000000,113420.000000,113450.000000,5
2025-08-26 20:15,113420.000000,113470.000000,113420.000000,113450.000000,3
2025-08-26 20:30,113410.000000,113450.000000,113400.000000,113450.000000,8
2025-08-26 20:45,113490.000000,113560.000000,113490.000000,113530.000000,7
2025-08-27 06:00,113440.000000,113440.000000,113250.000000,113380.000000,13
2025-08-27 06:15,113360.000000,113360.000000,113240.000000,113240.000000,6
2025-08-27 06:30,113360.000000,113360.000000,113360.000000,113360.000000,1
2025-08-27 06:45,113430.000000,113430.000000,113280.000000,113280.000000,3
2025-08-27 07:00,113470.000000,113600.000000,113470.000000,113600.000000,4
2025-08-27 07:15,113680.000000,114150.000000,113680.000000,114150.000000,42
2025-08-27 07:30,114150.000000,114300.000000,114070.000000,114220.000000,20
2025-08-27 07:45,114010.000000,114050.000000,114010.000000,114050.000000,2
2025-08-27 08:00,114220.000000,114400.000000,114030.000000,114150.000000,20
2025-08-27 08:15,114030.000000,114150.000000,114030.000000,114150.000000,7
2025-08-27 08:30,114090.000000,114090.000000,113850.000000,113870.000000,5
2025-08-27 09:15,113790.000000,113790.000000,113790.000000,113790.000000,1
2025-08-27 10:00,113840.000000,113840.000000,113760.000000,113840.000000,9
2025-08-27 10:15,113860.000000,113920.000000,113830.000000,113830.000000,21
2025-08-27 10:30,113750.000000,113850.000000,113720.000000,113850.000000,30
2025-08-27 10:45,113660.000000,113670.000000,113610.000000,113640.000000,6
2025-08-27 11:00,113580.000000,113580.000000,113580.000000,113580.000000,1
2025-08-27 11:30,113900.000000,114100.000000,113880.000000,114040.000000,57
2025-08-27 11:45,114040.000000,114430.000000,114040.000000,114240.000000,34
2025-08-27 12:00,114240.000000,114240.000000,114170.000000,114240.000000,7
2025-08-27 12:15,114130.000000,114270.000000,114130.000000,114220.000000,16
2025-08-27 12:45,114130.000000,114260.000000,114100.000000,114260.000000,15
2025-08-27 13:00,114310.000000,114310.000000,114180.000000,114200.000000,14
2025-08-27 13:15,114180.000000,114190.000000,114130.000000,114140.000000,8
2025-08-27 13:30,114110.000000,114110.000000,113980.000000,113980.000000,15
2025-08-27 13:45,113900.000000,114140.000000,113780.000000,114140.000000,21
2025-08-27 14:00,113910.000000,113910.000000,113910.000000,113910.000000,1
2025-08-27 14:15,113830.000000,113850.000000,113810.000000,113810.000000,8
2025-08-27 14:45,113870.000000,113870.000000,113630.000000,113630.000000,19
2025-08-27 15:00,113740.000000,113830.000000,113740.000000,113830.000000,8
2025-08-27 15:15,113840.000000,113840.000000,113770.000000,113770.000000,11
2025-08-27 15:30,114050.000000,114050.000000,114050.000000,114050.000000,1
2025-08-27 15:45,114110.000000,114110.000000,114110.000000,114110.000000,1
2025-08-27 16:00,114160.000000,114180.000000,114110.000000,114110.000000,6
2025-08-27 16:15,114140.000000,114200.000000,114140.000000,114200.000000,3
2025-08-27 16:30,114270.000000,114270.000000,114210.000000,114210.000000,3
2025-08-27 17:00,114180.000000,114300.000000,114180.000000,114300.000000,4
2025-08-27 17:15,114400.000000,114400.000000,114400.000000,114400.000000,10
2025-08-27 17:30,114410.000000,114450.000000,114370.000000,114390.000000,13
2025-08-27 17:45,114410.000000,114440.000000,114410.000000,114440.000000,3
2025-08-27 18:00,114410.000000,114560.000000,114410.000000,114560.000000,21
2025-08-27 18:15,114590.000000,114640.000000,114500.000000,114500.000000,10
2025-08-27 18:30,114400.000000,114410.000000,114390.000000,114390.000000,6
2025-08-27 18:45,114420.000000,114430.000000,114420.000000,114420.000000,5
2025-08-27 19:00,114360.000000,114360.000000,114360.000000,114360.000000,1
2025-08-27 19:15,114300.000000,114300.000000,114290.000000,114290.000000,3
2025-08-27 19:30,114280.000000,114280.000000,114280.000000,114280.000000,1
2025-08-27 19:45,114260.000000,114280.000000,114260.000000,114280.000000,2
2025-08-27 20:00,114320.000000,114320.000000,114320.000000,114320.000000,3
2025-08-27 20:30,114210.000000,114230.000000,114200.000000,114230.000000,6
2025-08-27 20:45,114190.000000,114190.000000,114190.000000,114190.000000,1
2025-08-28 06:00,114200.000000,114200.000000,114200.000000,114200.000000,1
2025-08-28 06:15,114140.000000,114160.000000,114130.000000,114130.000000,19
2025-08-28 07:00,114220.000000,114220.000000,114100.000000,114170.000000,29
2025-08-28 07:15,114270.000000,114270.000000,114180.000000,114190.000000,19
2025-08-28 07:30,114110.000000,114110.000000,114020.000000,114020.000000,14
2025-08-28 07:45,114150.000000,114260.000000,114130.000000,114130.000000,37
2025-08-28 08:00,114140.000000,114320.000000,114140.000000,114320.000000,40
2025-08-28 08:15,114280.000000,114290.000000,114200.000000,114200.000000,18
2025-08-28 08:30,114180.000000,114200.000000,114130.000000,114170.000000,46
2025-08-28 08:45,114120.000000,114130.000000,114120.000000,114130.000000,2
2025-08-28 09:00,114090.000000,114180.000000,113990.000000,114180.000000,31
2025-08-28 09:15,114150.000000,114290.000000,114150.000000,114240.000000,30
2025-08-28 09:30,114240.000000,114240.000000,114160.000000,114160.000000,7
2025-08-28 10:00,114390.000000,114440.000000,114360.000000,114360.000000,33
2025-08-28 10:15,114370.000000,114370.000000,114370.000000,114370.000000,2
2025-08-28 10:30,114350.000000,114370.000000,114330.000000,114360.000000,11
2025-08-28 10:45,114320.000000,114320.000000,114080.000000,114080.000000,13
2025-08-28 11:00,114020.000000,114020.000000,114020.000000,114020.000000,3
2025-08-28 11:15,114060.000000,114240.000000,114020.000000,114130.000000,35
2025-08-28 11:30,114100.000000,114200.000000,114070.000000,114170.000000,13
2025-08-28 11:45,114050.000000,114050.000000,113990.000000,113990.000000,2
2025-08-28 12:00,113960.000000,114160.000000,113960.000000,114160.000000,10
2025-08-28 12:30,114320.000000,114630.000000,114310.000000,114620.000000,36
2025-08-28 12:45,114650.000000,114670.000000,114590.000000,114590.000000,9
2025-08-28 13:00,114690.000000,114890.000000,114690.000000,114830.000000,22
2025-08-28 13:30,114730.000000,114730.000000,114720.000000,114720.000000,2
2025-08-28 13:45,114590.000000,114620.000000,114430.000000,114430.000000,9
2025-08-28 14:00,114410.000000,114500.000000,114410.000000,114470.000000,13
2025-08-28 14:15,114550.000000,114550.000000,114550.000000,114550.000000,1
2025-08-28 14:45,114460.000000,114460.000000,114460.000000,114460.000000,3
2025-08-28 15:00,114670.000000,114690.000000,114660.000000,114660.000000,4
2025-08-28 15:30,114510.000000,114510.000000,114460.000000,114460.000000,4
2025-08-28 15:45,114350.000000,114380.000000,114350.000000,114380.000000,2
2025-08-28 17:00,114440.000000,114440.000000,113380.000000,113560.000000,87
2025-08-28 17:15,113640.000000,113970.000000,113550.000000,113870.000000,55
2025-08-28 17:30,113550.000000,113550.000000,112810.000000,112850.000000,128
2025-08-28 17:45,112800.000000,113100.000000,112750.000000,113100.000000,32
2025-08-28 18:00,113100.000000,113100.000000,112950.000000,113000.000000,78
2025-08-28 18:15,113000.000000,113140.000000,112940.000000,113140.000000,3
2025-08-28 18:30,113260.000000,113460.000000,112990.000000,113460.000000,9
2025-08-28 18:45,113330.000000,113330.000000,113190.000000,113190.000000,20
2025-08-28 19:00,113040.000000,113100.000000,113040.000000,113100.000000,4
2025-08-28 19:15,112930.000000,113100.000000,112900.000000,113060.000000,5
2025-08-28 19:30,112910.000000,112910.000000,112910.000000,112910.000000,2
2025-08-28 19:45,112960.000000,112960.000000,112960.000000,112960.000000,1
2025-08-28 20:00,112930.000000,113030.000000,112890.000000,113030.000000,18
2025-08-28 20:30,113330.000000,113330.000000,113290.000000,113290.000000,5
2025-08-28 20:45,113330.000000,113330.000000,113320.000000,113320.000000,6
2025-08-29 06:00,113400.000000,113800.000000,113350.000000,113670.000000,16
2025-08-29 06:15,113710.000000,113710.000000,113550.000000,113550.000000,7
2025-08-29 06:30,113500.000000,113500.000000,113250.000000,113250.000000,11
2025-08-29 06:45,113340.000000,113350.000000,113320.000000,113350.000000,12
2025-08-29 07:00,113110.000000,113200.000000,113100.000000,113200.000000,16
2025-08-29 07:15,113100.000000,113250.000000,113030.000000,113200.000000,12
2025-08-29 07:30,113170.000000,113400.000000,113150.000000,113400.000000,21
2025-08-29 07:45,113600.000000,113770.000000,113600.000000,113660.000000,36
2025-08-29 08:00,113660.000000,113720.000000,113660.000000,113710.000000,18
2025-08-29 08:15,113690.000000,113690.000000,113500.000000,113590.000000,56
2025-08-29 08:30,113550.000000,113680.000000,113540.000000,113640.000000,22
2025-08-29 08:45,113520.000000,113520.000000,113390.000000,113420.000000,16
2025-08-29 09:00,113400.000000,113400.000000,113350.000000,113350.000000,4
2025-08-29 09:15,113430.000000,113430.000000,113300.000000,113300.000000,3
2025-08-29 09:30,113390.000000,113440.000000,112600.000000,113110.000000,163
2025-08-29 09:45,113110.000000,113170.000000,113060.000000,113140.000000,57
2025-08-29 10:00,113140.000000,113740.000000,113120.000000,113580.000000,94
2025-08-29 10:15,113720.000000,113800.000000,113630.000000,113800.000000,55
2025-08-29 10:30,113510.000000,113530.000000,113330.000000,113350.000000,22
2025-08-29 10:45,113360.000000,113360.000000,113320.000000,113320.000000,5
2025-08-29 11:00,113310.000000,113500.000000,113250.000000,113270.000000,54
2025-08-29 11:15,113260.000000,113420.000000,113250.000000,113420.000000,11
2025-08-29 11:30,113310.000000,113310.000000,113310.000000,113310.000000,2
2025-08-29 11:45,113400.000000,113400.000000,113400.000000,113400.000000,2
2025-08-29 12:00,113470.000000,113510.000000,113270.000000,113270.000000,11
2025-08-29 12:30,113410.000000,113480.000000,113340.000000,113410.000000,17
2025-08-29 12:45,113410.000000,113410.000000,113410.000000,113410.000000,21
2025-08-29 13:00,113650.000000,113700.000000,113650.000000,113700.000000,5
2025-08-29 13:15,113650.000000,113710.000000,113630.000000,113630.000000,151
2025-08-29 13:30,113570.000000,113610.000000,113570.000000,113590.000000,7
2025-08-29 13:45,113610.000000,113610.000000,113450.000000,113600.000000,28
2025-08-29 14:00,113590.000000,114000.000000,113590.000000,113870.000000,43
2025-08-29 14:15,114000.000000,114220.000000,114000.000000,114010.000000,56
2025-08-29 14:30,114100.000000,114100.000000,114100.000000,114100.000000,13
2025-08-29 14:45,114010.000000,114230.000000,114010.000000,114220.000000,3
2025-08-29 15:00,114250.000000,114250.000000,114010.000000,114020.000000,15
2025-08-29 15:15,114110.000000,114110.000000,114000.000000,114000.000000,24
2025-08-29 15:30,114060.000000,114080.000000,114060.000000,114080.000000,3
2025-08-29 15:45,114100.000000,114100.000000,114100.000000,114100.000000,1
2025-08-29 16:00,114030.000000,114050.000000,113990.000000,113990.000000,4
2025-08-29 16:30,114040.000000,114040.000000,114040.000000,114040.000000,1
2025-08-29 16:45,114010.000000,114010.000000,114010.000000,114010.000000,1
2025-08-29 17:15,114080.000000,114080.000000,114080.000000,114080.000000,2
2025-08-29 17:45,114070.000000,114070.000000,114050.000000,114050.000000,3
2025-08-29 18:00,114000.000000,114000.000000,114000.000000,114000.000000,1
2025-08-29 18:15,113930.000000,113930.000000,113890.000000,113910.000000,8
2025-08-29 18:45,113900.000000,113900.000000,113900.000000,113900.000000,1
2025-08-29 19:00,113940.000000,113960.000000,113940.000000,113960.000000,5
2025-08-29 19:15,113910.000000,113920.000000,113910.000000,113920.000000,4
2025-08-29 19:30,113980.000000,114000.000000,113980.000000,114000.000000,3
2025-08-29 19:45,113970.000000,114020.000000,113970.000000,114020.000000,2
2025-08-29 20:00,114080.000000,114080.000000,114080.000000,114080.000000,1
2025-08-29 20:30,114070.000000,114130.000000,114070.000000,114130.000000,3
2025-08-29 20:45,114130.000000,114130.000000,114130.000000,114130.000000,1
2025-08-30 07:15,114100.000000,114200.000000,114100.000000,114150.000000,10
2025-08-30 07:30,114260.000000,114260.000000,114260.000000,114260.000000,1
2025-08-30 07:30,114260.000000,114260.000000,114260.000000,114260.000000,1
2025-08-30 07:45,114250.000000,114250.000000,114250.000000,114250.000000,2
2025-08-30 08:15,114170.000000,114170.000000,114170.000000,114170.000000,1
2025-08-30 08:45,114170.000000,114250.000000,114170.000000,114250.000000,3
2025-08-30 09:15,114150.000000,114150.000000,114150.000000,114150.000000,1
2025-08-30 09:30,114140.000000,114180.000000,114140.000000,114180.000000,4
2025-08-30 09:45,114080.000000,114080.000000,114080.000000,114080.000000,1
2025-08-30 11:00,114000.000000,114000.000000,114000.000000,114000.000000,1
2025-08-30 11:15,114060.000000,114060.000000,114060.000000,114060.000000,1
2025-08-30 12:45,114070.000000,114070.000000,114070.000000,114070.000000,1
2025-08-30 14:00,114050.000000,114050.000000,114050.000000,114050.000000,1
2025-08-30 14:15,114130.000000,114130.000000,114130.000000,114130.000000,2
2025-08-30 14:30,114040.000000,114040.000000,114040.000000,114040.000000,2
2025-08-30 15:00,114150.000000,114150.000000,114150.000000,114150.000000,2
2025-08-30 15:45,114090.000000,114180.000000,114090.000000,114180.000000,2
2025-08-31 07:15,114230.000000,114300.000000,114220.000000,114220.000000,4
2025-08-31 08:15,114310.000000,114340.000000,114310.000000,114340.000000,2
2025-08-31 08:30,114350.000000,114350.000000,114350.000000,114350.000000,2
2025-08-31 08:45,114400.000000,114440.000000,114400.000000,114440.000000,2
2025-08-31 09:00,114270.000000,114300.000000,114270.000000,114300.000000,5
2025-08-31 12:00,114100.000000,114110.000000,114090.000000,114110.000000,5
2025-08-31 13:15,114250.000000,114260.000000,114250.000000,114260.000000,2
2025-08-31 14:00,114240.000000,114310.000000,114240.000000,114310.000000,6
2025-08-31 14:15,114380.000000,114380.000000,114380.000000,114380.000000,1
2025-09-01 05:45,114600.000000,114600.000000,114600.000000,114600.000000,1
2025-09-01 06:00,114660.000000,114900.000000,114600.000000,114790.000000,29
2025-09-01 06:15,114790.000000,114970.000000,114790.000000,114970.000000,14
2025-09-01 06:30,114980.000000,115300.000000,114970.000000,115170.000000,65
2025-09-01 06:45,115050.000000,115050.000000,114920.000000,114920.000000,17
2025-09-01 07:00,115040.000000,115040.000000,114980.000000,115040.000000,14
2025-09-01 07:15,114950.000000,115020.000000,114950.000000,114990.000000,24
2025-09-01 07:30,114960.000000,114960.000000,114820.000000,114860.000000,7
2025-09-01 07:45,114860.000000,114860.000000,114690.000000,114690.000000,4
2025-09-01 08:00,114810.000000,114820.000000,114810.000000,114820.000000,3
2025-09-01 08:15,114810.000000,114810.000000,114780.000000,114780.000000,2
2025-09-01 08:30,114690.000000,114710.000000,114620.000000,114640.000000,18
2025-09-01 08:45,114630.000000,114730.000000,114630.000000,114700.000000,25
2025-09-01 09:00,114880.000000,114880.000000,114880.000000,114880.000000,1
2025-09-01 09:30,114690.000000,114710.000000,114690.000000,114700.000000,7
2025-09-01 09:45,114700.000000,114720.000000,114640.000000,114640.000000,3
2025-09-01 10:00,114610.000000,114620.000000,114610.000000,114620.000000,4
2025-09-01 10:15,114720.000000,114750.000000,114720.000000,114750.000000,9
2025-09-01 10:45,114760.000000,114760.000000,114750.000000,114750.000000,3
2025-09-01 11:15,114790.000000,114880.000000,114790.000000,114880.000000,10
2025-09-01 11:30,114920.000000,114920.000000,114840.000000,114880.000000,5
2025-09-01 11:45,114830.000000,114920.000000,114720.000000,114720.000000,14
2025-09-01 12:00,114730.000000,114730.000000,114650.000000,114650.000000,12
2025-09-01 12:15,114670.000000,114710.000000,114660.000000,114660.000000,7
2025-09-01 12:30,114600.000000,115080.000000,114600.000000,114930.000000,64
2025-09-01 12:45,114890.000000,114960.000000,114890.000000,114960.000000,2
2025-09-01 13:00,115000.000000,115000.000000,114660.000000,114660.000000,4
2025-09-01 13:15,114540.000000,114560.000000,114540.000000,114560.000000,3
2025-09-01 13:30,114580.000000,114580.000000,114580.000000,114580.000000,1
2025-09-01 13:45,114550.000000,114550.000000,114550.000000,114550.000000,1
2025-09-01 14:00,114750.000000,114750.000000,114510.000000,114510.000000,4
2025-09-01 14:15,114380.000000,114460.000000,114200.000000,114320.000000,20
2025-09-01 14:30,114380.000000,114390.000000,114220.000000,114240.000000,9
2025-09-01 14:45,114240.000000,114290.000000,114180.000000,114290.000000,14
2025-09-01 15:00,114240.000000,114250.000000,114240.000000,114250.000000,2
2025-09-01 15:15,114200.000000,114240.000000,114200.000000,114240.000000,2
2025-09-01 15:30,114110.000000,114160.000000,114100.000000,114110.000000,13
2025-09-01 15:45,114060.000000,114060.000000,114010.000000,114010.000000,4
2025-09-01 16:00,114020.000000,114020.000000,113930.000000,113970.000000,15
2025-09-01 16:15,114130.000000,114130.000000,114060.000000,114060.000000,5
2025-09-01 16:30,114040.000000,114090.000000,113890.000000,113890.000000,6
2025-09-01 16:45,113700.000000,113750.000000,113300.000000,113730.000000,39
2025-09-01 17:00,113730.000000,113730.000000,113730.000000,113730.000000,4
2025-09-01 17:15,113890.000000,113890.000000,113800.000000,113800.000000,8
2025-09-01 17:30,113910.000000,113980.000000,113910.000000,113950.000000,7
2025-09-01 17:45,113950.000000,113950.000000,113950.000000,113950.000000,6
2025-09-01 18:00,113930.000000,114000.000000,113930.000000,114000.000000,4
2025-09-01 18:15,114020.000000,114020.000000,114020.000000,114020.000000,3
2025-09-01 18:30,113950.000000,113950.000000,113840.000000,113840.000000,3
2025-09-01 18:45,113860.000000,113910.000000,113860.000000,113910.000000,2
2025-09-01 19:15,114010.000000,114010.000000,114010.000000,114010.000000,1
2025-09-01 19:45,114210.000000,114270.000000,114210.000000,114270.000000,3
2025-09-01 20:00,114330.000000,114380.000000,114310.000000,114360.000000,16
2025-09-01 20:15,114180.000000,114290.000000,114180.000000,114290.000000,20
2025-09-01 20:30,114140.000000,114140.000000,114130.000000,114130.000000,3
2025-09-02 06:00,113850.000000,113860.000000,113650.000000,113650.000000,5
2025-09-02 06:15,113680.000000,113700.000000,113500.000000,113550.000000,16
2025-09-02 06:30,113450.000000,113530.000000,113290.000000,113530.000000,24
2025-09-02 06:45,113490.000000,113490.000000,113480.000000,113490.000000,3
2025-09-02 07:00,113460.000000,113460.000000,112700.000000,112910.000000,310
2025-09-02 07:15,112920.000000,113170.000000,112880.000000,113050.000000,98
2025-09-02 07:30,113060.000000,113070.000000,112960.000000,112960.000000,7
2025-09-02 07:45,112950.000000,112950.000000,112600.000000,112690.000000,23
2025-09-02 08:00,112600.000000,112680.000000,112340.000000,112680.000000,142
2025-09-02 08:15,112690.000000,112690.000000,112660.000000,112690.000000,16
2025-09-02 08:30,112850.000000,112920.000000,112850.000000,112920.000000,3
2025-09-02 08:45,112940.000000,113090.000000,112940.000000,113000.000000,12
2025-09-02 09:00,112800.000000,112940.000000,112700.000000,112940.000000,9
2025-09-02 09:30,112840.000000,112870.000000,112760.000000,112870.000000,6
2025-09-02 09:45,113030.000000,113050.000000,112940.000000,112940.000000,3
2025-09-02 10:00,112890.000000,112890.000000,112660.000000,112860.000000,16
2025-09-02 10:15,112830.000000,112830.000000,112730.000000,112730.000000,10
2025-09-02 10:30,112830.000000,112900.000000,112830.000000,112900.000000,9
2025-09-02 10:45,112840.000000,112840.000000,112660.000000,112690.000000,27
2025-09-02 11:00,112890.000000,112940.000000,112890.000000,112900.000000,6
2025-09-02 11:15,112690.000000,112720.000000,112680.000000,112690.000000,31
2025-09-02 11:30,112800.000000,112820.000000,112800.000000,112820.000000,16
2025-09-02 11:45,112880.000000,112900.000000,112880.000000,112900.000000,4
2025-09-02 12:00,113060.000000,113300.000000,112970.000000,113170.000000,16
2025-09-02 12:15,113150.000000,113150.000000,112770.000000,112770.000000,34
2025-09-02 12:30,112810.000000,112810.000000,112630.000000,112720.000000,108
2025-09-02 12:45,112680.000000,112730.000000,112330.000000,112330.000000,54
2025-09-02 13:00,112300.000000,112340.000000,112070.000000,112080.000000,45
2025-09-02 13:15,112010.000000,112170.000000,112010.000000,112170.000000,17
2025-09-02 13:30,112170.000000,112310.000000,112170.000000,112250.000000,24
2025-09-02 13:45,112240.000000,112240.000000,112240.000000,112240.000000,6
2025-09-02 14:00,112340.000000,112450.000000,112340.000000,112450.000000,17
2025-09-02 14:15,112460.000000,112460.000000,112400.000000,112450.000000,17
2025-09-02 14:30,112420.000000,112490.000000,112420.000000,112470.000000,14
2025-09-02 14:45,112420.000000,112450.000000,112180.000000,112180.000000,75
2025-09-02 15:00,112200.000000,112200.000000,111920.000000,111960.000000,102
2025-09-02 15:15,111970.000000,111970.000000,111850.000000,111880.000000,30
2025-09-02 15:30,111780.000000,111780.000000,111700.000000,111730.000000,42
2025-09-02 15:45,111760.000000,111760.000000,111700.000000,111700.000000,15
2025-09-02 16:00,111870.000000,111910.000000,111860.000000,111870.000000,11
2025-09-02 16:15,111900.000000,111910.000000,111850.000000,111910.000000,29
2025-09-02 16:30,111920.000000,111980.000000,111920.000000,111980.000000,3
2025-09-02 16:45,111940.000000,112020.000000,111940.000000,112020.000000,11
2025-09-02 17:00,112030.000000,112030.000000,111930.000000,111930.000000,4
2025-09-02 17:15,112000.000000,112000.000000,111900.000000,111940.000000,16
2025-09-02 17:30,111960.000000,111980.000000,111730.000000,111810.000000,87
2025-09-02 17:45,111730.000000,111820.000000,111700.000000,111780.000000,26
2025-09-02 18:00,111810.000000,111870.000000,111780.000000,111780.000000,13
2025-09-02 18:15,111810.000000,112000.000000,111810.000000,111910.000000,30
2025-09-02 18:30,111900.000000,112040.000000,111870.000000,112040.000000,13
2025-09-02 18:45,112090.000000,112350.000000,112090.000000,112230.000000,30
2025-09-02 19:00,112300.000000,112570.000000,112260.000000,112570.000000,22
2025-09-02 19:15,112560.000000,112750.000000,112540.000000,112740.000000,18
2025-09-02 19:30,112730.000000,112750.000000,112590.000000,112590.000000,24
2025-09-02 19:45,112570.000000,112580.000000,112570.000000,112580.000000,4
2025-09-02 20:00,112590.000000,112590.000000,112500.000000,112530.000000,16
2025-09-02 20:15,112590.000000,112610.000000,112590.000000,112610.000000,12
2025-09-02 20:30,112640.000000,112640.000000,112600.000000,112600.000000,3
2025-09-02 20:45,112700.000000,112750.000000,112700.000000,112750.000000,7
2025-09-03 06:00,112490.000000,112560.000000,112380.000000,112440.000000,28
2025-09-03 06:15,112320.000000,112320.000000,112280.000000,112280.000000,7
2025-09-03 06:30,112260.000000,112260.000000,112190.000000,112190.000000,8
2025-09-03 06:45,112370.000000,112420.000000,112370.000000,112420.000000,5
2025-09-03 07:00,112470.000000,112600.000000,112400.000000,112400.000000,15
2025-09-03 07:15,112270.000000,112270.000000,111940.000000,111940.000000,23
2025-09-03 07:30,111940.000000,111950.000000,111880.000000,111930.000000,12
2025-09-03 07:45,111860.000000,111910.000000,111760.000000,111900.000000,56
2025-09-03 08:00,111790.000000,111880.000000,111700.000000,111750.000000,38
2025-09-03 08:15,111700.000000,111700.000000,111470.000000,111550.000000,18
2025-09-03 08:30,111550.000000,111690.000000,111410.000000,111610.000000,49
2025-09-03 08:45,111490.000000,111600.000000,111380.000000,111600.000000,56
2025-09-03 09:00,111750.000000,111850.000000,111630.000000,111850.000000,12
2025-09-03 09:15,111790.000000,111890.000000,111790.000000,111880.000000,12
2025-09-03 09:45,111720.000000,111730.000000,111620.000000,111630.000000,56
2025-09-03 10:00,111620.000000,111770.000000,111620.000000,111770.000000,4
2025-09-03 10:15,111880.000000,111970.000000,111880.000000,111950.000000,11
2025-09-03 10:30,112070.000000,112080.000000,111950.000000,111950.000000,29
2025-09-03 10:45,111810.000000,111840.000000,111810.000000,111840.000000,4
2025-09-03 11:00,111820.000000,111820.000000,111820.000000,111820.000000,4
2025-09-03 11:15,111790.000000,111870.000000,111770.000000,111770.000000,6
2025-09-03 11:30,111630.000000,112030.000000,111590.000000,112030.000000,28
2025-09-03 11:45,111890.000000,112060.000000,111890.000000,112040.000000,6
2025-09-03 12:00,112070.000000,112090.000000,111940.000000,111940.000000,15
2025-09-03 12:15,112030.000000,112070.000000,112030.000000,112070.000000,2
2025-09-03 12:30,111950.000000,111950.000000,111950.000000,111950.000000,2
2025-09-03 12:45,112030.000000,112050.000000,112000.000000,112040.000000,14
2025-09-03 13:00,112050.000000,112070.000000,111910.000000,111960.000000,24
2025-09-03 13:15,111960.000000,112250.000000,111960.000000,112250.000000,32
2025-09-03 13:30,112220.000000,112300.000000,112090.000000,112270.000000,20
2025-09-03 13:45,112400.000000,112460.000000,111890.000000,111890.000000,30
2025-09-03 14:00,112000.000000,112060.000000,111970.000000,111970.000000,25
2025-09-03 14:15,112110.000000,112220.000000,112050.000000,112220.000000,13
2025-09-03 14:30,112160.000000,112190.000000,112160.000000,112190.000000,2
2025-09-03 14:45,112180.000000,112180.000000,112180.000000,112180.000000,1
2025-09-03 15:00,112300.000000,112300.000000,112300.000000,112300.000000,2
2025-09-03 16:00,112260.000000,112560.000000,112250.000000,112540.000000,30
2025-09-03 16:15,112600.000000,112770.000000,112600.000000,112600.000000,18
2025-09-03 16:30,112750.000000,112760.000000,112620.000000,112720.000000,31
2025-09-03 16:45,112500.000000,112600.000000,112350.000000,112470.000000,37
2025-09-03 17:00,112500.000000,112500.000000,112500.000000,112500.000000,2
2025-09-03 17:45,112430.000000,112430.000000,112410.000000,112410.000000,13
2025-09-03 18:00,112510.000000,112510.000000,112420.000000,112420.000000,2
2025-09-03 18:15,112400.000000,112400.000000,112320.000000,112320.000000,5
2025-09-03 18:30,112310.000000,112510.000000,112310.000000,112510.000000,18
2025-09-03 18:45,112580.000000,112620.000000,112580.000000,112620.000000,2
2025-09-03 19:00,112620.000000,112760.000000,112570.000000,112760.000000,101
2025-09-03 19:15,112780.000000,112780.000000,112720.000000,112760.000000,21
2025-09-03 19:30,112650.000000,112660.000000,112560.000000,112560.000000,5
2025-09-03 19:45,112750.000000,112750.000000,112750.000000,112750.000000,1
2025-09-03 20:00,112680.000000,112680.000000,112680.000000,112680.000000,1
2025-09-03 20:30,112650.000000,112650.000000,112600.000000,112600.000000,3
2025-09-04 06:00,112710.000000,112710.000000,112370.000000,112400.000000,4
2025-09-04 06:15,112500.000000,112600.000000,112500.000000,112600.000000,12
2025-09-04 06:30,112620.000000,112620.000000,112520.000000,112610.000000,14
2025-09-04 06:45,112620.000000,112870.000000,112620.000000,112870.000000,24
2025-09-04 07:00,112900.000000,113020.000000,112850.000000,113020.000000,115
2025-09-04 07:15,112980.000000,113000.000000,112810.000000,112860.000000,53
2025-09-04 07:30,112840.000000,112970.000000,112830.000000,112930.000000,51
2025-09-04 07:45,113000.000000,113010.000000,112910.000000,112910.000000,7
2025-09-04 08:00,112950.000000,112950.000000,112600.000000,112660.000000,73
2025-09-04 08:15,112610.000000,112610.000000,112500.000000,112500.000000,8
2025-09-04 08:30,112540.000000,112540.000000,112510.000000,112510.000000,4
2025-09-04 08:45,112350.000000,112420.000000,112330.000000,112390.000000,15
2025-09-04 09:00,112320.000000,112470.000000,112260.000000,112470.000000,19
2025-09-04 09:15,112500.000000,112580.000000,112500.000000,112580.000000,7
2025-09-04 09:30,112450.000000,112700.000000,112450.000000,112480.000000,36
2025-09-04 09:45,112550.000000,112550.000000,112470.000000,112510.000000,8
2025-09-04 10:00,112530.000000,112600.000000,112530.000000,112600.000000,17
2025-09-04 10:30,112590.000000,112590.000000,112590.000000,112590.000000,1
2025-09-04 10:45,112700.000000,112700.000000,112700.000000,112700.000000,2
2025-09-04 11:15,112700.000000,112720.000000,112560.000000,112720.000000,23
2025-09-04 11:30,112510.000000,112530.000000,112500.000000,112500.000000,5
2025-09-04 11:45,112550.000000,112550.000000,112520.000000,112520.000000,2
2025-09-04 12:00,112570.000000,112670.000000,112570.000000,112670.000000,2
2025-09-04 12:15,112400.000000,112400.000000,112400.000000,112400.000000,3
2025-09-04 12:30,112300.000000,112400.000000,112200.000000,112380.000000,38
2025-09-04 12:45,112380.000000,112380.000000,112310.000000,112310.000000,14
2025-09-04 13:00,112260.000000,112450.000000,112260.000000,112450.000000,7
2025-09-04 13:15,112360.000000,112490.000000,112360.000000,112400.000000,4
2025-09-04 13:30,112550.000000,112600.000000,112550.000000,112600.000000,2
2025-09-04 13:45,112600.000000,112600.000000,112540.000000,112540.000000,43
2025-09-04 14:00,112550.000000,112550.000000,112430.000000,112460.000000,7
2025-09-04 14:15,112290.000000,112290.000000,111760.000000,111810.000000,205
2025-09-04 14:30,111850.000000,115190.000000,111630.000000,111630.000000,533
2025-09-04 14:45,111630.000000,112000.000000,111610.000000,112000.000000,230
2025-09-04 15:00,112000.000000,112050.000000,111870.000000,112050.000000,124
2025-09-04 15:15,111970.000000,111970.000000,111970.000000,111970.000000,3
2025-09-04 15:30,111920.000000,111960.000000,111840.000000,111960.000000,12
2025-09-04 15:45,111970.000000,112070.000000,111970.000000,112070.000000,8
2025-09-04 16:00,111970.000000,112020.000000,111950.000000,111960.000000,12
2025-09-04 16:15,111990.000000,111990.000000,111780.000000,111800.000000,11
2025-09-04 16:30,111770.000000,111810.000000,111730.000000,111730.000000,4
2025-09-04 16:45,111890.000000,111920.000000,111890.000000,111920.000000,4
2025-09-04 17:00,111930.000000,111990.000000,111930.000000,111990.000000,4
2025-09-04 17:15,111990.000000,111990.000000,111990.000000,111990.000000,1
2025-09-04 17:30,111890.000000,111910.000000,111870.000000,111870.000000,4
2025-09-04 17:45,112070.000000,112110.000000,112070.000000,112090.000000,3
2025-09-04 18:00,112190.000000,112430.000000,112190.000000,112430.000000,17
2025-09-04 18:15,112400.000000,112610.000000,112400.000000,112490.000000,46
2025-09-04 18:30,112410.000000,112410.000000,112390.000000,112390.000000,2
2025-09-04 18:45,112320.000000,112320.000000,112270.000000,112270.000000,7
2025-09-04 19:45,112380.000000,112390.000000,112380.000000,112390.000000,2
2025-09-04 20:15,112430.000000,112430.000000,112400.000000,112430.000000,5
2025-09-04 20:30,112450.000000,112460.000000,112280.000000,112280.000000,9
2025-09-05 05:45,112280.000000,112280.000000,112280.000000,112280.000000,1
2025-09-05 06:00,112500.000000,112660.000000,112500.000000,112550.000000,42
2025-09-05 06:15,112640.000000,112650.000000,112590.000000,112590.000000,27
2025-09-05 06:30,112580.000000,112640.000000,112580.000000,112640.000000,3
2025-09-05 06:45,112630.000000,112640.000000,112630.000000,112640.000000,10
2025-09-05 07:00,112530.000000,112530.000000,112300.000000,112300.000000,28
2025-09-05 07:15,112310.000000,112500.000000,112300.000000,112500.000000,6
2025-09-05 07:30,112420.000000,112510.000000,112400.000000,112420.000000,24
2025-09-05 07:45,112300.000000,112410.000000,112300.000000,112410.000000,16
2025-09-05 08:00,112200.000000,112260.000000,112160.000000,112220.000000,26
2025-09-05 08:15,112130.000000,112130.000000,112000.000000,112120.000000,21
2025-09-05 08:30,112200.000000,112200.000000,112150.000000,112200.000000,6
2025-09-05 08:45,112190.000000,112900.000000,112190.000000,112720.000000,104
2025-09-05 09:00,112720.000000,112800.000000,112460.000000,112480.000000,62
2025-09-05 09:15,112510.000000,112510.000000,112510.000000,112510.000000,4
2025-09-05 09:30,112550.000000,112550.000000,112260.000000,112260.000000,25
2025-09-05 09:45,112450.000000,112570.000000,112450.000000,112450.000000,4
2025-09-05 10:00,112330.000000,112330.000000,112270.000000,112270.000000,3
2025-09-05 10:15,112200.000000,112260.000000,112200.000000,112260.000000,5
2025-09-05 10:30,112320.000000,112320.000000,112230.000000,112230.000000,5
2025-09-05 10:45,112200.000000,112260.000000,112160.000000,112260.000000,8
2025-09-05 11:00,112220.000000,112220.000000,112220.000000,112220.000000,1
2025-09-05 11:15,112360.000000,112370.000000,112360.000000,112360.000000,9
2025-09-05 11:30,112490.000000,112490.000000,112490.000000,112490.000000,2
2025-09-05 11:45,112520.000000,112520.000000,112380.000000,112480.000000,31
2025-09-05 12:00,112400.000000,112400.000000,112400.000000,112400.000000,1
2025-09-05 12:15,112400.000000,112510.000000,112400.000000,112490.000000,3
2025-09-05 12:30,112590.000000,112620.000000,112590.000000,112610.000000,6
2025-09-05 12:45,112590.000000,112660.000000,112590.000000,112620.000000,14
2025-09-05 13:00,112680.000000,112690.000000,112530.000000,112530.000000,4
2025-09-05 13:15,112520.000000,112560.000000,112480.000000,112480.000000,4
2025-09-05 13:30,112510.000000,112510.000000,112370.000000,112370.000000,7
2025-09-05 13:45,112480.000000,112570.000000,112480.000000,112570.000000,4
2025-09-05 14:00,112610.000000,112740.000000,112610.000000,112740.000000,7
2025-09-05 14:15,112770.000000,112770.000000,112770.000000,112770.000000,2
2025-09-05 14:30,112630.000000,112650.000000,112630.000000,112650.000000,10
2025-09-05 14:45,112630.000000,112630.000000,112570.000000,112570.000000,5
2025-09-05 15:00,112570.000000,112610.000000,112520.000000,112520.000000,9
2025-09-05 15:15,112560.000000,112580.000000,112560.000000,112560.000000,5
2025-09-05 15:30,112530.000000,112560.000000,112450.000000,112450.000000,40
2025-09-05 15:45,112560.000000,112560.000000,112560.000000,112560.000000,1
2025-09-05 16:00,112540.000000,112540.000000,112470.000000,112470.000000,10
2025-09-05 16:15,112420.000000,112450.000000,112200.000000,112350.000000,14
2025-09-05 16:45,112350.000000,112350.000000,112350.000000,112350.000000,2
2025-09-05 17:00,112400.000000,112480.000000,112400.000000,112480.000000,7
2025-09-05 17:30,112390.000000,112390.000000,112390.000000,112390.000000,2
2025-09-05 17:45,112400.000000,112400.000000,112400.000000,112400.000000,1
2025-09-05 18:00,112410.000000,112410.000000,112410.000000,112410.000000,1
2025-09-05 18:45,112340.000000,112340.000000,112340.000000,112340.000000,1
2025-09-05 19:00,112370.000000,112370.000000,112370.000000,112370.000000,2
2025-09-05 19:15,112440.000000,112440.000000,112440.000000,112440.000000,2
2025-09-05 19:30,112440.000000,112490.000000,112440.000000,112490.000000,7
2025-09-05 19:45,112480.000000,112510.000000,112480.000000,112480.000000,6
2025-09-05 20:00,112430.000000,112430.000000,112430.000000,112430.000000,1
2025-09-05 20:15,112470.000000,112470.000000,112470.000000,112470.000000,2
2025-09-05 20:30,112440.000000,112440.000000,112440.000000,112440.000000,1
2025-09-06 07:30,112330.000000,112330.000000,112230.000000,112270.000000,9
2025-09-06 07:30,112330.000000,112330.000000,112230.000000,112270.000000,9
2025-09-06 07:45,112300.000000,112300.000000,112300.000000,112300.000000,1
2025-09-06 08:30,112200.000000,112200.000000,112000.000000,112000.000000,21
2025-09-06 08:45,112110.000000,112160.000000,112080.000000,112160.000000,8
2025-09-06 09:00,112180.000000,112180.000000,112180.000000,112180.000000,1
2025-09-06 09:15,112190.000000,112190.000000,112190.000000,112190.000000,1
2025-09-06 09:30,112190.000000,112190.000000,112190.000000,112190.000000,1
2025-09-06 09:45,112160.000000,112160.000000,112160.000000,112160.000000,2
2025-09-06 10:00,112150.000000,112170.000000,112140.000000,112170.000000,4
2025-09-06 11:45,112270.000000,112270.000000,112270.000000,112270.000000,2
2025-09-07 07:00,112270.000000,112270.000000,112270.000000,112270.000000,1
2025-09-07 07:15,112260.000000,112260.000000,112260.000000,112260.000000,1
2025-09-07 08:00,112230.000000,112230.000000,112110.000000,112120.000000,15
2025-09-07 08:30,112240.000000,112300.000000,112240.000000,112260.000000,11
2025-09-07 09:00,112310.000000,112310.000000,112310.000000,112310.000000,2
2025-09-07 09:45,112330.000000,112330.000000,112330.000000,112330.000000,1
2025-09-07 10:00,112310.000000,112310.000000,112310.000000,112310.000000,1
2025-09-07 10:15,112330.000000,112330.000000,112330.000000,112330.000000,1
2025-09-07 10:30,112590.000000,112610.000000,112590.000000,112610.000000,4
2025-09-07 10:45,112640.000000,112670.000000,112640.000000,112670.000000,3
2025-09-07 13:15,112600.000000,112600.000000,112580.000000,112580.000000,3
2025-09-07 14:30,112540.000000,112540.000000,112540.000000,112540.000000,1
2025-09-07 14:45,112550.000000,112550.000000,112530.000000,112530.000000,5
2025-09-07 15:00,112370.000000,112370.000000,112370.000000,112370.000000,1
2025-09-07 15:15,112430.000000,112430.000000,112430.000000,112430.000000,1
2025-09-07 15:45,112670.000000,113000.000000,112560.000000,112840.000000,34
2025-09-08 06:00,112730.000000,112900.000000,112590.000000,112630.000000,31
2025-09-08 06:15,112600.000000,112640.000000,112490.000000,112630.000000,13
2025-09-08 06:30,112670.000000,112820.000000,112670.000000,112720.000000,90
2025-09-08 06:45,112680.000000,112680.000000,112550.000000,112550.000000,12
2025-09-08 07:00,112560.000000,112570.000000,112250.000000,112280.000000,72
2025-09-08 07:15,112270.000000,112380.000000,112220.000000,112270.000000,139
2025-09-08 07:30,112260.000000,112320.000000,112250.000000,112300.000000,23
2025-09-08 07:45,112350.000000,112450.000000,112330.000000,112360.000000,52
2025-09-08 08:00,112380.000000,112390.000000,112340.000000,112370.000000,25
2025-09-08 08:15,112410.000000,112600.000000,112400.000000,112570.000000,77
2025-09-08 08:30,112560.000000,112640.000000,112510.000000,112640.000000,17
2025-09-08 08:45,112650.000000,112680.000000,112520.000000,112550.000000,27
2025-09-08 09:00,112530.000000,112530.000000,112490.000000,112490.000000,11
2025-09-08 09:15,112410.000000,112460.000000,112410.000000,112450.000000,7
2025-09-08 09:30,112390.000000,112430.000000,112390.000000,112430.000000,2
2025-09-08 10:00,112380.000000,112380.000000,112270.000000,112280.000000,21
2025-09-08 10:15,112270.000000,112300.000000,112180.000000,112250.000000,40
2025-09-08 10:30,112250.000000,112250.000000,112130.000000,112200.000000,11
2025-09-08 10:45,112200.000000,112310.000000,112170.000000,112310.000000,29
2025-09-08 11:00,112220.000000,112230.000000,112220.000000,112230.000000,5
2025-09-08 11:15,112220.000000,112230.000000,112200.000000,112230.000000,24
2025-09-08 11:30,112200.000000,112200.000000,112200.000000,112200.000000,2
2025-09-08 11:45,112260.000000,112270.000000,112260.000000,112270.000000,5
2025-09-08 12:00,112250.000000,112250.000000,112050.000000,112090.000000,34
2025-09-08 12:15,112020.000000,112040.000000,111880.000000,111980.000000,94
2025-09-08 12:30,111960.000000,112000.000000,111900.000000,111900.000000,18
2025-09-08 12:45,111900.000000,111900.000000,111690.000000,111740.000000,64
2025-09-08 13:00,111730.000000,111730.000000,111670.000000,111700.000000,18
2025-09-08 13:15,111680.000000,111680.000000,111590.000000,111620.000000,77
2025-09-08 13:30,111640.000000,111700.000000,111620.000000,111700.000000,15
2025-09-08 13:45,111650.000000,111670.000000,111600.000000,111670.000000,15
2025-09-08 14:00,111590.000000,111690.000000,111580.000000,111620.000000,82
2025-09-08 14:15,111620.000000,111720.000000,111590.000000,111720.000000,116
2025-09-08 14:30,111810.000000,111850.000000,111630.000000,111690.000000,35
2025-09-08 14:45,111860.000000,111860.000000,111790.000000,111790.000000,4
2025-09-08 15:00,111920.000000,111930.000000,111490.000000,111560.000000,34
2025-09-08 15:15,111520.000000,111620.000000,111290.000000,111460.000000,139
2025-09-08 15:30,111590.000000,111770.000000,111560.000000,111770.000000,25
2025-09-08 16:00,111710.000000,111860.000000,111710.000000,111820.000000,13
2025-09-08 16:15,111700.000000,111740.000000,111650.000000,111680.000000,34
2025-09-08 16:30,111720.000000,111720.000000,111680.000000,111680.000000,6
2025-09-08 16:45,111680.000000,111680.000000,111610.000000,111610.000000,17
2025-09-08 17:00,111590.000000,111590.000000,111300.000000,111570.000000,15
2025-09-08 17:15,111440.000000,111470.000000,111440.000000,111470.000000,2
2025-09-08 17:30,111460.000000,111630.000000,111460.000000,111630.000000,3
2025-09-08 17:45,111540.000000,111570.000000,111480.000000,111480.000000,3
2025-09-08 18:00,111490.000000,111490.000000,111490.000000,111490.000000,2
2025-09-08 18:15,111470.000000,111560.000000,111470.000000,111560.000000,3
2025-09-08 19:00,111600.000000,111630.000000,111580.000000,111630.000000,7
2025-09-08 19:15,111530.000000,111530.000000,111530.000000,111530.000000,1
2025-09-08 19:45,111650.000000,111650.000000,111520.000000,111520.000000,3
2025-09-08 20:00,111550.000000,111560.000000,111550.000000,111550.000000,3
2025-09-08 20:15,111570.000000,111580.000000,111570.000000,111570.000000,7
2025-09-08 20:30,111590.000000,111620.000000,111550.000000,111550.000000,13
2025-09-08 20:45,111550.000000,111550.000000,111540.000000,111540.000000,5
2025-09-09 06:00,111710.000000,111720.000000,111570.000000,111620.000000,31
2025-09-09 06:15,111550.000000,111550.000000,111310.000000,111310.000000,10
2025-09-09 06:30,111320.000000,111440.000000,111300.000000,111300.000000,15
2025-09-09 06:45,111250.000000,111420.000000,111240.000000,111420.000000,36
2025-09-09 07:00,111440.000000,111520.000000,111330.000000,111360.000000,28
2025-09-09 07:15,111320.000000,111320.000000,111070.000000,111200.000000,33
2025-09-09 07:30,111210.000000,111350.000000,111210.000000,111350.000000,62
2025-09-09 07:45,111310.000000,111360.000000,111220.000000,111250.000000,20
2025-09-09 08:00,111270.000000,111270.000000,111000.000000,111030.000000,146
2025-09-09 08:15,111040.000000,111150.000000,110950.000000,111030.000000,166
2025-09-09 08:30,111030.000000,111090.000000,110880.000000,110950.000000,192
2025-09-09 08:45,110910.000000,110920.000000,110770.000000,110780.000000,36
2025-09-09 09:00,110760.000000,111090.000000,110690.000000,111090.000000,31
2025-09-09 09:15,111100.000000,111180.000000,111060.000000,111180.000000,24
2025-09-09 09:30,111100.000000,111180.000000,110990.000000,110990.000000,49
2025-09-09 09:45,111060.000000,111140.000000,111060.000000,111130.000000,31
2025-09-09 10:00,111110.000000,111110.000000,110870.000000,110900.000000,35
2025-09-09 10:15,110880.000000,110880.000000,110710.000000,110720.000000,29
2025-09-09 10:30,110700.000000,110770.000000,110600.000000,110770.000000,110
2025-09-09 10:45,110720.000000,110760.000000,110690.000000,110710.000000,10
2025-09-09 11:00,110680.000000,110680.000000,110610.000000,110680.000000,11
2025-09-09 11:15,110560.000000,110600.000000,110480.000000,110530.000000,40
2025-09-09 11:30,110500.000000,110720.000000,110480.000000,110620.000000,66
2025-09-09 11:45,110620.000000,110640.000000,110390.000000,110390.000000,54
2025-09-09 12:00,110350.000000,110520.000000,110250.000000,110270.000000,147
2025-09-09 12:15,110290.000000,110290.000000,110110.000000,110110.000000,62
2025-09-09 12:30,110110.000000,110160.000000,110040.000000,110130.000000,44
2025-09-09 12:45,110140.000000,110210.000000,109950.000000,109950.000000,155
2025-09-09 13:00,109950.000000,110060.000000,109900.000000,110000.000000,149
2025-09-09 13:15,110000.000000,110750.000000,110000.000000,110610.000000,242
2025-09-09 13:30,110520.000000,110520.000000,110290.000000,110390.000000,28
2025-09-09 13:45,110360.000000,110430.000000,110340.000000,110390.000000,55
2025-09-09 14:00,110370.000000,110390.000000,110280.000000,110310.000000,92
2025-09-09 14:15,110310.000000,110490.000000,110280.000000,110390.000000,79
2025-09-09 14:30,110390.000000,110480.000000,110390.000000,110460.000000,8
2025-09-09 14:45,110480.000000,110480.000000,110430.000000,110440.000000,13
2025-09-09 15:00,110450.000000,110570.000000,110360.000000,110550.000000,138
2025-09-09 15:15,110510.000000,110510.000000,110280.000000,110280.000000,119
2025-09-09 15:30,110440.000000,110490.000000,110370.000000,110370.000000,26
2025-09-09 15:45,110380.000000,110380.000000,110280.000000,110280.000000,13
2025-09-09 16:00,110350.000000,110440.000000,110350.000000,110350.000000,7
2025-09-09 16:15,110320.000000,110410.000000,110280.000000,110410.000000,10
2025-09-09 16:30,110400.000000,110460.000000,110400.000000,110460.000000,5
2025-09-09 16:45,110380.000000,110400.000000,110380.000000,110400.000000,8
2025-09-09 17:00,110400.000000,110420.000000,110290.000000,110390.000000,11
2025-09-09 17:15,110400.000000,110500.000000,110400.000000,110500.000000,105
2025-09-09 17:30,110400.000000,110470.000000,110400.000000,110400.000000,17
2025-09-09 17:45,110380.000000,110380.000000,110370.000000,110370.000000,4
2025-09-09 18:00,110390.000000,110400.000000,110370.000000,110370.000000,9
2025-09-09 18:15,110340.000000,110350.000000,110340.000000,110340.000000,3
2025-09-09 18:30,110390.000000,110490.000000,110390.000000,110490.000000,16
2025-09-09 18:45,110490.000000,110490.000000,110330.000000,110380.000000,14
2025-09-09 19:00,110400.000000,110400.000000,110330.000000,110360.000000,19
2025-09-09 19:15,110330.000000,110340.000000,110300.000000,110340.000000,6
2025-09-09 19:30,110330.000000,110330.000000,110330.000000,110330.000000,1
2025-09-09 19:45,110400.000000,110400.000000,110400.000000,110400.000000,14
2025-09-09 20:00,110460.000000,110460.000000,110440.000000,110440.000000,3
2025-09-09 20:15,110440.000000,110460.000000,110440.000000,110460.000000,3
2025-09-09 20:30,110490.000000,110500.000000,110470.000000,110500.000000,8
2025-09-09 20:45,110500.000000,110500.000000,110500.000000,110500.000000,5
2025-09-10 05:45,110510.000000,110510.000000,110240.000000,110240.000000,7
2025-09-10 06:00,110200.000000,110210.000000,109870.000000,109870.000000,143
2025-09-10 06:15,109870.000000,109880.000000,109500.000000,109510.000000,145
2025-09-10 06:30,109530.000000,109570.000000,109460.000000,109510.000000,51
2025-09-10 06:45,109470.000000,109620.000000,109420.000000,109550.000000,98
2025-09-10 07:00,109480.000000,109480.000000,109220.000000,109320.000000,232
2025-09-10 07:15,109320.000000,109410.000000,109300.000000,109370.000000,61
2025-09-10 07:30,109350.000000,109350.000000,109060.000000,109290.000000,114
2025-09-10 07:45,109300.000000,109300.000000,109060.000000,109230.000000,99
2025-09-10 08:00,109200.000000,109320.000000,109150.000000,109220.000000,152
2025-09-10 08:15,109230.000000,109550.000000,109100.000000,109230.000000,411
2025-09-10 08:30,109410.000000,109410.000000,109190.000000,109190.000000,67
2025-09-10 08:45,109190.000000,109250.000000,109150.000000,109150.000000,173
2025-09-10 09:00,109170.000000,109300.000000,109150.000000,109200.000000,45
2025-09-10 09:15,109200.000000,109200.000000,108810.000000,109020.000000,147
2025-09-10 09:30,109000.000000,109040.000000,108800.000000,109040.000000,81
2025-09-10 09:45,109050.000000,109310.000000,109050.000000,109110.000000,147
2025-09-10 10:00,109080.000000,109350.000000,109080.000000,109340.000000,22
2025-09-10 10:15,109390.000000,109400.000000,109080.000000,109080.000000,40
2025-09-10 10:30,109060.000000,109180.000000,109010.000000,109110.000000,5
2025-09-10 10:45,109010.000000,109010.000000,108760.000000,108810.000000,86
2025-09-10 11:00,108710.000000,109130.000000,108510.000000,109080.000000,146
2025-09-10 11:15,108990.000000,109160.000000,108990.000000,109140.000000,40
2025-09-10 11:30,109150.000000,109150.000000,109050.000000,109060.000000,29
2025-09-10 11:45,109170.000000,109270.000000,109110.000000,109180.000000,41
2025-09-10 12:00,109180.000000,109380.000000,109120.000000,109360.000000,28
2025-09-10 12:15,109430.000000,109640.000000,109430.000000,109540.000000,134
2025-09-10 12:30,109550.000000,109630.000000,109420.000000,109430.000000,93
2025-09-10 12:45,109570.000000,109650.000000,109520.000000,109650.000000,49
2025-09-10 13:00,109660.000000,109830.000000,109630.000000,109830.000000,122
2025-09-10 13:15,109850.000000,109870.000000,109580.000000,109610.000000,75
2025-09-10 13:30,109610.000000,109610.000000,109540.000000,109540.000000,10
2025-09-10 13:45,109590.000000,109650.000000,109450.000000,109650.000000,34
2025-09-10 14:00,109640.000000,109670.000000,109480.000000,109620.000000,87
2025-09-10 14:15,109640.000000,109750.000000,109150.000000,109150.000000,132
2025-09-10 14:30,109390.000000,109470.000000,109320.000000,109320.000000,7
2025-09-10 14:45,109370.000000,109370.000000,109230.000000,109250.000000,166
2025-09-10 15:00,109240.000000,109240.000000,109010.000000,109110.000000,89
2025-09-10 15:15,109020.000000,109070.000000,108960.000000,108960.000000,65
2025-09-10 15:30,108990.000000,108990.000000,108810.000000,108900.000000,48
2025-09-10 15:45,108830.000000,108860.000000,108770.000000,108780.000000,11
2025-09-10 16:00,108610.000000,108690.000000,108250.000000,108550.000000,187
2025-09-10 16:15,108570.000000,108620.000000,108500.000000,108590.000000,35
2025-09-10 16:30,108560.000000,108610.000000,108400.000000,108540.000000,36
2025-09-10 16:45,108510.000000,108640.000000,108510.000000,108590.000000,23
2025-09-10 17:00,108570.000000,108730.000000,108570.000000,108730.000000,15
2025-09-10 17:15,108650.000000,108660.000000,108570.000000,108570.000000,13
2025-09-10 17:30,108600.000000,108600.000000,108580.000000,108580.000000,9
2025-09-10 17:45,108620.000000,108760.000000,108620.000000,108710.000000,25
2025-09-10 18:00,108710.000000,108710.000000,108590.000000,108630.000000,5
2025-09-10 18:30,108650.000000,108650.000000,108650.000000,108650.000000,2
2025-09-10 18:45,108610.000000,108640.000000,108590.000000,108610.000000,5
2025-09-10 19:00,108610.000000,108610.000000,108480.000000,108580.000000,25
2025-09-10 19:15,108520.000000,108600.000000,108480.000000,108520.000000,31
2025-09-10 19:30,108470.000000,108530.000000,108410.000000,108410.000000,26
2025-09-10 19:45,108410.000000,108440.000000,108410.000000,108440.000000,14
2025-09-10 20:00,108410.000000,108600.000000,108370.000000,108410.000000,143
2025-09-10 20:15,108480.000000,108480.000000,108420.000000,108420.000000,2
2025-09-10 20:30,108420.000000,108460.000000,108340.000000,108340.000000,13
2025-09-10 20:45,108440.000000,108600.000000,108430.000000,108470.000000,38
2025-09-11 06:00,108580.000000,108760.000000,108410.000000,108460.000000,90
2025-09-11 06:15,108490.000000,108570.000000,108420.000000,108510.000000,106
2025-09-11 06:30,108540.000000,108560.000000,108510.000000,108540.000000,7
2025-09-11 06:45,108560.000000,108760.000000,108280.000000,108450.000000,157
2025-09-11 07:00,108350.000000,108360.000000,107780.000000,107790.000000,306
2025-09-11 07:15,107790.000000,107990.000000,107700.000000,107780.000000,182
2025-09-11 07:30,107810.000000,107880.000000,107720.000000,107880.000000,451
2025-09-11 07:45,107880.000000,108080.000000,107720.000000,108080.000000,123
2025-09-11 08:00,108080.000000,108620.000000,108000.000000,108250.000000,216
2025-09-11 08:15,108300.000000,108490.000000,108010.000000,108060.000000,58
2025-09-11 08:30,108050.000000,108380.000000,108040.000000,108350.000000,49
2025-09-11 08:45,108230.000000,108340.000000,108230.000000,108290.000000,16
2025-09-11 09:00,108280.000000,108570.000000,108270.000000,108370.000000,113
2025-09-11 09:15,108420.000000,108460.000000,108330.000000,108410.000000,132
2025-09-11 09:30,108340.000000,108400.000000,108140.000000,108170.000000,88
2025-09-11 09:45,108140.000000,108230.000000,108120.000000,108180.000000,54
2025-09-11 10:00,108120.000000,108120.000000,107880.000000,107950.000000,101
2025-09-11 10:15,107930.000000,108040.000000,107930.000000,108040.000000,18
2025-09-11 10:30,108080.000000,108080.000000,107840.000000,108000.000000,26
2025-09-11 10:45,107990.000000,108440.000000,107990.000000,108430.000000,63
2025-09-11 11:00,108460.000000,109050.000000,108440.000000,109000.000000,220
2025-09-11 11:15,108910.000000,108910.000000,108530.000000,108560.000000,242
2025-09-11 11:30,108600.000000,108720.000000,108520.000000,108710.000000,85
2025-09-11 11:45,108820.000000,108820.000000,108420.000000,108600.000000,67
2025-09-11 12:00,108520.000000,108660.000000,108400.000000,108430.000000,38
2025-09-11 12:15,108350.000000,108400.000000,108190.000000,108390.000000,65
2025-09-11 12:45,108180.000000,108330.000000,108060.000000,108330.000000,59
2025-09-11 13:00,108110.000000,108340.000000,108100.000000,108340.000000,36
2025-09-11 13:15,108380.000000,108620.000000,108380.000000,108620.000000,37
2025-09-11 13:30,108550.000000,108590.000000,108400.000000,108530.000000,33
2025-09-11 13:45,108560.000000,108760.000000,108560.000000,108710.000000,52
2025-09-11 14:00,108760.000000,109000.000000,108750.000000,108870.000000,36
2025-09-11 14:15,108930.000000,109000.000000,108830.000000,108890.000000,63
2025-09-11 14:30,108900.000000,109060.000000,108820.000000,108990.000000,169
2025-09-11 14:45,108970.000000,109040.000000,108480.000000,108640.000000,111
2025-09-11 15:00,108640.000000,108640.000000,108390.000000,108400.000000,37
2025-09-11 15:15,108380.000000,108470.000000,108170.000000,108270.000000,124
2025-09-11 15:30,108260.000000,108610.000000,108260.000000,108540.000000,64
2025-09-11 15:45,108640.000000,108660.000000,108640.000000,108660.000000,19
2025-09-11 16:00,108600.000000,108600.000000,108410.000000,108600.000000,25
2025-09-11 16:15,108620.000000,108670.000000,108530.000000,108530.000000,44
2025-09-11 16:30,108600.000000,108610.000000,108460.000000,108480.000000,42
2025-09-11 16:45,108470.000000,108530.000000,108450.000000,108450.000000,15
2025-09-11 17:00,108450.000000,108530.000000,108310.000000,108530.000000,14
2025-09-11 17:15,108510.000000,108510.000000,108340.000000,108340.000000,33
2025-09-11 17:30,108340.000000,108420.000000,108330.000000,108420.000000,35
2025-09-11 17:45,108420.000000,108490.000000,108410.000000,108460.000000,29
2025-09-11 18:00,108440.000000,108450.000000,108410.000000,108450.000000,13
2025-09-11 18:15,108490.000000,108580.000000,108480.000000,108550.000000,17
2025-09-11 18:30,108580.000000,108610.000000,108540.000000,108540.000000,37
2025-09-11 18:45,108560.000000,108560.000000,108480.000000,108480.000000,4
2025-09-11 19:00,108470.000000,108510.000000,108470.000000,108500.000000,9
2025-09-11 19:30,108490.000000,108510.000000,108490.000000,108500.000000,13
2025-09-11 19:45,108500.000000,108550.000000,108500.000000,108540.000000,27
2025-09-11 20:00,108530.000000,108530.000000,108520.000000,108530.000000,5
2025-09-11 20:15,108540.000000,108590.000000,108530.000000,108580.000000,45
2025-09-11 20:30,108560.000000,108630.000000,108500.000000,108540.000000,30
2025-09-11 20:45,108550.000000,108600.000000,108540.000000,108600.000000,5
2025-09-12 05:45,108600.000000,108600.000000,108600.000000,108600.000000,4
2025-09-12 06:00,108600.000000,108680.000000,108210.000000,108330.000000,130
2025-09-12 06:15,108330.000000,108330.000000,108090.000000,108130.000000,72
2025-09-12 06:30,108180.000000,108340.000000,108170.000000,108170.000000,62
2025-09-12 06:45,108150.000000,108270.000000,108030.000000,108190.000000,66
2025-09-12 07:00,108130.000000,108610.000000,108040.000000,108330.000000,73
2025-09-12 07:15,108180.000000,108500.000000,108180.000000,108340.000000,35
2025-09-12 07:30,108310.000000,108570.000000,108300.000000,108570.000000,35
2025-09-12 07:45,108440.000000,108440.000000,108300.000000,108300.000000,26
2025-09-12 08:00,108300.000000,108670.000000,108200.000000,108410.000000,56
2025-09-12 08:15,108500.000000,108680.000000,108400.000000,108430.000000,116
2025-09-12 08:30,108400.000000,108680.000000,108400.000000,108670.000000,107
2025-09-12 08:45,108590.000000,108660.000000,108440.000000,108480.000000,57
2025-09-12 09:00,108540.000000,108640.000000,108500.000000,108540.000000,50
2025-09-12 09:15,108560.000000,108660.000000,108560.000000,108650.000000,58
2025-09-12 09:30,108660.000000,108670.000000,108420.000000,108420.000000,54
2025-09-12 09:45,108410.000000,108530.000000,108400.000000,108530.000000,48
2025-09-12 10:00,108550.000000,108650.000000,108300.000000,108330.000000,54
2025-09-12 10:15,108330.000000,108480.000000,108260.000000,108450.000000,70
2025-09-12 10:30,108440.000000,108470.000000,107350.000000,108290.000000,912
2025-09-12 10:45,108300.000000,108420.000000,107970.000000,108300.000000,268
2025-09-12 11:00,108400.000000,109030.000000,108400.000000,108770.000000,700
2025-09-12 11:15,108770.000000,109100.000000,108770.000000,109030.000000,802
2025-09-12 11:30,109040.000000,109130.000000,109020.000000,109100.000000,451
2025-09-12 11:45,109100.000000,109110.000000,108640.000000,108730.000000,263
2025-09-12 12:00,108670.000000,108730.000000,108440.000000,108610.000000,225
2025-09-12 12:15,108620.000000,108630.000000,108260.000000,108260.000000,76
2025-09-12 12:30,108220.000000,108240.000000,107280.000000,107320.000000,530
2025-09-12 12:45,107300.000000,107740.000000,107290.000000,107610.000000,170
2025-09-12 13:00,107600.000000,107740.000000,107480.000000,107670.000000,78
2025-09-12 13:15,107760.000000,107890.000000,107690.000000,107690.000000,114
2025-09-12 13:30,107770.000000,107770.000000,107360.000000,107680.000000,397
2025-09-12 13:45,107590.000000,107660.000000,107260.000000,107500.000000,163
2025-09-12 14:00,107510.000000,107700.000000,107150.000000,107640.000000,410
2025-09-12 14:15,107670.000000,107840.000000,107620.000000,107840.000000,95
2025-09-12 14:30,107840.000000,107860.000000,107720.000000,107860.000000,69
2025-09-12 14:45,107810.000000,107920.000000,107580.000000,107650.000000,282
2025-09-12 15:00,107700.000000,107780.000000,107680.000000,107770.000000,30
2025-09-12 15:15,107770.000000,107770.000000,107560.000000,107560.000000,136
2025-09-12 15:30,107620.000000,107630.000000,107400.000000,107490.000000,53
2025-09-12 16:00,107460.000000,107530.000000,107250.000000,107250.000000,52
2025-09-12 16:15,107250.000000,107250.000000,106710.000000,106900.000000,410
2025-09-12 16:30,106860.000000,106890.000000,106800.000000,106840.000000,60
2025-09-12 16:45,106840.000000,107090.000000,106750.000000,107080.000000,81
2025-09-12 17:00,107050.000000,107160.000000,106990.000000,107070.000000,24
2025-09-12 17:15,107070.000000,107140.000000,107020.000000,107100.000000,52
2025-09-12 17:30,107100.000000,107100.000000,106810.000000,106900.000000,157
2025-09-12 17:45,106910.000000,106950.000000,106790.000000,106950.000000,52
2025-09-12 18:00,106900.000000,106980.000000,106830.000000,106890.000000,51
2025-09-12 18:15,106890.000000,106990.000000,106870.000000,106940.000000,52
2025-09-12 18:30,106940.000000,106970.000000,106900.000000,106970.000000,33
2025-09-12 18:45,106950.000000,107000.000000,106950.000000,106990.000000,19
2025-09-12 19:00,107000.000000,107040.000000,106920.000000,106920.000000,42
2025-09-12 19:15,106970.000000,107040.000000,106930.000000,106930.000000,46
2025-09-12 19:30,106950.000000,107000.000000,106900.000000,106900.000000,32
2025-09-12 19:45,106900.000000,106940.000000,106870.000000,106910.000000,17
2025-09-12 20:00,106920.000000,107110.000000,106920.000000,107000.000000,55
2025-09-12 20:15,107050.000000,107120.000000,107050.000000,107120.000000,13
2025-09-12 20:30,107070.000000,107100.000000,106960.000000,106990.000000,56
2025-09-12 20:45,107010.000000,107180.000000,107010.000000,107140.000000,23
2025-09-13 07:00,107180.000000,107250.000000,107050.000000,107220.000000,34
2025-09-13 07:15,107200.000000,107200.000000,107090.000000,107170.000000,17
2025-09-13 08:00,107070.000000,107150.000000,107070.000000,107150.000000,16
2025-09-13 08:30,107130.000000,107130.000000,107130.000000,107130.000000,2
2025-09-13 08:45,107120.000000,107130.000000,107100.000000,107100.000000,5
2025-09-13 09:15,107130.000000,107130.000000,107130.000000,107130.000000,1
2025-09-13 09:30,107100.000000,107120.000000,107100.000000,107120.000000,2
2025-09-13 09:45,107100.000000,107130.000000,107100.000000,107120.000000,9
2025-09-13 10:00,107140.000000,107210.000000,107140.000000,107210.000000,5
2025-09-13 10:30,107180.000000,107180.000000,107180.000000,107180.000000,1
2025-09-13 10:45,107170.000000,107170.000000,107170.000000,107170.000000,1
2025-09-13 11:15,107120.000000,107120.000000,107120.000000,107120.000000,1
2025-09-13 11:30,107140.000000,107210.000000,107140.000000,107180.000000,16
2025-09-13 11:45,107170.000000,107180.000000,107170.000000,107180.000000,7
2025-09-13 12:00,107180.000000,107190.000000,107120.000000,107190.000000,7
2025-09-13 13:00,107090.000000,107090.000000,107090.000000,107090.000000,1
2025-09-13 13:45,107070.000000,107070.000000,106960.000000,106960.000000,23
2025-09-13 14:00,106950.000000,106950.000000,106750.000000,106780.000000,46
2025-09-13 14:15,106790.000000,106810.000000,106700.000000,106700.000000,29
2025-09-13 14:30,106750.000000,106920.000000,106700.000000,106910.000000,42
2025-09-13 14:45,106870.000000,106870.000000,106870.000000,106870.000000,2
2025-09-13 15:00,106870.000000,106880.000000,106860.000000,106880.000000,6
2025-09-13 15:15,106860.000000,106860.000000,106860.000000,106860.000000,1
2025-09-13 15:30,106850.000000,106950.000000,106830.000000,106950.000000,5
2025-09-13 15:45,106850.000000,106850.000000,106830.000000,106830.000000,6
2025-09-14 07:00,106830.000000,106830.000000,106640.000000,106680.000000,22
2025-09-14 07:15,106770.000000,106770.000000,106720.000000,106720.000000,2
2025-09-14 07:30,106670.000000,106670.000000,106520.000000,106530.000000,21
2025-09-14 07:45,106550.000000,106550.000000,106530.000000,106530.000000,3
2025-09-14 08:15,106730.000000,106730.000000,106730.000000,106730.000000,1
2025-09-14 08:30,106750.000000,106750.000000,106710.000000,106710.000000,3
2025-09-14 08:45,106690.000000,106690.000000,106670.000000,106670.000000,2
2025-09-14 09:15,106640.000000,107670.000000,106600.000000,107420.000000,217
2025-09-14 09:30,107530.000000,110710.000000,107280.000000,107340.000000,910
2025-09-14 09:45,107300.000000,107500.000000,107290.000000,107500.000000,36
2025-09-14 10:00,107480.000000,107520.000000,107390.000000,107390.000000,187
2025-09-14 10:15,107390.000000,107500.000000,107390.000000,107500.000000,37
2025-09-14 10:30,107500.000000,107550.000000,107460.000000,107480.000000,21
2025-09-14 10:45,107480.000000,107480.000000,107480.000000,107480.000000,1
2025-09-14 11:00,107520.000000,107530.000000,107520.000000,107530.000000,3
2025-09-14 11:15,107550.000000,107620.000000,107550.000000,107620.000000,6
2025-09-14 11:30,107620.000000,107620.000000,107500.000000,107500.000000,17
2025-09-14 11:45,107540.000000,107550.000000,107540.000000,107550.000000,2
2025-09-14 12:00,107540.000000,107670.000000,107540.000000,107670.000000,11
2025-09-14 12:15,107740.000000,108220.000000,107740.000000,108100.000000,42
2025-09-14 12:30,108050.000000,108140.000000,108010.000000,108010.000000,19
2025-09-14 12:45,108000.000000,108000.000000,107880.000000,107880.000000,6
2025-09-14 13:00,107870.000000,107970.000000,107780.000000,107780.000000,18
2025-09-14 13:15,107790.000000,107790.000000,107790.000000,107790.000000,1
2025-09-14 13:30,107810.000000,108060.000000,107760.000000,107970.000000,89
2025-09-14 13:45,107920.000000,107920.000000,107900.000000,107900.000000,3
2025-09-14 14:00,107970.000000,107970.000000,107900.000000,107900.000000,8
2025-09-14 14:15,107870.000000,108050.000000,107870.000000,107990.000000,47
2025-09-14 14:30,107960.000000,107960.000000,107900.000000,107900.000000,9
2025-09-14 14:45,107840.000000,108050.000000,107830.000000,107980.000000,32
2025-09-14 15:00,108020.000000,108060.000000,107860.000000,107940.000000,33
2025-09-14 15:15,107870.000000,107870.000000,107830.000000,107830.000000,4
2025-09-14 15:30,107820.000000,108040.000000,107820.000000,108040.000000,25
2025-09-15 05:45,107830.000000,107830.000000,107750.000000,107750.000000,3
2025-09-15 06:00,107620.000000,107620.000000,107120.000000,107330.000000,471
2025-09-15 06:15,107370.000000,107540.000000,107220.000000,107350.000000,273
2025-09-15 06:30,107370.000000,107450.000000,107200.000000,107300.000000,168
2025-09-15 06:45,107310.000000,107310.000000,107090.000000,107220.000000,88
2025-09-15 07:00,107220.000000,107560.000000,107150.000000,107560.000000,195
2025-09-15 07:15,107530.000000,108000.000000,107530.000000,107960.000000,222
2025-09-15 07:30,107960.000000,108040.000000,107720.000000,107760.000000,171
2025-09-15 07:45,107720.000000,107740.000000,107600.000000,107600.000000,59
2025-09-15 08:00,107620.000000,107650.000000,107540.000000,107600.000000,96
2025-09-15 08:15,107620.000000,107620.000000,107080.000000,107240.000000,243
2025-09-15 08:30,107220.000000,107390.000000,107110.000000,107380.000000,171
2025-09-15 08:45,107360.000000,107640.000000,107340.000000,107620.000000,138
2025-09-15 09:00,107610.000000,107820.000000,107390.000000,107810.000000,234
2025-09-15 09:15,107760.000000,107930.000000,107670.000000,107670.000000,190
2025-09-15 09:30,107700.000000,107900.000000,107670.000000,107880.000000,153
2025-09-15 09:45,107840.000000,108030.000000,107540.000000,107940.000000,258
2025-09-15 10:00,107940.000000,108180.000000,107800.000000,108180.000000,306
2025-09-15 10:15,108170.000000,108170.000000,107840.000000,107910.000000,95
2025-09-15 10:30,107860.000000,108010.000000,107710.000000,107960.000000,119
2025-09-15 10:45,107990.000000,108000.000000,107820.000000,107870.000000,104
2025-09-15 11:00,107870.000000,108200.000000,107850.000000,108200.000000,132
2025-09-15 11:15,108160.000000,108190.000000,107940.000000,108150.000000,194
2025-09-15 11:30,108100.000000,108170.000000,108000.000000,108120.000000,167
2025-09-15 11:45,108120.000000,108150.000000,107810.000000,107900.000000,176
2025-09-15 12:00,107890.000000,108090.000000,107880.000000,108010.000000,83
2025-09-15 12:15,108010.000000,108040.000000,107710.000000,107730.000000,92
2025-09-15 12:30,107790.000000,107880.000000,107730.000000,107730.000000,76
2025-09-15 12:45,107860.000000,108070.000000,107860.000000,108060.000000,73
2025-09-15 13:00,107960.000000,107960.000000,107150.000000,107590.000000,491
2025-09-15 13:15,107580.000000,107910.000000,107510.000000,107890.000000,136
2025-09-15 13:30,107880.000000,107980.000000,107620.000000,107790.000000,169
2025-09-15 13:45,107790.000000,107890.000000,107760.000000,107760.000000,106
2025-09-15 14:00,107740.000000,107820.000000,107710.000000,107780.000000,71
2025-09-15 14:15,107790.000000,107960.000000,107650.000000,107960.000000,195
2025-09-15 14:30,107940.000000,108760.000000,107930.000000,108450.000000,1782
2025-09-15 14:45,108470.000000,108630.000000,108180.000000,108200.000000,471
2025-09-15 15:00,108210.000000,108250.000000,108120.000000,108190.000000,123
2025-09-15 15:15,108170.000000,108200.000000,108040.000000,108070.000000,79
2025-09-15 15:30,108090.000000,108150.000000,108020.000000,108130.000000,58
2025-09-15 15:45,108100.000000,108120.000000,108090.000000,108100.000000,8
2025-09-15 16:00,108100.000000,108100.000000,108010.000000,108050.000000,30
2025-09-15 16:15,108050.000000,108350.000000,108050.000000,108290.000000,100
2025-09-15 16:30,108320.000000,108320.000000,108160.000000,108160.000000,67
2025-09-15 16:45,108180.000000,108300.000000,108170.000000,108220.000000,40
2025-09-15 17:00,108200.000000,108240.000000,108200.000000,108200.000000,27
2025-09-15 17:15,108230.000000,108250.000000,108200.000000,108210.000000,20
2025-09-15 17:30,108240.000000,108240.000000,108190.000000,108190.000000,32
2025-09-15 17:45,108170.000000,108170.000000,108130.000000,108130.000000,20
2025-09-15 18:00,108110.000000,108110.000000,107960.000000,107960.000000,58
2025-09-15 18:15,108020.000000,108100.000000,108000.000000,108000.000000,47
2025-09-15 18:30,108010.000000,108020.000000,107910.000000,107910.000000,37
2025-09-15 18:45,107880.000000,107960.000000,107830.000000,107950.000000,34
2025-09-15 19:00,107910.000000,107910.000000,107840.000000,107900.000000,27
2025-09-15 19:15,107920.000000,107980.000000,107920.000000,107970.000000,5
2025-09-15 19:30,107970.000000,108010.000000,107970.000000,108010.000000,9
2025-09-15 19:45,108030.000000,108050.000000,108020.000000,108020.000000,12
2025-09-15 20:00,108020.000000,108040.000000,108020.000000,108040.000000,6
2025-09-15 20:15,108030.000000,108080.000000,108030.000000,108070.000000,26
2025-09-15 20:30,108050.000000,108090.000000,108000.000000,108090.000000,23
2025-09-15 20:45,108120.000000,108130.000000,107960.000000,107980.000000,39
2025-09-16 05:45,108160.000000,108230.000000,108160.000000,108230.000000,4
2025-09-16 06:00,108340.000000,109310.000000,108340.000000,108660.000000,664
2025-09-16 06:15,108670.000000,109050.000000,108640.000000,108950.000000,358
2025-09-16 06:30,109000.000000,109110.000000,108900.000000,108900.000000,434
2025-09-16 06:45,108890.000000,109010.000000,108690.000000,108760.000000,246
2025-09-16 07:00,108680.000000,108960.000000,108560.000000,108620.000000,446
2025-09-16 07:15,108620.000000,108620.000000,108160.000000,108270.000000,540
2025-09-16 07:30,108220.000000,108310.000000,108030.000000,108260.000000,623
2025-09-16 07:45,108260.000000,108400.000000,108250.000000,108250.000000,236
2025-09-16 08:00,108250.000000,108500.000000,108220.000000,108450.000000,293
2025-09-16 08:15,108510.000000,108540.000000,108410.000000,108540.000000,208
2025-09-16 08:30,108510.000000,108530.000000,107770.000000,108040.000000,1159
2025-09-16 08:45,108040.000000,108180.000000,107690.000000,107880.000000,983
2025-09-16 09:00,107890.000000,108130.000000,107620.000000,107800.000000,320
2025-09-16 09:15,107770.000000,108150.000000,107770.000000,107970.000000,344
2025-09-16 09:30,107960.000000,108010.000000,102000.000000,106880.000000,3359
2025-09-16 09:45,106860.000000,106920.000000,106530.000000,106630.000000,850
2025-09-16 10:00,106600.000000,106790.000000,105980.000000,106390.000000,865
2025-09-16 10:15,106390.000000,106550.000000,106220.000000,106460.000000,563
2025-09-16 10:30,106500.000000,106620.000000,106380.000000,106520.000000,295
2025-09-16 10:45,106570.000000,106740.000000,106520.000000,106570.000000,341
2025-09-16 11:00,106580.000000,106710.000000,106440.000000,106640.000000,463
2025-09-16 11:15,106660.000000,106700.000000,106480.000000,106650.000000,623
2025-09-16 11:30,106620.000000,107060.000000,106600.000000,106830.000000,850
2025-09-16 11:45,106820.000000,106840.000000,106640.000000,106700.000000,157
2025-09-16 12:00,106700.000000,106780.000000,106650.000000,106720.000000,892
2025-09-16 12:15,106720.000000,106760.000000,106590.000000,106720.000000,1003
2025-09-16 12:30,106690.000000,106710.000000,106330.000000,106410.000000,1400
2025-09-16 12:45,106370.000000,106690.000000,106370.000000,106530.000000,1385
2025-09-16 13:00,106510.000000,106520.000000,106090.000000,106110.000000,1187
2025-09-16 13:15,106110.000000,106390.000000,106020.000000,106240.000000,813
2025-09-16 13:30,106220.000000,106530.000000,106170.000000,106270.000000,464
2025-09-16 13:45,106260.000000,106620.000000,106240.000000,106410.000000,301
2025-09-16 14:00,106410.000000,106910.000000,106300.000000,106860.000000,469
2025-09-16 14:15,106840.000000,106940.000000,106710.000000,106750.000000,271
2025-09-16 14:30,106740.000000,107290.000000,106640.000000,107120.000000,519
2025-09-16 14:45,107110.000000,107200.000000,106870.000000,106890.000000,265
2025-09-16 15:00,106920.000000,107060.000000,106850.000000,106940.000000,108
2025-09-16 15:15,106970.000000,107000.000000,106860.000000,106910.000000,132
2025-09-16 15:30,106900.000000,107010.000000,106870.000000,107010.000000,80
2025-09-16 15:45,107000.000000,107090.000000,106970.000000,106970.000000,48
2025-09-16 16:00,106950.000000,107170.000000,106790.000000,106840.000000,614
2025-09-16 16:15,106840.000000,106990.000000,106830.000000,106990.000000,368
2025-09-16 16:30,106980.000000,107050.000000,106930.000000,106950.000000,243
2025-09-16 16:45,106950.000000,107030.000000,106930.000000,106970.000000,106
2025-09-16 17:00,106980.000000,106980.000000,106830.000000,106850.000000,78
2025-09-16 17:15,106870.000000,106890.000000,106850.000000,106850.000000,69
2025-09-16 17:30,106850.000000,106920.000000,106780.000000,106800.000000,93
2025-09-16 17:45,106840.000000,106930.000000,106810.000000,106930.000000,113
2025-09-16 18:00,106940.000000,106950.000000,106830.000000,106830.000000,54
2025-09-16 18:15,106850.000000,106870.000000,106830.000000,106840.000000,45
2025-09-16 18:30,106830.000000,106880.000000,106830.000000,106880.000000,20
2025-09-16 18:45,106860.000000,106880.000000,106850.000000,106850.000000,31
2025-09-16 19:00,106850.000000,106900.000000,106850.000000,106900.000000,64
2025-09-16 19:15,106890.000000,106930.000000,106870.000000,106920.000000,67
2025-09-16 19:30,106910.000000,106910.000000,106880.000000,106900.000000,37
2025-09-16 19:45,106880.000000,106890.000000,106840.000000,106870.000000,40
2025-09-16 20:00,106840.000000,106880.000000,106790.000000,106810.000000,146
2025-09-16 20:15,106810.000000,106840.000000,106790.000000,106830.000000,47
2025-09-16 20:30,106830.000000,106930.000000,106830.000000,106900.000000,237
2025-09-16 20:45,106930.000000,106980.000000,106930.000000,106970.000000,73
2025-09-17 05:45,107100.000000,107100.000000,106970.000000,107000.000000,10
2025-09-17 06:00,106970.000000,107200.000000,106620.000000,106650.000000,604
2025-09-17 06:15,106650.000000,106650.000000,106200.000000,106260.000000,503
2025-09-17 06:30,106240.000000,106490.000000,106150.000000,106190.000000,562
2025-09-17 06:45,106160.000000,106320.000000,105850.000000,105960.000000,698
2025-09-17 07:00,105950.000000,105990.000000,105410.000000,105910.000000,1343
2025-09-17 07:15,105890.000000,106100.000000,105830.000000,106040.000000,644
2025-09-17 07:30,106050.000000,106230.000000,105960.000000,105990.000000,912
2025-09-17 07:45,105990.000000,106050.000000,105750.000000,105860.000000,632
2025-09-17 08:00,105870.000000,106290.000000,105830.000000,106240.000000,980
2025-09-17 08:15,106230.000000,106250.000000,106090.000000,106180.000000,398
2025-09-17 08:30,106170.000000,106210.000000,105940.000000,105980.000000,524
2025-09-17 08:45,105980.000000,106040.000000,105890.000000,105990.000000,378
2025-09-17 09:00,105980.000000,106060.000000,105960.000000,105970.000000,210
2025-09-17 09:15,105960.000000,106110.000000,105910.000000,105910.000000,316
2025-09-17 09:30,105940.000000,105940.000000,105500.000000,105750.000000,924
2025-09-17 09:45,105770.000000,105850.000000,105630.000000,105670.000000,654
2025-09-17 10:00,105650.000000,105950.000000,105570.000000,105880.000000,697
2025-09-17 10:15,105890.000000,106080.000000,105770.000000,106080.000000,410
2025-09-17 10:30,106080.000000,106270.000000,105940.000000,106260.000000,476
2025-09-17 10:45,106260.000000,107050.000000,106130.000000,106160.000000,1841
2025-09-17 11:00,106150.000000,106280.000000,106000.000000,106130.000000,445
2025-09-17 11:15,106130.000000,106130.000000,105950.000000,106000.000000,290
2025-09-17 11:30,106010.000000,106030.000000,105860.000000,105970.000000,325
2025-09-17 11:45,105940.000000,106080.000000,105900.000000,106000.000000,440
2025-09-17 12:00,106000.000000,106090.000000,105920.000000,105920.000000,292
2025-09-17 12:15,105930.000000,105980.000000,105720.000000,105750.000000,456
2025-09-17 12:30,105720.000000,105780.000000,105340.000000,105490.000000,850
2025-09-17 12:45,105490.000000,105660.000000,105470.000000,105570.000000,422
2025-09-17 13:00,105590.000000,105730.000000,105500.000000,105650.000000,482
2025-09-17 13:15,105630.000000,105740.000000,105590.000000,105600.000000,148
2025-09-17 13:30,105610.000000,106020.000000,105580.000000,105760.000000,608
2025-09-17 13:45,105750.000000,105780.000000,105660.000000,105740.000000,287
2025-09-17 14:00,105720.000000,106130.000000,105680.000000,106060.000000,693
2025-09-17 14:15,106050.000000,106490.000000,105960.000000,106370.000000,978
2025-09-17 14:30,106360.000000,106530.000000,106200.000000,106510.000000,1140
2025-09-17 14:45,106520.000000,106960.000000,106520.000000,106950.000000,1286
2025-09-17 15:00,106970.000000,107120.000000,106800.000000,106900.000000,1268
2025-09-17 15:15,106880.000000,107310.000000,106850.000000,107210.000000,842
2025-09-17 15:30,107220.000000,107290.000000,106990.000000,107010.000000,616
2025-09-17 15:45,107000.000000,107020.000000,106980.000000,107000.000000,79
2025-09-17 16:00,106930.000000,107280.000000,106900.000000,107010.000000,235
2025-09-17 16:15,106990.000000,106990.000000,106810.000000,106820.000000,278
2025-09-17 16:30,106830.000000,106840.000000,106720.000000,106780.000000,214
2025-09-17 16:45,106790.000000,106860.000000,106720.000000,106730.000000,147
2025-09-17 17:00,106730.000000,106790.000000,106700.000000,106710.000000,100
2025-09-17 17:15,106710.000000,106730.000000,106640.000000,106710.000000,105
2025-09-17 17:30,106720.000000,106820.000000,106720.000000,106820.000000,78
2025-09-17 17:45,106830.000000,106860.000000,106700.000000,106750.000000,158
2025-09-17 18:00,106760.000000,106840.000000,106730.000000,106820.000000,110
2025-09-17 18:15,106810.000000,106850.000000,106780.000000,106830.000000,63
2025-09-17 18:30,106850.000000,106960.000000,106820.000000,106840.000000,182
2025-09-17 18:45,106830.000000,106830.000000,106650.000000,106660.000000,179
2025-09-17 19:00,106650.000000,106770.000000,106650.000000,106670.000000,108
2025-09-17 19:15,106660.000000,106780.000000,106660.000000,106760.000000,61
2025-09-17 19:30,106730.000000,106770.000000,106710.000000,106750.000000,31
2025-09-17 19:45,106740.000000,106760.000000,106710.000000,106720.000000,45
2025-09-17 20:00,106780.000000,106810.000000,106710.000000,106730.000000,160
2025-09-17 20:15,106730.000000,106730.000000,106420.000000,106430.000000,429
2025-09-17 20:30,106430.000000,106430.000000,106370.000000,106400.000000,99
2025-09-17 20:45,106390.000000,106420.000000,106310.000000,106360.000000,140
2025-09-18 05:45,106340.000000,106340.000000,106340.000000,106340.000000,4
2025-09-18 06:00,106250.000000,106360.000000,105910.000000,105990.000000,1079
2025-09-18 06:15,106000.000000,106100.000000,105990.000000,105990.000000,353
2025-09-18 06:30,106010.000000,106210.000000,105980.000000,106210.000000,365
2025-09-18 06:45,106220.000000,106220.000000,106050.000000,106170.000000,245
2025-09-18 07:00,106190.000000,106320.000000,106110.000000,106180.000000,764
2025-09-18 07:15,106180.000000,106230.000000,105970.000000,106040.000000,985
2025-09-18 07:30,106050.000000,106080.000000,105920.000000,105920.000000,470
2025-09-18 07:45,105930.000000,106090.000000,105920.000000,106030.000000,635
2025-09-18 08:00,106040.000000,106170.000000,105980.000000,106160.000000,478
2025-09-18 08:15,106170.000000,106480.000000,106070.000000,106470.000000,1506
2025-09-18 08:30,106460.000000,106640.000000,106430.000000,106580.000000,1567
2025-09-18 08:45,106570.000000,106800.000000,106550.000000,106670.000000,757
2025-09-18 09:00,106670.000000,106720.000000,106630.000000,106660.000000,560
2025-09-18 09:15,106650.000000,106650.000000,106260.000000,106320.000000,1344
2025-09-18 09:30,106320.000000,106340.000000,105920.000000,106070.000000,2205
2025-09-18 09:45,106060.000000,106100.000000,106000.000000,106070.000000,950
2025-09-18 10:00,106060.000000,106100.000000,105850.000000,105900.000000,2760
2025-09-18 10:15,105900.000000,106180.000000,105890.000000,106180.000000,869
2025-09-18 10:30,106170.000000,106350.000000,106110.000000,106130.000000,1161
2025-09-18 10:45,106120.000000,106320.000000,106120.000000,106210.000000,558
2025-09-18 11:00,106250.000000,106280.000000,106060.000000,106100.000000,475
2025-09-18 11:15,106090.000000,106210.000000,106090.000000,106160.000000,628
2025-09-18 11:30,106170.000000,106200.000000,105990.000000,106010.000000,797
2025-09-18 11:45,106000.000000,106020.000000,105580.000000,105640.000000,2619
2025-09-18 12:00,105630.000000,105630.000000,105300.000000,105500.000000,3297
2025-09-18 12:15,105500.000000,105850.000000,105460.000000,105770.000000,2211
2025-09-18 12:30,105780.000000,105790.000000,105500.000000,105620.000000,1410
2025-09-18 12:45,105630.000000,105680.000000,105500.000000,105590.000000,1184
2025-09-18 13:00,105600.000000,105800.000000,105570.000000,105670.000000,1089
2025-09-18 13:15,105680.000000,105700.000000,104930.000000,105250.000000,2271
2025-09-18 13:30,105220.000000,105440.000000,105170.000000,105250.000000,1425
2025-09-18 13:45,105260.000000,105290.000000,105020.000000,105030.000000,1260
2025-09-18 14:00,105040.000000,105790.000000,104950.000000,105750.000000,2661
2025-09-18 14:15,105750.000000,105840.000000,105390.000000,105550.000000,1662
2025-09-18 14:30,105600.000000,105600.000000,105340.000000,105520.000000,738
2025-09-18 14:45,105500.000000,105500.000000,105190.000000,105270.000000,971
2025-09-18 15:00,105290.000000,105460.000000,105190.000000,105300.000000,1171
2025-09-18 15:15,105290.000000,105640.000000,105290.000000,105590.000000,658
2025-09-18 15:30,105600.000000,105910.000000,105590.000000,105890.000000,1229
2025-09-18 15:45,105890.000000,105910.000000,105770.000000,105900.000000,302
2025-09-18 16:00,105820.000000,105900.000000,105540.000000,105790.000000,792
2025-09-18 16:15,105790.000000,105880.000000,105780.000000,105810.000000,386
2025-09-18 16:30,105820.000000,105840.000000,105680.000000,105730.000000,185
2025-09-18 16:45,105730.000000,105730.000000,105600.000000,105650.000000,265
2025-09-18 17:00,105650.000000,105660.000000,105540.000000,105640.000000,262
2025-09-18 17:15,105640.000000,105650.000000,105500.000000,105500.000000,178
2025-09-18 17:30,105500.000000,105500.000000,105110.000000,105190.000000,1123
2025-09-18 17:45,105180.000000,105180.000000,104900.000000,104950.000000,1031
2025-09-18 18:00,104920.000000,105030.000000,104740.000000,104950.000000,1225
2025-09-18 18:15,104950.000000,105200.000000,104850.000000,105130.000000,486
2025-09-18 18:30,105130.000000,105140.000000,105030.000000,105060.000000,206
2025-09-18 18:45,105070.000000,105140.000000,105050.000000,105140.000000,89
2025-09-18 19:00,105150.000000,105200.000000,105100.000000,105120.000000,251
2025-09-18 19:15,105120.000000,105160.000000,105100.000000,105100.000000,161
2025-09-18 19:30,105090.000000,105180.000000,105040.000000,105080.000000,161
2025-09-18 19:45,105090.000000,105140.000000,105090.000000,105120.000000,101
2025-09-18 20:00,105140.000000,105180.000000,105130.000000,105150.000000,216
2025-09-18 20:15,105150.000000,105180.000000,105110.000000,105130.000000,114
2025-09-18 20:30,105150.000000,105190.000000,105150.000000,105170.000000,146
2025-09-18 20:45,105170.000000,105330.000000,105170.000000,105210.000000,478
2025-09-19 05:45,105060.000000,105060.000000,105060.000000,105060.000000,5
2025-09-19 06:00,105050.000000,105280.000000,104930.000000,105150.000000,967
2025-09-19 06:15,105160.000000,105280.000000,105130.000000,105150.000000,694
2025-09-19 06:30,105150.000000,105300.000000,105050.000000,105290.000000,784
2025-09-19 06:45,105290.000000,105350.000000,105220.000000,105300.000000,786
2025-09-19 07:00,105290.000000,105690.000000,105280.000000,105460.000000,2225
2025-09-19 07:15,105470.000000,105600.000000,105260.000000,105570.000000,928
2025-09-19 07:30,105570.000000,105730.000000,105360.000000,105400.000000,1141
2025-09-19 07:45,105400.000000,105420.000000,105220.000000,105230.000000,942
2025-09-19 08:00,105240.000000,105250.000000,104900.000000,105010.000000,1940
2025-09-19 08:15,105010.000000,105040.000000,104670.000000,104880.000000,2206
2025-09-19 08:30,104870.000000,104870.000000,104520.000000,104630.000000,2107
2025-09-19 08:45,104620.000000,104620.000000,104090.000000,104160.000000,2771
2025-09-19 09:00,104170.000000,104230.000000,104000.000000,104050.000000,1504
2025-09-19 09:15,104100.000000,104310.000000,103860.000000,104250.000000,1914
2025-09-19 09:30,104250.000000,104350.000000,103970.000000,104030.000000,1059
2025-09-19 09:45,104050.000000,104210.000000,103880.000000,104150.000000,1031
2025-09-19 10:00,104180.000000,104350.000000,103880.000000,103900.000000,2177
2025-09-19 10:15,103900.000000,103910.000000,103610.000000,103670.000000,2432
2025-09-19 10:30,103680.000000,103680.000000,103280.000000,103430.000000,3201
2025-09-19 10:45,103420.000000,103610.000000,103360.000000,103490.000000,1233
2025-09-19 11:00,103440.000000,103750.000000,103360.000000,103740.000000,1060
2025-09-19 11:15,103740.000000,103820.000000,103540.000000,103570.000000,1278
2025-09-19 11:30,103570.000000,103740.000000,103540.000000,103540.000000,594
2025-09-19 11:45,103540.000000,104340.000000,103470.000000,104280.000000,4331
2025-09-19 12:00,104260.000000,104290.000000,103960.000000,103970.000000,2201
2025-09-19 12:15,103970.000000,104100.000000,103880.000000,104050.000000,862
2025-09-19 12:30,104090.000000,104210.000000,103870.000000,103880.000000,798
2025-09-19 12:45,103890.000000,104210.000000,103870.000000,104030.000000,776
2025-09-19 13:00,104040.000000,104330.000000,103980.000000,104240.000000,925
2025-09-19 13:15,104250.000000,104420.000000,104150.000000,104390.000000,1414
2025-09-19 13:30,104380.000000,104440.000000,104120.000000,104150.000000,840
2025-09-19 13:45,104180.000000,104240.000000,104060.000000,104140.000000,551
2025-09-19 14:00,104140.000000,104150.000000,103810.000000,103860.000000,1063
2025-09-19 14:15,103840.000000,103970.000000,103680.000000,103870.000000,1679
2025-09-19 14:30,103880.000000,104000.000000,103240.000000,103270.000000,3442
2025-09-19 14:45,103280.000000,103520.000000,103130.000000,103160.000000,1936
2025-09-19 15:00,103140.000000,103280.000000,102990.000000,102990.000000,1904
2025-09-19 15:15,102980.000000,103130.000000,102910.000000,103040.000000,2049
2025-09-19 15:30,103060.000000,103190.000000,102940.000000,102950.000000,1029
2025-09-19 15:45,102970.000000,103030.000000,102950.000000,103010.000000,351
2025-09-19 16:00,103070.000000,103240.000000,102600.000000,102760.000000,928
2025-09-19 16:15,102750.000000,102930.000000,102280.000000,102450.000000,1929
2025-09-19 16:30,102450.000000,102590.000000,102300.000000,102590.000000,1024
2025-09-19 16:45,102590.000000,102750.000000,102480.000000,102720.000000,695
2025-09-19 17:00,102720.000000,102740.000000,102510.000000,102710.000000,660
2025-09-19 17:15,102680.000000,102710.000000,102310.000000,102400.000000,612
2025-09-19 17:30,102410.000000,102770.000000,102370.000000,102670.000000,842
2025-09-19 17:45,102680.000000,102790.000000,102580.000000,102680.000000,826
2025-09-19 18:00,102670.000000,102830.000000,102620.000000,102790.000000,415
2025-09-19 18:15,102790.000000,102830.000000,102610.000000,102620.000000,332
2025-09-19 18:30,102640.000000,102670.000000,102420.000000,102500.000000,414
2025-09-19 18:45,102500.000000,102520.000000,102350.000000,102370.000000,464
2025-09-19 19:00,102370.000000,102420.000000,102310.000000,102360.000000,257
2025-09-19 19:15,102360.000000,102540.000000,102350.000000,102510.000000,267
2025-09-19 19:30,102510.000000,102560.000000,102410.000000,102510.000000,272
2025-09-19 19:45,102510.000000,102600.000000,102430.000000,102510.000000,411
2025-09-19 20:00,102510.000000,102610.000000,102360.000000,102360.000000,517
2025-09-19 20:15,102380.000000,102440.000000,102270.000000,102310.000000,604
2025-09-19 20:30,102320.000000,102420.000000,102280.000000,102370.000000,421
2025-09-19 20:45,102390.000000,102500.000000,102390.000000,102500.000000,407
2025-09-22 05:45,102700.000000,102700.000000,102700.000000,102700.000000,40
2025-09-22 06:00,102700.000000,102710.000000,102170.000000,102350.000000,1862
2025-09-22 06:15,102350.000000,102370.000000,102030.000000,102090.000000,1151
2025-09-22 06:30,102090.000000,102370.000000,102010.000000,102160.000000,1202
2025-09-22 06:45,102180.000000,102320.000000,101860.000000,102020.000000,1641
2025-09-22 07:00,102030.000000,102320.000000,101870.000000,102220.000000,2985
2025-09-22 07:15,102210.000000,102210.000000,101680.000000,101740.000000,2577
2025-09-22 07:30,101730.000000,101800.000000,101420.000000,101490.000000,2973
2025-09-22 07:45,101490.000000,101950.000000,101490.000000,101780.000000,2032
2025-09-22 08:00,101810.000000,102050.000000,101730.000000,101900.000000,1249
2025-09-22 08:15,101900.000000,102090.000000,101690.000000,101830.000000,1237
2025-09-22 08:30,101820.000000,101880.000000,101690.000000,101750.000000,988
2025-09-22 08:45,101780.000000,101900.000000,101590.000000,101880.000000,1537
2025-09-22 09:00,101880.000000,101890.000000,101480.000000,101610.000000,1266
2025-09-22 09:15,101620.000000,101840.000000,101620.000000,101750.000000,1118
2025-09-22 09:30,101770.000000,101930.000000,101600.000000,101800.000000,820
2025-09-22 09:45,101750.000000,101750.000000,101120.000000,101320.000000,3751
2025-09-22 10:00,101310.000000,101540.000000,101260.000000,101430.000000,1346
2025-09-22 10:15,101420.000000,101670.000000,101350.000000,101550.000000,1177
2025-09-22 10:30,101550.000000,101660.000000,101370.000000,101630.000000,1491
2025-09-22 10:45,101650.000000,101820.000000,101600.000000,101730.000000,1233
2025-09-22 11:00,101720.000000,101870.000000,101610.000000,101730.000000,1096
2025-09-22 11:15,101730.000000,102040.000000,101700.000000,101860.000000,2194
2025-09-22 11:30,101850.000000,101970.000000,101760.000000,101760.000000,773
2025-09-22 11:45,101790.000000,102770.000000,101450.000000,102290.000000,10267
2025-09-22 12:00,102290.000000,102750.000000,102260.000000,102300.000000,3695
2025-09-22 12:15,102300.000000,102500.000000,102070.000000,102100.000000,2550
2025-09-22 12:30,102110.000000,102220.000000,101930.000000,102130.000000,1373
2025-09-22 12:45,102130.000000,102280.000000,102020.000000,102070.000000,1094
2025-09-22 13:00,102100.000000,102100.000000,101830.000000,101960.000000,1045
2025-09-22 13:15,101960.000000,102010.000000,101870.000000,101970.000000,364
2025-09-22 13:30,101960.000000,102030.000000,101720.000000,101830.000000,869
2025-09-22 13:45,101830.000000,101880.000000,101630.000000,101690.000000,1558
2025-09-22 14:00,101700.000000,101910.000000,101660.000000,101860.000000,984
2025-09-22 14:15,101870.000000,102290.000000,101710.000000,102240.000000,1308
2025-09-22 14:30,102250.000000,102740.000000,102170.000000,102740.000000,3137
2025-09-22 14:45,102740.000000,103360.000000,102740.000000,103100.000000,5217
2025-09-22 15:00,103110.000000,103730.000000,103100.000000,103430.000000,5859
2025-09-22 15:15,103430.000000,103490.000000,102990.000000,103000.000000,2014
2025-09-22 15:30,103000.000000,103320.000000,102950.000000,103310.000000,1537
2025-09-22 15:45,103310.000000,103320.000000,103200.000000,103230.000000,197
2025-09-22 16:00,103270.000000,103560.000000,103040.000000,103250.000000,1907
2025-09-22 16:15,103260.000000,103300.000000,103030.000000,103100.000000,691
2025-09-22 16:30,103110.000000,103280.000000,103030.000000,103120.000000,391
2025-09-22 16:45,103160.000000,103170.000000,103050.000000,103130.000000,306
2025-09-22 17:00,103130.000000,103240.000000,103130.000000,103200.000000,259
2025-09-22 17:15,103200.000000,103200.000000,102860.000000,102940.000000,836
2025-09-22 17:30,102950.000000,103330.000000,102840.000000,103330.000000,968
2025-09-22 17:45,103300.000000,103670.000000,103270.000000,103370.000000,1368
2025-09-22 18:00,103370.000000,103750.000000,103370.000000,103500.000000,2407
2025-09-22 18:15,103500.000000,103590.000000,103430.000000,103430.000000,293
2025-09-22 18:30,103410.000000,103500.000000,103390.000000,103470.000000,360
2025-09-22 18:45,103480.000000,103610.000000,103450.000000,103530.000000,196
2025-09-22 19:00,103550.000000,103620.000000,103400.000000,103400.000000,238
2025-09-22 19:15,103430.000000,103460.000000,103340.000000,103340.000000,163
2025-09-22 19:30,103350.000000,103420.000000,103350.000000,103390.000000,91
2025-09-22 19:45,103370.000000,103480.000000,103330.000000,103340.000000,157
2025-09-22 20:00,103340.000000,103340.000000,103210.000000,103210.000000,249
2025-09-22 20:15,103210.000000,103490.000000,103200.000000,103390.000000,560
2025-09-22 20:30,103370.000000,103380.000000,103250.000000,103250.000000,357
2025-09-22 20:45,103250.000000,103260.000000,103130.000000,103160.000000,312
2025-09-23 05:45,103200.000000,103200.000000,103200.000000,103200.000000,3
2025-09-23 06:00,103180.000000,103380.000000,102770.000000,103270.000000,2228
2025-09-23 06:15,103290.000000,103380.000000,103080.000000,103380.000000,780
2025-09-23 06:30,103360.000000,103610.000000,103360.000000,103590.000000,1836
2025-09-23 06:45,103580.000000,104000.000000,103410.000000,103670.000000,2396
2025-09-23 07:00,103650.000000,103740.000000,103050.000000,103620.000000,4159
2025-09-23 07:15,103620.000000,103790.000000,103440.000000,103460.000000,2310
2025-09-23 07:30,103450.000000,103700.000000,103350.000000,103360.000000,1496
2025-09-23 07:45,103380.000000,103400.000000,103100.000000,103240.000000,1669
2025-09-23 08:00,103250.000000,103340.000000,103040.000000,103260.000000,2069
2025-09-23 08:15,103290.000000,103430.000000,103180.000000,103320.000000,1538
2025-09-23 08:30,103290.000000,103670.000000,103290.000000,103530.000000,1414
2025-09-23 08:45,103530.000000,103940.000000,103530.000000,103840.000000,1741
2025-09-23 09:00,103800.000000,104240.000000,103770.000000,103890.000000,3133
2025-09-23 09:15,103870.000000,104250.000000,103730.000000,104110.000000,1621
2025-09-23 09:30,104110.000000,104180.000000,103860.000000,103900.000000,1552
2025-09-23 09:45,103910.000000,104030.000000,103810.000000,103900.000000,759
2025-09-23 10:00,103900.000000,104000.000000,103540.000000,103670.000000,1391
2025-09-23 10:15,103670.000000,103670.000000,103240.000000,103340.000000,1128
2025-09-23 10:30,103330.000000,103330.000000,103140.000000,103330.000000,1307
2025-09-23 10:45,103310.000000,103410.000000,103170.000000,103290.000000,1104
2025-09-23 11:00,103280.000000,103690.000000,103280.000000,103690.000000,1019
2025-09-23 11:15,103670.000000,103710.000000,103510.000000,103570.000000,952
2025-09-23 11:30,103590.000000,103690.000000,103440.000000,103520.000000,772
2025-09-23 11:45,103510.000000,103560.000000,103450.000000,103540.000000,318
2025-09-23 12:00,103530.000000,103760.000000,103510.000000,103520.000000,1043
2025-09-23 12:15,103510.000000,103510.000000,103220.000000,103430.000000,1136
2025-09-23 12:30,103430.000000,103440.000000,103180.000000,103370.000000,605
2025-09-23 12:45,103340.000000,103350.000000,103250.000000,103320.000000,319
2025-09-23 13:00,103340.000000,103490.000000,103320.000000,103430.000000,467
2025-09-23 13:15,103440.000000,103890.000000,103420.000000,103760.000000,2054
2025-09-23 13:30,103760.000000,103810.000000,103620.000000,103680.000000,1616
2025-09-23 13:45,103680.000000,103700.000000,103470.000000,103580.000000,813
2025-09-23 14:00,103590.000000,103790.000000,103550.000000,103720.000000,1254
2025-09-23 14:15,103740.000000,103800.000000,103410.000000,103410.000000,1086
2025-09-23 14:30,103410.000000,103420.000000,103200.000000,103220.000000,1355
2025-09-23 14:45,103220.000000,103440.000000,103210.000000,103420.000000,618
2025-09-23 15:00,103410.000000,103580.000000,103410.000000,103460.000000,981
2025-09-23 15:15,103460.000000,103590.000000,103340.000000,103510.000000,611
2025-09-23 15:30,103500.000000,103530.000000,103310.000000,103330.000000,463
2025-09-23 15:45,103340.000000,103400.000000,103310.000000,103320.000000,261
2025-09-23 16:00,103230.000000,103430.000000,103200.000000,103250.000000,349
2025-09-23 16:15,103280.000000,103290.000000,102970.000000,103130.000000,1144
2025-09-23 16:30,103130.000000,103170.000000,102900.000000,103010.000000,783
2025-09-23 16:45,103020.000000,103130.000000,102960.000000,102960.000000,419
2025-09-23 17:00,102950.000000,103110.000000,102910.000000,103050.000000,314
2025-09-23 17:15,103070.000000,103130.000000,102930.000000,103130.000000,283
2025-09-23 17:30,103120.000000,103120.000000,102710.000000,102850.000000,1417
2025-09-23 17:45,102840.000000,102920.000000,102580.000000,102590.000000,851
2025-09-23 18:00,102580.000000,102660.000000,102530.000000,102580.000000,743
2025-09-23 18:15,102590.000000,102810.000000,102590.000000,102790.000000,352
2025-09-23 18:30,102790.000000,102820.000000,102660.000000,102670.000000,180
2025-09-23 18:45,102680.000000,102840.000000,101690.000000,101930.000000,2470
2025-09-23 19:00,101930.000000,101930.000000,100560.000000,100720.000000,10687
2025-09-23 19:15,100720.000000,101240.000000,100560.000000,100870.000000,4116
2025-09-23 19:30,100870.000000,101090.000000,100450.000000,100500.000000,2326
2025-09-23 19:45,100490.000000,100780.000000,100120.000000,100130.000000,2159
2025-09-23 20:00,100130.000000,100500.000000,100110.000000,100400.000000,2561
2025-09-23 20:15,100390.000000,100710.000000,100150.000000,100670.000000,2213
2025-09-23 20:30,100670.000000,100870.000000,100580.000000,100640.000000,1177
2025-09-23 20:45,100640.000000,100780.000000,100580.000000,100600.000000,391
2025-09-24 05:45,100550.000000,100550.000000,100550.000000,100550.000000,27
2025-09-24 06:00,100600.000000,100770.000000,99740.000000,100040.000000,5539
2025-09-24 06:15,100030.000000,100160.000000,99690.000000,100110.000000,3043
2025-09-24 06:30,100120.000000,100480.000000,100100.000000,100130.000000,2278
2025-09-24 06:45,100120.000000,100330.000000,99850.000000,99950.000000,3536
2025-09-24 07:00,99950.000000,100260.000000,99480.000000,100260.000000,9199
2025-09-24 07:15,100260.000000,100710.000000,100100.000000,100490.000000,5435
2025-09-24 07:30,100500.000000,100800.000000,100420.000000,100750.000000,2565
2025-09-24 07:45,100760.000000,101640.000000,100530.000000,101060.000000,4842
2025-09-24 08:00,101050.000000,101160.000000,100800.000000,100980.000000,2968
2025-09-24 08:15,100980.000000,101770.000000,100980.000000,101430.000000,5659
2025-09-24 08:30,101430.000000,101610.000000,101350.000000,101480.000000,1833
2025-09-24 08:45,101490.000000,101720.000000,101340.000000,101690.000000,1871
2025-09-24 09:00,101680.000000,101760.000000,101430.000000,101560.000000,1700
2025-09-24 09:15,101570.000000,101990.000000,101490.000000,101560.000000,3285
2025-09-24 09:30,101560.000000,101840.000000,101530.000000,101830.000000,1100
2025-09-24 09:45,101830.000000,101930.000000,101640.000000,101830.000000,1476
2025-09-24 10:00,101820.000000,101900.000000,101570.000000,101610.000000,1357
2025-09-24 10:15,101590.000000,101790.000000,101530.000000,101720.000000,1591
2025-09-24 10:30,101730.000000,102190.000000,101690.000000,102110.000000,3216
2025-09-24 10:45,102120.000000,102180.000000,101920.000000,101990.000000,1133
2025-09-24 11:00,102000.000000,102120.000000,101910.000000,102020.000000,943
2025-09-24 11:15,102000.000000,102270.000000,101970.000000,102260.000000,2611
2025-09-24 11:30,102270.000000,102440.000000,102220.000000,102300.000000,1765
2025-09-24 11:45,102280.000000,102750.000000,102260.000000,102670.000000,3429
2025-09-24 12:00,102660.000000,102940.000000,102640.000000,102820.000000,2463
2025-09-24 12:15,102820.000000,102920.000000,102480.000000,102640.000000,2541
2025-09-24 12:30,102640.000000,103160.000000,102640.000000,102880.000000,3410
2025-09-24 12:45,102870.000000,102990.000000,102740.000000,102890.000000,1396
2025-09-24 13:00,102900.000000,103380.000000,102560.000000,103110.000000,5163
2025-09-24 13:15,103110.000000,103290.000000,103060.000000,103150.000000,1929
2025-09-24 13:30,103160.000000,103210.000000,102940.000000,103170.000000,1711
2025-09-24 13:45,103180.000000,103350.000000,103050.000000,103320.000000,1831
2025-09-24 14:00,103310.000000,103360.000000,102980.000000,103040.000000,1759
2025-09-24 14:15,103050.000000,103150.000000,102490.000000,102560.000000,3712
2025-09-24 14:30,102560.000000,102740.000000,102400.000000,102440.000000,2764
2025-09-24 14:45,102440.000000,102910.000000,102430.000000,102690.000000,2000
2025-09-24 15:00,102710.000000,102940.000000,102500.000000,102520.000000,1489
2025-09-24 15:15,102520.000000,102890.000000,102500.000000,102650.000000,1251
2025-09-24 15:30,102660.000000,102670.000000,102420.000000,102440.000000,1457
2025-09-24 15:45,102440.000000,102550.000000,102440.000000,102480.000000,187
2025-09-24 16:00,102560.000000,102560.000000,102330.000000,102350.000000,629
2025-09-24 16:15,102350.000000,102350.000000,102110.000000,102220.000000,1728
2025-09-24 16:30,102220.000000,102440.000000,102210.000000,102220.000000,1249
2025-09-24 16:45,102240.000000,102760.000000,102220.000000,102750.000000,2052
2025-09-24 17:00,102740.000000,103010.000000,102720.000000,102830.000000,1920
2025-09-24 17:15,102810.000000,102950.000000,102600.000000,102700.000000,1166
2025-09-24 17:30,102680.000000,102750.000000,102550.000000,102650.000000,450
2025-09-24 17:45,102640.000000,102710.000000,102580.000000,102580.000000,200
2025-09-24 18:00,102570.000000,102740.000000,102540.000000,102720.000000,412
2025-09-24 18:15,102720.000000,102860.000000,102680.000000,102810.000000,347
2025-09-24 18:30,102820.000000,102880.000000,102660.000000,102750.000000,356
2025-09-24 18:45,102750.000000,102760.000000,102440.000000,102570.000000,650
2025-09-24 19:00,102580.000000,102630.000000,102520.000000,102550.000000,204
2025-09-24 19:15,102570.000000,102620.000000,102520.000000,102600.000000,79
2025-09-24 19:30,102600.000000,102620.000000,102520.000000,102610.000000,268
2025-09-24 19:45,102610.000000,102680.000000,102560.000000,102670.000000,130
2025-09-24 20:00,102660.000000,102700.000000,102550.000000,102550.000000,261
2025-09-24 20:15,102540.000000,102670.000000,102500.000000,102580.000000,300
2025-09-24 20:30,102580.000000,102720.000000,102560.000000,102720.000000,254
2025-09-24 20:45,102730.000000,102730.000000,102560.000000,102720.000000,267
2025-09-25 05:45,102940.000000,102940.000000,102940.000000,102940.000000,85
2025-09-25 06:00,102910.000000,102910.000000,102550.000000,102550.000000,1867
2025-09-25 06:15,102560.000000,102810.000000,102470.000000,102790.000000,674
2025-09-25 06:30,102790.000000,103000.000000,102790.000000,102990.000000,1131
2025-09-25 06:45,102980.000000,103190.000000,102880.000000,103160.000000,1153
2025-09-25 07:00,103160.000000,103170.000000,102880.000000,102980.000000,2400
2025-09-25 07:15,102970.000000,102970.000000,102410.000000,102420.000000,2256
2025-09-25 07:30,102410.000000,102420.000000,102040.000000,102240.000000,4482
2025-09-25 07:45,102250.000000,102260.000000,102090.000000,102220.000000,1847
2025-09-25 08:00,102210.000000,102300.000000,101870.000000,102030.000000,2387
2025-09-25 08:15,102020.000000,102150.000000,101970.000000,102140.000000,1006
2025-09-25 08:30,102120.000000,102630.000000,102100.000000,102520.000000,2850
2025-09-25 08:45,102520.000000,102530.000000,102220.000000,102420.000000,1435
2025-09-25 09:00,102390.000000,102400.000000,102110.000000,102180.000000,920
2025-09-25 09:15,102190.000000,102630.000000,102170.000000,102570.000000,1500
2025-09-25 09:30,102590.000000,102590.000000,102320.000000,102430.000000,803
2025-09-25 09:45,102440.000000,102580.000000,102340.000000,102420.000000,598
2025-09-25 10:00,102440.000000,102500.000000,102220.000000,102240.000000,626
2025-09-25 10:15,102240.000000,102250.000000,101980.000000,102150.000000,1624
2025-09-25 10:30,102140.000000,102160.000000,101780.000000,101910.000000,1880
2025-09-25 10:45,101910.000000,102030.000000,101870.000000,101900.000000,738
2025-09-25 11:00,101900.000000,101960.000000,101720.000000,101850.000000,920
2025-09-25 11:15,101860.000000,102150.000000,101840.000000,101990.000000,1024
2025-09-25 11:30,101970.000000,102070.000000,101920.000000,102000.000000,408
2025-09-25 11:45,101990.000000,102240.000000,101990.000000,102090.000000,850
2025-09-25 12:00,102110.000000,102190.000000,102020.000000,102190.000000,455
2025-09-25 12:15,102180.000000,102180.000000,101960.000000,102040.000000,505
2025-09-25 12:30,102030.000000,102060.000000,101800.000000,101940.000000,787
2025-09-25 12:45,101920.000000,101930.000000,101660.000000,101820.000000,770
2025-09-25 13:00,101810.000000,102070.000000,101800.000000,102000.000000,1341
2025-09-25 13:15,102010.000000,102010.000000,101880.000000,101920.000000,372
2025-09-25 13:30,101930.000000,102000.000000,101530.000000,101590.000000,1783
2025-09-25 13:45,101580.000000,101810.000000,101500.000000,101570.000000,1096
2025-09-25 14:00,101560.000000,101690.000000,101350.000000,101400.000000,1272
2025-09-25 14:15,101400.000000,101600.000000,101380.000000,101520.000000,1885
2025-09-25 14:30,101520.000000,101640.000000,101490.000000,101550.000000,1066
2025-09-25 14:45,101540.000000,101600.000000,101370.000000,101370.000000,878
2025-09-25 15:00,101370.000000,101490.000000,101220.000000,101370.000000,1462
2025-09-25 15:15,101330.000000,101340.000000,100940.000000,100980.000000,2737
2025-09-25 15:30,100980.000000,101090.000000,100810.000000,101050.000000,2873
2025-09-25 15:45,101060.000000,101120.000000,100840.000000,100840.000000,705
2025-09-25 16:00,101010.000000,101160.000000,100840.000000,101140.000000,1167
2025-09-25 16:15,101140.000000,101230.000000,100670.000000,100890.000000,2742
2025-09-25 16:30,100900.000000,101160.000000,100850.000000,101110.000000,957
2025-09-25 16:45,101110.000000,101310.000000,100960.000000,101310.000000,1284
2025-09-25 17:00,101310.000000,101410.000000,101220.000000,101280.000000,1061
2025-09-25 17:15,101290.000000,101330.000000,100940.000000,101090.000000,629
2025-09-25 17:30,101070.000000,101180.000000,101060.000000,101110.000000,223
2025-09-25 17:45,101130.000000,101150.000000,101030.000000,101030.000000,151
2025-09-25 18:00,101030.000000,101040.000000,100920.000000,100960.000000,398
2025-09-25 18:15,100980.000000,101120.000000,100960.000000,100960.000000,283
2025-09-25 18:30,100970.000000,100990.000000,100840.000000,100870.000000,302
2025-09-25 18:45,100910.000000,101090.000000,100910.000000,101030.000000,186
2025-09-25 19:00,101010.000000,101080.000000,100950.000000,101080.000000,122
2025-09-25 19:15,101070.000000,101240.000000,101070.000000,101240.000000,175
2025-09-25 19:30,101230.000000,101240.000000,101150.000000,101200.000000,272
2025-09-25 19:45,101180.000000,101190.000000,101100.000000,101100.000000,101
2025-09-25 20:00,101100.000000,101220.000000,101040.000000,101050.000000,271
2025-09-25 20:15,101060.000000,101070.000000,100990.000000,101050.000000,136
2025-09-25 20:30,101060.000000,101210.000000,101060.000000,101210.000000,333
2025-09-25 20:45,101210.000000,101270.000000,101210.000000,101270.000000,161
2025-09-26 05:45,101040.000000,101040.000000,101040.000000,101040.000000,34
2025-09-26 06:00,101060.000000,101270.000000,100850.000000,101270.000000,1389
2025-09-26 06:15,101280.000000,101310.000000,101090.000000,101250.000000,592
2025-09-26 06:30,101250.000000,101270.000000,101150.000000,101190.000000,233
2025-09-26 06:45,101190.000000,101320.000000,101140.000000,101140.000000,382
2025-09-26 07:00,101130.000000,101320.000000,101010.000000,101140.000000,1474
2025-09-26 07:15,101140.000000,101240.000000,100730.000000,100920.000000,2499
2025-09-26 07:30,100980.000000,101050.000000,100830.000000,100890.000000,1781
2025-09-26 07:45,100880.000000,101010.000000,100750.000000,100820.000000,1344
2025-09-26 08:00,100830.000000,101200.000000,100830.000000,100970.000000,1977
2025-09-26 08:15,100970.000000,101030.000000,100860.000000,100910.000000,826
2025-09-26 08:30,100900.000000,101080.000000,100820.000000,101080.000000,1298
2025-09-26 08:45,101080.000000,101180.000000,100910.000000,100940.000000,1623
2025-09-26 09:00,100910.000000,101050.000000,100880.000000,101030.000000,920
2025-09-26 09:15,101040.000000,101360.000000,101040.000000,101210.000000,2379
2025-09-26 09:30,101220.000000,101800.000000,101220.000000,101770.000000,2650
2025-09-26 09:45,101780.000000,102120.000000,101780.000000,102050.000000,3075
2025-09-26 10:00,102060.000000,102120.000000,101900.000000,102020.000000,2026
2025-09-26 10:15,102020.000000,102380.000000,101990.000000,102240.000000,3754
2025-09-26 10:30,102240.000000,102270.000000,101970.000000,102100.000000,1413
2025-09-26 10:45,102120.000000,102260.000000,102070.000000,102180.000000,1228
2025-09-26 11:00,102150.000000,102220.000000,101860.000000,101880.000000,974
2025-09-26 11:15,101890.000000,101940.000000,101760.000000,101800.000000,1215
2025-09-26 11:30,101800.000000,101940.000000,101660.000000,101720.000000,900
2025-09-26 11:45,101720.000000,101790.000000,101600.000000,101770.000000,988
2025-09-26 12:00,101770.000000,101790.000000,101610.000000,101640.000000,692
2025-09-26 12:15,101640.000000,101720.000000,101450.000000,101520.000000,785
2025-09-26 12:30,101520.000000,101650.000000,101480.000000,101550.000000,843
2025-09-26 12:45,101560.000000,101810.000000,101450.000000,101760.000000,1059
2025-09-26 13:00,101770.000000,102020.000000,101680.000000,101810.000000,1361
2025-09-26 13:15,101810.000000,101840.000000,101590.000000,101740.000000,858
2025-09-26 13:30,101750.000000,101790.000000,101650.000000,101730.000000,391
2025-09-26 13:45,101740.000000,101750.000000,101420.000000,101530.000000,1518
2025-09-26 14:00,101540.000000,101750.000000,101460.000000,101560.000000,1201
2025-09-26 14:15,101560.000000,101870.000000,101500.000000,101740.000000,1445
2025-09-26 14:30,101750.000000,102170.000000,101740.000000,102100.000000,1918
2025-09-26 14:45,102100.000000,102750.000000,102030.000000,102730.000000,3275
2025-09-26 15:00,102730.000000,103050.000000,102590.000000,102670.000000,5346
2025-09-26 15:15,102670.000000,102890.000000,102520.000000,102870.000000,1303
2025-09-26 15:30,102880.000000,103410.000000,102880.000000,103330.000000,4713
2025-09-26 15:45,103340.000000,103390.000000,103240.000000,103360.000000,581
2025-09-26 16:00,103260.000000,103660.000000,103230.000000,103360.000000,2054
2025-09-26 16:15,103370.000000,103380.000000,103020.000000,103270.000000,1815
2025-09-26 16:30,103240.000000,103300.000000,103080.000000,103290.000000,791
2025-09-26 16:45,103290.000000,103600.000000,103280.000000,103500.000000,1134
2025-09-26 17:00,103510.000000,103540.000000,103220.000000,103250.000000,512
2025-09-26 17:15,103250.000000,103380.000000,103210.000000,103300.000000,315
2025-09-26 17:30,103280.000000,103290.000000,103170.000000,103230.000000,232
2025-09-26 17:45,103230.000000,103450.000000,103230.000000,103330.000000,259
2025-09-26 18:00,103330.000000,103450.000000,103300.000000,103440.000000,431
2025-09-26 18:15,103440.000000,103590.000000,103410.000000,103490.000000,557
2025-09-26 18:30,103500.000000,103540.000000,103420.000000,103500.000000,103
2025-09-26 18:45,103500.000000,103500.000000,102990.000000,103240.000000,1015
2025-09-26 19:00,103240.000000,103280.000000,103140.000000,103160.000000,144
2025-09-26 19:15,103180.000000,103250.000000,103140.000000,103230.000000,159
2025-09-26 19:30,103220.000000,103280.000000,103150.000000,103200.000000,199
2025-09-26 19:45,103230.000000,103270.000000,103090.000000,103160.000000,204
2025-09-26 20:00,103150.000000,103210.000000,103100.000000,103170.000000,173
2025-09-26 20:15,103170.000000,103170.000000,103090.000000,103120.000000,197
2025-09-26 20:30,103140.000000,103140.000000,103060.000000,103070.000000,242
2025-09-26 20:45,103070.000000,103070.000000,102820.000000,102890.000000,553
2025-09-27 06:45,103080.000000,103080.000000,103080.000000,103080.000000,2
2025-09-27 07:00,103080.000000,103080.000000,102670.000000,102860.000000,168
2025-09-27 07:15,102870.000000,102890.000000,102830.000000,102870.000000,23
2025-09-27 07:30,102870.000000,102920.000000,102820.000000,102880.000000,56
2025-09-27 07:30,102870.000000,102920.000000,102820.000000,102880.000000,56
2025-09-27 07:45,102880.000000,102910.000000,102860.000000,102900.000000,22
2025-09-27 08:00,102880.000000,102940.000000,102870.000000,102940.000000,62
2025-09-27 08:15,102950.000000,102960.000000,102940.000000,102950.000000,14
2025-09-27 08:30,102940.000000,102990.000000,102940.000000,102990.000000,14
2025-09-27 08:45,102950.000000,102950.000000,102930.000000,102930.000000,9
2025-09-27 09:00,102930.000000,102930.000000,102830.000000,102830.000000,51
2025-09-27 09:30,102860.000000,102860.000000,102830.000000,102860.000000,48
2025-09-27 09:45,102860.000000,102890.000000,102850.000000,102890.000000,63
2025-09-27 10:00,102870.000000,102890.000000,102870.000000,102890.000000,100
2025-09-27 10:15,102890.000000,102940.000000,102890.000000,102940.000000,86
2025-09-27 10:30,102930.000000,102940.000000,102880.000000,102900.000000,20
2025-09-27 10:45,102910.000000,102920.000000,102910.000000,102910.000000,13
2025-09-27 11:00,102940.000000,102970.000000,102910.000000,102970.000000,30
2025-09-27 11:15,102970.000000,103300.000000,102950.000000,103160.000000,193
2025-09-27 11:30,103140.000000,103160.000000,103110.000000,103150.000000,90
2025-09-27 11:45,103120.000000,103130.000000,102830.000000,102990.000000,303
2025-09-27 12:15,103050.000000,103130.000000,103010.000000,103130.000000,81
2025-09-27 12:30,103110.000000,103250.000000,103110.000000,103250.000000,81
2025-09-27 12:45,103240.000000,103340.000000,103150.000000,103260.000000,109
2025-09-27 13:00,103250.000000,103310.000000,103240.000000,103240.000000,25
2025-09-27 13:15,103210.000000,103210.000000,103170.000000,103170.000000,26
2025-09-27 13:30,103160.000000,103160.000000,103150.000000,103150.000000,21
2025-09-27 13:45,103180.000000,103230.000000,103180.000000,103230.000000,29
2025-09-27 14:00,103220.000000,103240.000000,103150.000000,103230.000000,39
2025-09-27 14:15,103230.000000,103380.000000,103230.000000,103280.000000,110
2025-09-27 14:30,103270.000000,103460.000000,103260.000000,103300.000000,76
2025-09-27 14:45,103290.000000,103350.000000,103290.000000,103350.000000,18
2025-09-27 15:00,103350.000000,103350.000000,103290.000000,103290.000000,8
2025-09-27 15:15,103260.000000,103260.000000,103220.000000,103220.000000,8
2025-09-27 15:30,103220.000000,103330.000000,103220.000000,103250.000000,18
2025-09-27 15:45,103270.000000,103270.000000,103270.000000,103270.000000,1
2025-09-28 07:30,103310.000000,103310.000000,103130.000000,103160.000000,29
2025-09-28 07:45,103140.000000,103200.000000,102920.000000,102980.000000,171
2025-09-28 08:00,102970.000000,103050.000000,102950.000000,103050.000000,17
2025-09-28 08:15,103060.000000,103060.000000,102920.000000,102950.000000,43
2025-09-28 08:30,103010.000000,103050.000000,102980.000000,103020.000000,19
2025-09-28 08:45,102990.000000,103100.000000,102980.000000,103100.000000,32
2025-09-28 09:00,103030.000000,103090.000000,103020.000000,103020.000000,7
2025-09-28 09:15,103020.000000,103020.000000,103010.000000,103010.000000,33
2025-09-28 09:30,103010.000000,103010.000000,102720.000000,102970.000000,344
2025-09-28 09:45,102990.000000,102990.000000,102970.000000,102970.000000,3
2025-09-28 10:15,102970.000000,102970.000000,102960.000000,102960.000000,18
2025-09-28 10:30,102950.000000,102950.000000,102940.000000,102940.000000,22
2025-09-28 10:45,102970.000000,102990.000000,102970.000000,102970.000000,9
2025-09-28 11:00,102980.000000,102980.000000,102980.000000,102980.000000,3
2025-09-28 11:15,102970.000000,102970.000000,102960.000000,102960.000000,3
2025-09-28 11:30,102950.000000,102950.000000,102900.000000,102950.000000,44
2025-09-28 11:45,102950.000000,102970.000000,102920.000000,102950.000000,50
2025-09-28 12:00,102970.000000,102970.000000,102970.000000,102970.000000,7
2025-09-28 12:15,102980.000000,103000.000000,102850.000000,102990.000000,45
2025-09-28 12:30,103000.000000,103020.000000,103000.000000,103020.000000,59
2025-09-28 12:45,103030.000000,103080.000000,103020.000000,103080.000000,26
2025-09-28 13:00,103080.000000,103100.000000,103080.000000,103090.000000,16
2025-09-28 13:15,103070.000000,103100.000000,103070.000000,103100.000000,31
2025-09-28 13:30,103050.000000,103080.000000,103050.000000,103080.000000,3
2025-09-28 13:45,103080.000000,103080.000000,103080.000000,103080.000000,1
2025-09-28 14:00,103080.000000,103100.000000,103050.000000,103060.000000,14
2025-09-28 14:15,103050.000000,103050.000000,103010.000000,103010.000000,15
2025-09-28 14:30,103050.000000,103070.000000,102980.000000,103040.000000,14
2025-09-28 14:45,103000.000000,103000.000000,102930.000000,102950.000000,26
2025-09-28 15:00,102920.000000,102920.000000,102760.000000,102830.000000,77
2025-09-28 15:15,102820.000000,102900.000000,102790.000000,102900.000000,15
2025-09-28 15:30,102880.000000,102880.000000,102880.000000,102880.000000,8
2025-09-28 15:45,102810.000000,102900.000000,102810.000000,102900.000000,6
2025-09-29 05:45,102790.000000,102790.000000,102790.000000,102790.000000,8
2025-09-29 06:00,102780.000000,102810.000000,102370.000000,102660.000000,2157
2025-09-29 06:15,102660.000000,102690.000000,102590.000000,102690.000000,409
2025-09-29 06:30,102690.000000,102720.000000,102530.000000,102570.000000,411
2025-09-29 06:45,102560.000000,102560.000000,102320.000000,102500.000000,1158
2025-09-29 07:00,102480.000000,102970.000000,102340.000000,102900.000000,3003
2025-09-29 07:15,102910.000000,102970.000000,102710.000000,102840.000000,1030
2025-09-29 07:30,102820.000000,103350.000000,102810.000000,103340.000000,3137
2025-09-29 07:45,103340.000000,103690.000000,103330.000000,103640.000000,3835
2025-09-29 08:00,103640.000000,103900.000000,103620.000000,103680.000000,2313
2025-09-29 08:15,103690.000000,103940.000000,103510.000000,103870.000000,2204
2025-09-29 08:30,103860.000000,104000.000000,103760.000000,103760.000000,1014
2025-09-29 08:45,103770.000000,103850.000000,103680.000000,103850.000000,784
2025-09-29 09:00,103840.000000,104440.000000,103810.000000,104230.000000,2881
2025-09-29 09:15,104230.000000,104260.000000,104060.000000,104100.000000,1328
2025-09-29 09:30,104090.000000,104150.000000,103980.000000,104150.000000,901
2025-09-29 09:45,104150.000000,104200.000000,103870.000000,103940.000000,1101
2025-09-29 10:00,103950.000000,104090.000000,103830.000000,103890.000000,1049
2025-09-29 10:15,103890.000000,104100.000000,103890.000000,103980.000000,614
2025-09-29 10:30,103990.000000,104100.000000,103930.000000,103960.000000,549
2025-09-29 10:45,103960.000000,104180.000000,103920.000000,104050.000000,917
2025-09-29 11:00,104050.000000,104190.000000,104050.000000,104150.000000,412
2025-09-29 11:15,104160.000000,104350.000000,104050.000000,104150.000000,1475
2025-09-29 11:30,104140.000000,104210.000000,103900.000000,104020.000000,830
2025-09-29 11:45,104040.000000,104130.000000,104000.000000,104070.000000,609
2025-09-29 12:00,104100.000000,104180.000000,103780.000000,103840.000000,1547
2025-09-29 12:15,103860.000000,104040.000000,103820.000000,103870.000000,614
2025-09-29 12:30,103890.000000,104020.000000,103850.000000,103920.000000,493
2025-09-29 12:45,103910.000000,104000.000000,103740.000000,103770.000000,931
2025-09-29 13:00,103780.000000,103980.000000,103760.000000,103760.000000,643
2025-09-29 13:15,103760.000000,103880.000000,103700.000000,103800.000000,854
2025-09-29 13:30,103810.000000,103900.000000,103420.000000,103510.000000,1968
2025-09-29 13:45,103500.000000,103550.000000,103270.000000,103460.000000,1333
2025-09-29 14:00,103460.000000,103560.000000,103310.000000,103460.000000,1271
2025-09-29 14:15,103460.000000,103530.000000,103280.000000,103500.000000,1080
2025-09-29 14:30,103500.000000,103570.000000,103350.000000,103490.000000,775
2025-09-29 14:45,103480.000000,103540.000000,103300.000000,103320.000000,758
2025-09-29 15:00,103320.000000,103320.000000,102880.000000,103070.000000,3219
2025-09-29 15:15,103070.000000,103070.000000,102100.000000,102360.000000,7004
2025-09-29 15:30,102340.000000,102340.000000,101700.000000,101750.000000,8697
2025-09-29 15:45,101750.000000,101850.000000,101520.000000,101800.000000,1447
2025-09-29 16:00,101790.000000,102180.000000,101510.000000,101650.000000,1896
2025-09-29 16:15,101640.000000,101940.000000,101570.000000,101870.000000,1619
2025-09-29 16:30,101870.000000,101980.000000,101710.000000,101910.000000,666
2025-09-29 16:45,101920.000000,101960.000000,101660.000000,101780.000000,851
2025-09-29 17:00,101780.000000,101780.000000,101530.000000,101680.000000,897
2025-09-29 17:15,101670.000000,101940.000000,101550.000000,101850.000000,554
2025-09-29 17:30,101860.000000,102050.000000,101790.000000,101970.000000,971
2025-09-29 17:45,101950.000000,101950.000000,101800.000000,101860.000000,189
2025-09-29 18:00,101860.000000,101920.000000,101700.000000,101710.000000,470
2025-09-29 18:15,101710.000000,101710.000000,101270.000000,101530.000000,1725
2025-09-29 18:30,101530.000000,101660.000000,101410.000000,101600.000000,386
2025-09-29 18:45,101570.000000,101660.000000,101460.000000,101600.000000,274
2025-09-29 19:00,101610.000000,101620.000000,101460.000000,101470.000000,292
2025-09-29 19:15,101510.000000,101570.000000,101460.000000,101510.000000,316
2025-09-29 19:30,101500.000000,101770.000000,101500.000000,101700.000000,536
2025-09-29 19:45,101740.000000,101780.000000,101630.000000,101650.000000,124
2025-09-29 20:00,101650.000000,101790.000000,101650.000000,101770.000000,202
2025-09-29 20:15,101760.000000,101900.000000,101760.000000,101810.000000,464
2025-09-29 20:30,101820.000000,101870.000000,101760.000000,101860.000000,569
2025-09-29 20:45,101850.000000,101950.000000,101750.000000,101750.000000,454
2025-09-30 05:45,102190.000000,102190.000000,101970.000000,101970.000000,62
2025-09-30 06:00,102020.000000,102120.000000,101530.000000,101570.000000,1855
2025-09-30 06:15,101600.000000,102100.000000,101570.000000,101980.000000,1329
2025-09-30 06:30,101990.000000,102040.000000,101830.000000,101840.000000,474
2025-09-30 06:45,101820.000000,101920.000000,101680.000000,101900.000000,653
2025-09-30 07:00,101870.000000,101870.000000,100990.000000,101030.000000,3693
2025-09-30 07:15,101030.000000,101330.000000,100830.000000,101050.000000,3754
2025-09-30 07:30,101040.000000,101800.000000,100930.000000,101670.000000,3214
2025-09-30 07:45,101680.000000,101960.000000,101460.000000,101750.000000,2513
2025-09-30 08:00,101740.000000,101760.000000,101460.000000,101760.000000,1654
2025-09-30 08:15,101740.000000,101780.000000,101460.000000,101670.000000,1137
2025-09-30 08:30,101670.000000,101700.000000,101360.000000,101540.000000,1772
2025-09-30 08:45,101550.000000,101890.000000,101550.000000,101680.000000,1327
2025-09-30 09:00,101680.000000,101850.000000,101540.000000,101830.000000,1720
2025-09-30 09:15,101820.000000,101950.000000,101360.000000,101430.000000,2820
2025-09-30 09:30,101430.000000,101530.000000,101010.000000,101270.000000,2503
2025-09-30 09:45,101280.000000,101800.000000,101280.000000,101750.000000,2117
2025-09-30 10:00,101760.000000,102090.000000,101610.000000,101980.000000,2511
2025-09-30 10:15,102000.000000,102930.000000,102000.000000,102090.000000,6212
2025-09-30 10:30,102100.000000,102130.000000,101760.000000,101900.000000,1983
2025-09-30 10:45,101890.000000,102550.000000,101870.000000,102480.000000,2602
2025-09-30 11:00,102470.000000,102730.000000,102430.000000,102620.000000,1494
2025-09-30 11:15,102640.000000,102770.000000,102370.000000,102540.000000,2399
2025-09-30 11:30,102540.000000,102790.000000,102500.000000,102550.000000,1473
2025-09-30 11:45,102520.000000,102650.000000,101920.000000,101920.000000,2349
2025-09-30 12:00,101930.000000,102280.000000,101830.000000,102060.000000,2097
2025-09-30 12:15,102060.000000,102510.000000,102060.000000,102510.000000,2187
2025-09-30 12:30,102500.000000,102650.000000,102290.000000,102410.000000,1669
2025-09-30 12:45,102420.000000,102620.000000,102300.000000,102510.000000,860
2025-09-30 13:00,102520.000000,102870.000000,102470.000000,102580.000000,2223
2025-09-30 13:15,102630.000000,102760.000000,102440.000000,102690.000000,1005
2025-09-30 13:30,102700.000000,103210.000000,102680.000000,102990.000000,3813
2025-09-30 13:45,103000.000000,103650.000000,102970.000000,103620.000000,4206
2025-09-30 14:00,103610.000000,103830.000000,103280.000000,103470.000000,4470
2025-09-30 14:15,103480.000000,103540.000000,103350.000000,103400.000000,1286
2025-09-30 14:30,103410.000000,103560.000000,103220.000000,103290.000000,1420
2025-09-30 14:45,103300.000000,103580.000000,103280.000000,103480.000000,1011
2025-09-30 15:00,103490.000000,103800.000000,103430.000000,103770.000000,1580
2025-09-30 15:15,103770.000000,103960.000000,103550.000000,103620.000000,2071
2025-09-30 15:30,103610.000000,103750.000000,103320.000000,103480.000000,1483
2025-09-30 15:45,103480.000000,103480.000000,103400.000000,103440.000000,144
2025-09-30 16:00,103450.000000,103670.000000,103270.000000,103510.000000,907
2025-09-30 16:15,103510.000000,103630.000000,103350.000000,103450.000000,448
2025-09-30 16:30,103470.000000,103580.000000,103260.000000,103330.000000,413
2025-09-30 16:45,103330.000000,103330.000000,102970.000000,103010.000000,1193
2025-09-30 17:00,103020.000000,103030.000000,102680.000000,102830.000000,2414
2025-09-30 17:15,102830.000000,102980.000000,102770.000000,102930.000000,486
2025-09-30 17:30,102920.000000,103000.000000,102860.000000,102950.000000,289
2025-09-30 17:45,102960.000000,103070.000000,102940.000000,103000.000000,252
2025-09-30 18:00,103020.000000,103170.000000,102920.000000,103170.000000,356
2025-09-30 18:15,103170.000000,103190.000000,103050.000000,103090.000000,122
2025-09-30 18:30,103100.000000,103120.000000,103010.000000,103070.000000,61
2025-09-30 18:45,103070.000000,103290.000000,103010.000000,103250.000000,488
2025-09-30 19:00,103220.000000,103240.000000,103160.000000,103190.000000,128
2025-09-30 19:15,103180.000000,103190.000000,103100.000000,103120.000000,102
2025-09-30 19:30,103150.000000,103150.000000,103010.000000,103060.000000,192
2025-09-30 19:45,103070.000000,103160.000000,103030.000000,103120.000000,196
2025-09-30 20:00,103100.000000,103100.000000,103020.000000,103050.000000,85
2025-09-30 20:15,103060.000000,103210.000000,103040.000000,103130.000000,240
2025-09-30 20:30,103120.000000,103130.000000,103010.000000,103010.000000,349
2025-09-30 20:45,103030.000000,103030.000000,102900.000000,102900.000000,265
2025-10-01 05:45,103160.000000,103160.000000,103160.000000,103160.000000,7
2025-10-01 06:00,103170.000000,103500.000000,103090.000000,103490.000000,1249
2025-10-01 06:15,103480.000000,103700.000000,103480.000000,103530.000000,1112
2025-10-01 06:30,103550.000000,103590.000000,103470.000000,103590.000000,466
2025-10-01 06:45,103570.000000,103590.000000,103490.000000,103550.000000,334
2025-10-01 07:00,103530.000000,103850.000000,103340.000000,103770.000000,2764
2025-10-01 07:15,103770.000000,103840.000000,103570.000000,103670.000000,1287
2025-10-01 07:30,103660.000000,103850.000000,103610.000000,103840.000000,1318
2025-10-01 07:45,103840.000000,103860.000000,103420.000000,103440.000000,2073
2025-10-01 08:00,103430.000000,103930.000000,103400.000000,103900.000000,1736
2025-10-01 08:15,103900.000000,104670.000000,103870.000000,104520.000000,4510
2025-10-01 08:30,104500.000000,105000.000000,104500.000000,104640.000000,4877
2025-10-01 08:45,104630.000000,104640.000000,104330.000000,104360.000000,2279
2025-10-01 09:00,104360.000000,104680.000000,104350.000000,104660.000000,1404
2025-10-01 09:15,104660.000000,104870.000000,104470.000000,104820.000000,1674
2025-10-01 09:30,104820.000000,104920.000000,104620.000000,104620.000000,1230
2025-10-01 09:45,104630.000000,104740.000000,104330.000000,104390.000000,1272
2025-10-01 10:00,104390.000000,104490.000000,104100.000000,104100.000000,1871
2025-10-01 10:15,104110.000000,104250.000000,103600.000000,103710.000000,2237
2025-10-01 10:30,103710.000000,103730.000000,103340.000000,103550.000000,3828
2025-10-01 10:45,103550.000000,103710.000000,103500.000000,103630.000000,751
2025-10-01 11:00,103650.000000,103740.000000,103550.000000,103610.000000,550
2025-10-01 11:15,103630.000000,103690.000000,103310.000000,103680.000000,2008
2025-10-01 11:30,103680.000000,103780.000000,102920.000000,102920.000000,3505
2025-10-01 11:45,102930.000000,103400.000000,102910.000000,103370.000000,2116
2025-10-01 12:00,103370.000000,103420.000000,102980.000000,103170.000000,2135
2025-10-01 12:15,103190.000000,103250.000000,102740.000000,102860.000000,2187
2025-10-01 12:30,102870.000000,103350.000000,102860.000000,103310.000000,1832
2025-10-01 12:45,103300.000000,103390.000000,103030.000000,103100.000000,770
2025-10-01 13:00,103100.000000,103390.000000,102970.000000,103290.000000,1185
2025-10-01 13:15,103280.000000,103570.000000,103130.000000,103460.000000,1719
2025-10-01 13:30,103490.000000,103890.000000,103440.000000,103840.000000,2880
2025-10-01 13:45,103810.000000,104040.000000,103770.000000,103930.000000,2462
2025-10-01 14:00,103930.000000,103930.000000,103170.000000,103250.000000,3387
2025-10-01 14:15,103260.000000,103410.000000,102890.000000,103100.000000,3126
2025-10-01 14:30,103070.000000,103550.000000,103010.000000,103450.000000,1682
2025-10-01 14:45,103440.000000,103500.000000,103090.000000,103350.000000,2810
2025-10-01 15:00,103360.000000,103620.000000,103140.000000,103170.000000,3011
2025-10-01 15:15,103180.000000,103410.000000,102980.000000,103280.000000,1494
2025-10-01 15:30,103250.000000,103260.000000,102740.000000,102800.000000,2230
2025-10-01 15:45,102790.000000,102950.000000,102790.000000,102910.000000,274
2025-10-01 16:00,102950.000000,103290.000000,102820.000000,102970.000000,1014
2025-10-01 16:15,102970.000000,103190.000000,102940.000000,103180.000000,770
2025-10-01 16:30,103170.000000,103330.000000,102990.000000,103030.000000,865
2025-10-01 16:45,103040.000000,103160.000000,102880.000000,103130.000000,684
2025-10-01 17:00,103120.000000,103140.000000,102920.000000,103050.000000,707
2025-10-01 17:15,103040.000000,103180.000000,102820.000000,102880.000000,473
2025-10-01 17:30,102910.000000,102950.000000,102760.000000,102880.000000,602
2025-10-01 17:45,102880.000000,102980.000000,102820.000000,102970.000000,369
2025-10-01 18:00,102950.000000,102950.000000,102580.000000,102710.000000,1358
2025-10-01 18:15,102710.000000,103070.000000,102650.000000,102970.000000,804
2025-10-01 18:30,102960.000000,103020.000000,102820.000000,102880.000000,346
2025-10-01 18:45,102890.000000,102980.000000,102820.000000,102930.000000,126
2025-10-01 19:00,102940.000000,103060.000000,102850.000000,103030.000000,171
2025-10-01 19:15,103020.000000,103270.000000,103000.000000,103160.000000,484
2025-10-01 19:30,103160.000000,103180.000000,103060.000000,103140.000000,208
2025-10-01 19:45,103150.000000,103220.000000,103150.000000,103180.000000,124
2025-10-01 20:00,103200.000000,103360.000000,103200.000000,103290.000000,454
2025-10-01 20:15,103320.000000,103350.000000,103220.000000,103230.000000,285
2025-10-01 20:30,103240.000000,103310.000000,103240.000000,103300.000000,138
2025-10-01 20:45,103300.000000,103390.000000,103300.000000,103390.000000,151
2025-10-02 05:45,102700.000000,102770.000000,102700.000000,102770.000000,112
2025-10-02 06:00,102710.000000,103010.000000,102560.000000,102930.000000,1889
2025-10-02 06:15,102930.000000,103380.000000,102870.000000,103190.000000,1775
2025-10-02 06:30,103180.000000,103270.000000,102990.000000,103060.000000,1203
2025-10-02 06:45,103060.000000,103270.000000,102870.000000,103070.000000,1724
2025-10-02 07:00,103050.000000,103190.000000,102200.000000,102240.000000,5130
2025-10-02 07:15,102240.000000,102700.000000,102160.000000,102660.000000,4890
2025-10-02 07:30,102670.000000,103240.000000,102650.000000,102980.000000,3463
2025-10-02 07:45,102970.000000,103170.000000,102880.000000,103040.000000,1657
2025-10-02 08:00,103080.000000,103550.000000,103010.000000,103470.000000,4080
2025-10-02 08:15,103470.000000,103470.000000,102900.000000,102960.000000,2345
2025-10-02 08:30,102980.000000,103210.000000,102810.000000,102910.000000,1570
2025-10-02 08:45,102910.000000,103160.000000,102860.000000,103050.000000,1560
2025-10-02 09:00,103060.000000,103160.000000,102810.000000,102890.000000,1405
2025-10-02 09:15,102910.000000,103040.000000,102780.000000,102960.000000,1143
2025-10-02 09:30,102940.000000,103100.000000,102800.000000,103050.000000,2019
2025-10-02 09:45,103060.000000,103380.000000,103030.000000,103230.000000,2601
2025-10-02 10:00,103240.000000,103390.000000,103090.000000,103180.000000,2136
2025-10-02 10:15,103190.000000,103270.000000,103050.000000,103070.000000,1232
2025-10-02 10:30,103070.000000,103280.000000,102930.000000,103030.000000,1587
2025-10-02 10:45,103020.000000,103060.000000,102800.000000,102850.000000,1682
2025-10-02 11:00,102900.000000,103110.000000,102830.000000,103010.000000,1336
2025-10-02 11:15,102990.000000,103320.000000,102900.000000,103000.000000,2148
2025-10-02 11:30,103020.000000,103310.000000,103010.000000,103280.000000,980
2025-10-02 11:45,103300.000000,103570.000000,103220.000000,103480.000000,1665
2025-10-02 12:00,103470.000000,103570.000000,103270.000000,103310.000000,1382
2025-10-02 12:15,103310.000000,103520.000000,103280.000000,103310.000000,728
2025-10-02 12:30,103320.000000,103500.000000,103220.000000,103410.000000,974
2025-10-02 12:45,103440.000000,103730.000000,103260.000000,103350.000000,2477
2025-10-02 13:00,103350.000000,103550.000000,103230.000000,103410.000000,1104
2025-10-02 13:15,103420.000000,103450.000000,103190.000000,103190.000000,940
2025-10-02 13:30,103190.000000,103240.000000,102960.000000,103060.000000,1845
2025-10-02 13:45,103090.000000,103250.000000,102850.000000,103020.000000,1656
2025-10-02 14:00,103050.000000,103300.000000,102980.000000,103270.000000,1431
2025-10-02 14:15,103310.000000,104070.000000,103230.000000,103990.000000,4390
2025-10-02 14:30,103980.000000,104040.000000,103580.000000,103620.000000,2725
2025-10-02 14:45,103620.000000,103880.000000,103620.000000,103620.000000,1311
2025-10-02 15:00,103640.000000,103900.000000,103600.000000,103810.000000,1132
2025-10-02 15:15,103780.000000,103900.000000,103520.000000,103560.000000,1609
2025-10-02 15:30,103570.000000,103600.000000,103040.000000,103450.000000,3022
2025-10-02 15:45,103440.000000,103440.000000,103230.000000,103240.000000,744
2025-10-02 16:00,103280.000000,103610.000000,103140.000000,103350.000000,1151
2025-10-02 16:15,103330.000000,103810.000000,103250.000000,103780.000000,1311
2025-10-02 16:30,103790.000000,103900.000000,103590.000000,103820.000000,1021
2025-10-02 16:45,103830.000000,103890.000000,103650.000000,103650.000000,582
2025-10-02 17:00,103670.000000,103710.000000,103370.000000,103570.000000,781
2025-10-02 17:15,103570.000000,103710.000000,103450.000000,103450.000000,317
2025-10-02 17:30,103460.000000,103560.000000,103360.000000,103360.000000,151
2025-10-02 17:45,103400.000000,103600.000000,103400.000000,103580.000000,173
2025-10-02 18:00,103580.000000,103640.000000,103230.000000,103400.000000,501
2025-10-02 18:15,103400.000000,103400.000000,103060.000000,103190.000000,550
2025-10-02 18:30,103170.000000,103190.000000,103080.000000,103150.000000,304
2025-10-02 18:45,103120.000000,103130.000000,102940.000000,103040.000000,654
2025-10-02 19:00,103030.000000,103060.000000,102800.000000,102930.000000,937
2025-10-02 19:15,102940.000000,103080.000000,102810.000000,102820.000000,518
2025-10-02 19:30,102850.000000,102950.000000,102700.000000,102950.000000,805
2025-10-02 19:45,102950.000000,103270.000000,102940.000000,103190.000000,1157
2025-10-02 20:00,103200.000000,103330.000000,103200.000000,103330.000000,252
2025-10-02 20:15,103310.000000,103340.000000,103220.000000,103260.000000,333
2025-10-02 20:30,103290.000000,103290.000000,103100.000000,103130.000000,310
2025-10-02 20:45,103110.000000,103260.000000,103100.000000,103260.000000,83
2025-10-03 05:45,103400.000000,103400.000000,103400.000000,103400.000000,22
2025-10-03 06:00,103410.000000,103560.000000,103300.000000,103430.000000,1350
2025-10-03 06:15,103440.000000,103450.000000,103130.000000,103140.000000,757
2025-10-03 06:30,103130.000000,103360.000000,102960.000000,103330.000000,1577
2025-10-03 06:45,103330.000000,103350.000000,103110.000000,103260.000000,548
2025-10-03 07:00,103260.000000,103450.000000,103150.000000,103380.000000,2272
2025-10-03 07:15,103370.000000,103410.000000,103060.000000,103110.000000,1005
2025-10-03 07:30,103100.000000,103280.000000,103060.000000,103190.000000,1135
2025-10-03 07:45,103170.000000,103320.000000,103120.000000,103140.000000,642
2025-10-03 08:00,103110.000000,103150.000000,102940.000000,102950.000000,1477
2025-10-03 08:15,102970.000000,103020.000000,102770.000000,102830.000000,1939
2025-10-03 08:30,102820.000000,102950.000000,102770.000000,102860.000000,954
2025-10-03 08:45,102870.000000,102940.000000,102660.000000,102780.000000,1270
2025-10-03 09:00,102770.000000,102770.000000,102330.000000,102360.000000,2788
2025-10-03 09:15,102360.000000,102400.000000,102200.000000,102240.000000,2300
2025-10-03 09:30,102240.000000,102250.000000,101710.000000,101820.000000,4370
2025-10-03 09:45,101800.000000,101800.000000,101180.000000,101190.000000,4585
2025-10-03 10:00,101190.000000,101380.000000,100900.000000,101340.000000,5392
2025-10-03 10:15,101350.000000,101410.000000,101010.000000,101120.000000,2150
2025-10-03 10:30,101100.000000,101310.000000,101040.000000,101230.000000,1781
2025-10-03 10:45,101240.000000,101460.000000,101160.000000,101410.000000,1574
2025-10-03 11:00,101410.000000,101410.000000,100800.000000,101070.000000,3489
2025-10-03 11:15,101060.000000,101340.000000,101050.000000,101270.000000,1848
2025-10-03 11:30,101280.000000,101350.000000,100980.000000,101120.000000,1464
2025-10-03 11:45,101120.000000,101120.000000,100510.000000,100610.000000,3575
2025-10-03 12:00,100600.000000,100860.000000,100500.000000,100850.000000,2382
2025-10-03 12:15,100840.000000,100970.000000,100580.000000,100850.000000,1985
2025-10-03 12:30,100810.000000,100810.000000,100390.000000,100750.000000,2593
2025-10-03 12:45,100750.000000,100960.000000,100540.000000,100760.000000,1392
2025-10-03 13:00,100770.000000,100780.000000,100480.000000,100490.000000,1464
2025-10-03 13:15,100490.000000,100790.000000,100410.000000,100610.000000,1862
2025-10-03 13:30,100590.000000,101030.000000,100450.000000,101000.000000,2561
2025-10-03 13:45,101010.000000,101100.000000,100770.000000,100920.000000,1770
2025-10-03 14:00,100920.000000,100920.000000,100570.000000,100740.000000,1736
2025-10-03 14:15,100720.000000,100920.000000,100560.000000,100660.000000,1694
2025-10-03 14:30,100630.000000,100910.000000,100420.000000,100780.000000,3078
2025-10-03 14:45,100780.000000,100780.000000,100460.000000,100590.000000,1651
2025-10-03 15:00,100580.000000,100920.000000,100510.000000,100820.000000,1661
2025-10-03 15:15,100810.000000,100920.000000,100530.000000,100580.000000,1277
2025-10-03 15:30,100580.000000,100580.000000,100110.000000,100130.000000,2565
2025-10-03 15:45,100140.000000,100140.000000,99800.000000,99830.000000,1158
2025-10-03 16:00,99940.000000,100100.000000,99620.000000,99790.000000,1925
2025-10-03 16:15,99800.000000,99800.000000,99550.000000,99670.000000,1074
2025-10-03 16:30,99670.000000,99690.000000,99240.000000,99270.000000,2247
2025-10-03 16:45,99270.000000,99490.000000,99080.000000,99160.000000,1768
2025-10-03 17:00,99140.000000,99450.000000,99120.000000,99420.000000,785
2025-10-03 17:15,99410.000000,99420.000000,99220.000000,99310.000000,557
2025-10-03 17:30,99350.000000,99490.000000,99340.000000,99430.000000,900
2025-10-03 17:45,99430.000000,99470.000000,99390.000000,99410.000000,343
2025-10-03 18:00,99410.000000,99550.000000,99370.000000,99540.000000,531
2025-10-03 18:15,99540.000000,99690.000000,99530.000000,99610.000000,702
2025-10-03 18:30,99620.000000,99740.000000,99580.000000,99600.000000,552
2025-10-03 18:45,99630.000000,99650.000000,99520.000000,99520.000000,307
2025-10-03 19:00,99520.000000,99620.000000,99390.000000,99430.000000,404
2025-10-03 19:15,99410.000000,99610.000000,99410.000000,99610.000000,264
2025-10-03 19:30,99610.000000,99620.000000,99460.000000,99570.000000,293
2025-10-03 19:45,99580.000000,99620.000000,99510.000000,99550.000000,120
2025-10-03 20:00,99560.000000,99640.000000,99500.000000,99510.000000,277
2025-10-03 20:15,99510.000000,99540.000000,99350.000000,99380.000000,480
2025-10-03 20:30,99390.000000,99420.000000,99340.000000,99370.000000,633
2025-10-03 20:45,99350.000000,99420.000000,99300.000000,99390.000000,384
2025-10-04 06:45,99400.000000,99400.000000,99400.000000,99400.000000,1
2025-10-04 07:00,99440.000000,99650.000000,99250.000000,99250.000000,192
2025-10-04 07:15,99250.000000,99270.000000,99050.000000,99070.000000,243
2025-10-04 07:30,99070.000000,99190.000000,99000.000000,99010.000000,212
2025-10-04 07:30,99070.000000,99190.000000,99000.000000,99010.000000,212
2025-10-04 07:45,99030.000000,99110.000000,98770.000000,98960.000000,520
2025-10-04 08:00,98960.000000,99110.000000,98900.000000,99090.000000,153
2025-10-04 08:15,99030.000000,99090.000000,99020.000000,99050.000000,33
2025-10-04 08:30,99090.000000,99120.000000,99080.000000,99100.000000,50
2025-10-04 08:45,99120.000000,99120.000000,99030.000000,99030.000000,121
2025-10-04 09:00,99020.000000,99020.000000,98900.000000,98940.000000,57
2025-10-04 09:15,98950.000000,99000.000000,98850.000000,98860.000000,115
2025-10-04 09:30,98850.000000,98900.000000,98800.000000,98850.000000,25
2025-10-04 09:45,98860.000000,98970.000000,98610.000000,98740.000000,257
2025-10-04 10:00,98720.000000,98720.000000,98410.000000,98490.000000,432
2025-10-04 10:15,98490.000000,98530.000000,98310.000000,98360.000000,232
2025-10-04 10:30,98360.000000,98440.000000,97780.000000,98090.000000,874
2025-10-04 10:45,98090.000000,98280.000000,98010.000000,98200.000000,102
2025-10-04 11:00,98260.000000,98370.000000,98100.000000,98140.000000,205
2025-10-04 11:15,98150.000000,98430.000000,98150.000000,98200.000000,163
2025-10-04 11:30,98240.000000,98260.000000,98120.000000,98260.000000,98
2025-10-04 11:45,98180.000000,98360.000000,98120.000000,98360.000000,95
2025-10-04 12:00,98360.000000,98420.000000,98330.000000,98360.000000,146
2025-10-04 12:15,98330.000000,98340.000000,98260.000000,98300.000000,48
2025-10-04 12:30,98340.000000,98700.000000,98340.000000,98580.000000,374
2025-10-04 12:45,98580.000000,99000.000000,98580.000000,98760.000000,372
2025-10-04 13:00,98750.000000,98800.000000,98600.000000,98640.000000,143
2025-10-04 13:15,98640.000000,98700.000000,98590.000000,98590.000000,84
2025-10-04 13:30,98590.000000,98690.000000,98570.000000,98620.000000,85
2025-10-04 13:45,98610.000000,98610.000000,98570.000000,98570.000000,118
2025-10-04 14:00,98570.000000,98570.000000,98390.000000,98470.000000,218
2025-10-04 14:15,98440.000000,98470.000000,98430.000000,98430.000000,29
2025-10-04 14:30,98420.000000,98500.000000,98360.000000,98390.000000,69
2025-10-04 14:45,98450.000000,98590.000000,98380.000000,98580.000000,57
2025-10-04 15:00,98600.000000,98630.000000,98450.000000,98450.000000,55
2025-10-04 15:15,98520.000000,98620.000000,98520.000000,98620.000000,18
2025-10-04 15:30,98570.000000,98610.000000,98470.000000,98550.000000,23
2025-10-04 15:45,98570.000000,98590.000000,98500.000000,98560.000000,33
2025-10-05 06:45,98380.000000,98380.000000,98380.000000,98380.000000,4
2025-10-05 07:00,98600.000000,98680.000000,98280.000000,98360.000000,292
2025-10-05 07:15,98360.000000,98480.000000,98300.000000,98460.000000,11
2025-10-05 07:30,98460.000000,98570.000000,98460.000000,98570.000000,56
2025-10-05 07:45,98570.000000,98590.000000,98540.000000,98590.000000,8
2025-10-05 08:00,98580.000000,98580.000000,98470.000000,98470.000000,94
2025-10-05 08:15,98500.000000,98500.000000,98500.000000,98500.000000,22
2025-10-05 08:30,98590.000000,98620.000000,98510.000000,98620.000000,16
2025-10-05 08:45,98620.000000,98880.000000,98620.000000,98830.000000,422
2025-10-05 09:00,98820.000000,98860.000000,98700.000000,98700.000000,175
2025-10-05 09:15,98690.000000,98800.000000,98690.000000,98800.000000,27
2025-10-05 09:30,98770.000000,98770.000000,98720.000000,98740.000000,4
2025-10-05 09:45,98790.000000,98850.000000,98710.000000,98830.000000,40
2025-10-05 10:00,98820.000000,98850.000000,98540.000000,98630.000000,214
2025-10-05 10:15,98620.000000,98730.000000,98620.000000,98640.000000,49
2025-10-05 10:30,98690.000000,98820.000000,98620.000000,98770.000000,63
2025-10-05 10:45,98760.000000,98770.000000,98680.000000,98770.000000,9
2025-10-05 11:00,98780.000000,98780.000000,98680.000000,98680.000000,32
2025-10-05 11:15,98740.000000,98940.000000,98740.000000,98940.000000,162
2025-10-05 11:30,98940.000000,98980.000000,98890.000000,98910.000000,95
2025-10-05 11:45,98970.000000,98970.000000,98880.000000,98930.000000,24
2025-10-05 12:00,98940.000000,98940.000000,98880.000000,98880.000000,43
2025-10-05 12:15,98880.000000,98880.000000,98810.000000,98810.000000,90
2025-10-05 12:30,98820.000000,98890.000000,98800.000000,98890.000000,12
2025-10-05 12:45,98820.000000,98930.000000,98800.000000,98850.000000,22
2025-10-05 13:00,98850.000000,98950.000000,98850.000000,98910.000000,72
2025-10-05 13:15,98920.000000,98920.000000,98810.000000,98890.000000,17
2025-10-05 13:30,98900.000000,98900.000000,98740.000000,98840.000000,29
2025-10-05 13:45,98840.000000,98840.000000,98840.000000,98840.000000,2
2025-10-05 14:00,98840.000000,99000.000000,98800.000000,99000.000000,171
2025-10-05 14:15,99030.000000,99230.000000,98940.000000,99040.000000,395
2025-10-05 14:30,99050.000000,99130.000000,99010.000000,99030.000000,60
2025-10-05 14:45,99010.000000,99010.000000,98950.000000,98950.000000,42
2025-10-05 15:00,98970.000000,99010.000000,98910.000000,99000.000000,102
2025-10-05 15:15,99000.000000,99050.000000,98960.000000,98980.000000,44
2025-10-05 15:30,99050.000000,99080.000000,98950.000000,99080.000000,121
2025-10-05 15:45,99080.000000,101120.000000,99070.000000,100150.000000,4322
2025-10-06 05:45,99900.000000,99900.000000,99900.000000,99900.000000,290
2025-10-06 06:00,99910.000000,100150.000000,98920.000000,99090.000000,6127
2025-10-06 06:15,99090.000000,99370.000000,98710.000000,98850.000000,2575
2025-10-06 06:30,98850.000000,98940.000000,98610.000000,98720.000000,2020
2025-10-06 06:45,98750.000000,98900.000000,98550.000000,98870.000000,1255
2025-10-06 07:00,98850.000000,99810.000000,98750.000000,99500.000000,6229
2025-10-06 07:15,99490.000000,99990.000000,99460.000000,99670.000000,4837
2025-10-06 07:30,99700.000000,100040.000000,99500.000000,99540.000000,3808
2025-10-06 07:45,99550.000000,100250.000000,99430.000000,100010.000000,4705
2025-10-06 08:00,100030.000000,100200.000000,99880.000000,99940.000000,2434
2025-10-06 08:15,99940.000000,100220.000000,99940.000000,100040.000000,1560
2025-10-06 08:30,100040.000000,100130.000000,99870.000000,100100.000000,1373
2025-10-06 08:45,100090.000000,100340.000000,99910.000000,100130.000000,2113
2025-10-06 09:00,100130.000000,100660.000000,100070.000000,100160.000000,4153
2025-10-06 09:15,100160.000000,100420.000000,99930.000000,100420.000000,3088
2025-10-06 09:30,100420.000000,100490.000000,100210.000000,100350.000000,1955
2025-10-06 09:45,100340.000000,100770.000000,100330.000000,100690.000000,4688
2025-10-06 10:00,100690.000000,100780.000000,100420.000000,100650.000000,2960
2025-10-06 10:15,100640.000000,100640.000000,100210.000000,100270.000000,2886
2025-10-06 10:30,100260.000000,100530.000000,100250.000000,100270.000000,1204
2025-10-06 10:45,100250.000000,100520.000000,100110.000000,100470.000000,2337
2025-10-06 11:00,100480.000000,100580.000000,100350.000000,100400.000000,891
2025-10-06 11:15,100400.000000,100520.000000,99870.000000,100090.000000,3236
2025-10-06 11:30,100080.000000,100180.000000,99950.000000,100140.000000,979
2025-10-06 11:45,100160.000000,100170.000000,99690.000000,99790.000000,2338
2025-10-06 12:00,99790.000000,99940.000000,99310.000000,99380.000000,3434
2025-10-06 12:15,99390.000000,99570.000000,99210.000000,99380.000000,3055
2025-10-06 12:30,99360.000000,99440.000000,99050.000000,99340.000000,3184
2025-10-06 12:45,99340.000000,99950.000000,99260.000000,99700.000000,4665
2025-10-06 13:00,99730.000000,100750.000000,99690.000000,100590.000000,4927
2025-10-06 13:15,100600.000000,100720.000000,100280.000000,100370.000000,3006
2025-10-06 13:30,100390.000000,100990.000000,100370.000000,100980.000000,4525
2025-10-06 13:45,100970.000000,101620.000000,100970.000000,101490.000000,6844
2025-10-06 14:00,101500.000000,101970.000000,101050.000000,101500.000000,8245
2025-10-06 14:15,101490.000000,101760.000000,101350.000000,101670.000000,1712
2025-10-06 14:30,101690.000000,101830.000000,101230.000000,101250.000000,3885
2025-10-06 14:45,101270.000000,101610.000000,101200.000000,101340.000000,3188
2025-10-06 15:00,101340.000000,101810.000000,101330.000000,101780.000000,1727
2025-10-06 15:15,101770.000000,102240.000000,101710.000000,102050.000000,4331
2025-10-06 15:30,102050.000000,102470.000000,102050.000000,102330.000000,3361
2025-10-06 15:45,102320.000000,102460.000000,102260.000000,102350.000000,444
2025-10-06 16:00,102450.000000,102470.000000,102040.000000,102150.000000,1575
2025-10-06 16:15,102160.000000,102400.000000,102060.000000,102060.000000,1047
2025-10-06 16:30,102050.000000,102560.000000,102050.000000,102530.000000,974
2025-10-06 16:45,102540.000000,102980.000000,102540.000000,102870.000000,1853
2025-10-06 17:00,102880.000000,102950.000000,102760.000000,102770.000000,727
2025-10-06 17:15,102760.000000,102760.000000,102610.000000,102620.000000,1146
2025-10-06 17:30,102630.000000,102660.000000,102460.000000,102490.000000,482
2025-10-06 17:45,102480.000000,102480.000000,102310.000000,102360.000000,650
2025-10-06 18:00,102360.000000,102600.000000,102340.000000,102530.000000,623
2025-10-06 18:15,102530.000000,102600.000000,102280.000000,102280.000000,598
2025-10-06 18:30,102280.000000,102320.000000,102120.000000,102310.000000,489
2025-10-06 18:45,102310.000000,102640.000000,102310.000000,102520.000000,978
2025-10-06 19:00,102530.000000,102660.000000,102470.000000,102560.000000,409
2025-10-06 19:15,102560.000000,102700.000000,102560.000000,102700.000000,220
2025-10-06 19:30,102720.000000,102760.000000,102570.000000,102570.000000,324
2025-10-06 19:45,102590.000000,102610.000000,102520.000000,102520.000000,163
2025-10-06 20:00,102510.000000,102650.000000,102390.000000,102580.000000,678
2025-10-06 20:15,102600.000000,102740.000000,102510.000000,102570.000000,360
2025-10-06 20:30,102580.000000,102730.000000,102480.000000,102540.000000,314
2025-10-06 20:45,102510.000000,102640.000000,102100.000000,102440.000000,745
2025-10-07 05:45,102660.000000,102660.000000,102660.000000,102660.000000,29
2025-10-07 06:00,102690.000000,102940.000000,102280.000000,102370.000000,2288
2025-10-07 06:15,102390.000000,102580.000000,102380.000000,102500.000000,854
2025-10-07 06:30,102490.000000,102580.000000,102260.000000,102470.000000,1830
2025-10-07 06:45,102490.000000,102580.000000,102380.000000,102580.000000,893
2025-10-07 07:00,102580.000000,102980.000000,102320.000000,102390.000000,5772
2025-10-07 07:15,102390.000000,102880.000000,102360.000000,102860.000000,2980
2025-10-07 07:30,102870.000000,103300.000000,102670.000000,103180.000000,5067
2025-10-07 07:45,103170.000000,103540.000000,103160.000000,103280.000000,3548
2025-10-07 08:00,103270.000000,103760.000000,103270.000000,103600.000000,2817
2025-10-07 08:15,103620.000000,104180.000000,103620.000000,104080.000000,4894
2025-10-07 08:30,104080.000000,104100.000000,103660.000000,103750.000000,2770
2025-10-07 08:45,103750.000000,103920.000000,103720.000000,103850.000000,1195
2025-10-07 09:00,103820.000000,103890.000000,103680.000000,103690.000000,1075
2025-10-07 09:15,103680.000000,103740.000000,103310.000000,103500.000000,2612
2025-10-07 09:30,103500.000000,103690.000000,103360.000000,103690.000000,1067
2025-10-07 09:45,103660.000000,103670.000000,103510.000000,103530.000000,873
2025-10-07 10:00,103520.000000,103530.000000,103090.000000,103350.000000,3225
2025-10-07 10:15,103340.000000,103620.000000,103250.000000,103590.000000,1023
2025-10-07 10:30,103610.000000,103620.000000,103370.000000,103540.000000,791
2025-10-07 10:45,103530.000000,103530.000000,103350.000000,103380.000000,520
2025-10-07 11:00,103390.000000,103480.000000,103270.000000,103280.000000,706
2025-10-07 11:15,103280.000000,103480.000000,103210.000000,103460.000000,707
2025-10-07 11:30,103440.000000,103550.000000,103280.000000,103350.000000,767
2025-10-07 11:45,103360.000000,103440.000000,103220.000000,103360.000000,1023
2025-10-07 12:00,103350.000000,103430.000000,102970.000000,103080.000000,1586
2025-10-07 12:15,103070.000000,103240.000000,103000.000000,103230.000000,1081
2025-10-07 12:30,103240.000000,103550.000000,103110.000000,103500.000000,1883
2025-10-07 12:45,103500.000000,103700.000000,103260.000000,103490.000000,1301
2025-10-07 13:00,103500.000000,103530.000000,103220.000000,103460.000000,1158
2025-10-07 13:15,103470.000000,103480.000000,103070.000000,103150.000000,1041
2025-10-07 13:30,103140.000000,103330.000000,102950.000000,103110.000000,1363
2025-10-07 13:45,103110.000000,103340.000000,103060.000000,103180.000000,1201
2025-10-07 14:00,103170.000000,103170.000000,102720.000000,102870.000000,3130
2025-10-07 14:15,102880.000000,102930.000000,102800.000000,102800.000000,627
2025-10-07 14:30,102810.000000,103010.000000,102790.000000,103000.000000,629
2025-10-07 14:45,103000.000000,103150.000000,102870.000000,103040.000000,1635
2025-10-07 15:00,103030.000000,103120.000000,102810.000000,103120.000000,1907
2025-10-07 15:15,103140.000000,103300.000000,103050.000000,103220.000000,1279
2025-10-07 15:30,103240.000000,103520.000000,103150.000000,103250.000000,1836
2025-10-07 15:45,103260.000000,103390.000000,103250.000000,103320.000000,273
2025-10-07 16:00,103390.000000,103400.000000,103200.000000,103230.000000,589
2025-10-07 16:15,103230.000000,103310.000000,103070.000000,103110.000000,447
2025-10-07 16:30,103120.000000,103120.000000,102780.000000,102980.000000,965
2025-10-07 16:45,102980.000000,103070.000000,102890.000000,103020.000000,508
2025-10-07 17:00,103020.000000,103370.000000,102970.000000,103350.000000,458
2025-10-07 17:15,103380.000000,103430.000000,103260.000000,103270.000000,259
2025-10-07 17:30,103260.000000,103360.000000,103170.000000,103220.000000,177
2025-10-07 17:45,103240.000000,103310.000000,103230.000000,103300.000000,137
2025-10-07 18:00,103310.000000,103320.000000,103190.000000,103200.000000,245
2025-10-07 18:15,103200.000000,103240.000000,103090.000000,103130.000000,183
2025-10-07 18:30,103140.000000,103280.000000,103120.000000,103280.000000,209
2025-10-07 18:45,103260.000000,103280.000000,103170.000000,103240.000000,108
2025-10-07 19:00,103250.000000,103270.000000,103190.000000,103200.000000,148
2025-10-07 19:15,103200.000000,103230.000000,103120.000000,103140.000000,125
2025-10-07 19:30,103130.000000,103150.000000,103060.000000,103140.000000,126
2025-10-07 19:45,103110.000000,103260.000000,103110.000000,103190.000000,267
2025-10-07 20:00,103230.000000,103340.000000,103230.000000,103340.000000,210
2025-10-07 20:15,103330.000000,103420.000000,103330.000000,103370.000000,399
2025-10-07 20:30,103380.000000,103420.000000,103270.000000,103300.000000,303
2025-10-07 20:45,103290.000000,103310.000000,103210.000000,103260.000000,89
2025-10-08 05:45,103350.000000,103350.000000,103350.000000,103350.000000,3
2025-10-08 06:00,103350.000000,103870.000000,103210.000000,103570.000000,2050
2025-10-08 06:15,103510.000000,103560.000000,103280.000000,103320.000000,609
2025-10-08 06:30,103290.000000,103310.000000,103110.000000,103270.000000,1005
2025-10-08 06:45,103280.000000,103410.000000,103200.000000,103370.000000,800
2025-10-08 07:00,103360.000000,103910.000000,103350.000000,103580.000000,4322
2025-10-08 07:15,103590.000000,103730.000000,103250.000000,103510.000000,1766
2025-10-08 07:30,103500.000000,103530.000000,103160.000000,103330.000000,1546
2025-10-08 07:45,103320.000000,103420.000000,102980.000000,103130.000000,1859
2025-10-08 08:00,103140.000000,103220.000000,102940.000000,103100.000000,1508
2025-10-08 08:15,103090.000000,103300.000000,102820.000000,102940.000000,2244
2025-10-08 08:30,102940.000000,103200.000000,102790.000000,103120.000000,1730
2025-10-08 08:45,103120.000000,103240.000000,102830.000000,102880.000000,1338
2025-10-08 09:00,102860.000000,102880.000000,102250.000000,102450.000000,4770
2025-10-08 09:15,102440.000000,102570.000000,102100.000000,102110.000000,2997
2025-10-08 09:30,102110.000000,102210.000000,101860.000000,101970.000000,4488
2025-10-08 09:45,101960.000000,102190.000000,101820.000000,102090.000000,2032
2025-10-08 10:00,102100.000000,102650.000000,101950.000000,102490.000000,3316
2025-10-08 10:15,102500.000000,102650.000000,102140.000000,102180.000000,3075
2025-10-08 10:30,102200.000000,102320.000000,101640.000000,101890.000000,3643
2025-10-08 10:45,101890.000000,101920.000000,101660.000000,101660.000000,2803
2025-10-08 11:00,101650.000000,101910.000000,101360.000000,101900.000000,3005
2025-10-08 11:15,101890.000000,101940.000000,101530.000000,101630.000000,2355
2025-10-08 11:30,101620.000000,102050.000000,101520.000000,101780.000000,2673
2025-10-08 11:45,101790.000000,101800.000000,101410.000000,101480.000000,2103
2025-10-08 12:00,101470.000000,101670.000000,101310.000000,101600.000000,2519
2025-10-08 12:15,101560.000000,101720.000000,101430.000000,101560.000000,1501
2025-10-08 12:30,101550.000000,101560.000000,100870.000000,100920.000000,4347
2025-10-08 12:45,100910.000000,101070.000000,100510.000000,100520.000000,4908
2025-10-08 13:00,100510.000000,100620.000000,100330.000000,100480.000000,3674
2025-10-08 13:15,100470.000000,101000.000000,100410.000000,100810.000000,3499
2025-10-08 13:30,100810.000000,101110.000000,100750.000000,100970.000000,2190
2025-10-08 13:45,100990.000000,101000.000000,100300.000000,100390.000000,2867
2025-10-08 14:00,100380.000000,100490.000000,100100.000000,100340.000000,4255
2025-10-08 14:15,100340.000000,100730.000000,100020.000000,100620.000000,5025
2025-10-08 14:30,100630.000000,100820.000000,100370.000000,100610.000000,3068
2025-10-08 14:45,100640.000000,100640.000000,99770.000000,99920.000000,5844
2025-10-08 15:00,99930.000000,100520.000000,99880.000000,100080.000000,4734
2025-10-08 15:15,100100.000000,100170.000000,99650.000000,99750.000000,4049
2025-10-08 15:30,99770.000000,99860.000000,99360.000000,99720.000000,3630
2025-10-08 15:45,99720.000000,99720.000000,99620.000000,99650.000000,501
2025-10-08 16:00,99660.000000,100180.000000,99180.000000,99960.000000,3146
2025-10-08 16:15,99950.000000,100050.000000,99670.000000,99880.000000,1643
2025-10-08 16:30,99890.000000,100090.000000,99750.000000,99980.000000,1312
2025-10-08 16:45,99990.000000,100240.000000,99960.000000,100220.000000,818
2025-10-08 17:00,100200.000000,100440.000000,100140.000000,100350.000000,1456
2025-10-08 17:15,100350.000000,100560.000000,100260.000000,100420.000000,1278
2025-10-08 17:30,100430.000000,100440.000000,100070.000000,100100.000000,1709
2025-10-08 17:45,100100.000000,100340.000000,100060.000000,100250.000000,972
2025-10-08 18:00,100240.000000,100470.000000,100180.000000,100460.000000,556
2025-10-08 18:15,100450.000000,100680.000000,100360.000000,100550.000000,1063
2025-10-08 18:30,100560.000000,100630.000000,100340.000000,100510.000000,1619
2025-10-08 18:45,100510.000000,100560.000000,100480.000000,100490.000000,244
2025-10-08 19:00,100480.000000,100510.000000,100160.000000,100270.000000,800
2025-10-08 19:15,100280.000000,100510.000000,100110.000000,100140.000000,989
2025-10-08 19:30,100150.000000,100250.000000,100100.000000,100120.000000,306
2025-10-08 19:45,100120.000000,100330.000000,100110.000000,100180.000000,552
2025-10-08 20:00,100180.000000,100340.000000,100180.000000,100220.000000,545
2025-10-08 20:15,100220.000000,100440.000000,100220.000000,100300.000000,773
2025-10-08 20:30,100290.000000,100490.000000,100200.000000,100370.000000,814
2025-10-08 20:45,100370.000000,100530.000000,100260.000000,100530.000000,398
2025-10-09 05:45,100490.000000,100490.000000,100490.000000,100490.000000,9
2025-10-09 06:00,100450.000000,100460.000000,99820.000000,99940.000000,3017
2025-10-09 06:15,99910.000000,100190.000000,99840.000000,99990.000000,2178
2025-10-09 06:30,99980.000000,100250.000000,99650.000000,99690.000000,2721
2025-10-09 06:45,99690.000000,100090.000000,99550.000000,99940.000000,3591
2025-10-09 07:00,99980.000000,100570.000000,99560.000000,99990.000000,9586
2025-10-09 07:15,99980.000000,100410.000000,99890.000000,100120.000000,4781
2025-10-09 07:30,100140.000000,100380.000000,99830.000000,100120.000000,3585
2025-10-09 07:45,100140.000000,100380.000000,99880.000000,99960.000000,2333
2025-10-09 08:00,99980.000000,100110.000000,99360.000000,99640.000000,4825
2025-10-09 08:15,99630.000000,99630.000000,98440.000000,98460.000000,10162
2025-10-09 08:30,98460.000000,98840.000000,98020.000000,98590.000000,10230
2025-10-09 08:45,98590.000000,99110.000000,98410.000000,99110.000000,5247
2025-10-09 09:00,99080.000000,100470.000000,98860.000000,100120.000000,14208
2025-10-09 09:15,100150.000000,101690.000000,100150.000000,101340.000000,20518
2025-10-09 09:30,101340.000000,101540.000000,100510.000000,100670.000000,11321
2025-10-09 09:45,100660.000000,101170.000000,100430.000000,100830.000000,4812
2025-10-09 10:00,100840.000000,101760.000000,100800.000000,101400.000000,6277
2025-10-09 10:15,101440.000000,101590.000000,100640.000000,100900.000000,4998
2025-10-09 10:30,100930.000000,101240.000000,100610.000000,100720.000000,3239
2025-10-09 10:45,100730.000000,101110.000000,100730.000000,100790.000000,2246
2025-10-09 11:00,100790.000000,101080.000000,100480.000000,100540.000000,2194
2025-10-09 11:15,100540.000000,100800.000000,100440.000000,100760.000000,2959
2025-10-09 11:30,100760.000000,101040.000000,100600.000000,100970.000000,2521
2025-10-09 11:45,100960.000000,101310.000000,100900.000000,101110.000000,2547
2025-10-09 12:00,101120.000000,101540.000000,101010.000000,101350.000000,1953
2025-10-09 12:15,101340.000000,101560.000000,101270.000000,101500.000000,2530
2025-10-09 12:30,101510.000000,101850.000000,101340.000000,101430.000000,3399
2025-10-09 12:45,101450.000000,101480.000000,101070.000000,101320.000000,2289
2025-10-09 13:00,101310.000000,101500.000000,101150.000000,101500.000000,1419
2025-10-09 13:15,101470.000000,102190.000000,101370.000000,102150.000000,4280
2025-10-09 13:30,102160.000000,102300.000000,101810.000000,102000.000000,3391
2025-10-09 13:45,102010.000000,102540.000000,101910.000000,102220.000000,5315
2025-10-09 14:00,102240.000000,102570.000000,102190.000000,102400.000000,2434
2025-10-09 14:15,102400.000000,102550.000000,102040.000000,102260.000000,1984
2025-10-09 14:30,102260.000000,102340.000000,102110.000000,102250.000000,1418
2025-10-09 14:45,102240.000000,102800.000000,102200.000000,102750.000000,2893
2025-10-09 15:00,102740.000000,103050.000000,102720.000000,102940.000000,5137
2025-10-09 15:15,102980.000000,103010.000000,102760.000000,102920.000000,2419
2025-10-09 15:30,102910.000000,102950.000000,102730.000000,102880.000000,1508
2025-10-09 15:45,102880.000000,102960.000000,102850.000000,102960.000000,288
2025-10-09 16:00,102970.000000,102970.000000,102530.000000,102530.000000,1775
2025-10-09 16:15,102550.000000,102820.000000,102470.000000,102730.000000,1177
2025-10-09 16:30,102730.000000,102750.000000,102490.000000,102520.000000,781
2025-10-09 16:45,102520.000000,102720.000000,102500.000000,102500.000000,595
2025-10-09 17:00,102510.000000,102670.000000,102490.000000,102590.000000,358
2025-10-09 17:15,102610.000000,102630.000000,102440.000000,102460.000000,485
2025-10-09 17:30,102460.000000,102470.000000,102240.000000,102380.000000,898
2025-10-09 17:45,102390.000000,102790.000000,102350.000000,102730.000000,518
2025-10-09 18:00,102750.000000,102810.000000,102570.000000,102670.000000,386
2025-10-09 18:15,102660.000000,102660.000000,102540.000000,102550.000000,105
2025-10-09 18:30,102550.000000,102690.000000,102550.000000,102640.000000,142
2025-10-09 18:45,102640.000000,102830.000000,102580.000000,102710.000000,642
2025-10-09 19:00,102720.000000,102800.000000,102650.000000,102740.000000,304
2025-10-09 19:15,102700.000000,102860.000000,102670.000000,102710.000000,321
2025-10-09 19:30,102720.000000,102800.000000,102500.000000,102570.000000,813
2025-10-09 19:45,102570.000000,102650.000000,102470.000000,102640.000000,315
2025-10-09 20:00,102630.000000,102660.000000,102460.000000,102500.000000,283
2025-10-09 20:15,102510.000000,102550.000000,102470.000000,102490.000000,242
2025-10-09 20:30,102500.000000,102500.000000,102360.000000,102380.000000,584
2025-10-09 20:45,102390.000000,102420.000000,102310.000000,102310.000000,229
2025-10-10 05:45,102190.000000,102190.000000,102190.000000,102190.000000,43
2025-10-10 06:00,102180.000000,102270.000000,101820.000000,102060.000000,2216
2025-10-10 06:15,102060.000000,102070.000000,101660.000000,101920.000000,2044
2025-10-10 06:30,101910.000000,102210.000000,101830.000000,101830.000000,1391
2025-10-10 06:45,101820.000000,102380.000000,101770.000000,102350.000000,1723
2025-10-10 07:00,102340.000000,102420.000000,102010.000000,102070.000000,3576
2025-10-10 07:15,102100.000000,102190.000000,101670.000000,101790.000000,3836
2025-10-10 07:30,101780.000000,102130.000000,101560.000000,101840.000000,3928
2025-10-10 07:45,101850.000000,102220.000000,101850.000000,101940.000000,1482
2025-10-10 08:00,101940.000000,102220.000000,101800.000000,101970.000000,1440
2025-10-10 08:15,102000.000000,102540.000000,101690.000000,102460.000000,3235
2025-10-10 08:30,102480.000000,102800.000000,102300.000000,102560.000000,3995
2025-10-10 08:45,102570.000000,102650.000000,102370.000000,102400.000000,1534
2025-10-10 09:00,102400.000000,102540.000000,101970.000000,102320.000000,3666
2025-10-10 09:15,102350.000000,102370.000000,102130.000000,102260.000000,1162
2025-10-10 09:30,102250.000000,102320.000000,101960.000000,102130.000000,1424
2025-10-10 09:45,102130.000000,102190.000000,101810.000000,101930.000000,1776
2025-10-10 10:00,101950.000000,102100.000000,101750.000000,101800.000000,2176
2025-10-10 10:15,101820.000000,101910.000000,101600.000000,101650.000000,1834
2025-10-10 10:30,101650.000000,101790.000000,101310.000000,101540.000000,7474
2025-10-10 10:45,101520.000000,101520.000000,100970.000000,101430.000000,4097
2025-10-10 11:00,101400.000000,101680.000000,101080.000000,101370.000000,1892
2025-10-10 11:15,101400.000000,101540.000000,101290.000000,101370.000000,1066
2025-10-10 11:30,101360.000000,101480.000000,101090.000000,101310.000000,1303
2025-10-10 11:45,101290.000000,101290.000000,101010.000000,101030.000000,1015
2025-10-10 12:00,101050.000000,101070.000000,100810.000000,100910.000000,1856
2025-10-10 12:15,100900.000000,101440.000000,100720.000000,101330.000000,2767
2025-10-10 12:30,101330.000000,101610.000000,101190.000000,101300.000000,2187
2025-10-10 12:45,101300.000000,101330.000000,100830.000000,100950.000000,1867
2025-10-10 13:00,100940.000000,101130.000000,100650.000000,100780.000000,1424
2025-10-10 13:15,100790.000000,100950.000000,100350.000000,100490.000000,2272
2025-10-10 13:30,100490.000000,100490.000000,99630.000000,99970.000000,4260
2025-10-10 13:45,99960.000000,100480.000000,99760.000000,100350.000000,4151
2025-10-10 14:00,100330.000000,100400.000000,100040.000000,100200.000000,2398
2025-10-10 14:15,100200.000000,100220.000000,99870.000000,100050.000000,2905
2025-10-10 14:30,100020.000000,100380.000000,99980.000000,100340.000000,1809
2025-10-10 14:45,100340.000000,101580.000000,100270.000000,100490.000000,10237
2025-10-10 15:00,100500.000000,100760.000000,99550.000000,100180.000000,8325
2025-10-10 15:15,100190.000000,100890.000000,100080.000000,100520.000000,5583
2025-10-10 15:30,100500.000000,100590.000000,100200.000000,100300.000000,1151
2025-10-10 15:45,100300.000000,100360.000000,100010.000000,100160.000000,1180
2025-10-10 16:00,100160.000000,100390.000000,99850.000000,100120.000000,1680
2025-10-10 16:15,100130.000000,100150.000000,99930.000000,100110.000000,683
2025-10-10 16:30,100130.000000,100210.000000,99930.000000,100170.000000,836
2025-10-10 16:45,100140.000000,100210.000000,100100.000000,100130.000000,212
2025-10-10 17:00,100130.000000,100150.000000,99960.000000,99960.000000,534
2025-10-10 17:15,99960.000000,100110.000000,99960.000000,100090.000000,172
2025-10-10 17:30,100080.000000,100170.000000,100000.000000,100060.000000,208
2025-10-10 17:45,100030.000000,100110.000000,99960.000000,100000.000000,343
2025-10-10 18:00,100010.000000,100090.000000,99950.000000,100090.000000,199
2025-10-10 18:15,100070.000000,100230.000000,100010.000000,100160.000000,936
2025-10-10 18:30,100190.000000,100210.000000,100080.000000,100110.000000,148
2025-10-10 18:45,100110.000000,100120.000000,100010.000000,100050.000000,134
2025-10-10 19:00,100060.000000,100190.000000,100060.000000,100140.000000,150
2025-10-10 19:15,100130.000000,100130.000000,100050.000000,100110.000000,51
2025-10-10 19:30,100090.000000,100090.000000,99970.000000,99980.000000,160
2025-10-10 19:45,99990.000000,100000.000000,99690.000000,99730.000000,546
2025-10-10 20:00,99740.000000,99780.000000,99650.000000,99680.000000,460
2025-10-10 20:15,99690.000000,99750.000000,99600.000000,99630.000000,271
2025-10-10 20:30,99640.000000,99710.000000,99550.000000,99660.000000,513
2025-10-10 20:45,99670.000000,99680.000000,99560.000000,99560.000000,161
2025-10-11 06:45,99550.000000,99550.000000,99550.000000,99550.000000,44
2025-10-11 07:00,99550.000000,99700.000000,98900.000000,99230.000000,1317
2025-10-11 07:15,99210.000000,99360.000000,99090.000000,99240.000000,74
2025-10-11 07:30,99300.000000,99550.000000,99250.000000,99550.000000,88
2025-10-11 07:30,99300.000000,99550.000000,99250.000000,99550.000000,88
2025-10-11 07:45,99500.000000,99540.000000,99350.000000,99390.000000,43
2025-10-11 08:00,99380.000000,99380.000000,99260.000000,99330.000000,65
2025-10-11 08:15,99300.000000,99500.000000,99290.000000,99440.000000,126
2025-10-11 08:30,99460.000000,99480.000000,99300.000000,99300.000000,39
2025-10-11 08:45,99310.000000,99430.000000,99310.000000,99390.000000,26
2025-10-11 09:00,99380.000000,99440.000000,99360.000000,99360.000000,12
2025-10-11 09:15,99370.000000,99410.000000,99340.000000,99390.000000,9
2025-10-11 09:30,99370.000000,99390.000000,99370.000000,99390.000000,4
2025-10-11 09:45,99400.000000,99600.000000,99400.000000,99600.000000,123
2025-10-11 10:00,99590.000000,99680.000000,99590.000000,99670.000000,77
2025-10-11 10:15,99670.000000,99810.000000,99610.000000,99690.000000,161
2025-10-11 10:30,99690.000000,99740.000000,99660.000000,99680.000000,49
2025-10-11 10:45,99700.000000,99740.000000,99640.000000,99740.000000,20
2025-10-11 11:00,99730.000000,100340.000000,99620.000000,99760.000000,954
2025-10-11 11:15,99750.000000,99810.000000,99680.000000,99770.000000,177
2025-10-11 11:30,99720.000000,99770.000000,99630.000000,99670.000000,45
2025-10-11 11:45,99670.000000,99700.000000,99660.000000,99670.000000,16
2025-10-11 12:00,99690.000000,99710.000000,99690.000000,99710.000000,9
2025-10-11 12:15,99710.000000,99900.000000,99710.000000,99750.000000,136
2025-10-11 12:30,99750.000000,99830.000000,99700.000000,99700.000000,18
2025-10-11 12:45,99700.000000,99700.000000,99700.000000,99700.000000,2
2025-10-11 13:00,99730.000000,99760.000000,99730.000000,99760.000000,8
2025-10-11 13:15,99750.000000,99790.000000,99740.000000,99740.000000,5
2025-10-11 13:30,99740.000000,99750.000000,99690.000000,99690.000000,9
2025-10-11 13:45,99690.000000,99730.000000,99690.000000,99730.000000,5
2025-10-11 14:00,99740.000000,99860.000000,99730.000000,99730.000000,38
2025-10-11 14:15,99730.000000,99730.000000,99530.000000,99650.000000,141
2025-10-11 14:45,99690.000000,99700.000000,99630.000000,99700.000000,9
2025-10-11 15:00,99730.000000,99740.000000,99730.000000,99740.000000,2
2025-10-11 15:15,99730.000000,99730.000000,99730.000000,99730.000000,3
2025-10-11 15:30,99740.000000,99800.000000,99590.000000,99620.000000,70
2025-10-11 15:45,99690.000000,99700.000000,99650.000000,99700.000000,7
2025-10-12 06:45,99750.000000,99750.000000,99750.000000,99750.000000,1
2025-10-12 07:00,99750.000000,100100.000000,99730.000000,99970.000000,181
2025-10-12 07:15,99970.000000,100080.000000,99920.000000,100080.000000,46
2025-10-12 07:30,100020.000000,100070.000000,99950.000000,99950.000000,32
2025-10-12 07:45,99950.000000,99950.000000,99800.000000,99890.000000,83
2025-10-12 08:00,99900.000000,99900.000000,99900.000000,99900.000000,1
2025-10-12 08:30,99950.000000,99950.000000,99880.000000,99880.000000,6
2025-10-12 08:45,99910.000000,100000.000000,99910.000000,100000.000000,30
2025-10-12 09:00,100000.000000,100040.000000,99920.000000,100000.000000,34
2025-10-12 09:15,99970.000000,100020.000000,99950.000000,100020.000000,13
2025-10-12 09:30,100040.000000,100300.000000,100040.000000,100300.000000,221
2025-10-12 09:45,100240.000000,100510.000000,100240.000000,100260.000000,264
2025-10-12 10:00,100260.000000,100390.000000,100160.000000,100190.000000,96
2025-10-12 10:15,100190.000000,100380.000000,100160.000000,100330.000000,58
2025-10-12 10:30,100300.000000,100300.000000,100150.000000,100200.000000,21
2025-10-12 10:45,100220.000000,100220.000000,100220.000000,100220.000000,1
2025-10-12 11:00,100210.000000,100210.000000,100140.000000,100140.000000,13
2025-10-12 11:15,100140.000000,100140.000000,100090.000000,100090.000000,17
2025-10-12 11:30,100100.000000,100170.000000,100100.000000,100170.000000,9
2025-10-12 11:45,100170.000000,100270.000000,100150.000000,100250.000000,20
2025-10-12 12:00,100150.000000,100150.000000,100150.000000,100150.000000,2
2025-10-12 12:15,100110.000000,100210.000000,100110.000000,100120.000000,9
2025-10-12 12:30,100150.000000,100150.000000,100050.000000,100060.000000,19
2025-10-12 12:45,100070.000000,100070.000000,100070.000000,100070.000000,2
2025-10-12 13:15,100090.000000,100100.000000,100070.000000,100100.000000,9
2025-10-12 13:30,100090.000000,100090.000000,100050.000000,100050.000000,15
2025-10-12 13:45,100040.000000,100090.000000,100020.000000,100090.000000,18
2025-10-12 14:00,100100.000000,100200.000000,100100.000000,100190.000000,34
2025-10-12 14:15,100180.000000,100190.000000,100070.000000,100070.000000,12
2025-10-12 14:30,100070.000000,100140.000000,100040.000000,100040.000000,16
2025-10-12 14:45,100040.000000,100190.000000,100040.000000,100190.000000,6
2025-10-12 15:00,100150.000000,100150.000000,100050.000000,100120.000000,11
2025-10-12 15:15,100120.000000,100300.000000,100120.000000,100270.000000,94
2025-10-12 15:30,100300.000000,100390.000000,100300.000000,100320.000000,94
2025-10-12 15:45,100300.000000,100370.000000,100210.000000,100370.000000,35
2025-10-13 05:45,100400.000000,100400.000000,100400.000000,100400.000000,7
2025-10-13 06:00,100400.000000,100400.000000,100130.000000,100200.000000,1673
2025-10-13 06:15,100220.000000,100830.000000,100210.000000,100830.000000,1390
2025-10-13 06:30,100830.000000,101100.000000,100740.000000,100850.000000,2027
2025-10-13 06:45,100850.000000,101080.000000,100770.000000,100930.000000,909
2025-10-13 07:00,100920.000000,101490.000000,100670.000000,101390.000000,5229
2025-10-13 07:15,101360.000000,101680.000000,101160.000000,101550.000000,3197
2025-10-13 07:30,101550.000000,101770.000000,101380.000000,101470.000000,2440
2025-10-13 07:45,101480.000000,101490.000000,100430.000000,100640.000000,9409
2025-10-13 08:00,100650.000000,101090.000000,100520.000000,100850.000000,3354
2025-10-13 08:15,100860.000000,101140.000000,100650.000000,100830.000000,2616
2025-10-13 08:30,100810.000000,101180.000000,100630.000000,101080.000000,2290
2025-10-13 08:45,101010.000000,101530.000000,100910.000000,101290.000000,3614
2025-10-13 09:00,101280.000000,101430.000000,100800.000000,101050.000000,2416
2025-10-13 09:15,101060.000000,101120.000000,100810.000000,100850.000000,952
2025-10-13 09:30,100830.000000,101240.000000,100810.000000,101170.000000,1324
2025-10-13 09:45,101160.000000,101310.000000,100950.000000,101080.000000,1138
2025-10-13 10:00,101090.000000,101250.000000,100890.000000,101030.000000,747
2025-10-13 10:15,101010.000000,101070.000000,100820.000000,100950.000000,884
2025-10-13 10:30,100940.000000,101080.000000,100770.000000,100790.000000,1056
2025-10-13 10:45,100800.000000,100970.000000,100500.000000,100760.000000,2857
2025-10-13 11:00,100740.000000,100800.000000,100190.000000,100260.000000,3286
2025-10-13 11:15,100250.000000,100550.000000,100020.000000,100390.000000,4433
2025-10-13 11:30,100380.000000,100690.000000,100300.000000,100510.000000,2942
2025-10-13 11:45,100500.000000,101490.000000,100500.000000,101190.000000,6840
2025-10-13 12:00,101190.000000,102280.000000,101160.000000,101750.000000,8797
2025-10-13 12:15,101750.000000,102290.000000,101540.000000,101640.000000,4499
2025-10-13 12:30,101650.000000,102090.000000,101640.000000,102000.000000,1932
2025-10-13 12:45,102010.000000,102450.000000,101920.000000,102110.000000,3296
2025-10-13 13:00,102110.000000,102300.000000,102000.000000,102090.000000,1853
2025-10-13 13:15,102110.000000,102230.000000,101830.000000,102090.000000,2143
2025-10-13 13:30,102100.000000,102200.000000,101970.000000,102040.000000,1480
2025-10-13 13:45,102010.000000,102290.000000,102000.000000,102080.000000,1480
2025-10-13 14:00,102100.000000,102200.000000,101800.000000,101970.000000,1543
2025-10-13 14:15,102010.000000,102100.000000,101460.000000,101630.000000,3665
2025-10-13 14:30,101620.000000,101700.000000,101050.000000,101520.000000,3396
2025-10-13 14:45,101520.000000,101630.000000,101270.000000,101430.000000,1401
2025-10-13 15:00,101420.000000,101730.000000,101250.000000,101690.000000,1340
2025-10-13 15:15,101700.000000,101710.000000,101430.000000,101510.000000,1228
2025-10-13 15:30,101480.000000,101850.000000,101440.000000,101820.000000,950
2025-10-13 15:45,101810.000000,101880.000000,101710.000000,101710.000000,132
2025-10-13 16:00,101740.000000,101870.000000,101640.000000,101730.000000,530
2025-10-13 16:15,101750.000000,102060.000000,101750.000000,101810.000000,692
2025-10-13 16:30,101790.000000,102410.000000,101780.000000,102210.000000,1560
2025-10-13 16:45,102230.000000,102450.000000,102130.000000,102410.000000,1229
2025-10-13 17:00,102420.000000,102440.000000,102160.000000,102160.000000,630
2025-10-13 17:15,102160.000000,102300.000000,102130.000000,102300.000000,289
2025-10-13 17:30,102300.000000,102350.000000,102150.000000,102150.000000,322
2025-10-13 17:45,102160.000000,102270.000000,102120.000000,102160.000000,358
2025-10-13 18:00,102180.000000,102340.000000,102160.000000,102240.000000,196
2025-10-13 18:15,102270.000000,102300.000000,102160.000000,102160.000000,97
2025-10-13 18:30,102160.000000,102190.000000,101850.000000,101900.000000,926
2025-10-13 18:45,101910.000000,101950.000000,101810.000000,101810.000000,307
2025-10-13 19:00,101810.000000,101810.000000,101620.000000,101750.000000,774
2025-10-13 19:15,101740.000000,101840.000000,101720.000000,101830.000000,115
2025-10-13 19:30,101820.000000,101900.000000,101760.000000,101850.000000,272
2025-10-13 19:45,101850.000000,101910.000000,101790.000000,101840.000000,205
2025-10-13 20:00,101810.000000,101890.000000,101780.000000,101880.000000,231
2025-10-13 20:15,101890.000000,101940.000000,101870.000000,101940.000000,236
2025-10-13 20:30,101940.000000,101940.000000,101800.000000,101850.000000,162
2025-10-13 20:45,101860.000000,101940.000000,101800.000000,101930.000000,238
2025-10-14 05:45,101930.000000,101930.000000,101930.000000,101930.000000,6
2025-10-14 06:00,101950.000000,101950.000000,101410.000000,101600.000000,1467
2025-10-14 06:15,101590.000000,101790.000000,101550.000000,101760.000000,782
2025-10-14 06:30,101750.000000,101840.000000,101600.000000,101610.000000,666
2025-10-14 06:45,101610.000000,101840.000000,101570.000000,101790.000000,832
2025-10-14 07:00,101760.000000,101990.000000,101250.000000,101650.000000,3936
2025-10-14 07:15,101630.000000,102150.000000,101630.000000,101810.000000,3227
2025-10-14 07:30,101800.000000,101950.000000,101610.000000,101700.000000,1336
2025-10-14 07:45,101700.000000,102310.000000,101600.000000,102160.000000,3371
2025-10-14 08:00,102160.000000,102580.000000,102110.000000,102220.000000,4259
2025-10-14 08:15,102210.000000,102260.000000,101890.000000,102020.000000,2032
2025-10-14 08:30,102010.000000,102030.000000,101590.000000,101720.000000,1941
2025-10-14 08:45,101710.000000,101950.000000,101650.000000,101930.000000,1576
2025-10-14 09:00,101920.000000,102100.000000,101770.000000,102090.000000,1098
2025-10-14 09:15,102090.000000,102350.000000,101970.000000,101970.000000,1920
2025-10-14 09:30,101980.000000,102060.000000,101750.000000,101870.000000,1410
2025-10-14 09:45,101870.000000,101890.000000,101400.000000,101550.000000,1966
2025-10-14 10:00,101540.000000,101590.000000,101270.000000,101490.000000,2868
2025-10-14 10:15,101480.000000,101560.000000,101430.000000,101510.000000,714
2025-10-14 10:30,101510.000000,101970.000000,101510.000000,101790.000000,2177
2025-10-14 10:45,101790.000000,101840.000000,101660.000000,101740.000000,823
2025-10-14 11:00,101720.000000,102150.000000,101710.000000,101980.000000,1344
2025-10-14 11:15,101970.000000,102140.000000,101750.000000,101930.000000,1320
2025-10-14 11:30,101880.000000,101990.000000,101750.000000,101810.000000,932
2025-10-14 11:45,101800.000000,101940.000000,101680.000000,101920.000000,685
2025-10-14 12:00,101920.000000,102030.000000,101560.000000,101560.000000,1054
2025-10-14 12:15,101550.000000,102030.000000,101440.000000,101940.000000,3044
2025-10-14 12:30,101930.000000,102050.000000,101070.000000,101110.000000,4337
2025-10-14 12:45,101090.000000,101140.000000,100750.000000,100880.000000,5777
2025-10-14 13:00,100880.000000,100880.000000,100290.000000,100450.000000,5477
2025-10-14 13:15,100450.000000,100640.000000,100360.000000,100540.000000,1891
2025-10-14 13:30,100520.000000,100620.000000,100400.000000,100460.000000,2024
2025-10-14 13:45,100460.000000,100560.000000,100200.000000,100430.000000,2347
2025-10-14 14:00,100440.000000,100680.000000,100330.000000,100640.000000,1781
2025-10-14 14:15,100640.000000,101080.000000,100620.000000,100630.000000,2455
2025-10-14 14:30,100630.000000,100740.000000,100570.000000,100680.000000,621
2025-10-14 14:45,100690.000000,100980.000000,100660.000000,100880.000000,1395
2025-10-14 15:00,100850.000000,101220.000000,100810.000000,101160.000000,1448
2025-10-14 15:15,101150.000000,101330.000000,100950.000000,101230.000000,1356
2025-10-14 15:30,101240.000000,101300.000000,100910.000000,100940.000000,660
2025-10-14 15:45,100950.000000,101100.000000,100920.000000,101050.000000,243
2025-10-14 16:00,101250.000000,101250.000000,100900.000000,100990.000000,1006
2025-10-14 16:15,100990.000000,101150.000000,100840.000000,100860.000000,616
2025-10-14 16:30,100860.000000,100990.000000,100780.000000,100880.000000,489
2025-10-14 16:45,100910.000000,100980.000000,100840.000000,100900.000000,281
2025-10-14 17:00,100910.000000,101130.000000,100910.000000,101130.000000,536
2025-10-14 17:15,101140.000000,101150.000000,101010.000000,101030.000000,367
2025-10-14 17:30,101030.000000,101030.000000,100950.000000,100960.000000,294
2025-10-14 17:45,100970.000000,101040.000000,100950.000000,101010.000000,150
2025-10-14 18:00,101000.000000,101000.000000,100860.000000,100870.000000,166
2025-10-14 18:15,100880.000000,100890.000000,100810.000000,100860.000000,310
2025-10-14 18:30,100850.000000,101020.000000,100840.000000,100950.000000,234
2025-10-14 18:45,100960.000000,101050.000000,100890.000000,100990.000000,332
2025-10-14 19:00,100990.000000,101050.000000,100920.000000,100940.000000,239
2025-10-14 19:15,100930.000000,101020.000000,100860.000000,101010.000000,121
2025-10-14 19:30,101020.000000,101040.000000,100810.000000,100840.000000,391
2025-10-14 19:45,100880.000000,100930.000000,100840.000000,100920.000000,81
2025-10-14 20:00,100930.000000,101240.000000,100910.000000,101230.000000,433
2025-10-14 20:15,101220.000000,101290.000000,101070.000000,101170.000000,535
2025-10-14 20:30,101170.000000,101300.000000,101170.000000,101290.000000,291
2025-10-14 20:45,101280.000000,101300.000000,101160.000000,101300.000000,186
2025-10-15 05:45,101350.000000,101350.000000,101350.000000,101350.000000,46
2025-10-15 06:00,101310.000000,101600.000000,101200.000000,101510.000000,2026
2025-10-15 06:15,101520.000000,101720.000000,101510.000000,101670.000000,1589
2025-10-15 06:30,101660.000000,101880.000000,101550.000000,101550.000000,1248
2025-10-15 06:45,101580.000000,101800.000000,101160.000000,101670.000000,2668
2025-10-15 07:00,101620.000000,101760.000000,101150.000000,101630.000000,3368
2025-10-15 07:15,101670.000000,101750.000000,101230.000000,101290.000000,1943
2025-10-15 07:30,101310.000000,101570.000000,101130.000000,101430.000000,1979
2025-10-15 07:45,101470.000000,101950.000000,101320.000000,101570.000000,3042
2025-10-15 08:00,101590.000000,101950.000000,101460.000000,101810.000000,2180
2025-10-15 08:15,101790.000000,102220.000000,101780.000000,102170.000000,2876
2025-10-15 08:30,102190.000000,102310.000000,101700.000000,101700.000000,3869
2025-10-15 08:45,101690.000000,101690.000000,101390.000000,101510.000000,2497
2025-10-15 09:00,101490.000000,101770.000000,101450.000000,101720.000000,2326
2025-10-15 09:15,101730.000000,101810.000000,101520.000000,101530.000000,878
2025-10-15 09:30,101540.000000,101810.000000,101520.000000,101780.000000,718
2025-10-15 09:45,101760.000000,102040.000000,101720.000000,101880.000000,1540
2025-10-15 10:00,101880.000000,102850.000000,101880.000000,102650.000000,5795
2025-10-15 10:15,102640.000000,102740.000000,102250.000000,102390.000000,3330
2025-10-15 10:30,102400.000000,102490.000000,102270.000000,102330.000000,1526
2025-10-15 10:45,102330.000000,102450.000000,102260.000000,102290.000000,1222
2025-10-15 11:00,102290.000000,102370.000000,102240.000000,102280.000000,619
2025-10-15 11:15,102250.000000,102410.000000,102090.000000,102300.000000,1450
2025-10-15 11:30,102310.000000,102730.000000,102260.000000,102570.000000,2704
2025-10-15 11:45,102580.000000,103040.000000,102580.000000,102710.000000,4451
2025-10-15 12:00,102720.000000,103170.000000,102720.000000,102920.000000,2537
2025-10-15 12:15,102920.000000,102990.000000,102670.000000,102740.000000,4022
2025-10-15 12:30,102750.000000,102990.000000,102560.000000,102920.000000,1897
2025-10-15 12:45,102920.000000,103430.000000,102780.000000,103350.000000,2941
2025-10-15 13:00,103350.000000,103470.000000,102960.000000,103000.000000,2873
2025-10-15 13:15,102980.000000,103150.000000,102780.000000,102820.000000,1141
2025-10-15 13:30,102860.000000,103150.000000,102860.000000,103050.000000,1228
2025-10-15 13:45,103040.000000,103130.000000,102620.000000,102740.000000,1836
2025-10-15 14:00,102760.000000,103200.000000,102750.000000,102970.000000,1684
2025-10-15 14:15,102980.000000,103070.000000,102460.000000,102550.000000,1792
2025-10-15 14:30,102550.000000,102800.000000,102460.000000,102510.000000,1780
2025-10-15 14:45,102500.000000,102700.000000,102480.000000,102490.000000,711
2025-10-15 15:00,102500.000000,102700.000000,102350.000000,102560.000000,1410
2025-10-15 15:15,102550.000000,102560.000000,102400.000000,102440.000000,719
2025-10-15 15:30,102450.000000,102590.000000,102400.000000,102590.000000,609
2025-10-15 15:45,102580.000000,102780.000000,102580.000000,102730.000000,235
2025-10-15 16:00,102640.000000,102870.000000,102570.000000,102750.000000,704
2025-10-15 16:15,102770.000000,102990.000000,102740.000000,102800.000000,601
2025-10-15 16:30,102770.000000,102840.000000,102640.000000,102840.000000,350
2025-10-15 16:45,102850.000000,102860.000000,102550.000000,102600.000000,388
2025-10-15 17:00,102620.000000,102690.000000,102340.000000,102380.000000,830
2025-10-15 17:15,102380.000000,102380.000000,102080.000000,102080.000000,1948
2025-10-15 17:30,102080.000000,102440.000000,102040.000000,102310.000000,1040
2025-10-15 17:45,102300.000000,102370.000000,102240.000000,102350.000000,309
2025-10-15 18:00,102320.000000,102520.000000,102320.000000,102460.000000,291
2025-10-15 18:15,102450.000000,102480.000000,102380.000000,102450.000000,255
2025-10-15 18:30,102450.000000,102560.000000,102420.000000,102560.000000,295
2025-10-15 18:45,102540.000000,102560.000000,102440.000000,102500.000000,191
2025-10-15 19:00,102550.000000,102750.000000,102510.000000,102750.000000,342
2025-10-15 19:15,102750.000000,102920.000000,102750.000000,102890.000000,400
2025-10-15 19:30,102910.000000,103060.000000,102800.000000,103060.000000,488
2025-10-15 19:45,103050.000000,103180.000000,102990.000000,103000.000000,767
2025-10-15 20:00,103000.000000,103060.000000,102800.000000,102880.000000,537
2025-10-15 20:15,102890.000000,103080.000000,102710.000000,102770.000000,630
2025-10-15 20:30,102760.000000,102870.000000,102740.000000,102870.000000,514
2025-10-15 20:45,102870.000000,102910.000000,102760.000000,102840.000000,353
2025-10-16 05:45,102850.000000,102850.000000,102850.000000,102850.000000,6
2025-10-16 06:00,102840.000000,103120.000000,102750.000000,103050.000000,1443
2025-10-16 06:15,103060.000000,103060.000000,102770.000000,102850.000000,781
2025-10-16 06:30,102850.000000,102890.000000,102650.000000,102650.000000,764
2025-10-16 06:45,102650.000000,102750.000000,102560.000000,102720.000000,1045
2025-10-16 07:00,102690.000000,102690.000000,101840.000000,101880.000000,5963
2025-10-16 07:15,101890.000000,102030.000000,101500.000000,101500.000000,3448
2025-10-16 07:30,101500.000000,101690.000000,101040.000000,101690.000000,7262
2025-10-16 07:45,101690.000000,102170.000000,101670.000000,101950.000000,2992
2025-10-16 08:00,101950.000000,102350.000000,101900.000000,102270.000000,3031
2025-10-16 08:15,102240.000000,102480.000000,101860.000000,101920.000000,3326
2025-10-16 08:30,101920.000000,102110.000000,101730.000000,102070.000000,2039
2025-10-16 08:45,102070.000000,102150.000000,101870.000000,102050.000000,857
2025-10-16 09:00,102050.000000,102110.000000,101800.000000,101820.000000,800
2025-10-16 09:15,101830.000000,102220.000000,101780.000000,102070.000000,1836
2025-10-16 09:30,102060.000000,102250.000000,101690.000000,102190.000000,2314
2025-10-16 09:45,102210.000000,102370.000000,102020.000000,102120.000000,2281
2025-10-16 10:00,102110.000000,102140.000000,101850.000000,101980.000000,1248
2025-10-16 10:15,101990.000000,102040.000000,101420.000000,101520.000000,2088
2025-10-16 10:30,101520.000000,101800.000000,101480.000000,101750.000000,876
2025-10-16 10:45,101750.000000,101900.000000,101700.000000,101700.000000,1008
2025-10-16 11:00,101700.000000,102100.000000,101680.000000,101830.000000,1388
2025-10-16 11:15,101810.000000,101920.000000,101580.000000,101770.000000,1711
2025-10-16 11:30,101780.000000,102000.000000,101460.000000,101540.000000,3270
2025-10-16 11:45,101520.000000,101690.000000,101390.000000,101420.000000,2757
2025-10-16 12:00,101420.000000,101700.000000,101290.000000,101510.000000,2677
2025-10-16 12:15,101520.000000,101570.000000,101000.000000,101350.000000,3933
2025-10-16 12:30,101350.000000,101360.000000,101070.000000,101080.000000,1837
2025-10-16 12:45,101070.000000,101350.000000,101000.000000,101320.000000,2939
2025-10-16 13:00,101310.000000,101600.000000,101210.000000,101540.000000,2336
2025-10-16 13:15,101550.000000,101720.000000,101320.000000,101360.000000,1836
2025-10-16 13:30,101350.000000,101410.000000,101090.000000,101270.000000,2607
2025-10-16 13:45,101280.000000,101320.000000,101020.000000,101050.000000,1443
2025-10-16 14:00,101060.000000,102850.000000,101030.000000,102710.000000,11178
2025-10-16 14:15,102720.000000,102870.000000,102180.000000,102590.000000,6240
2025-10-16 14:30,102590.000000,103270.000000,102570.000000,103180.000000,8359
2025-10-16 14:45,103190.000000,103690.000000,103090.000000,103330.000000,9158
2025-10-16 15:00,103330.000000,103550.000000,102550.000000,102870.000000,7370
2025-10-16 15:15,102870.000000,103230.000000,102800.000000,102880.000000,2860
2025-10-16 15:30,102900.000000,103210.000000,102900.000000,103190.000000,1499
2025-10-16 15:45,103190.000000,103380.000000,103180.000000,103330.000000,344
2025-10-16 16:00,103340.000000,103460.000000,103140.000000,103220.000000,1319
2025-10-16 16:15,103210.000000,103250.000000,102410.000000,102600.000000,3588
2025-10-16 16:30,102590.000000,102880.000000,102110.000000,102680.000000,4560
2025-10-16 16:45,102680.000000,102890.000000,102580.000000,102680.000000,1248
2025-10-16 17:00,102710.000000,106430.000000,102710.000000,106410.000000,23168
2025-10-16 17:15,106420.000000,108500.000000,106410.000000,107830.000000,22281
2025-10-16 17:30,107820.000000,107870.000000,106710.000000,107020.000000,7707
2025-10-16 17:45,107000.000000,107700.000000,106720.000000,107660.000000,5331
2025-10-16 18:00,107660.000000,107790.000000,107310.000000,107400.000000,5070
2025-10-16 18:15,107430.000000,107480.000000,106690.000000,106940.000000,4646
2025-10-16 18:30,106970.000000,107180.000000,106910.000000,107150.000000,1825
2025-10-16 18:45,107170.000000,107370.000000,107100.000000,107320.000000,2046
2025-10-16 19:00,107320.000000,107590.000000,107170.000000,107510.000000,2254
2025-10-16 19:15,107520.000000,107690.000000,107450.000000,107560.000000,1887
2025-10-16 19:30,107590.000000,107660.000000,107500.000000,107640.000000,1161
2025-10-16 19:45,107640.000000,107820.000000,107610.000000,107700.000000,1213
2025-10-16 20:00,107690.000000,107970.000000,107680.000000,107850.000000,1320
2025-10-16 20:15,107860.000000,108080.000000,107480.000000,107620.000000,1489
2025-10-16 20:30,107630.000000,108500.000000,107550.000000,108440.000000,2317
2025-10-16 20:45,108440.000000,108440.000000,108040.000000,108300.000000,652
2025-10-17 05:45,107950.000000,107950.000000,107950.000000,107950.000000,37
2025-10-17 06:00,107900.000000,107900.000000,106770.000000,106790.000000,4380
2025-10-17 06:15,106800.000000,106990.000000,106550.000000,106790.000000,2501
2025-10-17 06:30,106740.000000,106880.000000,106310.000000,106360.000000,1920
2025-10-17 06:45,106370.000000,106700.000000,106230.000000,106330.000000,2807
2025-10-17 07:00,106290.000000,106420.000000,105560.000000,105660.000000,6944
2025-10-17 07:15,105650.000000,106600.000000,105610.000000,106520.000000,4860
2025-10-17 07:30,106540.000000,106640.000000,106310.000000,106500.000000,2145
