time,open,high,low,close,volume
2025-07-19 07:30,312.300000,313.910000,312.070000,313.010000,1491540
2025-07-19 07:45,313.000000,313.470000,313.000000,313.400000,602450
2025-07-19 08:00,313.400000,313.420000,312.250000,312.270000,808940
2025-07-19 08:15,312.270000,312.810000,312.110000,312.740000,541490
2025-07-19 08:30,312.740000,312.740000,312.250000,312.290000,172860
2025-07-19 08:45,312.300000,312.700000,312.290000,312.500000,230690
2025-07-19 09:00,312.490000,312.500000,312.150000,312.290000,331090
2025-07-19 09:15,312.290000,312.500000,312.150000,312.310000,139330
2025-07-19 09:30,312.300000,312.410000,312.160000,312.400000,94500
2025-07-19 09:45,312.410000,312.480000,312.180000,312.280000,96960
2025-07-19 10:00,312.250000,312.330000,312.200000,312.290000,87230
2025-07-19 10:15,312.300000,312.600000,312.300000,312.500000,91650
2025-07-19 10:30,312.520000,312.520000,312.180000,312.200000,85770
2025-07-19 10:45,312.180000,312.370000,312.160000,312.340000,79340
2025-07-19 11:00,312.320000,312.450000,312.230000,312.410000,93480
2025-07-19 11:15,312.410000,312.450000,312.350000,312.440000,52780
2025-07-19 11:30,312.440000,312.450000,312.320000,312.390000,57030
2025-07-19 11:45,312.390000,312.650000,312.350000,312.650000,79190
2025-07-19 12:00,312.650000,312.680000,312.500000,312.600000,98920
2025-07-19 12:15,312.620000,312.630000,312.320000,312.440000,62300
2025-07-19 12:30,312.440000,312.630000,312.440000,312.550000,60520
2025-07-19 12:45,312.510000,312.560000,312.430000,312.470000,26020
2025-07-19 13:00,312.470000,312.550000,312.360000,312.360000,41380
2025-07-19 13:15,312.380000,312.630000,312.290000,312.510000,158050
2025-07-19 13:30,312.550000,312.600000,312.290000,312.580000,51290
2025-07-19 13:45,312.580000,312.600000,312.350000,312.440000,102650
2025-07-19 14:00,312.450000,312.670000,312.450000,312.550000,100910
2025-07-19 14:15,312.560000,312.600000,312.450000,312.600000,22510
2025-07-19 14:30,312.530000,312.590000,312.420000,312.490000,20610
2025-07-19 14:45,312.530000,312.530000,312.350000,312.490000,153660
2025-07-19 15:00,312.490000,312.500000,312.360000,312.470000,68800
2025-07-19 15:15,312.460000,312.500000,312.370000,312.460000,109650
2025-07-19 15:30,312.470000,312.470000,312.420000,312.440000,62250
2025-07-19 15:45,312.450000,312.460000,312.370000,312.420000,62300
2025-07-19 16:00,312.360000,313.870000,311.410000,312.550000,7740
2025-07-19 16:15,312.550000,312.600000,312.330000,312.560000,13670
2025-07-19 16:30,312.380000,312.550000,312.200000,312.200000,10420
2025-07-19 16:45,312.200000,312.400000,312.200000,312.290000,9640
2025-07-19 17:00,312.200000,312.290000,312.000000,312.080000,17660
2025-07-19 17:15,312.070000,312.700000,312.070000,312.680000,140460
2025-07-19 17:30,312.690000,312.750000,312.270000,312.430000,25050
2025-07-19 17:45,312.430000,312.860000,312.420000,312.860000,56310
2025-07-19 18:00,312.860000,312.880000,312.650000,312.660000,22980
2025-07-19 18:15,312.660000,312.860000,312.340000,312.500000,39860
2025-07-19 18:30,312.500000,312.680000,312.360000,312.590000,6800
2025-07-19 18:45,312.590000,312.650000,312.370000,312.380000,18680
2025-07-19 19:00,312.380000,312.500000,312.320000,312.320000,13420
2025-07-19 19:15,312.490000,312.640000,312.200000,312.330000,25870
2025-07-19 19:30,312.330000,312.590000,312.200000,312.290000,10290
2025-07-19 19:45,312.290000,312.500000,312.200000,312.210000,18060
2025-07-19 20:00,312.210000,312.490000,312.110000,312.200000,12610
2025-07-19 20:15,312.200000,312.580000,312.200000,312.420000,17550
2025-07-19 20:30,312.420000,312.580000,312.380000,312.400000,24890
2025-07-19 20:45,312.400000,312.590000,312.320000,312.590000,4540
2025-07-19 23:00,312.600000,313.190000,312.030000,313.150000,5310
2025-07-19 23:15,313.000000,313.000000,312.350000,312.360000,3410
2025-07-19 23:30,312.880000,312.880000,312.550000,312.550000,910
2025-07-19 23:45,312.550000,312.820000,312.300000,312.310000,290
2025-07-20 00:00,312.320000,312.810000,312.120000,312.810000,5720
2025-07-20 00:15,312.790000,312.820000,312.110000,312.820000,3300
2025-07-20 00:30,312.120000,312.820000,312.120000,312.800000,720
2025-07-20 00:45,312.800000,312.820000,312.800000,312.820000,20
2025-07-20 01:00,312.810000,312.810000,312.300000,312.510000,860
2025-07-20 01:15,312.790000,312.800000,312.320000,312.800000,1570
2025-07-20 01:30,312.800000,312.800000,312.500000,312.500000,260
2025-07-20 01:45,312.500000,312.810000,312.500000,312.520000,690
2025-07-20 02:00,312.540000,312.810000,312.540000,312.810000,290
2025-07-20 02:15,312.810000,312.810000,312.550000,312.550000,280
2025-07-20 02:30,312.810000,312.810000,312.500000,312.810000,1590
2025-07-20 02:45,312.810000,312.820000,312.500000,312.510000,1370
2025-07-20 03:00,312.510000,312.820000,312.510000,312.550000,360
2025-07-20 03:15,312.600000,312.700000,312.500000,312.700000,1940
2025-07-20 03:30,312.700000,312.820000,312.510000,312.530000,1610
2025-07-20 03:45,312.540000,313.180000,312.540000,313.180000,27540
2025-07-20 04:00,313.170000,313.180000,312.830000,312.950000,6910
2025-07-20 04:15,313.000000,313.170000,312.950000,313.000000,5600
2025-07-20 04:30,313.000000,313.120000,312.960000,313.120000,9050
2025-07-20 04:45,313.120000,313.260000,313.110000,313.260000,16510
2025-07-20 05:00,313.200000,313.300000,313.150000,313.200000,17980
2025-07-20 05:15,313.200000,313.300000,313.070000,313.070000,14320
2025-07-20 05:30,313.070000,313.340000,312.300000,313.000000,72870
2025-07-20 05:45,313.000000,313.250000,312.700000,313.230000,15180
2025-07-20 06:00,312.820000,313.320000,312.710000,313.300000,32420
2025-07-20 06:15,313.300000,313.320000,312.940000,313.320000,14710
2025-07-20 06:30,313.300000,313.320000,313.000000,313.300000,4910
2025-07-20 06:45,313.490000,313.490000,313.490000,313.490000,28660
2025-07-20 07:00,313.480000,313.780000,312.430000,313.430000,1314510
2025-07-20 07:15,313.430000,313.500000,313.360000,313.420000,289470
2025-07-20 07:30,313.420000,313.420000,313.000000,313.000000,278880
2025-07-20 07:45,313.000000,313.010000,312.600000,312.900000,172950
2025-07-20 08:00,312.900000,312.930000,312.840000,312.930000,111270
2025-07-20 08:15,312.920000,312.980000,312.900000,312.900000,98820
2025-07-20 08:30,312.900000,313.130000,312.740000,312.800000,203840
2025-07-20 08:45,312.830000,313.040000,312.730000,313.040000,57110
2025-07-20 09:00,313.020000,313.030000,312.890000,313.000000,102450
2025-07-20 09:15,312.990000,313.000000,312.900000,312.930000,36330
2025-07-20 09:30,312.940000,312.940000,312.890000,312.940000,111040
2025-07-20 09:45,312.940000,313.000000,312.890000,312.940000,91280
2025-07-20 10:00,312.940000,312.970000,312.890000,312.930000,41600
2025-07-20 10:15,312.930000,312.980000,312.900000,312.970000,40100
2025-07-20 10:30,312.910000,312.960000,312.910000,312.910000,35560
2025-07-20 10:45,312.920000,312.940000,312.890000,312.900000,86070
2025-07-20 11:00,312.890000,312.960000,312.770000,312.860000,139870
2025-07-20 11:15,312.860000,312.950000,312.860000,312.880000,15040
2025-07-20 11:30,312.880000,312.940000,312.880000,312.940000,22280
2025-07-20 11:45,312.940000,313.090000,312.800000,312.980000,346140
2025-07-20 12:00,312.990000,313.000000,312.960000,312.980000,22360
2025-07-20 12:15,313.000000,313.000000,312.960000,312.980000,8580
2025-07-20 12:30,312.980000,313.010000,312.960000,313.000000,28670
2025-07-20 12:45,313.000000,313.010000,312.950000,312.980000,46280
2025-07-20 13:00,312.980000,312.980000,312.950000,312.980000,26910
2025-07-20 13:15,312.960000,313.000000,312.950000,312.960000,31780
2025-07-20 13:30,312.950000,313.030000,312.950000,313.010000,62880
2025-07-20 13:45,313.010000,313.030000,312.960000,313.000000,44520
2025-07-20 14:00,313.000000,313.090000,312.960000,313.070000,41490
2025-07-20 14:15,313.070000,313.080000,312.820000,312.830000,27960
2025-07-20 14:30,312.830000,312.860000,312.720000,312.780000,85110
2025-07-20 14:45,312.760000,312.810000,312.050000,312.730000,384060
2025-07-20 15:00,312.490000,312.590000,312.050000,312.590000,167700
2025-07-20 15:15,312.520000,312.620000,312.110000,312.330000,144780
2025-07-20 15:30,312.270000,312.550000,312.240000,312.440000,44510
2025-07-20 15:45,312.440000,312.690000,312.210000,312.580000,130460
2025-07-20 16:00,312.100000,313.490000,311.280000,312.130000,16360
2025-07-20 16:15,312.140000,312.450000,312.060000,312.330000,7290
2025-07-20 16:30,312.340000,312.360000,312.090000,312.340000,15040
2025-07-20 16:45,312.360000,312.690000,312.340000,312.690000,6320
2025-07-20 17:00,312.540000,312.740000,312.340000,312.390000,11390
2025-07-20 17:15,312.500000,312.600000,312.340000,312.380000,5220
2025-07-20 17:30,312.570000,312.580000,312.340000,312.350000,3540
2025-07-20 17:45,312.350000,312.540000,312.340000,312.350000,9120
2025-07-20 18:00,312.490000,312.500000,312.300000,312.320000,3150
2025-07-20 18:15,312.320000,312.340000,312.110000,312.250000,11330
2025-07-20 18:30,312.250000,312.390000,312.110000,312.270000,15860
2025-07-20 18:45,312.300000,312.400000,312.110000,312.120000,9020
2025-07-20 19:00,312.290000,312.290000,312.120000,312.280000,4980
2025-07-20 19:15,312.280000,312.570000,312.150000,312.160000,9030
2025-07-20 19:30,312.370000,312.370000,312.150000,312.150000,2410
2025-07-20 19:45,312.150000,312.380000,312.150000,312.170000,4520
2025-07-20 20:00,312.170000,312.380000,312.170000,312.200000,2490
2025-07-20 20:15,312.200000,312.300000,312.200000,312.300000,6360
2025-07-20 20:30,312.300000,312.500000,312.220000,312.500000,13020
2025-07-20 20:45,312.500000,312.500000,312.210000,312.220000,19580
2025-07-21 03:45,312.990000,312.990000,312.990000,312.990000,22440
2025-07-21 04:00,312.990000,313.280000,312.500000,313.080000,580890
2025-07-21 04:15,313.080000,313.290000,312.960000,313.180000,279230
2025-07-21 04:30,313.180000,313.190000,313.090000,313.140000,234710
2025-07-21 04:45,313.120000,313.290000,313.120000,313.260000,327060
2025-07-21 05:00,313.270000,313.780000,313.230000,313.590000,380340
2025-07-21 05:15,313.590000,313.830000,313.570000,313.600000,379510
2025-07-21 05:30,313.600000,314.450000,313.570000,314.300000,583720
2025-07-21 05:45,314.290000,314.560000,314.000000,314.070000,759400
2025-07-21 06:00,314.070000,314.200000,312.550000,313.170000,1917620
2025-07-21 06:15,313.170000,313.400000,312.230000,312.300000,1019110
2025-07-21 06:30,312.290000,313.390000,312.230000,312.760000,540460
2025-07-21 06:45,312.760000,313.010000,312.310000,312.860000,552570
2025-07-21 07:00,312.860000,313.360000,311.110000,311.480000,2752830
2025-07-21 07:15,311.480000,311.800000,310.430000,311.570000,2351050
2025-07-21 07:30,311.560000,311.570000,310.500000,310.500000,1021630
2025-07-21 07:45,310.500000,310.960000,309.720000,310.730000,2327940
2025-07-21 08:00,310.760000,310.760000,309.820000,309.990000,1754720
2025-07-21 08:15,310.000000,311.290000,309.990000,311.270000,1478580
2025-07-21 08:30,311.280000,311.500000,311.120000,311.500000,1020900
2025-07-21 08:45,311.490000,311.500000,311.150000,311.490000,504220
2025-07-21 09:00,311.500000,311.500000,310.800000,311.300000,481680
2025-07-21 09:15,311.300000,311.990000,311.200000,311.960000,763380
2025-07-21 09:30,311.950000,311.990000,311.350000,311.480000,713910
2025-07-21 09:45,311.470000,311.800000,311.230000,311.780000,922470
2025-07-21 10:00,311.790000,311.950000,311.500000,311.850000,387370
2025-07-21 10:15,311.850000,312.130000,311.600000,311.760000,867190
2025-07-21 10:30,311.760000,311.770000,310.830000,311.300000,750200
2025-07-21 10:45,311.310000,311.310000,310.520000,310.700000,753110
2025-07-21 11:00,310.700000,310.750000,310.370000,310.420000,525300
2025-07-21 11:15,310.410000,311.080000,310.400000,310.580000,437150
2025-07-21 11:30,310.580000,310.810000,310.570000,310.660000,230830
2025-07-21 11:45,310.650000,310.760000,310.500000,310.510000,218610
2025-07-21 12:00,310.510000,310.710000,309.910000,310.650000,1590250
2025-07-21 12:15,310.640000,311.290000,310.370000,311.050000,1333280
2025-07-21 12:30,311.050000,311.300000,310.690000,310.750000,888070
2025-07-21 12:45,310.720000,310.950000,310.590000,310.890000,748450
2025-07-21 13:00,310.900000,310.920000,310.270000,310.290000,960100
2025-07-21 13:15,310.290000,310.810000,310.200000,310.380000,1783580
2025-07-21 13:30,310.380000,310.800000,310.180000,310.570000,969940
2025-07-21 13:45,310.600000,310.650000,309.720000,309.900000,1734050
2025-07-21 14:00,309.890000,310.200000,309.570000,309.720000,996630
2025-07-21 14:15,309.700000,310.280000,309.610000,310.240000,379540
2025-07-21 14:30,310.240000,310.600000,310.220000,310.280000,245030
2025-07-21 14:45,310.270000,310.670000,310.260000,310.620000,579690
2025-07-21 15:00,310.610000,310.640000,309.780000,309.850000,646400
2025-07-21 15:15,309.860000,310.040000,309.520000,309.570000,432320
2025-07-21 15:30,309.560000,309.870000,309.310000,309.450000,929480
2025-07-21 15:45,309.800000,309.800000,309.800000,309.800000,60740
2025-07-21 16:00,309.510000,309.980000,309.510000,309.930000,148600
2025-07-21 16:15,309.930000,310.160000,309.920000,310.050000,201660
2025-07-21 16:30,310.040000,310.050000,309.610000,309.700000,258770
2025-07-21 16:45,309.650000,310.000000,309.500000,309.890000,165100
2025-07-21 17:00,309.890000,309.980000,309.780000,309.780000,74570
2025-07-21 17:15,309.790000,309.810000,309.680000,309.780000,69430
2025-07-21 17:30,309.770000,309.790000,309.640000,309.650000,113170
2025-07-21 17:45,309.640000,310.170000,309.620000,309.930000,163590
2025-07-21 18:00,309.930000,310.230000,309.900000,310.210000,107870
2025-07-21 18:15,310.210000,310.750000,310.210000,310.700000,496020
2025-07-21 18:30,310.690000,310.700000,310.500000,310.570000,96610
2025-07-21 18:45,310.560000,310.610000,310.540000,310.560000,81840
2025-07-21 19:00,310.570000,310.570000,310.140000,310.420000,191120
2025-07-21 19:15,310.420000,310.420000,310.060000,310.150000,30080
2025-07-21 19:30,310.140000,310.270000,310.100000,310.100000,85290
2025-07-21 19:45,310.100000,310.140000,309.860000,310.070000,157030
2025-07-21 20:00,310.040000,310.140000,309.840000,310.010000,66340
2025-07-21 20:15,310.000000,310.150000,309.840000,309.990000,69050
2025-07-21 20:30,309.960000,310.170000,309.900000,310.170000,71630
2025-07-21 20:45,310.150000,310.400000,310.140000,310.400000,58810
2025-07-22 03:45,310.650000,310.650000,310.650000,310.650000,1730
2025-07-22 04:00,310.670000,311.120000,310.150000,310.200000,331340
2025-07-22 04:15,310.200000,310.790000,310.150000,310.570000,139020
2025-07-22 04:30,310.570000,310.570000,310.110000,310.110000,74930
2025-07-22 04:45,310.130000,310.130000,309.600000,309.620000,206070
2025-07-22 05:00,309.620000,310.520000,309.620000,310.270000,116880
2025-07-22 05:15,310.300000,310.600000,310.000000,310.480000,163310
2025-07-22 05:30,310.490000,310.930000,310.410000,310.420000,227320
2025-07-22 05:45,310.410000,310.410000,310.170000,310.170000,56110
2025-07-22 06:00,310.180000,310.200000,309.800000,309.950000,373000
2025-07-22 06:15,309.950000,310.100000,309.910000,310.050000,89390
2025-07-22 06:30,310.050000,310.060000,309.710000,309.900000,152270
2025-07-22 06:45,309.900000,310.060000,309.790000,309.990000,117930
2025-07-22 07:00,309.990000,310.530000,309.710000,310.060000,422990
2025-07-22 07:15,310.060000,310.910000,310.060000,310.310000,928720
2025-07-22 07:30,310.300000,310.490000,310.000000,310.000000,350760
2025-07-22 07:45,310.000000,310.010000,308.580000,308.790000,1827810
2025-07-22 08:00,308.790000,309.550000,308.550000,309.250000,887250
2025-07-22 08:15,309.250000,309.300000,308.760000,308.810000,698760
2025-07-22 08:30,308.840000,309.500000,308.800000,309.200000,661910
2025-07-22 08:45,309.220000,309.500000,309.030000,309.170000,304870
2025-07-22 09:00,309.160000,309.500000,309.000000,309.060000,393230
2025-07-22 09:15,309.060000,309.500000,309.020000,309.500000,552050
2025-07-22 09:30,309.490000,310.760000,309.490000,310.190000,1170080
2025-07-22 09:45,310.210000,311.000000,310.000000,310.850000,1363590
2025-07-22 10:00,310.830000,311.000000,310.560000,310.710000,638330
2025-07-22 10:15,310.740000,311.720000,310.740000,311.200000,1629910
2025-07-22 10:30,311.210000,311.300000,310.640000,310.750000,536620
2025-07-22 10:45,310.730000,311.260000,310.730000,311.080000,318940
2025-07-22 11:00,311.080000,311.290000,311.000000,311.040000,354100
2025-07-22 11:15,311.020000,311.080000,310.820000,310.880000,327920
2025-07-22 11:30,310.920000,311.300000,310.880000,311.240000,267290
2025-07-22 11:45,311.250000,311.250000,310.830000,310.850000,339230
2025-07-22 12:00,310.840000,311.160000,310.630000,311.150000,863790
2025-07-22 12:15,311.160000,311.290000,310.950000,311.120000,693410
2025-07-22 12:30,311.150000,311.180000,310.570000,310.760000,843050
2025-07-22 12:45,310.790000,310.840000,310.330000,310.620000,1275080
2025-07-22 13:00,310.640000,310.830000,310.020000,310.390000,914440
2025-07-22 13:15,310.390000,310.940000,310.230000,310.820000,805040
2025-07-22 13:30,310.850000,311.030000,310.170000,310.220000,921120
2025-07-22 13:45,310.230000,310.540000,310.150000,310.390000,459970
2025-07-22 14:00,310.390000,310.680000,310.330000,310.330000,431460
2025-07-22 14:15,310.320000,310.590000,310.100000,310.100000,558070
2025-07-22 14:30,310.120000,310.250000,309.530000,310.100000,828070
2025-07-22 14:45,310.100000,310.220000,310.000000,310.110000,248290
2025-07-22 15:00,310.130000,310.290000,310.100000,310.270000,88700
2025-07-22 15:15,310.280000,310.330000,310.240000,310.260000,355890
2025-07-22 15:30,310.270000,310.390000,310.270000,310.300000,123080
2025-07-22 15:45,310.390000,310.390000,310.390000,310.390000,20860
2025-07-22 16:00,310.300000,310.550000,310.210000,310.440000,147640
2025-07-22 16:15,310.440000,310.490000,310.420000,310.430000,33740
2025-07-22 16:30,310.440000,310.520000,310.340000,310.380000,72560
2025-07-22 16:45,310.390000,310.420000,310.320000,310.370000,28940
2025-07-22 17:00,310.370000,310.460000,310.280000,310.340000,98760
2025-07-22 17:15,310.340000,310.520000,310.320000,310.450000,141610
2025-07-22 17:30,310.450000,310.590000,310.430000,310.590000,68170
2025-07-22 17:45,310.590000,310.680000,310.590000,310.650000,132050
2025-07-22 18:00,310.660000,310.750000,310.650000,310.750000,67870
2025-07-22 18:15,310.740000,310.790000,310.720000,310.730000,68150
2025-07-22 18:30,310.730000,310.760000,310.580000,310.590000,46700
2025-07-22 18:45,310.600000,310.760000,310.570000,310.710000,115910
2025-07-22 19:00,310.710000,310.730000,310.590000,310.630000,23130
2025-07-22 19:15,310.630000,310.630000,310.460000,310.490000,41970
2025-07-22 19:30,310.490000,310.690000,310.490000,310.690000,42980
2025-07-22 19:45,310.670000,310.850000,310.610000,310.770000,133710
2025-07-22 20:00,310.760000,310.880000,310.740000,310.860000,25540
2025-07-22 20:15,310.810000,310.900000,310.810000,310.870000,83230
2025-07-22 20:30,310.860000,310.890000,310.740000,310.800000,75720
2025-07-22 20:45,310.800000,310.800000,310.610000,310.670000,39640
2025-07-23 03:45,311.000000,311.000000,311.000000,311.000000,13160
2025-07-23 04:00,311.010000,311.620000,310.780000,311.280000,335390
2025-07-23 04:15,311.280000,311.370000,311.210000,311.330000,94660
2025-07-23 04:30,311.330000,311.440000,311.300000,311.360000,112140
2025-07-23 04:45,311.360000,311.360000,311.140000,311.140000,42090
2025-07-23 05:00,311.200000,311.200000,311.010000,311.060000,34570
2025-07-23 05:15,311.060000,311.330000,311.020000,311.330000,110360
2025-07-23 05:30,311.310000,311.440000,311.300000,311.360000,86760
2025-07-23 05:45,311.430000,311.460000,311.110000,311.270000,121870
2025-07-23 06:00,311.270000,311.410000,311.070000,311.410000,192410
2025-07-23 06:15,311.410000,311.770000,311.390000,311.500000,332600
2025-07-23 06:30,311.530000,311.540000,311.420000,311.420000,71490
2025-07-23 06:45,311.420000,312.400000,311.410000,312.120000,1077650
2025-07-23 07:00,312.130000,312.720000,312.040000,312.510000,1253690
2025-07-23 07:15,312.510000,312.700000,312.080000,312.670000,643340
2025-07-23 07:30,312.680000,312.700000,312.430000,312.600000,592750
2025-07-23 07:45,312.590000,313.300000,312.550000,313.300000,963760
2025-07-23 08:00,313.300000,313.500000,313.230000,313.420000,1175170
2025-07-23 08:15,313.420000,313.490000,313.390000,313.390000,617870
2025-07-23 08:30,313.400000,313.400000,313.310000,313.320000,1016890
2025-07-23 08:45,313.310000,313.320000,313.230000,313.240000,878040
2025-07-23 09:00,313.240000,313.290000,313.200000,313.260000,805480
2025-07-23 09:15,313.260000,313.370000,312.950000,313.060000,1115410
2025-07-23 09:30,313.050000,313.200000,312.950000,313.190000,355560
2025-07-23 09:45,313.180000,313.300000,313.110000,313.230000,578970
2025-07-23 10:00,313.240000,313.400000,313.190000,313.210000,423720
2025-07-23 10:15,313.220000,313.330000,313.130000,313.130000,881960
2025-07-23 10:30,313.130000,313.400000,313.130000,313.250000,362760
2025-07-23 10:45,313.250000,313.440000,313.240000,313.400000,476330
2025-07-23 11:00,313.420000,313.440000,313.380000,313.390000,261640
2025-07-23 11:15,313.380000,314.170000,313.380000,313.860000,2609860
2025-07-23 11:30,313.870000,314.170000,313.660000,314.080000,1091730
2025-07-23 11:45,314.080000,314.400000,313.950000,314.240000,895470
2025-07-23 12:00,314.210000,314.490000,313.750000,314.100000,738900
2025-07-23 12:15,314.110000,314.110000,313.530000,313.700000,479340
2025-07-23 12:30,313.710000,313.960000,313.560000,313.890000,1359590
2025-07-23 12:45,313.880000,314.140000,313.860000,314.010000,451840
2025-07-23 13:00,314.030000,314.150000,314.010000,314.100000,576640
2025-07-23 13:15,314.110000,314.300000,314.100000,314.120000,341310
2025-07-23 13:30,314.130000,314.230000,313.860000,313.870000,818600
2025-07-23 13:45,313.870000,313.900000,313.780000,313.780000,783780
2025-07-23 14:00,313.780000,314.100000,313.780000,313.900000,322550
2025-07-23 14:15,313.940000,314.000000,313.740000,313.740000,475780
2025-07-23 14:30,313.740000,313.750000,313.340000,313.420000,1935840
2025-07-23 14:45,313.410000,313.420000,313.380000,313.400000,612720
2025-07-23 15:00,313.390000,313.500000,313.360000,313.460000,677090
2025-07-23 15:15,313.460000,314.000000,313.460000,313.940000,624230
2025-07-23 15:30,313.950000,314.000000,313.440000,313.460000,1405530
2025-07-23 15:45,313.440000,313.440000,313.440000,313.440000,126720
2025-07-23 16:00,313.950000,314.100000,313.450000,313.570000,1291030
2025-07-23 16:15,313.560000,313.560000,312.550000,313.500000,1071130
2025-07-23 16:30,313.500000,313.580000,313.120000,313.120000,205640
2025-07-23 16:45,313.140000,313.430000,313.000000,313.400000,368170
2025-07-23 17:00,313.390000,313.400000,313.110000,313.160000,79720
2025-07-23 17:15,313.160000,313.380000,313.130000,313.380000,48970
2025-07-23 17:30,313.370000,313.400000,313.200000,313.320000,48630
2025-07-23 17:45,313.310000,313.310000,312.870000,313.000000,301870
2025-07-23 18:00,313.000000,313.190000,312.920000,313.100000,190030
2025-07-23 18:15,313.100000,313.170000,312.900000,312.920000,277700
2025-07-23 18:30,312.920000,312.920000,312.750000,312.840000,159520
2025-07-23 18:45,312.800000,313.380000,312.800000,313.030000,383430
2025-07-23 19:00,313.020000,313.020000,312.710000,312.730000,410230
2025-07-23 19:15,312.730000,313.160000,312.730000,312.890000,239570
2025-07-23 19:30,312.890000,313.400000,312.880000,313.390000,315970
2025-07-23 19:45,313.390000,313.390000,313.150000,313.240000,155590
2025-07-23 20:00,313.240000,313.240000,313.140000,313.190000,113410
2025-07-23 20:15,313.150000,313.170000,312.900000,312.970000,76430
2025-07-23 20:30,312.980000,313.190000,312.890000,313.060000,110480
2025-07-23 20:45,313.060000,313.290000,312.890000,313.080000,195870
2025-07-24 03:45,313.090000,313.090000,313.090000,313.090000,4540
2025-07-24 04:00,313.100000,313.650000,313.090000,313.500000,300770
2025-07-24 04:15,313.490000,313.790000,313.490000,313.530000,159620
2025-07-24 04:30,313.530000,313.700000,313.500000,313.690000,71710
2025-07-24 04:45,313.690000,313.870000,313.600000,313.860000,98060
2025-07-24 05:00,313.870000,313.890000,313.600000,313.600000,117980
2025-07-24 05:15,313.600000,313.610000,313.400000,313.520000,54780
2025-07-24 05:30,313.520000,313.730000,313.500000,313.630000,66500
2025-07-24 05:45,313.630000,313.650000,313.570000,313.590000,112370
2025-07-24 06:00,313.570000,313.900000,313.340000,313.800000,268140
2025-07-24 06:15,313.800000,313.990000,313.740000,313.930000,328800
2025-07-24 06:30,313.970000,313.980000,313.540000,313.710000,270330
2025-07-24 06:45,313.710000,313.810000,313.690000,313.690000,205790
2025-07-24 07:00,313.690000,313.800000,313.500000,313.610000,398520
2025-07-24 07:15,313.610000,313.620000,313.420000,313.460000,225610
2025-07-24 07:30,313.470000,313.470000,313.120000,313.150000,791440
2025-07-24 07:45,313.140000,313.150000,312.350000,312.480000,2091090
2025-07-24 08:00,312.490000,312.490000,312.120000,312.210000,755920
2025-07-24 08:15,312.220000,312.220000,311.610000,311.980000,1039320
2025-07-24 08:30,311.980000,312.000000,311.750000,311.810000,622050
2025-07-24 08:45,311.810000,312.460000,311.750000,312.380000,748440
2025-07-24 09:00,312.380000,312.380000,312.140000,312.190000,343170
2025-07-24 09:15,312.190000,312.230000,311.740000,311.890000,810710
2025-07-24 09:30,311.890000,312.370000,311.880000,312.080000,831100
2025-07-24 09:45,312.080000,312.080000,311.850000,311.990000,385530
2025-07-24 10:00,312.020000,312.080000,311.880000,311.960000,387120
2025-07-24 10:15,311.950000,312.000000,311.200000,311.210000,1029370
2025-07-24 10:30,311.210000,311.530000,311.170000,311.420000,378280
2025-07-24 10:45,311.440000,311.600000,310.800000,311.430000,1067350
2025-07-24 11:00,311.410000,311.420000,310.050000,310.550000,1375930
2025-07-24 11:15,310.550000,310.550000,310.090000,310.110000,873360
2025-07-24 11:30,310.120000,310.440000,310.070000,310.210000,523950
2025-07-24 11:45,310.200000,310.420000,310.080000,310.280000,724850
2025-07-24 12:00,310.280000,310.330000,309.800000,310.330000,2006670
2025-07-24 12:15,310.330000,310.550000,310.020000,310.190000,1244810
2025-07-24 12:30,310.190000,310.190000,309.810000,310.000000,534550
2025-07-24 12:45,309.990000,310.410000,309.930000,310.210000,312280
2025-07-24 13:00,310.220000,310.240000,309.780000,309.800000,468130
2025-07-24 13:15,309.810000,310.190000,309.750000,309.960000,522010
2025-07-24 13:30,309.970000,310.150000,309.890000,310.010000,165440
2025-07-24 13:45,310.010000,310.240000,309.900000,310.100000,262810
2025-07-24 14:00,310.100000,310.500000,310.070000,310.390000,449980
2025-07-24 14:15,310.370000,310.480000,310.170000,310.330000,178760
2025-07-24 14:30,310.330000,310.360000,310.000000,310.130000,372270
2025-07-24 14:45,310.130000,310.210000,310.000000,310.100000,371580
2025-07-24 15:00,310.090000,310.110000,309.900000,309.950000,272510
2025-07-24 15:15,309.950000,310.000000,309.890000,309.950000,376020
2025-07-24 15:30,309.950000,310.000000,309.870000,309.990000,350050
2025-07-24 15:45,310.390000,310.390000,310.390000,310.390000,212060
2025-07-24 16:00,310.300000,310.500000,310.140000,310.450000,233750
2025-07-24 16:15,310.450000,310.520000,310.190000,310.250000,190490
2025-07-24 16:30,310.240000,310.400000,310.240000,310.390000,59330
2025-07-24 16:45,310.400000,310.820000,310.390000,310.820000,159480
2025-07-24 17:00,310.820000,310.890000,310.700000,310.780000,184160
2025-07-24 17:15,310.790000,310.920000,310.770000,310.770000,129280
2025-07-24 17:30,310.770000,310.820000,310.700000,310.710000,107710
2025-07-24 17:45,310.740000,310.790000,310.500000,310.510000,78360
2025-07-24 18:00,310.500000,310.650000,310.500000,310.540000,31250
2025-07-24 18:15,310.540000,310.680000,310.440000,310.650000,95930
2025-07-24 18:30,310.650000,310.650000,310.610000,310.630000,54110
2025-07-24 18:45,310.620000,310.850000,310.620000,310.840000,98780
2025-07-24 19:00,310.830000,310.980000,310.830000,310.970000,219810
2025-07-24 19:15,310.970000,310.970000,310.730000,310.770000,125280
2025-07-24 19:30,310.780000,310.780000,310.530000,310.530000,60790
2025-07-24 19:45,310.550000,310.580000,310.440000,310.510000,89180
2025-07-24 20:00,310.510000,310.580000,310.500000,310.580000,37810
2025-07-24 20:15,310.580000,310.840000,310.580000,310.700000,118670
2025-07-24 20:30,310.700000,310.940000,310.700000,310.780000,150590
2025-07-24 20:45,310.740000,310.940000,310.710000,310.830000,54700
2025-07-25 03:45,310.860000,310.860000,310.860000,310.860000,22740
2025-07-25 04:00,310.900000,311.600000,310.850000,311.520000,371040
2025-07-25 04:15,311.560000,311.600000,311.390000,311.560000,188280
2025-07-25 04:30,311.570000,311.690000,311.510000,311.660000,87820
2025-07-25 04:45,311.660000,311.680000,311.350000,311.420000,119060
2025-07-25 05:00,311.400000,311.430000,311.390000,311.400000,34570
2025-07-25 05:15,311.390000,311.400000,311.100000,311.150000,133070
2025-07-25 05:30,311.150000,311.150000,310.600000,310.700000,220160
2025-07-25 05:45,310.720000,311.160000,310.600000,311.160000,150770
2025-07-25 06:00,311.150000,311.700000,311.100000,311.450000,191300
2025-07-25 06:15,311.450000,311.460000,311.110000,311.190000,133120
2025-07-25 06:30,311.200000,311.350000,311.170000,311.300000,87040
2025-07-25 06:45,311.290000,311.690000,311.210000,311.210000,209270
2025-07-25 07:00,311.220000,311.390000,311.000000,311.080000,481810
2025-07-25 07:15,311.070000,311.180000,310.770000,310.800000,245060
2025-07-25 07:30,310.800000,310.810000,309.770000,309.990000,1019190
2025-07-25 07:45,309.980000,310.510000,309.940000,310.400000,644750
2025-07-25 08:00,310.420000,310.500000,310.310000,310.420000,309710
2025-07-25 08:15,310.440000,310.500000,310.310000,310.450000,358050
2025-07-25 08:30,310.460000,310.540000,310.220000,310.220000,295900
2025-07-25 08:45,310.260000,310.750000,310.230000,310.720000,322560
2025-07-25 09:00,310.710000,311.480000,310.640000,310.900000,513950
2025-07-25 09:15,310.910000,311.210000,310.890000,311.000000,210800
2025-07-25 09:30,311.010000,311.130000,310.520000,310.540000,349280
2025-07-25 09:45,310.550000,310.790000,310.340000,310.550000,365320
2025-07-25 10:00,310.560000,310.870000,310.100000,310.370000,687770
2025-07-25 10:15,310.370000,311.280000,310.330000,311.120000,481440
2025-07-25 10:30,311.120000,311.760000,306.000000,308.490000,14469330
2025-07-25 10:45,308.490000,309.860000,308.090000,309.860000,4210280
2025-07-25 11:00,309.850000,310.210000,308.700000,309.160000,2231160
2025-07-25 11:15,309.150000,310.510000,308.810000,310.430000,1562910
2025-07-25 11:30,310.420000,310.570000,309.300000,309.300000,1214220
2025-07-25 11:45,309.310000,309.710000,309.100000,309.290000,912900
2025-07-25 12:00,309.260000,309.870000,308.900000,309.220000,1350830
2025-07-25 12:15,309.230000,309.750000,309.000000,309.530000,617050
2025-07-25 12:30,309.530000,309.720000,309.440000,309.550000,834330
2025-07-25 12:45,309.560000,309.630000,308.800000,309.100000,2248020
2025-07-25 13:00,309.100000,309.110000,308.630000,308.800000,1665530
2025-07-25 13:15,308.800000,309.150000,308.750000,308.950000,977910
2025-07-25 13:30,308.960000,310.100000,308.950000,310.100000,1067190
2025-07-25 13:45,310.100000,310.100000,308.950000,309.800000,1007410
2025-07-25 14:00,309.800000,309.800000,308.930000,308.930000,776600
2025-07-25 14:15,308.930000,309.200000,308.930000,308.940000,473560
2025-07-25 14:30,308.930000,309.000000,308.760000,308.850000,868410
2025-07-25 14:45,308.850000,309.300000,308.800000,309.240000,438430
2025-07-25 15:00,309.240000,309.240000,308.950000,308.950000,1567610
2025-07-25 15:15,308.960000,309.250000,308.950000,309.110000,283240
2025-07-25 15:30,309.110000,309.790000,309.010000,309.580000,529750
2025-07-25 15:45,309.800000,309.800000,309.800000,309.800000,148810
2025-07-25 16:00,309.580000,309.580000,308.870000,308.900000,240310
2025-07-25 16:15,308.910000,309.250000,308.750000,309.020000,340610
2025-07-25 16:30,309.010000,309.020000,308.750000,308.750000,195880
2025-07-25 16:45,308.770000,308.830000,308.510000,308.750000,345720
2025-07-25 17:00,308.750000,309.120000,308.610000,309.080000,202780
2025-07-25 17:15,309.080000,309.340000,308.800000,308.990000,328550
2025-07-25 17:30,308.980000,309.580000,308.910000,309.380000,405530
2025-07-25 17:45,309.380000,309.390000,309.110000,309.140000,132150
2025-07-25 18:00,309.180000,309.230000,309.100000,309.200000,33710
2025-07-25 18:15,309.190000,309.280000,309.170000,309.240000,47480
2025-07-25 18:30,309.230000,309.380000,309.000000,309.120000,167350
2025-07-25 18:45,309.130000,309.180000,308.900000,308.900000,106100
2025-07-25 19:00,308.900000,309.000000,308.900000,308.920000,35020
2025-07-25 19:15,308.910000,309.000000,308.900000,308.990000,37590
2025-07-25 19:30,308.990000,309.000000,308.900000,308.990000,41880
2025-07-25 19:45,308.980000,309.080000,308.970000,309.080000,59330
2025-07-25 20:00,309.040000,309.080000,308.960000,309.070000,85060
2025-07-25 20:15,309.060000,309.060000,308.910000,308.980000,111090
2025-07-25 20:30,308.980000,309.000000,308.900000,308.980000,117250
2025-07-25 20:45,308.920000,308.990000,308.900000,308.930000,144170
2025-07-25 23:00,309.870000,309.870000,309.260000,309.680000,2310
2025-07-25 23:15,309.310000,309.680000,309.310000,309.310000,490
2025-07-25 23:30,309.320000,309.670000,309.270000,309.270000,970
2025-07-25 23:45,309.270000,309.640000,309.200000,309.200000,1230
2025-07-26 00:00,309.200000,309.630000,309.200000,309.600000,2400
2025-07-26 00:15,309.620000,309.620000,309.020000,309.400000,2140
2025-07-26 00:30,309.610000,309.620000,309.410000,309.410000,50
2025-07-26 00:45,309.410000,309.620000,309.400000,309.400000,940
2025-07-26 01:00,309.400000,309.620000,308.800000,308.900000,5580
2025-07-26 01:15,309.060000,309.610000,308.950000,308.950000,710
2025-07-26 01:30,308.950000,308.950000,308.940000,308.950000,50
2025-07-26 01:45,308.950000,309.000000,308.650000,308.650000,770
2025-07-26 02:00,308.650000,308.960000,308.650000,308.960000,570
2025-07-26 02:15,308.660000,309.500000,308.660000,309.030000,600
2025-07-26 02:30,309.490000,309.500000,309.020000,309.490000,620
2025-07-26 02:45,309.050000,309.500000,309.010000,309.010000,320
2025-07-26 03:00,309.480000,309.500000,309.020000,309.500000,190
2025-07-26 03:15,309.490000,309.500000,309.060000,309.060000,440
2025-07-26 03:30,309.480000,309.560000,309.120000,309.560000,2910
2025-07-26 03:45,309.560000,309.560000,309.500000,309.560000,1890
2025-07-26 04:00,309.560000,309.560000,309.510000,309.560000,770
2025-07-26 04:15,309.520000,309.560000,309.000000,309.120000,8480
2025-07-26 04:30,309.530000,309.550000,309.100000,309.140000,1830
2025-07-26 04:45,309.470000,309.500000,309.140000,309.150000,3360
2025-07-26 05:00,309.150000,309.480000,309.150000,309.480000,1820
2025-07-26 05:15,309.180000,309.490000,309.150000,309.270000,3660
2025-07-26 05:30,309.280000,309.480000,309.260000,309.390000,5120
2025-07-26 05:45,309.390000,309.460000,309.200000,309.350000,2000
2025-07-26 06:00,309.340000,309.480000,309.210000,309.470000,6650
2025-07-26 06:15,309.240000,309.470000,309.200000,309.430000,4700
2025-07-26 06:30,309.440000,309.440000,309.200000,309.200000,8320
2025-07-26 06:45,309.350000,309.350000,309.350000,309.350000,6070
2025-07-26 07:00,309.350000,309.950000,308.930000,309.640000,246890
2025-07-26 07:15,309.640000,309.720000,309.550000,309.650000,57980
2025-07-26 07:30,309.650000,309.650000,309.560000,309.620000,51360
2025-07-26 07:30,309.650000,309.650000,309.560000,309.620000,51360
2025-07-26 07:45,309.620000,309.630000,309.550000,309.570000,8400
2025-07-26 08:00,309.570000,309.610000,309.330000,309.370000,107150
2025-07-26 08:15,309.350000,309.530000,309.350000,309.380000,25270
2025-07-26 08:30,309.380000,309.470000,309.300000,309.350000,17650
2025-07-26 08:45,309.360000,309.380000,309.210000,309.210000,30900
2025-07-26 09:00,309.210000,309.230000,309.170000,309.170000,16480
2025-07-26 09:15,309.210000,309.320000,309.180000,309.280000,8150
2025-07-26 09:30,309.280000,309.300000,309.100000,309.200000,62330
2025-07-26 09:45,309.150000,309.230000,309.140000,309.230000,7230
2025-07-26 10:00,309.230000,309.230000,309.130000,309.170000,26130
2025-07-26 10:15,309.170000,309.280000,309.130000,309.280000,10320
2025-07-26 10:30,309.280000,309.300000,309.150000,309.160000,28220
2025-07-26 10:45,309.190000,309.200000,309.160000,309.200000,37770
2025-07-26 11:00,309.180000,309.210000,309.160000,309.200000,8450
2025-07-26 11:15,309.210000,309.210000,309.180000,309.200000,13220
2025-07-26 11:30,309.200000,309.200000,309.130000,309.160000,12590
2025-07-26 11:45,309.180000,309.180000,309.100000,309.100000,19450
2025-07-26 12:00,309.120000,309.190000,309.100000,309.120000,11780
2025-07-26 12:15,309.120000,309.210000,309.100000,309.170000,16810
2025-07-26 12:30,309.200000,309.200000,309.110000,309.190000,6160
2025-07-26 12:45,309.190000,309.200000,309.120000,309.150000,7070
2025-07-26 13:00,309.140000,309.160000,309.110000,309.130000,39560
2025-07-26 13:15,309.130000,309.170000,309.080000,309.130000,55900
2025-07-26 13:30,309.160000,309.190000,309.050000,309.050000,12730
2025-07-26 13:45,309.090000,309.210000,309.060000,309.200000,95740
2025-07-26 14:00,309.200000,309.210000,309.010000,309.020000,46470
2025-07-26 14:15,309.080000,309.100000,309.000000,309.010000,106620
2025-07-26 14:30,309.010000,309.070000,309.010000,309.010000,6670
2025-07-26 14:45,309.010000,309.090000,309.010000,309.090000,11550
2025-07-26 15:00,309.090000,309.090000,309.060000,309.060000,9770
2025-07-26 15:15,309.060000,309.080000,309.020000,309.040000,8320
2025-07-26 15:30,309.050000,309.050000,309.000000,309.040000,37100
2025-07-26 15:45,309.010000,309.070000,308.860000,308.910000,65000
2025-07-26 16:00,309.700000,309.700000,308.810000,308.810000,1060
2025-07-26 16:15,308.680000,309.200000,308.120000,308.950000,15280
2025-07-26 16:30,308.900000,308.950000,308.460000,308.890000,2660
2025-07-26 16:45,308.700000,308.900000,308.700000,308.710000,2060
2025-07-26 17:00,308.890000,308.950000,308.710000,308.770000,2970
2025-07-26 17:15,308.770000,308.950000,308.770000,308.800000,7310
2025-07-26 17:30,308.940000,309.100000,308.700000,309.000000,7180
2025-07-26 17:45,309.000000,309.000000,308.460000,308.500000,5960
2025-07-26 18:00,308.500000,308.500000,308.410000,308.500000,9070
2025-07-26 18:15,308.500000,308.500000,308.410000,308.450000,6020
2025-07-26 18:30,308.450000,308.500000,308.410000,308.420000,2300
2025-07-26 18:45,308.490000,308.700000,308.410000,308.690000,1830
2025-07-26 19:00,308.690000,308.690000,308.430000,308.430000,1120
2025-07-26 19:15,308.440000,308.640000,308.410000,308.590000,2760
2025-07-26 19:30,308.500000,308.580000,308.400000,308.570000,3050
2025-07-26 19:45,308.570000,308.580000,308.430000,308.450000,1390
2025-07-26 20:00,308.570000,308.580000,308.400000,308.400000,5300
2025-07-26 20:15,308.400000,308.640000,308.400000,308.640000,2420
2025-07-26 20:30,308.630000,308.630000,308.400000,308.540000,870
2025-07-26 20:45,308.530000,308.530000,308.420000,308.420000,880
2025-07-26 23:00,309.000000,309.000000,308.580000,308.900000,430
2025-07-26 23:15,308.620000,308.620000,308.620000,308.620000,40
2025-07-26 23:30,308.890000,308.890000,308.000000,308.500000,6130
2025-07-26 23:45,308.290000,308.470000,308.270000,308.470000,100
2025-07-27 00:00,308.120000,308.120000,308.120000,308.120000,10
2025-07-27 00:15,308.470000,308.470000,308.130000,308.130000,370
2025-07-27 00:30,308.470000,308.470000,308.120000,308.120000,290
2025-07-27 00:45,308.100000,308.490000,308.100000,308.490000,750
2025-07-27 01:00,308.780000,308.790000,308.120000,308.120000,30
2025-07-27 01:15,308.130000,308.130000,308.130000,308.130000,10
2025-07-27 01:30,308.710000,308.720000,308.130000,308.140000,500
2025-07-27 01:45,308.710000,308.720000,308.690000,308.720000,720
2025-07-27 02:00,308.730000,309.150000,308.520000,308.520000,3670
2025-07-27 02:15,309.130000,309.150000,308.540000,308.560000,570
2025-07-27 02:30,309.120000,309.130000,308.610000,309.070000,160
2025-07-27 02:45,308.670000,309.090000,308.660000,309.090000,510
2025-07-27 03:00,308.720000,309.060000,308.720000,309.060000,20
2025-07-27 03:15,308.900000,309.060000,308.680000,309.060000,190
2025-07-27 03:30,308.830000,309.070000,308.670000,308.700000,1050
2025-07-27 03:45,309.020000,309.020000,308.700000,308.880000,860
2025-07-27 04:00,308.880000,309.000000,308.880000,309.000000,1060
2025-07-27 04:15,309.000000,309.040000,308.960000,309.000000,210
2025-07-27 04:30,308.990000,309.000000,308.900000,308.900000,1390
2025-07-27 04:45,308.990000,309.000000,308.900000,308.990000,450
2025-07-27 05:00,308.990000,308.990000,308.800000,308.980000,1330
2025-07-27 05:15,308.980000,308.980000,308.910000,308.910000,230
2025-07-27 05:30,308.980000,309.000000,308.910000,309.000000,2250
2025-07-27 05:45,308.910000,309.000000,308.900000,308.990000,2450
2025-07-27 06:00,308.990000,308.990000,308.800000,308.970000,490
2025-07-27 06:15,308.800000,308.990000,308.800000,308.990000,1080
2025-07-27 06:30,308.990000,309.070000,308.800000,308.810000,3030
2025-07-27 06:45,308.860000,308.860000,308.860000,308.860000,4910
2025-07-27 07:00,308.870000,308.910000,308.610000,308.880000,131970
2025-07-27 07:15,308.870000,308.970000,308.800000,308.960000,17560
2025-07-27 07:30,308.960000,308.970000,308.710000,308.880000,34470
2025-07-27 07:45,308.870000,309.000000,308.870000,308.990000,32210
2025-07-27 08:00,308.990000,309.000000,308.770000,308.990000,23160
2025-07-27 08:15,308.990000,309.070000,308.990000,309.060000,59230
2025-07-27 08:30,309.060000,309.100000,309.010000,309.100000,48140
2025-07-27 08:45,309.100000,309.150000,309.010000,309.080000,35410
2025-07-27 09:00,309.050000,309.070000,308.850000,308.850000,54630
2025-07-27 09:15,308.850000,309.070000,308.830000,308.900000,56560
2025-07-27 09:30,308.880000,308.980000,308.860000,308.950000,6530
2025-07-27 09:45,308.980000,308.990000,308.860000,308.940000,7710
2025-07-27 10:00,308.900000,308.940000,308.840000,308.860000,21720
2025-07-27 10:15,308.840000,308.870000,308.800000,308.830000,15460
2025-07-27 10:30,308.860000,308.870000,308.810000,308.830000,10120
2025-07-27 10:45,308.870000,308.870000,308.830000,308.860000,8380
2025-07-27 11:00,308.850000,308.940000,308.680000,308.880000,69210
2025-07-27 11:15,308.890000,308.940000,308.830000,308.900000,2500
2025-07-27 11:30,308.910000,308.920000,308.720000,308.730000,13740
2025-07-27 11:45,308.800000,308.840000,308.700000,308.730000,4680
2025-07-27 12:00,308.730000,308.810000,308.710000,308.780000,13410
2025-07-27 12:15,308.790000,308.800000,308.640000,308.670000,50980
2025-07-27 12:30,308.670000,308.690000,308.600000,308.620000,37130
2025-07-27 12:45,308.620000,308.640000,308.510000,308.560000,91880
2025-07-27 13:00,308.550000,308.650000,308.510000,308.530000,63450
2025-07-27 13:15,308.590000,308.590000,308.120000,308.340000,147710
2025-07-27 13:30,308.360000,308.490000,308.340000,308.440000,9580
2025-07-27 13:45,308.460000,308.480000,308.310000,308.390000,21720
2025-07-27 14:00,308.370000,308.390000,308.280000,308.330000,93130
2025-07-27 14:15,308.330000,308.350000,308.330000,308.340000,12870
2025-07-27 14:30,308.340000,308.350000,308.300000,308.330000,20720
2025-07-27 14:45,308.340000,308.350000,308.270000,308.350000,32940
2025-07-27 15:00,308.350000,308.350000,308.250000,308.330000,29390
2025-07-27 15:15,308.320000,309.000000,308.270000,308.280000,306320
2025-07-27 15:30,308.270000,308.450000,308.200000,308.310000,129110
2025-07-27 15:45,308.300000,308.890000,308.300000,308.830000,49390
2025-07-27 16:00,307.850000,309.200000,307.850000,308.740000,820
2025-07-27 16:15,308.720000,308.720000,308.400000,308.500000,2130
2025-07-27 16:30,308.500000,308.500000,308.400000,308.480000,1230
2025-07-27 16:45,308.480000,308.500000,308.400000,308.400000,2770
2025-07-27 17:00,308.500000,308.500000,308.370000,308.490000,1130
2025-07-27 17:15,308.500000,308.500000,308.380000,308.400000,1870
2025-07-27 17:30,308.380000,308.500000,308.380000,308.380000,1290
2025-07-27 17:45,308.400000,308.550000,308.370000,308.550000,4150
2025-07-27 18:00,308.550000,308.550000,308.380000,308.550000,680
2025-07-27 18:15,308.550000,308.550000,308.380000,308.540000,890
2025-07-27 18:30,308.540000,308.540000,308.380000,308.400000,1840
2025-07-27 18:45,308.400000,308.400000,308.370000,308.400000,1830
2025-07-27 19:00,308.400000,308.530000,308.370000,308.380000,3640
2025-07-27 19:15,308.490000,308.490000,308.380000,308.400000,1100
2025-07-27 19:30,308.390000,308.400000,308.380000,308.400000,4700
2025-07-27 19:45,308.380000,308.480000,308.370000,308.370000,9770
2025-07-27 20:00,308.370000,308.480000,308.370000,308.480000,1060
2025-07-27 20:15,308.480000,308.480000,308.380000,308.380000,1400
2025-07-27 20:30,308.380000,308.540000,308.380000,308.510000,3270
2025-07-27 20:45,308.380000,308.550000,308.380000,308.500000,5250
2025-07-28 03:45,309.440000,309.440000,309.440000,309.440000,6560
2025-07-28 04:00,309.450000,309.450000,308.220000,309.070000,315100
2025-07-28 04:15,309.030000,309.090000,308.570000,308.760000,71780
2025-07-28 04:30,308.770000,308.990000,308.630000,308.800000,133370
2025-07-28 04:45,308.780000,308.780000,308.260000,308.380000,145420
2025-07-28 05:00,308.380000,308.890000,308.330000,308.880000,89900
2025-07-28 05:15,308.870000,308.950000,308.750000,308.800000,47300
2025-07-28 05:30,308.800000,309.000000,308.800000,308.970000,91880
2025-07-28 05:45,308.970000,309.090000,308.800000,309.000000,121530
2025-07-28 06:00,308.990000,309.080000,308.000000,308.170000,556940
2025-07-28 06:15,308.200000,308.210000,307.530000,307.970000,602920
2025-07-28 06:30,307.990000,307.990000,307.510000,307.530000,436740
2025-07-28 06:45,307.530000,308.370000,307.510000,308.080000,366560
2025-07-28 07:00,308.060000,308.210000,307.510000,307.860000,466620
2025-07-28 07:15,307.860000,307.860000,307.080000,307.080000,990720
2025-07-28 07:30,307.080000,307.260000,306.670000,306.850000,1446720
2025-07-28 07:45,306.880000,307.760000,306.560000,307.700000,843470
2025-07-28 08:00,307.720000,308.150000,307.410000,307.810000,405390
2025-07-28 08:15,307.820000,308.100000,307.800000,308.040000,364200
2025-07-28 08:30,308.050000,308.820000,307.610000,308.420000,764630
2025-07-28 08:45,308.420000,308.580000,308.210000,308.550000,313980
2025-07-28 09:00,308.560000,308.560000,307.940000,308.000000,329510
2025-07-28 09:15,308.040000,308.930000,308.000000,308.800000,549540
2025-07-28 09:30,308.810000,308.960000,308.420000,308.710000,412870
2025-07-28 09:45,308.720000,308.840000,308.380000,308.380000,254020
2025-07-28 10:00,308.400000,308.950000,308.330000,308.820000,417340
2025-07-28 10:15,308.820000,308.850000,308.570000,308.670000,196520
2025-07-28 10:30,308.680000,308.900000,308.640000,308.810000,139030
2025-07-28 10:45,308.810000,308.890000,308.240000,308.280000,164650
2025-07-28 11:00,308.300000,308.370000,307.730000,307.910000,402250
2025-07-28 11:15,307.930000,308.100000,307.550000,307.560000,376320
2025-07-28 11:30,307.560000,308.000000,307.550000,307.870000,252790
2025-07-28 11:45,307.870000,308.290000,306.220000,306.780000,1497410
2025-07-28 12:00,306.780000,306.870000,305.600000,305.980000,3144030
2025-07-28 12:15,305.980000,306.180000,304.570000,304.640000,2527760
2025-07-28 12:30,304.630000,305.780000,304.520000,305.430000,1971970
2025-07-28 12:45,305.420000,306.000000,305.090000,305.990000,765370
2025-07-28 13:00,306.000000,306.280000,303.620000,303.830000,3092890
2025-07-28 13:15,303.830000,305.760000,303.540000,305.340000,3181210
2025-07-28 13:30,305.300000,305.600000,304.500000,304.730000,1023650
2025-07-28 13:45,304.730000,305.350000,304.590000,305.260000,498990
2025-07-28 14:00,305.250000,305.260000,304.500000,304.610000,545080
2025-07-28 14:15,304.600000,304.860000,304.200000,304.500000,1189430
2025-07-28 14:30,304.470000,304.770000,304.210000,304.500000,817610
2025-07-28 14:45,304.490000,304.830000,304.400000,304.710000,707660
2025-07-28 15:00,304.680000,304.700000,304.300000,304.540000,521840
2025-07-28 15:15,304.550000,305.090000,304.350000,304.500000,544680
2025-07-28 15:30,304.500000,304.740000,304.440000,304.460000,285860
2025-07-28 15:45,304.390000,304.390000,304.390000,304.390000,58010
2025-07-28 16:00,304.430000,304.970000,304.400000,304.700000,193820
2025-07-28 16:15,304.760000,305.250000,304.650000,305.000000,613140
2025-07-28 16:30,305.000000,305.230000,304.730000,304.770000,355380
2025-07-28 16:45,304.750000,304.780000,304.140000,304.170000,402350
2025-07-28 17:00,304.170000,304.490000,304.080000,304.220000,181140
2025-07-28 17:15,304.190000,304.380000,304.100000,304.370000,88250
2025-07-28 17:30,304.370000,304.540000,304.130000,304.140000,142160
2025-07-28 17:45,304.150000,304.500000,304.140000,304.430000,118480
2025-07-28 18:00,304.440000,304.520000,304.320000,304.410000,129950
2025-07-28 18:15,304.410000,304.480000,304.320000,304.410000,153700
2025-07-28 18:30,304.400000,304.990000,304.360000,304.840000,218180
2025-07-28 18:45,304.840000,304.840000,304.580000,304.670000,32800
2025-07-28 19:00,304.660000,304.680000,304.250000,304.270000,119090
2025-07-28 19:15,304.260000,304.390000,304.170000,304.250000,137060
2025-07-28 19:30,304.260000,304.290000,304.000000,304.110000,400210
2025-07-28 19:45,304.110000,304.330000,304.050000,304.050000,83410
2025-07-28 20:00,304.080000,304.190000,304.010000,304.150000,111410
2025-07-28 20:15,304.140000,304.190000,303.670000,303.870000,415980
2025-07-28 20:30,303.910000,304.140000,303.900000,304.000000,142690
2025-07-28 20:45,304.000000,304.000000,303.800000,303.970000,138020
2025-07-29 03:45,304.770000,304.770000,304.770000,304.770000,15220
2025-07-29 04:00,304.750000,305.120000,304.130000,304.520000,294730
2025-07-29 04:15,304.530000,305.200000,304.520000,305.200000,146300
2025-07-29 04:30,305.200000,305.250000,304.630000,304.740000,123160
2025-07-29 04:45,304.740000,305.200000,304.730000,305.150000,138240
2025-07-29 05:00,305.150000,305.530000,305.140000,305.520000,227250
2025-07-29 05:15,305.520000,305.530000,305.000000,305.010000,126110
2025-07-29 05:30,305.070000,305.360000,305.040000,305.340000,39180
2025-07-29 05:45,305.350000,305.550000,305.140000,305.440000,121070
2025-07-29 06:00,305.410000,305.410000,304.520000,304.550000,342070
2025-07-29 06:15,304.550000,304.820000,304.490000,304.520000,230540
2025-07-29 06:30,304.520000,304.590000,304.490000,304.540000,139980
2025-07-29 06:45,304.540000,305.000000,304.530000,304.710000,794320
2025-07-29 07:00,304.680000,305.230000,304.440000,304.820000,789190
2025-07-29 07:15,304.780000,304.820000,303.610000,303.820000,847350
2025-07-29 07:30,303.810000,304.370000,303.700000,304.200000,998860
2025-07-29 07:45,304.230000,304.290000,303.050000,303.370000,1204460
2025-07-29 08:00,303.410000,304.700000,303.130000,304.340000,616960
2025-07-29 08:15,304.360000,305.080000,304.040000,304.630000,886770
2025-07-29 08:30,304.590000,304.930000,304.330000,304.600000,311370
2025-07-29 08:45,304.600000,304.630000,304.040000,304.240000,471790
2025-07-29 09:00,304.270000,304.340000,304.000000,304.180000,398660
2025-07-29 09:15,304.200000,304.280000,303.700000,304.170000,359490
2025-07-29 09:30,304.190000,304.240000,303.870000,304.140000,145690
2025-07-29 09:45,304.150000,304.570000,304.100000,304.460000,308620
2025-07-29 10:00,304.460000,304.860000,304.450000,304.570000,399320
2025-07-29 10:15,304.570000,304.570000,304.200000,304.350000,332130
2025-07-29 10:30,304.350000,304.470000,304.200000,304.470000,259890
2025-07-29 10:45,304.470000,304.470000,304.380000,304.470000,233340
2025-07-29 11:00,304.470000,304.800000,304.440000,304.680000,235750
2025-07-29 11:15,304.680000,306.120000,304.680000,305.830000,1277570
2025-07-29 11:30,305.840000,306.060000,305.680000,305.800000,588240
2025-07-29 11:45,305.780000,305.990000,305.740000,305.990000,199990
2025-07-29 12:00,305.980000,306.790000,305.980000,306.760000,1056800
2025-07-29 12:15,306.770000,306.990000,306.760000,306.760000,621440
2025-07-29 12:30,306.760000,306.900000,306.670000,306.800000,780610
2025-07-29 12:45,306.800000,306.900000,306.800000,306.840000,291110
2025-07-29 13:00,306.840000,306.870000,306.630000,306.630000,515790
2025-07-29 13:15,306.630000,306.640000,306.590000,306.600000,510050
2025-07-29 13:30,306.600000,306.600000,306.100000,306.280000,551320
2025-07-29 13:45,306.280000,306.390000,305.500000,305.900000,685730
2025-07-29 14:00,305.900000,306.880000,305.900000,306.850000,429030
2025-07-29 14:15,306.850000,306.880000,306.220000,306.240000,294570
2025-07-29 14:30,306.240000,306.630000,306.220000,306.610000,187190
2025-07-29 14:45,306.640000,307.740000,306.640000,307.740000,1119290
2025-07-29 15:00,307.740000,308.260000,307.620000,307.870000,1645380
2025-07-29 15:15,307.890000,307.930000,307.160000,307.390000,347840
2025-07-29 15:30,307.390000,307.600000,307.210000,307.480000,433640
2025-07-29 15:45,307.430000,307.430000,307.430000,307.430000,7020
2025-07-29 16:00,307.430000,307.480000,307.160000,307.300000,205220
2025-07-29 16:15,307.300000,307.500000,307.300000,307.410000,74790
2025-07-29 16:30,307.370000,307.800000,307.310000,307.310000,215190
2025-07-29 16:45,307.310000,307.330000,307.180000,307.250000,37810
2025-07-29 17:00,307.240000,307.260000,307.170000,307.240000,33220
2025-07-29 17:15,307.240000,307.490000,307.240000,307.340000,57580
2025-07-29 17:30,307.350000,307.450000,305.370000,306.030000,1151640
2025-07-29 17:45,306.030000,306.260000,304.200000,304.200000,1468790
2025-07-29 18:00,304.200000,304.500000,303.500000,304.240000,1575820
2025-07-29 18:15,304.240000,304.730000,304.200000,304.320000,515630
2025-07-29 18:30,304.380000,304.600000,304.170000,304.250000,506250
2025-07-29 18:45,304.240000,304.710000,304.170000,304.200000,513520
2025-07-29 19:00,304.200000,305.000000,304.190000,304.780000,340390
2025-07-29 19:15,304.780000,304.950000,304.620000,304.900000,138690
2025-07-29 19:30,304.900000,304.980000,304.600000,304.830000,113680
2025-07-29 19:45,304.800000,304.900000,304.600000,304.690000,39890
2025-07-29 20:00,304.690000,305.200000,304.690000,305.000000,141930
2025-07-29 20:15,305.010000,305.500000,304.910000,305.320000,217810
2025-07-29 20:30,305.340000,305.350000,304.840000,304.880000,200920
2025-07-29 20:45,304.890000,305.260000,304.870000,305.260000,67750
2025-07-30 03:45,305.580000,305.580000,305.580000,305.580000,6120
2025-07-30 04:00,305.580000,305.710000,303.840000,304.640000,596570
2025-07-30 04:15,304.640000,304.970000,304.130000,304.500000,135040
2025-07-30 04:30,304.490000,304.870000,304.300000,304.850000,119440
2025-07-30 04:45,304.860000,305.130000,304.670000,305.030000,54980
2025-07-30 05:00,305.000000,305.000000,304.800000,304.820000,17810
2025-07-30 05:15,304.810000,304.820000,304.580000,304.720000,33730
2025-07-30 05:30,304.720000,305.200000,304.650000,304.680000,116900
2025-07-30 05:45,304.670000,304.790000,304.300000,304.360000,118850
2025-07-30 06:00,304.360000,305.350000,304.350000,305.170000,216220
2025-07-30 06:15,305.170000,305.310000,304.910000,305.220000,51930
2025-07-30 06:30,305.230000,306.200000,305.220000,305.750000,440750
2025-07-30 06:45,305.790000,305.800000,305.520000,305.660000,116360
2025-07-30 07:00,305.660000,305.660000,304.750000,304.800000,623320
2025-07-30 07:15,304.800000,305.290000,304.570000,304.750000,452560
2025-07-30 07:30,304.750000,305.200000,304.300000,305.140000,712130
2025-07-30 07:45,305.170000,305.830000,305.050000,305.180000,495460
2025-07-30 08:00,305.170000,305.340000,304.800000,305.120000,241240
2025-07-30 08:15,305.120000,305.350000,304.800000,305.020000,155170
2025-07-30 08:30,305.010000,305.110000,304.510000,304.520000,281730
2025-07-30 08:45,304.520000,304.750000,304.500000,304.680000,245080
2025-07-30 09:00,304.750000,305.050000,304.510000,304.900000,174410
2025-07-30 09:15,304.890000,305.010000,304.610000,304.760000,183150
2025-07-30 09:30,304.740000,304.880000,304.630000,304.750000,82780
2025-07-30 09:45,304.740000,304.810000,304.180000,304.400000,473100
2025-07-30 10:00,304.400000,304.420000,304.050000,304.240000,442080
2025-07-30 10:15,304.240000,304.460000,304.050000,304.050000,257760
2025-07-30 10:30,304.060000,304.390000,304.000000,304.160000,308190
2025-07-30 10:45,304.150000,304.930000,304.140000,304.700000,240950
2025-07-30 11:00,304.700000,304.720000,304.430000,304.430000,94230
2025-07-30 11:15,304.430000,304.430000,304.010000,304.240000,298740
2025-07-30 11:30,304.240000,304.590000,304.200000,304.550000,114390
2025-07-30 11:45,304.570000,304.720000,304.420000,304.500000,148570
2025-07-30 12:00,304.480000,304.500000,304.350000,304.410000,176920
2025-07-30 12:15,304.420000,304.490000,303.800000,304.450000,883440
2025-07-30 12:30,304.430000,304.440000,304.000000,304.010000,104240
2025-07-30 12:45,304.000000,304.050000,303.580000,303.720000,509370
2025-07-30 13:00,303.720000,303.910000,303.540000,303.700000,415050
2025-07-30 13:15,303.750000,304.100000,303.550000,303.850000,593840
2025-07-30 13:30,303.850000,304.080000,303.700000,303.940000,169750
2025-07-30 13:45,303.930000,304.240000,303.890000,304.090000,258750
2025-07-30 14:00,304.120000,304.500000,304.090000,304.200000,289630
2025-07-30 14:15,304.220000,304.280000,303.870000,304.110000,166290
2025-07-30 14:30,304.140000,304.210000,303.950000,304.000000,113050
2025-07-30 14:45,304.000000,304.110000,303.950000,304.020000,159630
2025-07-30 15:00,304.020000,304.100000,303.880000,304.100000,201980
2025-07-30 15:15,304.100000,304.100000,304.000000,304.090000,148440
2025-07-30 15:30,304.080000,304.260000,304.070000,304.210000,114240
2025-07-30 15:45,303.860000,303.860000,303.860000,303.860000,71310
2025-07-30 16:00,303.900000,304.040000,303.800000,304.010000,185360
2025-07-30 16:15,304.040000,304.170000,303.930000,303.940000,72360
2025-07-30 16:30,303.930000,304.080000,303.920000,303.980000,48140
2025-07-30 16:45,303.990000,304.000000,303.540000,303.600000,267430
2025-07-30 17:00,303.600000,303.750000,303.550000,303.730000,97460
2025-07-30 17:15,303.730000,303.730000,303.290000,303.370000,376550
2025-07-30 17:30,303.370000,303.660000,303.340000,303.510000,54440
2025-07-30 17:45,303.520000,303.580000,303.340000,303.420000,72940
2025-07-30 18:00,303.400000,303.660000,303.390000,303.550000,40930
2025-07-30 18:15,303.560000,303.610000,303.460000,303.600000,66610
2025-07-30 18:30,303.600000,303.720000,303.530000,303.600000,68260
2025-07-30 18:45,303.590000,303.720000,303.530000,303.570000,66870
2025-07-30 19:00,303.580000,303.580000,303.520000,303.520000,51130
2025-07-30 19:15,303.530000,303.540000,303.380000,303.400000,59840
2025-07-30 19:30,303.410000,303.470000,303.400000,303.450000,59920
2025-07-30 19:45,303.460000,303.480000,303.410000,303.430000,40250
2025-07-30 20:00,303.430000,303.430000,303.290000,303.330000,110550
2025-07-30 20:15,303.330000,303.360000,303.200000,303.250000,203200
2025-07-30 20:30,303.270000,303.380000,303.230000,303.270000,89700
2025-07-30 20:45,303.270000,303.310000,303.270000,303.300000,41510
2025-07-31 03:45,303.900000,303.900000,303.900000,303.900000,8480
2025-07-31 04:00,303.900000,303.960000,303.320000,303.380000,102040
2025-07-31 04:15,303.380000,303.840000,303.370000,303.600000,126710
2025-07-31 04:30,303.600000,304.400000,303.600000,304.260000,103430
2025-07-31 04:45,304.260000,304.450000,303.800000,303.880000,142780
2025-07-31 05:00,303.860000,304.430000,303.860000,304.260000,81940
2025-07-31 05:15,304.280000,304.400000,303.870000,304.390000,137330
2025-07-31 05:30,304.340000,304.570000,304.310000,304.440000,123920
2025-07-31 05:45,304.440000,304.570000,304.380000,304.450000,84340
2025-07-31 06:00,304.440000,304.520000,304.050000,304.520000,156000
2025-07-31 06:15,304.520000,304.990000,304.520000,304.850000,430160
2025-07-31 06:30,304.830000,304.850000,304.430000,304.690000,174300
2025-07-31 06:45,304.690000,304.980000,304.560000,304.800000,342480
2025-07-31 07:00,304.800000,305.790000,304.760000,305.080000,1262290
2025-07-31 07:15,305.070000,305.070000,304.110000,304.350000,1195630
2025-07-31 07:30,304.350000,304.550000,304.010000,304.020000,526720
2025-07-31 07:45,304.010000,304.020000,303.550000,303.780000,938730
2025-07-31 08:00,303.780000,304.190000,303.780000,303.950000,353780
2025-07-31 08:15,303.990000,304.000000,302.810000,303.330000,1388170
2025-07-31 08:30,303.330000,303.880000,303.330000,303.570000,398860
2025-07-31 08:45,303.590000,303.650000,303.220000,303.340000,237740
2025-07-31 09:00,303.340000,304.080000,303.300000,303.910000,552700
2025-07-31 09:15,303.920000,304.650000,303.920000,304.200000,450880
2025-07-31 09:30,304.210000,304.250000,304.000000,304.120000,265060
2025-07-31 09:45,304.140000,304.500000,304.140000,304.230000,283770
2025-07-31 10:00,304.250000,304.940000,304.250000,304.920000,603810
2025-07-31 10:15,304.900000,304.930000,304.390000,304.450000,311070
2025-07-31 10:30,304.450000,304.690000,304.150000,304.690000,368700
2025-07-31 10:45,304.690000,304.790000,304.230000,304.350000,247910
2025-07-31 11:00,304.350000,304.770000,304.220000,304.450000,182020
2025-07-31 11:15,304.430000,304.430000,304.060000,304.060000,329070
2025-07-31 11:30,304.070000,304.070000,303.550000,303.580000,592880
2025-07-31 11:45,303.580000,303.850000,303.300000,303.730000,391370
2025-07-31 12:00,303.730000,303.950000,303.520000,303.620000,161080
2025-07-31 12:15,303.620000,303.920000,303.500000,303.760000,171460
2025-07-31 12:30,303.770000,304.250000,303.680000,304.100000,228450
2025-07-31 12:45,304.100000,304.250000,303.660000,303.810000,263390
2025-07-31 13:00,303.810000,304.200000,303.720000,304.100000,169080
2025-07-31 13:15,304.100000,304.170000,303.950000,304.170000,87770
2025-07-31 13:30,304.170000,304.650000,304.160000,304.510000,337610
2025-07-31 13:45,304.530000,304.680000,304.400000,304.550000,257900
2025-07-31 14:00,304.560000,304.640000,304.120000,304.120000,160950
2025-07-31 14:15,304.170000,304.320000,304.100000,304.310000,164180
2025-07-31 14:30,304.320000,304.680000,304.290000,304.650000,255820
2025-07-31 14:45,304.640000,304.700000,304.620000,304.680000,388230
2025-07-31 15:00,304.680000,304.700000,304.000000,304.430000,280300
2025-07-31 15:15,304.440000,304.640000,304.400000,304.630000,174910
2025-07-31 15:30,304.640000,305.350000,304.600000,305.170000,1668720
2025-07-31 15:45,305.350000,305.350000,305.350000,305.350000,227380
2025-07-31 16:00,305.160000,305.660000,304.800000,304.960000,515060
2025-07-31 16:15,304.950000,305.350000,304.940000,305.260000,190180
2025-07-31 16:30,305.260000,305.350000,304.910000,304.930000,152460
2025-07-31 16:45,304.950000,305.120000,304.870000,305.030000,117750
2025-07-31 17:00,305.050000,305.050000,304.630000,304.650000,123200
2025-07-31 17:15,304.650000,304.950000,304.650000,304.950000,100290
2025-07-31 17:30,304.950000,305.100000,304.940000,305.000000,56580
2025-07-31 17:45,305.010000,305.170000,304.840000,304.850000,109450
2025-07-31 18:00,304.850000,304.910000,304.640000,304.720000,76090
2025-07-31 18:15,304.720000,304.730000,304.560000,304.560000,60880
2025-07-31 18:30,304.550000,304.790000,304.510000,304.660000,128840
2025-07-31 18:45,304.680000,304.880000,304.680000,304.880000,25820
2025-07-31 19:00,304.880000,305.000000,304.880000,305.000000,48810
2025-07-31 19:15,304.990000,305.000000,304.890000,304.950000,11500
2025-07-31 19:30,304.940000,304.950000,304.850000,304.890000,22740
2025-07-31 19:45,304.880000,304.900000,304.810000,304.860000,41150
2025-07-31 20:00,304.900000,304.990000,304.900000,304.980000,41910
2025-07-31 20:15,304.990000,305.000000,304.980000,304.990000,48890
2025-07-31 20:30,304.980000,305.000000,304.910000,304.960000,96020
2025-07-31 20:45,304.950000,305.000000,304.950000,304.950000,24850
2025-08-01 03:45,305.410000,305.410000,305.410000,305.410000,16098
2025-08-01 04:00,305.450000,306.710000,305.410000,306.370000,558694
2025-08-01 04:15,306.360000,307.000000,306.200000,306.750000,410888
2025-08-01 04:30,306.750000,307.470000,306.660000,307.060000,428851
2025-08-01 04:45,307.060000,307.500000,307.020000,307.130000,359156
2025-08-01 05:00,307.130000,307.300000,306.280000,306.290000,424793
2025-08-01 05:15,306.300000,307.150000,306.280000,307.140000,181451
2025-08-01 05:30,307.140000,307.190000,306.620000,306.640000,169686
2025-08-01 05:45,306.650000,306.950000,306.640000,306.830000,88126
2025-08-01 06:00,306.820000,307.000000,306.820000,306.820000,201290
2025-08-01 06:15,306.820000,307.010000,306.820000,306.950000,246854
2025-08-01 06:30,306.940000,307.000000,306.620000,306.630000,188769
2025-08-01 06:45,306.630000,306.940000,306.510000,306.910000,222655
2025-08-01 07:00,306.900000,307.430000,306.580000,306.600000,569338
2025-08-01 07:15,306.590000,306.710000,306.170000,306.440000,507767
2025-08-01 07:30,306.450000,306.820000,306.240000,306.320000,253847
2025-08-01 07:45,306.320000,306.850000,306.300000,306.710000,252630
2025-08-01 08:00,306.710000,306.730000,306.270000,306.440000,180488
2025-08-01 08:15,306.430000,306.490000,306.020000,306.060000,264740
2025-08-01 08:30,306.060000,306.320000,306.050000,306.200000,181587
2025-08-01 08:45,306.170000,306.600000,306.170000,306.420000,154582
2025-08-01 09:00,306.410000,306.810000,306.380000,306.500000,516953
2025-08-01 09:15,306.490000,306.700000,306.390000,306.630000,271827
2025-08-01 09:30,306.650000,306.670000,306.300000,306.300000,249832
2025-08-01 09:45,306.310000,306.520000,306.120000,306.370000,403071
2025-08-01 10:00,306.370000,306.400000,306.120000,306.130000,137892
2025-08-01 10:15,306.150000,306.250000,306.100000,306.220000,139646
2025-08-01 10:30,306.210000,306.400000,306.130000,306.280000,161580
2025-08-01 10:45,306.280000,306.330000,306.200000,306.210000,120203
2025-08-01 11:00,306.210000,306.240000,305.600000,305.750000,422886
2025-08-01 11:15,305.760000,305.760000,304.670000,305.380000,1309842
2025-08-01 11:30,305.380000,305.380000,304.230000,304.570000,800655
2025-08-01 11:45,304.570000,304.860000,304.120000,304.260000,695656
2025-08-01 12:00,304.270000,304.650000,304.090000,304.340000,602750
2025-08-01 12:15,304.340000,304.780000,304.330000,304.640000,179067
2025-08-01 12:30,304.650000,304.790000,304.360000,304.660000,250725
2025-08-01 12:45,304.650000,304.750000,304.100000,304.210000,335465
2025-08-01 13:00,304.200000,304.500000,303.900000,304.330000,486190
2025-08-01 13:15,304.320000,304.440000,304.200000,304.390000,127540
2025-08-01 13:30,304.390000,304.600000,304.200000,304.600000,299767
2025-08-01 13:45,304.600000,304.600000,304.040000,304.140000,185918
2025-08-01 14:00,304.130000,304.200000,303.900000,303.960000,367500
2025-08-01 14:15,303.950000,304.190000,303.950000,304.090000,127186
2025-08-01 14:30,304.070000,304.450000,304.030000,304.220000,270494
2025-08-01 14:45,304.210000,304.230000,304.040000,304.210000,126731
2025-08-01 15:00,304.210000,304.210000,304.030000,304.030000,91645
2025-08-01 15:15,304.040000,304.060000,304.000000,304.050000,215784
2025-08-01 15:30,304.050000,304.050000,303.990000,304.000000,155939
2025-08-01 15:45,304.200000,304.200000,304.200000,304.200000,77272
2025-08-01 16:00,304.200000,304.200000,303.910000,304.140000,116810
2025-08-01 16:15,304.150000,304.240000,304.150000,304.180000,28494
2025-08-01 16:30,304.180000,304.300000,304.020000,304.160000,92231
2025-08-01 16:45,304.160000,304.230000,303.200000,303.510000,898596
2025-08-01 17:00,303.510000,303.880000,302.890000,303.700000,868154
2025-08-01 17:15,303.780000,303.890000,303.440000,303.510000,146465
2025-08-01 17:30,303.540000,303.970000,303.530000,303.960000,151547
2025-08-01 17:45,303.960000,304.350000,303.800000,304.290000,232854
2025-08-01 18:00,304.290000,304.290000,303.970000,304.060000,118478
2025-08-01 18:15,304.040000,304.330000,304.030000,304.310000,61068
2025-08-01 18:30,304.310000,304.700000,304.150000,304.680000,189029
2025-08-01 18:45,304.650000,304.650000,304.260000,304.560000,52080
2025-08-01 19:00,304.550000,304.550000,304.230000,304.330000,55745
2025-08-01 19:15,304.330000,304.330000,304.090000,304.210000,51740
2025-08-01 19:30,304.200000,304.240000,304.170000,304.230000,40787
2025-08-01 19:45,304.240000,304.330000,304.200000,304.210000,45792
2025-08-01 20:00,304.210000,304.290000,304.200000,304.260000,53598
2025-08-01 20:15,304.270000,304.430000,304.240000,304.250000,76097
2025-08-01 20:30,304.240000,304.260000,304.200000,304.200000,151457
2025-08-01 20:45,304.200000,304.240000,304.100000,304.220000,50178
2025-08-01 23:00,304.850000,305.000000,302.820000,304.800000,147
2025-08-01 23:15,304.800000,304.800000,304.000000,304.680000,150
2025-08-01 23:30,304.670000,304.670000,304.040000,304.110000,281
2025-08-01 23:45,304.640000,304.700000,304.110000,304.690000,372
2025-08-02 00:00,304.210000,304.680000,304.140000,304.670000,604
2025-08-02 00:15,304.670000,304.700000,303.820000,304.680000,1353
2025-08-02 00:30,304.680000,304.740000,303.900000,303.970000,92
2025-08-02 00:45,304.010000,305.900000,303.500000,303.710000,9436
2025-08-02 01:00,304.710000,305.700000,303.810000,304.300000,2100
2025-08-02 01:15,305.520000,305.520000,304.450000,304.490000,113
2025-08-02 01:30,305.100000,305.100000,304.310000,304.560000,4046
2025-08-02 01:45,304.560000,304.610000,304.260000,304.270000,1221
2025-08-02 02:00,304.260000,304.270000,304.260000,304.260000,449
2025-08-02 02:15,304.490000,304.600000,304.260000,304.270000,294
2025-08-02 02:30,304.260000,304.270000,304.260000,304.270000,1342
2025-08-02 02:45,304.260000,304.270000,304.260000,304.270000,114
2025-08-02 03:00,304.270000,304.270000,304.260000,304.270000,640
2025-08-02 03:15,304.270000,304.270000,304.260000,304.270000,449
2025-08-02 03:30,304.270000,304.270000,304.260000,304.270000,870
2025-08-02 03:45,304.270000,304.270000,304.220000,304.270000,469
2025-08-02 04:00,304.270000,304.270000,304.200000,304.270000,699
2025-08-02 04:15,304.270000,304.270000,303.800000,304.180000,3494
2025-08-02 04:30,304.180000,304.180000,303.800000,304.160000,5853
2025-08-02 04:45,304.150000,304.270000,303.800000,304.270000,5929
2025-08-02 05:00,304.270000,304.270000,303.910000,304.260000,1039
2025-08-02 05:15,304.250000,304.260000,303.800000,303.810000,2434
2025-08-02 05:30,304.250000,304.260000,303.830000,304.250000,886
2025-08-02 05:45,303.900000,304.260000,303.850000,304.260000,2568
2025-08-02 06:00,304.260000,304.260000,303.850000,304.200000,2044
2025-08-02 06:15,303.900000,304.210000,303.860000,303.900000,1084
2025-08-02 06:30,303.900000,304.230000,303.870000,303.880000,3243
2025-08-02 06:45,303.890000,304.250000,303.860000,304.240000,2478
2025-08-02 07:00,304.240000,304.250000,303.840000,304.250000,5696
2025-08-02 07:15,304.240000,304.240000,303.850000,304.120000,1844
2025-08-02 07:30,304.140000,304.190000,303.870000,304.130000,1328
2025-08-02 07:30,304.140000,304.190000,303.870000,304.130000,1328
2025-08-02 07:45,303.900000,304.170000,303.870000,304.100000,1558
2025-08-02 08:00,304.000000,304.000000,303.940000,304.000000,1732
2025-08-02 08:15,304.000000,304.170000,303.870000,303.870000,3432
2025-08-02 08:30,304.160000,304.170000,303.870000,303.900000,1109
2025-08-02 08:45,304.140000,304.160000,303.870000,304.140000,1277
2025-08-02 09:00,304.140000,304.150000,303.860000,304.150000,3314
2025-08-02 09:15,304.150000,304.160000,303.860000,304.150000,2398
2025-08-02 09:30,304.150000,304.200000,304.150000,304.160000,3368
2025-08-02 09:45,304.200000,304.240000,304.160000,304.240000,3308
2025-08-02 10:00,304.240000,304.240000,304.160000,304.230000,4434
2025-08-02 10:15,304.160000,304.240000,304.160000,304.170000,1943
2025-08-02 10:30,304.170000,304.260000,304.160000,304.250000,764
2025-08-02 10:45,304.250000,304.250000,304.160000,304.230000,2014
2025-08-02 11:00,304.230000,304.240000,304.160000,304.160000,6228
2025-08-02 11:15,304.230000,304.260000,304.100000,304.100000,2487
2025-08-02 11:30,304.250000,304.300000,304.100000,304.300000,3543
2025-08-02 11:45,304.110000,304.560000,304.110000,304.210000,5787
2025-08-02 12:00,304.550000,304.590000,304.210000,304.480000,1409
2025-08-02 12:15,304.470000,304.470000,304.230000,304.400000,715
2025-08-02 12:30,304.400000,304.430000,303.810000,303.910000,11292
2025-08-02 12:45,303.910000,304.420000,303.910000,304.400000,2311
2025-08-02 13:00,304.400000,304.410000,304.000000,304.350000,3638
2025-08-02 13:15,304.020000,304.690000,304.000000,304.550000,19307
2025-08-02 13:30,304.550000,304.680000,303.810000,304.000000,14795
2025-08-02 13:45,304.290000,304.290000,304.010000,304.110000,2136
2025-08-02 14:00,304.210000,304.280000,304.000000,304.280000,1361
2025-08-02 14:15,304.280000,304.300000,304.000000,304.000000,2686
2025-08-02 14:30,304.000000,304.290000,304.000000,304.270000,1253
2025-08-02 14:45,304.270000,304.270000,304.000000,304.260000,2327
2025-08-02 15:00,304.010000,304.260000,304.000000,304.210000,1714
2025-08-02 15:15,304.210000,304.290000,304.010000,304.290000,11979
2025-08-02 15:30,304.200000,304.290000,304.000000,304.270000,3623
2025-08-02 15:45,304.050000,304.270000,304.050000,304.260000,1374
2025-08-02 16:00,304.250000,304.300000,304.050000,304.290000,26080
2025-08-02 16:15,304.290000,304.300000,304.040000,304.050000,11924
2025-08-02 16:30,304.290000,304.290000,304.000000,304.000000,11450
2025-08-02 16:45,304.100000,304.260000,304.000000,304.010000,5309
2025-08-02 17:00,304.230000,304.240000,304.000000,304.220000,1349
2025-08-02 17:15,304.220000,304.230000,304.000000,304.190000,329
2025-08-02 17:30,304.100000,304.230000,304.000000,304.230000,2206
2025-08-02 17:45,304.230000,304.260000,304.100000,304.160000,1739
2025-08-02 18:00,304.260000,304.290000,304.160000,304.280000,568
2025-08-02 18:15,304.280000,304.290000,304.150000,304.270000,1086
2025-08-02 18:30,304.270000,304.290000,304.000000,304.010000,2864
2025-08-02 18:45,304.010000,304.300000,304.000000,304.200000,4058
2025-08-02 19:00,304.200000,304.200000,304.010000,304.190000,1036
2025-08-02 19:15,304.190000,304.190000,304.030000,304.180000,407
2025-08-02 19:30,304.180000,304.190000,304.000000,304.190000,1446
2025-08-02 19:45,304.190000,304.190000,304.020000,304.020000,493
2025-08-02 20:00,304.020000,305.000000,304.020000,304.790000,51451
2025-08-02 20:15,304.790000,304.880000,304.120000,304.230000,1231
2025-08-02 20:30,304.660000,304.660000,304.130000,304.590000,2534
2025-08-02 20:45,304.590000,304.600000,304.500000,304.600000,380
2025-08-02 23:00,304.800000,305.490000,303.700000,304.580000,295
2025-08-02 23:15,304.530000,304.560000,304.000000,304.540000,253
2025-08-02 23:30,304.530000,304.530000,304.040000,304.510000,117
2025-08-02 23:45,304.510000,304.520000,304.110000,304.520000,163
2025-08-03 00:00,304.530000,304.530000,304.010000,304.520000,47
2025-08-03 00:15,304.520000,304.530000,304.020000,304.020000,110
2025-08-03 00:30,304.530000,304.550000,304.020000,304.550000,62
2025-08-03 00:45,304.550000,304.550000,304.130000,304.190000,289
2025-08-03 01:00,304.030000,304.510000,304.000000,304.490000,2322
2025-08-03 01:15,304.490000,304.490000,304.020000,304.490000,62
2025-08-03 01:30,304.420000,304.480000,304.030000,304.470000,45
2025-08-03 01:45,304.480000,304.530000,304.480000,304.530000,343
2025-08-03 02:00,304.530000,304.530000,304.530000,304.530000,74
2025-08-03 02:15,304.400000,304.520000,304.320000,304.320000,105
2025-08-03 02:30,304.520000,304.520000,304.320000,304.520000,26
2025-08-03 02:45,304.520000,304.520000,304.520000,304.520000,32
2025-08-03 03:00,304.340000,304.530000,304.330000,304.350000,232
2025-08-03 03:15,304.530000,304.530000,304.350000,304.520000,193
2025-08-03 03:30,304.520000,304.520000,304.350000,304.520000,140
2025-08-03 03:45,304.520000,304.530000,304.350000,304.530000,1189
2025-08-03 04:00,304.530000,304.550000,304.370000,304.370000,168
2025-08-03 04:15,304.370000,304.550000,304.360000,304.550000,282
2025-08-03 04:30,304.550000,304.550000,304.370000,304.540000,554
2025-08-03 04:45,304.380000,304.550000,304.370000,304.370000,938
2025-08-03 05:00,304.380000,304.540000,304.370000,304.540000,409
2025-08-03 05:15,304.540000,304.570000,304.400000,304.450000,797
2025-08-03 05:30,304.450000,305.000000,304.450000,304.990000,5204
2025-08-03 05:45,304.800000,304.980000,304.570000,304.980000,645
2025-08-03 06:00,304.800000,304.980000,304.650000,304.720000,554
2025-08-03 06:15,304.720000,304.890000,304.570000,304.840000,1859
2025-08-03 06:30,304.840000,304.850000,304.580000,304.840000,1167
2025-08-03 06:45,304.840000,304.850000,304.610000,304.820000,930
2025-08-03 07:00,304.820000,304.830000,304.620000,304.630000,1271
2025-08-03 07:15,304.630000,305.020000,304.630000,304.960000,6027
2025-08-03 07:30,305.000000,305.010000,304.700000,304.730000,7123
2025-08-03 07:45,304.940000,304.960000,304.730000,304.920000,2606
2025-08-03 08:00,304.920000,304.930000,304.740000,304.920000,811
2025-08-03 08:15,304.920000,304.920000,304.740000,304.800000,2770
2025-08-03 08:30,304.850000,304.900000,304.800000,304.800000,1059
2025-08-03 08:45,304.840000,304.840000,304.730000,304.730000,1056
2025-08-03 09:00,304.730000,304.740000,304.720000,304.720000,1360
2025-08-03 09:15,304.740000,304.750000,304.630000,304.750000,2104
2025-08-03 09:30,304.750000,304.750000,304.620000,304.690000,1474
2025-08-03 09:45,304.690000,304.750000,304.620000,304.750000,1229
2025-08-03 10:00,304.640000,304.750000,304.640000,304.730000,606
2025-08-03 10:15,304.730000,304.930000,304.620000,304.790000,6082
2025-08-03 10:30,304.790000,304.800000,304.610000,304.800000,1630
2025-08-03 10:45,304.800000,304.800000,304.610000,304.750000,3329
2025-08-03 11:00,304.610000,304.930000,304.610000,304.920000,1498
2025-08-03 11:15,304.630000,304.960000,304.620000,304.960000,5489
2025-08-03 11:30,304.950000,304.950000,304.670000,304.940000,573
2025-08-03 11:45,304.670000,304.940000,304.620000,304.640000,1085
2025-08-03 12:00,304.640000,304.800000,304.400000,304.400000,5568
2025-08-03 12:15,304.790000,304.790000,304.390000,304.680000,1317
2025-08-03 12:30,304.400000,304.680000,304.380000,304.660000,3030
2025-08-03 12:45,304.660000,304.870000,304.390000,304.690000,2065
2025-08-03 13:00,304.690000,304.690000,304.370000,304.370000,843
2025-08-03 13:15,304.650000,304.670000,304.370000,304.650000,622
2025-08-03 13:30,304.620000,304.670000,304.370000,304.670000,2457
2025-08-03 13:45,304.670000,304.780000,304.390000,304.760000,779
2025-08-03 14:00,304.760000,304.760000,304.390000,304.730000,849
2025-08-03 14:15,304.730000,304.810000,304.380000,304.720000,1250
2025-08-03 14:30,304.720000,304.820000,304.400000,304.500000,830
2025-08-03 14:45,304.500000,304.800000,304.370000,304.380000,5845
2025-08-03 15:00,304.380000,304.700000,304.370000,304.470000,730
2025-08-03 15:15,304.650000,304.680000,304.370000,304.370000,3636
2025-08-03 15:30,304.660000,304.800000,304.380000,304.790000,2027
2025-08-03 15:45,304.700000,304.800000,304.430000,304.740000,823
2025-08-03 16:00,304.740000,304.740000,304.430000,304.460000,760
2025-08-03 16:15,304.460000,304.740000,304.270000,304.270000,10941
2025-08-03 16:30,304.690000,304.690000,304.220000,304.500000,1064
2025-08-03 16:45,304.550000,304.550000,304.230000,304.530000,1643
2025-08-03 17:00,304.530000,304.730000,304.230000,304.290000,1788
2025-08-03 17:15,304.290000,304.720000,304.290000,304.330000,672
2025-08-03 17:30,304.710000,304.720000,304.330000,304.710000,297
2025-08-03 17:45,304.710000,304.720000,304.500000,304.600000,2494
2025-08-03 18:00,304.600000,304.720000,304.350000,304.690000,2209
2025-08-03 18:15,304.680000,304.690000,304.310000,304.610000,1846
2025-08-03 18:30,304.670000,304.720000,304.320000,304.720000,5435
2025-08-03 18:45,304.320000,304.890000,304.300000,304.480000,4482
2025-08-03 19:00,304.890000,304.890000,304.480000,304.870000,531
2025-08-03 19:15,304.870000,304.890000,304.480000,304.830000,3555
2025-08-03 19:30,304.550000,304.880000,304.540000,304.860000,1260
2025-08-03 19:45,304.850000,304.850000,304.300000,304.790000,1127
2025-08-03 20:00,304.790000,304.860000,304.300000,304.300000,2195
2025-08-03 20:15,304.400000,304.890000,304.300000,304.300000,8423
2025-08-03 20:30,304.870000,304.890000,304.240000,304.850000,1224
2025-08-03 20:45,304.850000,304.850000,304.350000,304.370000,465
2025-08-04 03:45,305.300000,305.300000,305.300000,305.300000,22286
2025-08-04 04:00,305.300000,306.220000,304.800000,306.180000,902584
2025-08-04 04:15,306.180000,306.220000,305.660000,305.840000,218873
2025-08-04 04:30,305.830000,305.840000,304.740000,305.110000,183911
2025-08-04 04:45,305.090000,305.380000,305.000000,305.010000,55674
2025-08-04 05:00,305.010000,305.600000,305.000000,305.520000,135737
2025-08-04 05:15,305.550000,305.660000,305.470000,305.650000,67671
2025-08-04 05:30,305.650000,305.690000,305.460000,305.500000,146088
2025-08-04 05:45,305.500000,305.690000,305.490000,305.500000,67421
2025-08-04 06:00,305.550000,305.550000,304.950000,305.070000,512141
2025-08-04 06:15,305.070000,305.110000,304.500000,304.820000,338910
2025-08-04 06:30,304.830000,305.370000,304.820000,305.010000,386048
2025-08-04 06:45,305.010000,305.480000,304.950000,305.040000,174115
2025-08-04 07:00,305.040000,305.250000,304.710000,305.240000,425377
2025-08-04 07:15,305.240000,305.240000,304.650000,304.740000,433213
2025-08-04 07:30,304.740000,305.660000,304.700000,305.530000,873501
2025-08-04 07:45,305.530000,305.810000,305.440000,305.650000,403313
2025-08-04 08:00,305.650000,306.200000,305.470000,306.180000,774767
2025-08-04 08:15,306.180000,306.200000,305.940000,306.080000,616582
2025-08-04 08:30,306.080000,306.150000,305.950000,306.050000,349786
2025-08-04 08:45,306.050000,306.070000,305.900000,305.950000,369427
2025-08-04 09:00,305.950000,306.080000,305.890000,305.950000,478300
2025-08-04 09:15,305.950000,306.400000,305.950000,306.240000,888378
2025-08-04 09:30,306.240000,306.310000,305.620000,305.860000,633357
2025-08-04 09:45,305.860000,305.860000,305.130000,305.410000,974079
2025-08-04 10:00,305.410000,305.750000,305.160000,305.680000,402178
2025-08-04 10:15,305.680000,305.700000,305.370000,305.670000,379359
2025-08-04 10:30,305.670000,306.090000,305.530000,305.980000,287430
2025-08-04 10:45,305.980000,306.000000,305.900000,305.980000,148946
2025-08-04 11:00,305.990000,306.030000,305.240000,305.510000,417995
2025-08-04 11:15,305.510000,305.730000,304.950000,305.350000,516951
2025-08-04 11:30,305.350000,305.530000,305.130000,305.140000,466323
2025-08-04 11:45,305.130000,305.330000,304.920000,305.100000,453242
2025-08-04 12:00,305.100000,305.500000,305.070000,305.500000,413341
2025-08-04 12:15,305.500000,305.500000,305.150000,305.380000,332407
2025-08-04 12:30,305.380000,305.890000,305.370000,305.750000,302983
2025-08-04 12:45,305.750000,305.830000,305.740000,305.790000,323331
2025-08-04 13:00,305.780000,306.060000,305.600000,305.640000,541745
2025-08-04 13:15,305.640000,305.940000,305.590000,305.880000,201948
2025-08-04 13:30,305.850000,306.030000,305.730000,305.990000,520023
2025-08-04 13:45,305.980000,306.080000,305.970000,306.060000,460175
2025-08-04 14:00,306.060000,306.280000,306.010000,306.230000,662442
2025-08-04 14:15,306.210000,306.790000,306.210000,306.780000,869553
2025-08-04 14:30,306.780000,307.050000,306.770000,306.980000,1247571
2025-08-04 14:45,306.980000,307.140000,306.830000,306.890000,1212186
2025-08-04 15:00,306.890000,307.180000,306.850000,307.150000,702817
2025-08-04 15:15,307.150000,308.120000,307.150000,308.080000,2353852
2025-08-04 15:30,308.080000,308.120000,307.650000,307.690000,887529
2025-08-04 15:45,307.690000,307.690000,307.690000,307.690000,34195
2025-08-04 16:00,307.690000,308.010000,307.680000,307.790000,510662
2025-08-04 16:15,307.750000,307.950000,307.750000,307.770000,144267
2025-08-04 16:30,307.770000,307.800000,306.900000,306.910000,573698
2025-08-04 16:45,306.910000,307.200000,306.880000,307.070000,293160
2025-08-04 17:00,307.070000,307.220000,307.050000,307.200000,109447
2025-08-04 17:15,307.200000,307.270000,307.140000,307.270000,124147
2025-08-04 17:30,307.270000,307.650000,307.260000,307.650000,207980
2025-08-04 17:45,307.650000,307.650000,307.520000,307.580000,131163
2025-08-04 18:00,307.570000,307.600000,307.360000,307.400000,87782
2025-08-04 18:15,307.370000,307.500000,307.340000,307.370000,52768
2025-08-04 18:30,307.370000,307.400000,307.000000,307.090000,303110
2025-08-04 18:45,307.090000,307.480000,307.080000,307.480000,177921
2025-08-04 19:00,307.480000,307.520000,307.430000,307.520000,86091
2025-08-04 19:15,307.520000,307.700000,307.460000,307.670000,140998
2025-08-04 19:30,307.670000,307.850000,307.660000,307.820000,141366
2025-08-04 19:45,307.810000,307.830000,307.580000,307.670000,252908
2025-08-04 20:00,307.670000,307.850000,307.670000,307.830000,104320
2025-08-04 20:15,307.840000,307.900000,307.830000,307.900000,92032
2025-08-04 20:30,307.890000,307.990000,307.830000,307.980000,125516
2025-08-04 20:45,307.980000,308.010000,307.890000,307.950000,191242
2025-08-05 03:45,307.970000,307.970000,307.970000,307.970000,11054
2025-08-05 04:00,307.980000,308.670000,307.180000,308.390000,620457
2025-08-05 04:15,308.390000,308.480000,307.940000,308.110000,286878
2025-08-05 04:30,308.020000,308.400000,307.600000,308.400000,181518
2025-08-05 04:45,308.400000,308.400000,307.560000,307.590000,102922
2025-08-05 05:00,307.590000,307.660000,307.000000,307.410000,365848
2025-08-05 05:15,307.360000,307.400000,307.040000,307.100000,205220
2025-08-05 05:30,307.100000,307.240000,307.070000,307.240000,81982
2025-08-05 05:45,307.240000,307.240000,307.150000,307.240000,78419
2025-08-05 06:00,307.240000,308.050000,307.230000,307.900000,571350
2025-08-05 06:15,307.890000,307.990000,307.700000,307.910000,251066
2025-08-05 06:30,307.920000,308.030000,307.880000,307.940000,138234
2025-08-05 06:45,307.940000,307.940000,307.570000,307.680000,149668
2025-08-05 07:00,307.680000,307.680000,307.000000,307.000000,673175
2025-08-05 07:15,307.000000,307.130000,306.700000,307.110000,705298
2025-08-05 07:30,307.100000,307.230000,307.030000,307.120000,362449
2025-08-05 07:45,307.120000,307.120000,306.870000,307.000000,710327
2025-08-05 08:00,307.000000,307.000000,306.870000,306.880000,398535
2025-08-05 08:15,306.880000,306.950000,306.840000,306.940000,337111
2025-08-05 08:30,306.940000,306.950000,306.790000,306.800000,301332
2025-08-05 08:45,306.800000,306.800000,306.750000,306.750000,241012
2025-08-05 09:00,306.760000,306.760000,306.550000,306.560000,1088071
2025-08-05 09:15,306.550000,306.590000,306.440000,306.460000,576380
2025-08-05 09:30,306.460000,306.740000,306.280000,306.680000,877635
2025-08-05 09:45,306.680000,306.960000,306.490000,306.500000,483282
2025-08-05 10:00,306.500000,306.810000,306.420000,306.710000,502323
2025-08-05 10:15,306.710000,306.920000,306.490000,306.510000,268908
2025-08-05 10:30,306.510000,306.790000,306.340000,306.350000,353622
2025-08-05 10:45,306.350000,306.700000,306.310000,306.420000,179413
2025-08-05 11:00,306.420000,306.470000,305.650000,306.070000,756478
2025-08-05 11:15,306.070000,306.200000,306.000000,306.150000,150176
2025-08-05 11:30,306.150000,306.300000,306.000000,306.030000,218885
2025-08-05 11:45,306.030000,306.170000,306.000000,306.020000,159083
2025-08-05 12:00,306.020000,306.060000,305.560000,305.570000,342326
2025-08-05 12:15,305.570000,305.790000,305.250000,305.730000,706584
2025-08-05 12:30,305.730000,306.900000,305.530000,306.640000,899939
2025-08-05 12:45,306.640000,307.870000,306.600000,307.080000,1281591
2025-08-05 13:00,307.070000,307.420000,306.960000,307.170000,301997
2025-08-05 13:15,307.200000,307.600000,307.020000,307.100000,282885
2025-08-05 13:30,307.100000,307.400000,306.710000,307.400000,221159
2025-08-05 13:45,307.390000,307.700000,307.230000,307.450000,496345
2025-08-05 14:00,307.450000,307.680000,307.400000,307.550000,208203
2025-08-05 14:15,307.530000,307.780000,307.530000,307.740000,226335
2025-08-05 14:30,307.740000,307.840000,307.110000,307.110000,290493
2025-08-05 14:45,307.110000,307.450000,307.060000,307.310000,199248
2025-08-05 15:00,307.320000,307.740000,307.280000,307.560000,289557
2025-08-05 15:15,307.560000,307.650000,307.300000,307.370000,186708
2025-08-05 15:30,307.360000,307.520000,307.160000,307.310000,249753
2025-08-05 15:45,307.760000,307.760000,307.760000,307.760000,139840
2025-08-05 16:00,307.740000,307.740000,307.380000,307.450000,64765
2025-08-05 16:15,307.450000,307.450000,307.320000,307.320000,86404
2025-08-05 16:30,307.330000,307.910000,307.270000,307.780000,433736
2025-08-05 16:45,307.760000,307.780000,307.360000,307.760000,213497
2025-08-05 17:00,307.760000,308.130000,307.760000,307.990000,638241
2025-08-05 17:15,307.990000,308.090000,307.780000,307.910000,133286
2025-08-05 17:30,307.910000,307.960000,307.280000,307.470000,246535
2025-08-05 17:45,307.470000,307.640000,307.410000,307.460000,75731
2025-08-05 18:00,307.460000,307.780000,307.400000,307.510000,65145
2025-08-05 18:15,307.510000,307.510000,307.400000,307.510000,80983
2025-08-05 18:30,307.510000,307.510000,307.300000,307.510000,49572
2025-08-05 18:45,307.510000,307.610000,307.500000,307.580000,40242
2025-08-05 19:00,307.590000,307.910000,307.480000,307.500000,72214
2025-08-05 19:15,307.510000,307.510000,307.310000,307.400000,139935
2025-08-05 19:30,307.390000,307.450000,307.390000,307.420000,24943
2025-08-05 19:45,307.430000,307.640000,307.410000,307.570000,162772
2025-08-05 20:00,307.560000,307.650000,307.440000,307.620000,79117
2025-08-05 20:15,307.620000,307.640000,307.530000,307.560000,61677
2025-08-05 20:30,307.560000,307.560000,307.380000,307.540000,94038
2025-08-05 20:45,307.540000,307.550000,307.340000,307.380000,23602
2025-08-06 03:45,307.400000,307.400000,307.400000,307.400000,8167
2025-08-06 04:00,307.510000,308.110000,307.400000,307.820000,179694
2025-08-06 04:15,307.820000,307.860000,307.600000,307.760000,41936
2025-08-06 04:30,307.770000,307.950000,307.740000,307.950000,97200
2025-08-06 04:45,307.940000,307.950000,307.810000,307.900000,57960
2025-08-06 05:00,307.900000,307.900000,307.840000,307.840000,83013
2025-08-06 05:15,307.850000,307.890000,307.600000,307.640000,67997
2025-08-06 05:30,307.640000,307.640000,307.300000,307.410000,87897
2025-08-06 05:45,307.430000,307.500000,307.310000,307.500000,38825
2025-08-06 06:00,307.500000,307.950000,307.470000,307.910000,130781
2025-08-06 06:15,307.910000,307.980000,307.630000,307.640000,129642
2025-08-06 06:30,307.640000,307.800000,307.600000,307.610000,59276
2025-08-06 06:45,307.620000,307.650000,307.490000,307.560000,143139
2025-08-06 07:00,307.580000,308.450000,307.520000,307.870000,981536
2025-08-06 07:15,307.870000,308.100000,307.250000,307.310000,858533
2025-08-06 07:30,307.320000,307.520000,306.750000,307.110000,848745
2025-08-06 07:45,307.100000,307.320000,306.940000,307.290000,480130
2025-08-06 08:00,307.290000,307.310000,307.090000,307.130000,209291
2025-08-06 08:15,307.130000,307.400000,307.100000,307.140000,157747
2025-08-06 08:30,307.130000,307.140000,306.920000,306.980000,158173
2025-08-06 08:45,306.980000,306.980000,306.110000,306.440000,689913
2025-08-06 09:00,306.420000,306.550000,306.240000,306.270000,396413
2025-08-06 09:15,306.270000,306.800000,306.250000,306.800000,311895
2025-08-06 09:30,306.800000,306.800000,306.510000,306.700000,87426
2025-08-06 09:45,306.700000,307.000000,306.670000,306.990000,298858
2025-08-06 10:00,306.990000,307.000000,306.790000,306.970000,126831
2025-08-06 10:15,306.970000,306.980000,306.420000,306.440000,326519
2025-08-06 10:30,306.440000,306.630000,306.250000,306.490000,378228
2025-08-06 10:45,306.490000,306.490000,305.770000,306.010000,783698
2025-08-06 11:00,306.000000,306.330000,305.670000,305.900000,613076
2025-08-06 11:15,305.890000,306.340000,305.700000,306.240000,464913
2025-08-06 11:30,306.240000,306.580000,306.130000,306.320000,374544
2025-08-06 11:45,306.320000,306.950000,305.990000,306.950000,574741
2025-08-06 12:00,306.950000,307.630000,306.770000,306.960000,1148450
2025-08-06 12:15,306.960000,307.110000,306.530000,306.900000,457969
2025-08-06 12:30,306.890000,306.900000,306.000000,306.390000,434271
2025-08-06 12:45,306.390000,306.390000,306.130000,306.280000,273594
2025-08-06 13:00,306.290000,306.290000,305.900000,306.000000,684780
2025-08-06 13:15,306.010000,306.150000,305.690000,305.880000,423487
2025-08-06 13:30,305.920000,305.990000,305.670000,305.900000,312757
2025-08-06 13:45,305.900000,306.170000,304.610000,304.900000,1636311
2025-08-06 14:00,304.910000,307.190000,304.520000,305.000000,2564613
2025-08-06 14:15,305.010000,305.550000,303.330000,303.960000,2459148
2025-08-06 14:30,303.940000,304.300000,303.590000,304.240000,1337089
2025-08-06 14:45,304.250000,304.770000,304.000000,304.140000,725593
2025-08-06 15:00,304.140000,304.370000,303.790000,304.000000,825461
2025-08-06 15:15,304.000000,304.430000,303.900000,304.350000,345184
2025-08-06 15:30,304.350000,304.520000,304.340000,304.460000,237968
2025-08-06 15:45,304.670000,304.670000,304.670000,304.670000,175976
2025-08-06 16:00,304.670000,304.670000,304.340000,304.480000,158184
2025-08-06 16:15,304.480000,304.900000,304.470000,304.860000,278822
2025-08-06 16:30,304.860000,306.500000,304.420000,305.280000,1645972
2025-08-06 16:45,305.270000,305.480000,303.900000,305.040000,927515
2025-08-06 17:00,305.040000,307.750000,304.900000,307.510000,3000057
2025-08-06 17:15,307.510000,308.000000,307.110000,307.200000,1944069
2025-08-06 17:30,307.200000,307.430000,306.750000,307.280000,564113
2025-08-06 17:45,307.280000,307.750000,307.120000,307.600000,614694
2025-08-06 18:00,307.610000,308.430000,307.610000,308.150000,1505393
2025-08-06 18:15,308.140000,308.180000,307.700000,307.900000,466292
2025-08-06 18:30,307.900000,307.900000,307.550000,307.560000,537312
2025-08-06 18:45,307.560000,310.450000,307.460000,310.450000,3089755
2025-08-06 19:00,310.440000,310.800000,308.950000,309.960000,4774854
2025-08-06 19:15,309.960000,312.780000,309.960000,311.870000,5444544
2025-08-06 19:30,311.860000,312.960000,310.840000,311.880000,3601060
2025-08-06 19:45,311.840000,311.920000,311.050000,311.440000,1758289
2025-08-06 20:00,311.430000,311.700000,309.810000,310.390000,2306210
2025-08-06 20:15,310.390000,311.700000,310.170000,311.590000,1297258
2025-08-06 20:30,311.570000,311.900000,310.470000,310.830000,1083222
2025-08-06 20:45,310.900000,310.990000,310.080000,310.220000,662358
2025-08-07 03:45,310.220000,310.220000,310.220000,310.220000,21077
2025-08-07 04:00,310.230000,311.170000,309.000000,309.450000,1141794
2025-08-07 04:15,309.480000,309.500000,309.210000,309.330000,344220
2025-08-07 04:30,309.330000,309.500000,309.130000,309.300000,269806
2025-08-07 04:45,309.300000,309.800000,309.230000,309.680000,226964
2025-08-07 05:00,309.690000,309.690000,309.430000,309.440000,153464
2025-08-07 05:15,309.440000,309.450000,309.240000,309.300000,256407
2025-08-07 05:30,309.310000,309.900000,309.300000,309.750000,328938
2025-08-07 05:45,309.760000,310.370000,309.540000,310.050000,493821
2025-08-07 06:00,310.050000,310.370000,309.500000,309.570000,392715
2025-08-07 06:15,309.590000,309.840000,309.540000,309.610000,122286
2025-08-07 06:30,309.610000,309.700000,309.100000,309.140000,272296
2025-08-07 06:45,309.180000,309.360000,309.020000,309.140000,309545
2025-08-07 07:00,309.140000,310.780000,308.760000,308.840000,2374533
2025-08-07 07:15,308.820000,309.770000,308.760000,309.750000,1118140
2025-08-07 07:30,309.750000,311.110000,309.740000,311.100000,1423079
2025-08-07 07:45,311.100000,311.200000,310.590000,311.050000,955969
2025-08-07 08:00,311.050000,314.000000,311.040000,313.660000,7195304
2025-08-07 08:15,313.680000,313.830000,312.800000,313.090000,2050170
2025-08-07 08:30,313.090000,313.800000,313.050000,313.070000,1608959
2025-08-07 08:45,313.070000,315.030000,313.050000,314.370000,5104126
2025-08-07 09:00,314.380000,316.500000,314.380000,314.600000,4177136
2025-08-07 09:15,314.620000,315.160000,314.320000,315.000000,1273211
2025-08-07 09:30,315.000000,315.000000,313.600000,314.500000,1585086
2025-08-07 09:45,314.450000,314.550000,313.890000,314.150000,1003984
2025-08-07 10:00,314.160000,314.290000,313.600000,313.890000,780536
2025-08-07 10:15,313.880000,313.900000,313.610000,313.620000,429518
2025-08-07 10:30,313.620000,314.300000,313.500000,313.520000,1012545
2025-08-07 10:45,313.520000,314.500000,313.280000,313.830000,1819643
2025-08-07 11:00,313.830000,314.570000,313.820000,314.560000,1049477
2025-08-07 11:15,314.570000,315.000000,314.550000,314.800000,973221
2025-08-07 11:30,314.790000,314.850000,314.060000,314.840000,512518
2025-08-07 11:45,314.850000,315.000000,314.500000,314.660000,704652
2025-08-07 12:00,314.650000,315.000000,313.310000,313.740000,1912920
2025-08-07 12:15,313.740000,314.770000,313.730000,314.500000,686509
2025-08-07 12:30,314.520000,315.600000,314.150000,315.580000,2338165
2025-08-07 12:45,315.570000,315.590000,315.110000,315.480000,906388
2025-08-07 13:00,315.480000,315.730000,315.110000,315.530000,933600
2025-08-07 13:15,315.520000,315.540000,315.000000,315.340000,762658
2025-08-07 13:30,315.350000,315.420000,315.000000,315.260000,475731
2025-08-07 13:45,315.240000,315.600000,314.590000,315.060000,1810627
2025-08-07 14:00,315.060000,315.330000,314.870000,315.230000,544827
2025-08-07 14:15,315.230000,315.500000,315.190000,315.430000,459665
2025-08-07 14:30,315.440000,315.600000,315.400000,315.600000,511089
2025-08-07 14:45,315.580000,315.790000,315.500000,315.560000,625592
2025-08-07 15:00,315.550000,315.570000,314.010000,314.310000,2058890
2025-08-07 15:15,314.300000,314.360000,313.390000,313.550000,2475582
2025-08-07 15:30,313.500000,313.810000,312.510000,312.990000,2150994
2025-08-07 15:45,313.100000,313.100000,313.100000,313.100000,414838
2025-08-07 16:00,312.850000,312.850000,311.520000,312.030000,1971738
2025-08-07 16:15,312.040000,312.640000,311.970000,312.540000,1021263
2025-08-07 16:30,312.540000,312.800000,312.110000,312.610000,436511
2025-08-07 16:45,312.620000,312.700000,312.400000,312.570000,377978
2025-08-07 17:00,312.570000,312.570000,310.340000,311.710000,1562799
2025-08-07 17:15,311.710000,311.990000,311.670000,311.990000,174243
2025-08-07 17:30,311.990000,312.100000,311.590000,311.610000,227786
2025-08-07 17:45,311.610000,311.770000,311.030000,311.090000,556052
2025-08-07 18:00,311.100000,311.530000,310.730000,310.980000,533478
2025-08-07 18:15,310.980000,312.990000,310.940000,312.900000,1703272
2025-08-07 18:30,312.890000,312.900000,312.610000,312.710000,284746
2025-08-07 18:45,312.720000,312.730000,312.590000,312.690000,180583
2025-08-07 19:00,312.700000,312.880000,312.640000,312.830000,157387
2025-08-07 19:15,312.820000,312.840000,312.500000,312.660000,153603
2025-08-07 19:30,312.670000,312.800000,312.340000,312.800000,146054
2025-08-07 19:45,312.800000,312.850000,312.680000,312.840000,120909
2025-08-07 20:00,312.830000,312.850000,312.140000,312.350000,207169
2025-08-07 20:15,312.340000,314.360000,312.330000,313.620000,1080897
2025-08-07 20:30,313.600000,313.870000,312.900000,313.130000,431295
2025-08-07 20:45,313.130000,313.470000,313.110000,313.430000,208688
2025-08-08 03:45,314.680000,314.680000,314.680000,314.680000,20664
2025-08-08 04:00,314.660000,314.660000,313.420000,313.830000,668742
2025-08-08 04:15,313.710000,314.250000,313.420000,313.420000,335240
2025-08-08 04:30,313.420000,313.530000,312.850000,313.170000,329514
2025-08-08 04:45,313.180000,313.190000,312.730000,313.030000,77600
2025-08-08 05:00,313.030000,313.790000,313.000000,313.770000,167437
2025-08-08 05:15,313.770000,314.150000,313.680000,313.850000,255889
2025-08-08 05:30,313.840000,314.130000,313.650000,314.110000,91121
2025-08-08 05:45,314.110000,314.800000,314.100000,314.520000,765658
2025-08-08 06:00,314.510000,314.520000,314.180000,314.180000,338128
2025-08-08 06:15,314.180000,314.820000,314.100000,314.740000,341078
2025-08-08 06:30,314.750000,314.760000,314.500000,314.690000,174520
2025-08-08 06:45,314.690000,314.700000,314.500000,314.590000,169362
2025-08-08 07:00,314.590000,314.620000,313.860000,314.090000,515969
2025-08-08 07:15,314.100000,314.170000,313.530000,313.840000,580047
2025-08-08 07:30,313.820000,313.830000,313.000000,313.010000,821561
2025-08-08 07:45,313.000000,313.420000,313.000000,313.120000,499238
2025-08-08 08:00,313.120000,313.130000,312.630000,312.960000,667971
2025-08-08 08:15,312.950000,313.390000,312.830000,313.100000,539595
2025-08-08 08:30,313.100000,313.270000,313.000000,313.090000,381480
2025-08-08 08:45,313.090000,313.150000,312.640000,313.110000,499358
2025-08-08 09:00,313.120000,313.340000,313.100000,313.200000,403779
2025-08-08 09:15,313.210000,313.350000,313.160000,313.240000,116734
2025-08-08 09:30,313.230000,313.270000,312.690000,312.720000,251668
2025-08-08 09:45,312.730000,313.120000,312.650000,313.080000,265367
2025-08-08 10:00,313.080000,313.080000,312.750000,312.910000,296428
2025-08-08 10:15,312.910000,313.000000,312.600000,312.760000,418377
2025-08-08 10:30,312.740000,313.740000,312.740000,313.400000,710909
2025-08-08 10:45,313.410000,313.690000,313.120000,313.590000,376751
2025-08-08 11:00,313.590000,313.990000,313.100000,313.370000,610619
2025-08-08 11:15,313.350000,313.780000,313.350000,313.450000,216141
2025-08-08 11:30,313.450000,313.960000,313.430000,313.890000,283026
2025-08-08 11:45,313.880000,314.440000,313.780000,314.210000,1004691
2025-08-08 12:00,314.220000,314.450000,313.880000,313.980000,301344
2025-08-08 12:15,313.950000,314.400000,313.830000,314.380000,442841
2025-08-08 12:30,314.380000,314.450000,313.910000,314.000000,289087
2025-08-08 12:45,313.990000,314.180000,313.890000,313.940000,272188
2025-08-08 13:00,313.930000,314.090000,313.910000,313.990000,278574
2025-08-08 13:15,314.010000,314.010000,313.430000,313.660000,403166
2025-08-08 13:30,313.670000,313.700000,313.500000,313.670000,157607
2025-08-08 13:45,313.670000,313.990000,313.660000,313.820000,139483
2025-08-08 14:00,313.830000,315.490000,313.360000,313.830000,3050438
2025-08-08 14:15,313.830000,315.140000,313.710000,314.450000,898819
2025-08-08 14:30,314.450000,314.870000,314.420000,314.650000,431611
2025-08-08 14:45,314.640000,315.970000,314.610000,315.810000,2294963
2025-08-08 15:00,315.810000,316.000000,315.300000,315.660000,1855987
2025-08-08 15:15,315.650000,315.920000,315.250000,315.710000,1001449
2025-08-08 15:30,315.700000,315.850000,315.530000,315.710000,600560
2025-08-08 15:45,316.000000,316.000000,316.000000,316.000000,378352
2025-08-08 16:00,315.680000,316.150000,315.480000,315.920000,809640
2025-08-08 16:15,315.930000,316.050000,315.600000,315.780000,500522
2025-08-08 16:30,315.780000,316.100000,315.600000,315.900000,434160
2025-08-08 16:45,315.890000,315.900000,315.500000,315.730000,347386
2025-08-08 17:00,315.730000,315.980000,315.720000,315.840000,217701
2025-08-08 17:15,315.840000,315.900000,315.670000,315.830000,210195
2025-08-08 17:30,315.830000,315.950000,315.550000,315.750000,385325
2025-08-08 17:45,315.750000,315.760000,315.560000,315.580000,210315
2025-08-08 18:00,315.580000,315.690000,315.570000,315.630000,62486
2025-08-08 18:15,315.630000,315.750000,315.630000,315.670000,131108
2025-08-08 18:30,315.680000,315.950000,315.670000,315.790000,385243
2025-08-08 18:45,315.800000,316.100000,315.780000,316.010000,751314
2025-08-08 19:00,316.010000,316.140000,316.000000,316.140000,208972
2025-08-08 19:15,316.130000,316.150000,316.100000,316.110000,180768
2025-08-08 19:30,316.100000,316.120000,316.020000,316.030000,272354
2025-08-08 19:45,316.030000,316.110000,316.000000,316.090000,146611
2025-08-08 20:00,316.090000,316.600000,316.060000,316.440000,582526
2025-08-08 20:15,316.440000,317.500000,316.440000,317.270000,1635965
2025-08-08 20:30,317.270000,317.720000,316.620000,317.550000,1059595
2025-08-08 20:45,317.530000,317.980000,317.320000,317.970000,436560
2025-08-08 23:00,327.860000,327.860000,319.010000,321.240000,159846
2025-08-08 23:15,321.160000,324.170000,321.000000,323.230000,37283
2025-08-08 23:30,323.250000,323.990000,321.600000,321.600000,61163
2025-08-08 23:45,321.990000,322.010000,321.030000,321.640000,12126
2025-08-09 00:00,321.640000,321.640000,320.930000,321.620000,37975
2025-08-09 00:15,321.620000,321.640000,320.790000,321.520000,8638
2025-08-09 00:30,321.520000,321.520000,320.710000,321.290000,17932
2025-08-09 00:45,320.910000,321.540000,320.750000,321.540000,11663
2025-08-09 01:00,321.270000,321.530000,320.570000,321.190000,8375
2025-08-09 01:15,321.190000,321.440000,320.860000,321.440000,8397
2025-08-09 01:30,321.440000,321.540000,321.010000,321.530000,9389
2025-08-09 01:45,321.060000,321.540000,321.000000,321.000000,6435
2025-08-09 02:00,321.010000,321.600000,321.010000,321.560000,2456
2025-08-09 02:15,321.560000,321.570000,321.000000,321.040000,5812
2025-08-09 02:30,321.530000,321.640000,321.000000,321.510000,15293
2025-08-09 02:45,321.500000,321.580000,321.100000,321.470000,39132
2025-08-09 03:00,321.470000,321.650000,320.710000,321.630000,44240
2025-08-09 03:15,321.630000,321.990000,320.930000,321.670000,23608
2025-08-09 03:30,321.670000,323.000000,321.600000,322.330000,41241
2025-08-09 03:45,322.340000,322.980000,322.340000,322.940000,11523
2025-08-09 04:00,322.940000,323.300000,322.800000,323.000000,49499
2025-08-09 04:15,323.000000,325.000000,323.000000,324.980000,98514
2025-08-09 04:30,324.940000,325.730000,324.200000,325.300000,151743
2025-08-09 04:45,325.300000,325.880000,324.210000,324.280000,44567
2025-08-09 05:00,324.280000,324.600000,323.500000,323.800000,101689
2025-08-09 05:15,323.890000,323.900000,323.210000,323.900000,68619
2025-08-09 05:30,323.880000,324.470000,323.510000,324.020000,24358
2025-08-09 05:45,324.100000,324.500000,323.000000,323.200000,90595
2025-08-09 06:00,323.200000,323.700000,322.510000,323.010000,63434
2025-08-09 06:15,323.200000,323.490000,322.000000,322.000000,87349
2025-08-09 06:30,322.240000,323.400000,321.020000,323.120000,50828
2025-08-09 06:45,322.600000,323.330000,322.250000,322.460000,25834
2025-08-09 07:00,322.460000,322.840000,321.800000,321.800000,60305
2025-08-09 07:15,321.800000,322.700000,320.550000,322.010000,136944
2025-08-09 07:30,322.440000,322.440000,322.010000,322.100000,31546
2025-08-09 07:30,322.440000,322.440000,322.010000,322.100000,31546
2025-08-09 07:45,322.030000,322.420000,321.500000,321.500000,34394
2025-08-09 08:00,321.700000,321.700000,321.000000,321.100000,35131
2025-08-09 08:15,321.100000,321.480000,321.010000,321.100000,27159
2025-08-09 08:30,321.300000,322.170000,321.030000,322.000000,38866
2025-08-09 08:45,322.000000,322.830000,322.000000,322.720000,29522
2025-08-09 09:00,322.510000,322.860000,322.240000,322.730000,63389
2025-08-09 09:15,322.730000,322.730000,321.640000,321.640000,107147
2025-08-09 09:30,321.640000,322.000000,321.060000,321.650000,24764
2025-08-09 09:45,321.310000,322.000000,321.150000,322.000000,38401
2025-08-09 10:00,321.980000,322.180000,321.400000,321.580000,24366
2025-08-09 10:15,321.570000,321.940000,321.070000,321.360000,19483
2025-08-09 10:30,321.360000,321.700000,321.080000,321.700000,11241
2025-08-09 10:45,321.700000,321.920000,321.690000,321.920000,9426
2025-08-09 11:00,321.920000,321.990000,321.400000,321.510000,17182
2025-08-09 11:15,321.510000,322.000000,321.400000,321.920000,24430
2025-08-09 11:30,321.910000,321.920000,321.070000,321.640000,37073
2025-08-09 11:45,321.620000,321.620000,321.010000,321.600000,20347
2025-08-09 12:00,321.600000,321.620000,321.030000,321.470000,7341
2025-08-09 12:15,321.450000,321.450000,321.000000,321.250000,16457
2025-08-09 12:30,321.020000,321.430000,321.000000,321.240000,26794
2025-08-09 12:45,321.200000,321.380000,320.900000,321.270000,50995
2025-08-09 13:00,321.200000,321.420000,320.900000,320.920000,6910
2025-08-09 13:15,321.240000,321.290000,320.920000,320.990000,8470
2025-08-09 13:30,321.000000,321.000000,320.940000,321.000000,12330
2025-08-09 13:45,320.940000,321.000000,320.800000,320.800000,13121
2025-08-09 14:00,320.990000,321.000000,320.800000,320.860000,11081
2025-08-09 14:15,320.860000,321.000000,320.850000,320.900000,5434
2025-08-09 14:30,320.950000,321.000000,320.660000,320.960000,11851
2025-08-09 14:45,320.960000,320.970000,320.550000,320.560000,6580
2025-08-09 15:00,320.570000,320.950000,320.520000,320.940000,7893
2025-08-09 15:15,320.630000,320.950000,320.500000,320.510000,7978
2025-08-09 15:30,320.510000,320.600000,320.250000,320.360000,6148
2025-08-09 15:45,320.560000,320.570000,320.010000,320.050000,36253
2025-08-09 16:00,320.050000,320.570000,319.720000,320.560000,16972
2025-08-09 16:15,320.560000,320.570000,320.260000,320.500000,2527
2025-08-09 16:30,320.500000,320.500000,320.260000,320.490000,4789
2025-08-09 16:45,320.490000,320.490000,320.050000,320.430000,13450
2025-08-09 17:00,320.430000,320.430000,320.200000,320.420000,7680
2025-08-09 17:15,320.210000,320.430000,320.200000,320.410000,9425
2025-08-09 17:30,320.210000,320.420000,320.200000,320.370000,3195
2025-08-09 17:45,320.370000,320.370000,320.200000,320.340000,12904
2025-08-09 18:00,320.340000,320.360000,320.200000,320.230000,2298
2025-08-09 18:15,320.230000,320.360000,320.210000,320.210000,9736
2025-08-09 18:30,320.220000,320.500000,320.210000,320.500000,5443
2025-08-09 18:45,320.500000,320.560000,320.200000,320.210000,6780
2025-08-09 19:00,320.540000,320.560000,320.200000,320.550000,1520
2025-08-09 19:15,320.550000,320.560000,320.230000,320.550000,8575
2025-08-09 19:30,320.550000,320.560000,320.230000,320.500000,11366
2025-08-09 19:45,320.560000,320.890000,320.500000,320.510000,2725
2025-08-09 20:00,320.510000,320.850000,320.240000,320.450000,4613
2025-08-09 20:15,320.500000,320.700000,320.400000,320.700000,2702
2025-08-09 20:30,320.690000,320.870000,320.400000,320.400000,10024
2025-08-09 20:45,320.840000,320.860000,320.400000,320.860000,3807
2025-08-09 23:00,319.640000,322.250000,319.630000,321.470000,1330
2025-08-09 23:15,321.450000,321.480000,320.960000,320.960000,1531
2025-08-09 23:30,321.460000,321.480000,320.950000,321.000000,751
2025-08-09 23:45,321.020000,321.440000,320.980000,321.430000,140
2025-08-10 00:00,321.000000,321.440000,320.980000,321.000000,195
2025-08-10 00:15,321.400000,321.400000,320.950000,321.390000,317
2025-08-10 00:30,321.380000,321.400000,320.950000,320.950000,1642
2025-08-10 00:45,321.000000,321.380000,320.030000,321.250000,3691
2025-08-10 01:00,320.470000,321.240000,320.210000,320.220000,353
2025-08-10 01:15,321.030000,321.030000,320.190000,320.190000,1356
2025-08-10 01:30,320.720000,320.750000,320.030000,320.700000,1434
2025-08-10 01:45,320.710000,320.750000,320.040000,320.740000,166
2025-08-10 02:00,320.740000,320.740000,320.220000,320.250000,124
2025-08-10 02:15,320.690000,320.690000,320.050000,320.060000,483
2025-08-10 02:30,320.060000,321.370000,320.060000,320.950000,2560
2025-08-10 02:45,320.950000,320.950000,320.150000,320.180000,1033
2025-08-10 03:00,320.510000,321.370000,320.170000,321.350000,1820
2025-08-10 03:15,320.410000,321.350000,320.410000,321.240000,607
2025-08-10 03:30,321.240000,321.240000,320.610000,320.800000,1035
2025-08-10 03:45,321.190000,321.200000,320.840000,321.190000,393
2025-08-10 04:00,321.150000,321.200000,320.870000,320.880000,2021
2025-08-10 04:15,320.880000,320.880000,320.870000,320.870000,2835
2025-08-10 04:30,320.870000,320.900000,320.870000,320.870000,3120
2025-08-10 04:45,320.900000,321.000000,320.870000,320.990000,1337
2025-08-10 05:00,320.990000,321.000000,320.870000,320.880000,593
2025-08-10 05:15,320.990000,320.990000,320.870000,320.990000,2718
2025-08-10 05:30,320.990000,320.990000,320.870000,320.970000,1411
2025-08-10 05:45,320.880000,320.980000,320.880000,320.970000,1686
2025-08-10 06:00,320.970000,320.980000,320.870000,320.870000,6397
2025-08-10 06:15,320.970000,321.150000,320.870000,321.140000,17101
2025-08-10 06:30,321.140000,321.460000,320.900000,320.980000,20948
2025-08-10 06:45,321.320000,321.330000,320.870000,320.900000,3514
2025-08-10 07:00,320.900000,321.150000,320.870000,321.140000,6479
2025-08-10 07:15,320.920000,321.140000,320.880000,321.000000,2165
2025-08-10 07:30,321.120000,321.140000,320.870000,321.140000,9892
2025-08-10 07:45,321.140000,321.300000,321.000000,321.010000,4487
2025-08-10 08:00,321.290000,321.290000,320.890000,321.190000,3912
2025-08-10 08:15,321.000000,321.190000,320.880000,320.900000,2427
2025-08-10 08:30,320.880000,321.150000,320.880000,321.090000,3868
2025-08-10 08:45,321.090000,321.100000,320.870000,320.930000,3420
2025-08-10 09:00,320.880000,321.290000,320.870000,320.880000,8285
2025-08-10 09:15,321.000000,321.290000,320.870000,320.900000,5129
2025-08-10 09:30,321.250000,321.260000,320.900000,321.120000,3131
2025-08-10 09:45,320.930000,321.290000,320.900000,321.020000,8355
2025-08-10 10:00,321.270000,321.270000,320.900000,321.240000,2458
2025-08-10 10:15,321.240000,321.240000,320.870000,321.200000,11805
2025-08-10 10:30,321.190000,321.200000,320.880000,321.190000,2626
2025-08-10 10:45,320.900000,321.240000,320.880000,321.240000,1873
2025-08-10 11:00,320.910000,321.240000,320.880000,321.190000,2532
2025-08-10 11:15,321.190000,321.210000,320.880000,321.200000,1354
2025-08-10 11:30,321.200000,321.220000,320.890000,321.220000,2021
2025-08-10 11:45,321.220000,321.240000,320.580000,320.580000,14729
2025-08-10 12:00,320.580000,321.250000,320.520000,320.650000,12898
2025-08-10 12:15,321.190000,321.230000,320.660000,321.200000,2985
2025-08-10 12:30,321.230000,321.230000,320.700000,321.160000,3536
2025-08-10 12:45,321.150000,321.150000,320.720000,321.100000,2309
2025-08-10 13:00,321.100000,321.150000,320.740000,321.150000,8222
2025-08-10 13:15,321.150000,321.150000,321.000000,321.140000,2514
2025-08-10 13:30,321.140000,321.210000,321.000000,321.180000,10393
2025-08-10 13:45,321.000000,321.180000,320.700000,321.000000,7436
2025-08-10 14:00,321.000000,321.130000,320.710000,320.720000,2537
2025-08-10 14:15,320.990000,320.990000,320.610000,320.620000,4681
2025-08-10 14:30,320.900000,321.000000,320.610000,321.000000,14750
2025-08-10 14:45,321.000000,321.250000,320.650000,321.220000,28662
2025-08-10 15:00,321.220000,321.270000,320.700000,321.230000,63744
2025-08-10 15:15,320.760000,321.290000,320.760000,321.000000,5353
2025-08-10 15:30,321.000000,321.270000,320.750000,320.850000,8519
2025-08-10 15:45,321.190000,321.220000,320.850000,321.150000,1395
2025-08-10 16:00,320.900000,321.270000,320.850000,321.190000,10785
2025-08-10 16:15,321.190000,321.270000,321.150000,321.270000,6464
2025-08-10 16:30,321.270000,321.290000,320.720000,320.840000,8611
2025-08-10 16:45,320.860000,321.450000,320.820000,321.440000,33846
2025-08-10 17:00,321.440000,321.460000,321.100000,321.430000,3969
2025-08-10 17:15,321.430000,321.490000,321.130000,321.490000,7027
2025-08-10 17:30,321.490000,321.600000,321.190000,321.220000,32150
2025-08-10 17:45,321.580000,321.590000,321.230000,321.590000,2731
2025-08-10 18:00,321.590000,321.830000,321.280000,321.830000,9231
2025-08-10 18:15,321.830000,322.000000,321.290000,321.380000,14044
2025-08-10 18:30,321.990000,322.000000,321.380000,321.990000,3811
2025-08-10 18:45,321.990000,322.410000,321.660000,322.060000,28792
2025-08-10 19:00,322.400000,322.410000,321.490000,321.500000,4492
2025-08-10 19:15,321.500000,322.160000,321.500000,322.000000,3651
2025-08-10 19:30,322.010000,322.340000,322.000000,322.040000,7844
2025-08-10 19:45,322.050000,322.330000,322.000000,322.190000,13107
2025-08-10 20:00,322.190000,322.190000,322.000000,322.150000,3336
2025-08-10 20:15,322.180000,322.200000,322.150000,322.200000,9268
2025-08-10 20:30,322.200000,322.200000,321.840000,322.000000,9714
2025-08-10 20:45,322.000000,322.000000,321.680000,321.720000,1633
2025-08-11 03:45,321.720000,321.720000,321.720000,321.720000,223179
2025-08-11 04:00,321.750000,321.760000,318.100000,320.980000,2332363
2025-08-11 04:15,320.980000,322.500000,320.980000,322.290000,1097845
2025-08-11 04:30,322.220000,322.900000,321.800000,322.720000,1094358
2025-08-11 04:45,322.720000,322.790000,322.300000,322.650000,897884
2025-08-11 05:00,322.650000,322.660000,321.600000,321.980000,963301
2025-08-11 05:15,321.970000,322.400000,321.560000,321.960000,928297
2025-08-11 05:30,321.960000,322.000000,321.610000,321.900000,437978
2025-08-11 05:45,321.890000,321.900000,321.410000,321.640000,833090
2025-08-11 06:00,321.600000,321.610000,320.500000,320.560000,1863226
2025-08-11 06:15,320.570000,321.000000,320.570000,320.710000,765950
2025-08-11 06:30,320.700000,321.180000,320.700000,321.090000,656650
2025-08-11 06:45,321.090000,321.190000,320.800000,320.910000,575348
2025-08-11 07:00,320.910000,321.250000,319.250000,319.420000,2074439
2025-08-11 07:15,319.430000,319.880000,319.210000,319.790000,1676258
2025-08-11 07:30,319.790000,320.390000,319.450000,319.460000,1146910
2025-08-11 07:45,319.450000,319.660000,318.650000,318.850000,1104195
2025-08-11 08:00,318.850000,319.500000,318.790000,319.440000,768406
2025-08-11 08:15,319.440000,319.500000,318.830000,319.010000,941688
2025-08-11 08:30,319.040000,319.500000,319.000000,319.460000,815322
2025-08-11 08:45,319.460000,320.100000,319.370000,320.000000,928129
2025-08-11 09:00,320.010000,320.010000,319.220000,319.250000,611063
2025-08-11 09:15,319.250000,319.570000,319.150000,319.310000,393765
2025-08-11 09:30,319.290000,319.340000,319.000000,319.000000,576806
2025-08-11 09:45,319.000000,319.130000,318.800000,318.940000,651571
2025-08-11 10:00,318.950000,319.050000,318.340000,318.750000,1051980
2025-08-11 10:15,318.750000,319.040000,318.740000,319.040000,305729
2025-08-11 10:30,319.030000,319.230000,318.880000,318.990000,446982
2025-08-11 10:45,318.990000,319.100000,318.710000,318.870000,344022
2025-08-11 11:00,318.840000,319.500000,318.700000,319.450000,467146
2025-08-11 11:15,319.450000,319.900000,319.380000,319.690000,429638
2025-08-11 11:30,319.690000,319.790000,319.130000,319.140000,340942
2025-08-11 11:45,319.140000,319.200000,318.880000,318.960000,544557
2025-08-11 12:00,318.920000,319.000000,318.400000,318.490000,498429
2025-08-11 12:15,318.500000,318.790000,318.400000,318.740000,280313
2025-08-11 12:30,318.790000,318.830000,318.500000,318.550000,205318
2025-08-11 12:45,318.550000,318.630000,318.000000,318.070000,890388
2025-08-11 13:00,318.050000,318.070000,317.600000,317.890000,884022
2025-08-11 13:15,317.860000,318.050000,317.820000,318.050000,528663
2025-08-11 13:30,318.030000,318.050000,317.700000,317.850000,380586
2025-08-11 13:45,317.850000,318.510000,317.770000,318.360000,285198
2025-08-11 14:00,318.360000,319.200000,318.190000,319.160000,683781
2025-08-11 14:15,319.160000,319.190000,318.670000,318.700000,344652
2025-08-11 14:30,318.710000,318.710000,318.000000,318.030000,504968
2025-08-11 14:45,318.030000,319.190000,317.830000,318.450000,721632
2025-08-11 15:00,318.470000,319.100000,318.400000,319.050000,561595
2025-08-11 15:15,319.050000,319.350000,318.780000,319.330000,562348
2025-08-11 15:30,319.340000,319.500000,317.760000,317.900000,1344224
2025-08-11 15:45,317.980000,317.980000,317.980000,317.980000,313542
2025-08-11 16:00,317.980000,318.900000,317.900000,317.980000,790606
2025-08-11 16:15,317.970000,318.200000,317.170000,317.250000,1290378
2025-08-11 16:30,317.250000,317.780000,317.200000,317.780000,393882
2025-08-11 16:45,317.780000,317.780000,317.140000,317.290000,334686
2025-08-11 17:00,317.280000,317.760000,317.240000,317.680000,211384
2025-08-11 17:15,317.680000,318.350000,317.680000,318.080000,446071
2025-08-11 17:30,318.070000,318.150000,317.870000,317.870000,46436
2025-08-11 17:45,317.880000,317.880000,317.500000,317.540000,183197
2025-08-11 18:00,317.580000,317.740000,317.510000,317.510000,52743
2025-08-11 18:15,317.510000,317.520000,317.230000,317.290000,136538
2025-08-11 18:30,317.290000,317.660000,317.220000,317.490000,142204
2025-08-11 18:45,317.490000,317.600000,317.050000,317.310000,390740
2025-08-11 19:00,317.320000,317.520000,317.180000,317.510000,106583
2025-08-11 19:15,317.510000,317.530000,317.400000,317.490000,76044
2025-08-11 19:30,317.500000,317.530000,317.400000,317.530000,47911
2025-08-11 19:45,317.510000,317.920000,317.510000,317.720000,266065
2025-08-11 20:00,317.720000,317.730000,317.590000,317.730000,58207
2025-08-11 20:15,317.730000,317.850000,317.660000,317.700000,74009
2025-08-11 20:30,317.710000,317.810000,317.600000,317.810000,70546
2025-08-11 20:45,317.810000,317.850000,317.750000,317.820000,40059
2025-08-12 03:45,318.170000,318.170000,318.170000,318.170000,1774
2025-08-12 04:00,318.160000,318.490000,317.820000,318.350000,222024
2025-08-12 04:15,318.350000,318.380000,317.180000,317.260000,170879
2025-08-12 04:30,317.280000,317.400000,316.600000,317.050000,405796
2025-08-12 04:45,317.090000,317.530000,316.810000,316.810000,176741
2025-08-12 05:00,316.820000,317.350000,316.720000,317.100000,212873
2025-08-12 05:15,317.110000,317.110000,316.610000,316.860000,252983
2025-08-12 05:30,316.860000,317.280000,316.740000,317.100000,101574
2025-08-12 05:45,317.100000,317.410000,316.960000,317.280000,91549
2025-08-12 06:00,317.280000,318.000000,317.280000,318.000000,233942
2025-08-12 06:15,317.960000,318.000000,317.580000,317.930000,108752
2025-08-12 06:30,317.940000,317.950000,317.720000,317.780000,205280
2025-08-12 06:45,317.780000,317.800000,317.650000,317.770000,101490
2025-08-12 07:00,317.770000,318.000000,317.000000,317.190000,560026
2025-08-12 07:15,317.190000,318.380000,317.150000,318.300000,548656
2025-08-12 07:30,318.290000,318.770000,318.090000,318.260000,721678
2025-08-12 07:45,318.250000,318.330000,317.930000,318.020000,309638
2025-08-12 08:00,318.020000,318.310000,317.420000,317.670000,513674
2025-08-12 08:15,317.670000,318.200000,317.210000,317.940000,961799
2025-08-12 08:30,317.940000,317.960000,317.410000,317.750000,399351
2025-08-12 08:45,317.760000,318.000000,317.760000,317.920000,143647
2025-08-12 09:00,317.910000,318.000000,317.700000,317.870000,267986
2025-08-12 09:15,317.870000,318.100000,317.850000,318.100000,159056
2025-08-12 09:30,318.100000,318.180000,317.920000,317.940000,157923
2025-08-12 09:45,317.960000,318.230000,317.950000,318.180000,126288
2025-08-12 10:00,318.170000,318.280000,318.130000,318.260000,119466
2025-08-12 10:15,318.260000,318.280000,317.990000,318.000000,225213
2025-08-12 10:30,318.000000,318.000000,317.900000,317.910000,244886
2025-08-12 10:45,317.910000,317.910000,317.750000,317.770000,1014521
2025-08-12 11:00,317.770000,317.790000,317.240000,317.440000,740178
2025-08-12 11:15,317.430000,317.660000,317.270000,317.500000,336940
2025-08-12 11:30,317.500000,317.710000,317.380000,317.450000,231221
2025-08-12 11:45,317.460000,317.690000,317.310000,317.630000,266485
2025-08-12 12:00,317.630000,317.670000,317.630000,317.640000,89807
2025-08-12 12:15,317.640000,317.650000,317.400000,317.400000,338086
2025-08-12 12:30,317.410000,317.480000,317.310000,317.390000,311157
2025-08-12 12:45,317.350000,317.450000,317.320000,317.340000,183612
2025-08-12 13:00,317.340000,317.450000,317.320000,317.410000,186686
2025-08-12 13:15,317.410000,317.450000,317.300000,317.380000,427288
2025-08-12 13:30,317.350000,318.000000,317.350000,317.880000,839834
2025-08-12 13:45,317.890000,317.940000,317.620000,317.780000,191853
2025-08-12 14:00,317.780000,317.950000,317.660000,317.870000,381255
2025-08-12 14:15,317.870000,318.320000,317.720000,318.310000,758690
2025-08-12 14:30,318.320000,318.400000,317.870000,318.210000,838167
2025-08-12 14:45,318.210000,318.500000,318.190000,318.340000,606346
2025-08-12 15:00,318.340000,318.630000,318.340000,318.550000,500919
2025-08-12 15:15,318.550000,318.990000,318.460000,318.850000,637065
2025-08-12 15:30,318.840000,318.900000,318.250000,318.420000,245472
2025-08-12 15:45,318.850000,318.850000,318.850000,318.850000,83637
2025-08-12 16:00,318.850000,318.850000,318.460000,318.550000,152240
2025-08-12 16:15,318.520000,318.590000,318.400000,318.520000,69062
2025-08-12 16:30,318.530000,318.700000,318.500000,318.660000,95412
2025-08-12 16:45,318.650000,318.700000,318.500000,318.540000,133879
2025-08-12 17:00,318.550000,318.570000,318.000000,318.450000,325615
2025-08-12 17:15,318.460000,318.670000,318.170000,318.300000,61160
2025-08-12 17:30,318.340000,318.430000,318.300000,318.430000,42334
2025-08-12 17:45,318.430000,318.600000,318.410000,318.460000,55225
2025-08-12 18:00,318.460000,318.550000,318.330000,318.330000,55974
2025-08-12 18:15,318.320000,318.400000,318.280000,318.290000,71190
2025-08-12 18:30,318.280000,318.490000,318.280000,318.440000,61150
2025-08-12 18:45,318.440000,318.440000,318.160000,318.190000,111051
2025-08-12 19:00,318.200000,318.270000,318.190000,318.250000,37217
2025-08-12 19:15,318.260000,318.260000,318.100000,318.100000,55874
2025-08-12 19:30,318.100000,318.180000,318.000000,318.090000,142257
2025-08-12 19:45,318.080000,318.140000,318.000000,318.070000,35820
2025-08-12 20:00,318.070000,318.100000,317.950000,318.080000,52479
2025-08-12 20:15,318.080000,318.100000,317.910000,318.100000,38550
2025-08-12 20:30,318.100000,318.130000,317.720000,317.950000,180369
2025-08-12 20:45,317.930000,318.050000,317.750000,318.000000,34556
2025-08-13 03:45,318.000000,318.000000,318.000000,318.000000,2564
2025-08-13 04:00,318.320000,318.740000,318.010000,318.240000,282445
2025-08-13 04:15,318.240000,318.480000,318.000000,318.370000,87292
2025-08-13 04:30,318.370000,318.450000,318.270000,318.340000,36851
2025-08-13 04:45,318.350000,318.700000,318.340000,318.660000,82601
2025-08-13 05:00,318.620000,318.650000,318.350000,318.490000,45154
2025-08-13 05:15,318.490000,318.490000,318.300000,318.320000,29908
2025-08-13 05:30,318.360000,318.390000,318.250000,318.300000,32096
2025-08-13 05:45,318.300000,318.500000,318.300000,318.480000,23418
2025-08-13 06:00,318.480000,318.600000,318.400000,318.600000,92562
2025-08-13 06:15,318.590000,319.440000,318.590000,319.390000,668948
2025-08-13 06:30,319.390000,319.500000,319.320000,319.490000,463665
2025-08-13 06:45,319.490000,319.700000,319.210000,319.240000,526669
2025-08-13 07:00,319.200000,319.400000,318.820000,318.980000,638753
2025-08-13 07:15,318.980000,319.400000,318.890000,319.390000,323223
2025-08-13 07:30,319.390000,319.390000,318.830000,318.910000,383639
2025-08-13 07:45,318.910000,319.100000,318.550000,318.550000,517337
2025-08-13 08:00,318.550000,318.860000,318.000000,318.150000,715315
2025-08-13 08:15,318.150000,318.150000,317.860000,317.870000,540605
2025-08-13 08:30,317.870000,317.960000,317.600000,317.890000,543708
2025-08-13 08:45,317.880000,318.000000,317.700000,318.000000,275880
2025-08-13 09:00,318.000000,318.200000,317.700000,318.200000,271258
2025-08-13 09:15,318.200000,318.500000,317.930000,318.350000,316362
2025-08-13 09:30,318.360000,318.480000,318.000000,318.450000,311702
2025-08-13 09:45,318.480000,318.500000,318.160000,318.200000,353352
2025-08-13 10:00,318.200000,318.210000,317.710000,317.870000,588874
2025-08-13 10:15,317.870000,318.000000,317.800000,317.870000,247533
2025-08-13 10:30,317.870000,317.960000,317.810000,317.850000,132778
2025-08-13 10:45,317.860000,317.950000,317.810000,317.840000,206235
2025-08-13 11:00,317.840000,317.860000,317.710000,317.750000,402559
2025-08-13 11:15,317.750000,318.000000,317.700000,317.980000,317912
2025-08-13 11:30,317.980000,317.990000,317.850000,317.890000,206717
2025-08-13 11:45,317.880000,317.890000,317.050000,317.210000,1118107
2025-08-13 12:00,317.210000,317.660000,317.120000,317.660000,441592
2025-08-13 12:15,317.650000,318.000000,317.450000,318.000000,304222
2025-08-13 12:30,317.990000,318.190000,317.790000,318.160000,731241
2025-08-13 12:45,318.160000,318.180000,317.820000,317.850000,188934
2025-08-13 13:00,317.850000,318.000000,317.710000,317.780000,192547
2025-08-13 13:15,317.780000,318.010000,317.680000,317.830000,282594
2025-08-13 13:30,317.830000,318.000000,317.500000,317.710000,422200
2025-08-13 13:45,317.710000,318.400000,317.610000,317.890000,529967
2025-08-13 14:00,317.890000,318.340000,317.550000,318.100000,648812
2025-08-13 14:15,318.100000,318.750000,317.790000,318.300000,878618
2025-08-13 14:30,318.300000,318.610000,318.170000,318.610000,600962
2025-08-13 14:45,318.610000,319.040000,318.280000,319.000000,1033421
2025-08-13 15:00,318.990000,319.200000,318.920000,319.170000,537320
2025-08-13 15:15,319.170000,319.400000,319.170000,319.270000,844975
2025-08-13 15:30,319.270000,319.280000,318.990000,319.110000,235440
2025-08-13 15:45,319.100000,319.100000,319.100000,319.100000,11748
2025-08-13 16:00,319.110000,319.200000,319.000000,319.190000,127461
2025-08-13 16:15,319.210000,319.300000,318.580000,318.650000,376609
2025-08-13 16:30,318.630000,318.860000,318.340000,318.850000,381903
2025-08-13 16:45,318.850000,318.850000,318.330000,318.410000,121647
2025-08-13 17:00,318.410000,318.420000,317.770000,318.160000,381814
2025-08-13 17:15,318.170000,318.260000,318.050000,318.240000,76490
2025-08-13 17:30,318.240000,318.400000,318.230000,318.300000,65044
2025-08-13 17:45,318.300000,318.300000,318.150000,318.230000,13053
2025-08-13 18:00,318.220000,318.230000,318.030000,318.050000,66351
2025-08-13 18:15,318.050000,318.250000,318.040000,318.130000,55361
2025-08-13 18:30,318.130000,318.450000,318.130000,318.360000,62079
2025-08-13 18:45,318.360000,318.360000,318.250000,318.260000,19958
2025-08-13 19:00,318.260000,318.300000,318.230000,318.240000,16206
2025-08-13 19:15,318.230000,318.240000,318.000000,318.020000,68582
2025-08-13 19:30,318.020000,318.080000,318.000000,318.020000,38667
2025-08-13 19:45,318.030000,318.080000,318.000000,318.080000,32969
2025-08-13 20:00,318.080000,318.090000,317.940000,317.950000,97792
2025-08-13 20:15,317.960000,317.960000,317.450000,317.550000,291048
2025-08-13 20:30,317.530000,317.550000,317.450000,317.450000,114011
2025-08-13 20:45,317.480000,317.530000,317.450000,317.510000,50236
2025-08-14 03:45,317.600000,317.600000,317.600000,317.600000,890
2025-08-14 04:00,317.620000,318.000000,317.400000,317.990000,152682
2025-08-14 04:15,317.960000,318.290000,317.800000,317.900000,69830
2025-08-14 04:30,317.900000,317.900000,317.550000,317.880000,62322
2025-08-14 04:45,317.880000,317.990000,317.620000,317.760000,38361
2025-08-14 05:00,317.760000,318.000000,317.760000,318.000000,24410
2025-08-14 05:15,318.000000,318.020000,317.810000,318.000000,102798
2025-08-14 05:30,318.000000,318.000000,317.700000,317.800000,36512
2025-08-14 05:45,317.780000,317.980000,317.750000,317.970000,16342
2025-08-14 06:00,317.970000,318.210000,317.400000,317.640000,216869
2025-08-14 06:15,317.680000,317.890000,317.620000,317.690000,86510
2025-08-14 06:30,317.620000,317.630000,317.100000,317.100000,172419
2025-08-14 06:45,317.110000,317.180000,316.650000,317.180000,634917
2025-08-14 07:00,317.180000,317.190000,315.900000,316.080000,1595496
2025-08-14 07:15,316.090000,316.090000,315.650000,316.040000,861878
2025-08-14 07:30,316.030000,316.390000,315.620000,316.020000,799178
2025-08-14 07:45,316.020000,316.220000,315.900000,316.180000,313479
2025-08-14 08:00,316.180000,316.250000,316.010000,316.240000,282144
2025-08-14 08:15,316.220000,316.510000,315.800000,315.880000,801368
2025-08-14 08:30,315.880000,315.910000,315.300000,315.600000,1016219
2025-08-14 08:45,315.610000,315.730000,315.030000,315.090000,1326921
2025-08-14 09:00,315.090000,315.720000,314.810000,315.340000,1224191
2025-08-14 09:15,315.380000,316.100000,315.370000,315.950000,717897
2025-08-14 09:30,315.980000,316.550000,315.930000,316.540000,523324
2025-08-14 09:45,316.550000,316.660000,316.080000,316.610000,388082
2025-08-14 10:00,316.620000,317.200000,316.390000,317.200000,605669
2025-08-14 10:15,317.200000,317.250000,316.970000,317.050000,564902
2025-08-14 10:30,317.050000,317.220000,316.780000,317.200000,451601
2025-08-14 10:45,317.200000,317.580000,317.090000,317.530000,578803
2025-08-14 11:00,317.570000,317.570000,317.170000,317.420000,154298
2025-08-14 11:15,317.420000,317.450000,317.370000,317.410000,202873
2025-08-14 11:30,317.410000,317.490000,316.830000,317.490000,508445
2025-08-14 11:45,317.490000,317.960000,317.480000,317.840000,622728
2025-08-14 12:00,317.830000,318.900000,317.830000,318.480000,1327742
2025-08-14 12:15,318.470000,318.640000,318.180000,318.190000,484709
2025-08-14 12:30,318.200000,318.450000,318.020000,318.420000,437654
2025-08-14 12:45,318.420000,318.900000,318.280000,318.860000,702021
2025-08-14 13:00,318.860000,318.940000,318.570000,318.720000,441062
2025-08-14 13:15,318.710000,318.950000,318.650000,318.650000,472226
2025-08-14 13:30,318.660000,318.790000,318.340000,318.750000,417522
2025-08-14 13:45,318.740000,318.970000,318.540000,318.840000,989581
2025-08-14 14:00,318.840000,318.970000,318.210000,318.870000,1035106
2025-08-14 14:15,318.860000,318.880000,318.220000,318.840000,567262
2025-08-14 14:30,318.830000,318.900000,318.650000,318.900000,404422
2025-08-14 14:45,318.890000,318.920000,318.700000,318.750000,267611
2025-08-14 15:00,318.760000,318.760000,318.560000,318.590000,196126
2025-08-14 15:15,318.600000,318.600000,318.380000,318.500000,208024
2025-08-14 15:30,318.490000,318.610000,318.450000,318.510000,286711
2025-08-14 15:45,318.610000,318.610000,318.610000,318.610000,71388
2025-08-14 16:00,318.610000,318.620000,318.270000,318.520000,148580
2025-08-14 16:15,318.520000,318.720000,318.260000,318.320000,251958
2025-08-14 16:30,318.330000,318.660000,318.220000,318.420000,174615
2025-08-14 16:45,318.430000,318.500000,318.360000,318.450000,36581
2025-08-14 17:00,318.450000,318.460000,318.330000,318.390000,64693
2025-08-14 17:15,318.400000,318.450000,318.380000,318.450000,69799
2025-08-14 17:30,318.450000,318.920000,318.420000,318.740000,293712
2025-08-14 17:45,318.720000,318.730000,318.440000,318.670000,165384
2025-08-14 18:00,318.660000,318.900000,318.650000,318.830000,107740
2025-08-14 18:15,318.790000,318.980000,318.790000,318.920000,299661
2025-08-14 18:30,318.930000,318.960000,318.740000,318.960000,108239
2025-08-14 18:45,318.950000,319.200000,318.930000,319.020000,548294
2025-08-14 19:00,319.030000,319.200000,318.900000,319.100000,173879
2025-08-14 19:15,319.090000,319.110000,318.890000,318.890000,88420
2025-08-14 19:30,318.900000,319.000000,318.820000,318.820000,61578
2025-08-14 19:45,318.810000,318.820000,318.530000,318.550000,89580
2025-08-14 20:00,318.560000,318.600000,318.420000,318.600000,129799
2025-08-14 20:15,318.590000,318.690000,318.560000,318.660000,33093
2025-08-14 20:30,318.670000,318.770000,318.550000,318.620000,92893
2025-08-14 20:45,318.670000,318.780000,318.610000,318.730000,57253
2025-08-15 03:45,318.900000,318.900000,318.900000,318.900000,2185
2025-08-15 04:00,318.890000,319.830000,318.750000,319.480000,574866
2025-08-15 04:15,319.480000,319.480000,319.160000,319.300000,105848
2025-08-15 04:30,319.300000,319.610000,319.070000,319.300000,129261
2025-08-15 04:45,319.340000,319.340000,318.980000,318.980000,164558
2025-08-15 05:00,318.990000,318.990000,318.520000,318.790000,92431
2025-08-15 05:15,318.790000,318.960000,318.780000,318.910000,135904
2025-08-15 05:30,318.900000,319.060000,318.810000,319.040000,54731
2025-08-15 05:45,319.040000,319.530000,319.000000,319.010000,174731
2025-08-15 06:00,319.010000,319.010000,318.810000,318.900000,158118
2025-08-15 06:15,318.920000,318.920000,318.710000,318.750000,118148
2025-08-15 06:30,318.750000,318.880000,318.700000,318.880000,51260
2025-08-15 06:45,318.880000,319.100000,318.870000,318.930000,166654
2025-08-15 07:00,318.930000,319.000000,318.620000,318.740000,655175
2025-08-15 07:15,318.750000,318.760000,318.620000,318.700000,392170
2025-08-15 07:30,318.710000,318.900000,318.620000,318.760000,478999
2025-08-15 07:45,318.760000,318.780000,318.450000,318.610000,487767
2025-08-15 08:00,318.600000,318.660000,318.480000,318.490000,285395
2025-08-15 08:15,318.500000,318.640000,318.460000,318.610000,209864
2025-08-15 08:30,318.610000,318.890000,318.480000,318.830000,292021
2025-08-15 08:45,318.830000,319.260000,318.830000,319.060000,599367
2025-08-15 09:00,319.060000,319.150000,318.940000,319.010000,323008
2025-08-15 09:15,319.010000,319.140000,318.880000,319.060000,214900
2025-08-15 09:30,319.060000,319.470000,319.020000,319.250000,513459
2025-08-15 09:45,319.250000,319.260000,318.940000,318.980000,225097
2025-08-15 10:00,318.970000,319.200000,318.720000,319.200000,561478
2025-08-15 10:15,319.200000,319.580000,318.840000,319.430000,818854
2025-08-15 10:30,319.430000,319.590000,319.350000,319.580000,457583
2025-08-15 10:45,319.590000,319.640000,319.410000,319.530000,277995
2025-08-15 11:00,319.530000,320.000000,319.520000,319.840000,763548
2025-08-15 11:15,319.840000,319.990000,319.700000,319.900000,512961
2025-08-15 11:30,319.900000,319.900000,319.550000,319.890000,562036
2025-08-15 11:45,319.890000,320.400000,319.720000,320.370000,877761
2025-08-15 12:00,320.360000,320.400000,319.790000,319.990000,699788
2025-08-15 12:15,319.980000,320.000000,319.150000,319.420000,615813
2025-08-15 12:30,319.430000,319.750000,319.420000,319.720000,291182
2025-08-15 12:45,319.720000,319.940000,319.640000,319.930000,334971
2025-08-15 13:00,319.930000,320.070000,319.880000,320.010000,679535
2025-08-15 13:15,320.030000,320.030000,319.450000,319.750000,404491
2025-08-15 13:30,319.770000,319.900000,319.500000,319.510000,456480
2025-08-15 13:45,319.500000,319.890000,319.500000,319.760000,260977
2025-08-15 14:00,319.760000,320.180000,319.760000,320.000000,1002518
2025-08-15 14:15,320.000000,320.200000,319.960000,320.040000,588905
2025-08-15 14:30,320.040000,320.060000,320.000000,320.020000,383435
2025-08-15 14:45,320.030000,320.150000,319.970000,320.140000,290161
2025-08-15 15:00,320.140000,320.230000,319.970000,320.100000,828626
2025-08-15 15:15,320.100000,320.150000,319.600000,319.630000,403208
2025-08-15 15:30,319.620000,319.970000,319.600000,319.970000,333533
2025-08-15 15:45,319.990000,319.990000,319.990000,319.990000,38789
2025-08-15 16:00,319.910000,320.200000,319.700000,320.130000,416071
2025-08-15 16:15,320.150000,320.320000,320.100000,320.170000,393772
2025-08-15 16:30,320.160000,320.400000,320.110000,320.400000,181792
2025-08-15 16:45,320.390000,320.500000,320.300000,320.310000,430662
2025-08-15 17:00,320.300000,320.390000,319.500000,319.520000,1008315
2025-08-15 17:15,319.530000,319.870000,319.510000,319.700000,295444
2025-08-15 17:30,319.700000,319.860000,319.590000,319.820000,140247
2025-08-15 17:45,319.820000,320.110000,319.490000,319.990000,587938
2025-08-15 18:00,319.990000,320.170000,319.880000,320.070000,164271
2025-08-15 18:15,320.070000,320.160000,320.000000,320.070000,160899
2025-08-15 18:30,320.070000,320.390000,320.030000,320.270000,353522
2025-08-15 18:45,320.280000,320.380000,320.100000,320.190000,161021
2025-08-15 19:00,320.190000,320.300000,320.030000,320.160000,261633
2025-08-15 19:15,320.130000,320.350000,319.880000,320.300000,358453
2025-08-15 19:30,320.300000,320.350000,319.200000,319.380000,454223
2025-08-15 19:45,319.380000,319.770000,319.300000,319.650000,269890
2025-08-15 20:00,319.640000,319.650000,319.070000,319.150000,240082
2025-08-15 20:15,319.150000,319.380000,318.600000,319.250000,593590
2025-08-15 20:30,319.250000,319.640000,319.000000,319.150000,378668
2025-08-15 20:45,319.140000,319.400000,319.010000,319.400000,170644
2025-08-15 23:00,332.480000,332.480000,309.870000,313.800000,299865
2025-08-15 23:15,313.800000,314.940000,310.000000,314.000000,106905
2025-08-15 23:30,313.990000,315.000000,310.500000,311.100000,179104
2025-08-15 23:45,312.000000,312.280000,311.020000,312.280000,81805
2025-08-16 00:00,312.280000,313.620000,311.700000,313.120000,63451
2025-08-16 00:15,313.120000,314.770000,312.600000,314.380000,63600
2025-08-16 00:30,314.370000,314.400000,313.500000,314.400000,32522
2025-08-16 00:45,314.430000,316.500000,314.430000,315.850000,51279
2025-08-16 01:00,315.850000,316.500000,314.500000,316.490000,46545
2025-08-16 01:15,316.450000,316.960000,315.230000,316.960000,18229
2025-08-16 01:30,316.950000,317.930000,316.850000,317.840000,25669
2025-08-16 01:45,317.930000,318.200000,315.880000,316.300000,19967
2025-08-16 02:00,316.600000,317.980000,316.110000,316.970000,6080
2025-08-16 02:15,316.960000,317.980000,316.190000,317.880000,7859
2025-08-16 02:30,317.880000,317.880000,316.560000,316.710000,16816
2025-08-16 02:45,316.740000,317.620000,316.740000,316.760000,9765
2025-08-16 03:00,317.360000,317.360000,316.160000,316.160000,11980
2025-08-16 03:15,316.450000,316.450000,316.000000,316.000000,5833
2025-08-16 03:30,316.010000,316.540000,315.610000,316.150000,16163
2025-08-16 03:45,316.480000,316.480000,315.520000,316.390000,13291
2025-08-16 04:00,316.390000,316.720000,316.100000,316.720000,23905
2025-08-16 04:15,316.720000,316.740000,316.450000,316.740000,11431
2025-08-16 04:30,316.740000,317.790000,316.700000,317.680000,28453
2025-08-16 04:45,317.680000,317.680000,317.000000,317.330000,15896
2025-08-16 05:00,317.330000,317.510000,316.520000,317.460000,37766
2025-08-16 05:15,316.670000,317.380000,316.630000,317.220000,3850
2025-08-16 05:30,317.220000,317.500000,317.000000,317.020000,15380
2025-08-16 05:45,317.390000,317.390000,316.520000,316.590000,17637
2025-08-16 06:00,317.240000,317.300000,316.560000,316.660000,11210
2025-08-16 06:15,316.700000,317.190000,316.120000,316.160000,41432
2025-08-16 06:30,316.330000,316.350000,316.010000,316.340000,10367
2025-08-16 06:45,316.860000,316.860000,316.860000,316.860000,124707
2025-08-16 07:00,316.870000,316.880000,310.030000,313.630000,3785560
2025-08-16 07:15,313.630000,315.370000,313.260000,315.190000,1002205
2025-08-16 07:30,315.190000,315.320000,314.800000,314.870000,416622
2025-08-16 07:30,315.190000,315.320000,314.800000,314.870000,416622
2025-08-16 07:45,314.860000,315.250000,314.860000,314.940000,200808
2025-08-16 08:00,314.940000,314.960000,314.230000,314.290000,607946
2025-08-16 08:15,314.300000,314.330000,313.920000,314.100000,501522
2025-08-16 08:30,314.100000,314.410000,313.910000,314.360000,272788
2025-08-16 08:45,314.400000,315.130000,314.160000,314.940000,265140
2025-08-16 09:00,314.910000,315.200000,314.430000,314.660000,301737
2025-08-16 09:15,314.660000,314.920000,314.600000,314.880000,94865
2025-08-16 09:30,314.900000,314.920000,314.400000,314.580000,129222
2025-08-16 09:45,314.530000,314.600000,314.180000,314.500000,223359
2025-08-16 10:00,314.490000,314.840000,314.310000,314.790000,220124
2025-08-16 10:15,314.800000,314.820000,314.630000,314.670000,52530
2025-08-16 10:30,314.670000,314.680000,314.310000,314.310000,235216
2025-08-16 10:45,314.310000,314.490000,314.150000,314.420000,181049
2025-08-16 11:00,314.420000,314.610000,314.270000,314.450000,61404
2025-08-16 11:15,314.450000,314.600000,314.360000,314.470000,52108
2025-08-16 11:30,314.490000,314.770000,314.430000,314.740000,83098
2025-08-16 11:45,314.740000,314.740000,314.600000,314.710000,48041
2025-08-16 12:00,314.640000,314.800000,314.620000,314.780000,171360
2025-08-16 12:15,314.790000,315.140000,314.760000,315.030000,196348
2025-08-16 12:30,315.030000,315.030000,314.780000,315.020000,86099
2025-08-16 12:45,315.010000,315.390000,315.000000,315.300000,146779
2025-08-16 13:00,315.300000,315.340000,315.110000,315.320000,93498
2025-08-16 13:15,315.320000,315.400000,315.210000,315.340000,148435
2025-08-16 13:30,315.340000,315.400000,315.220000,315.380000,48881
2025-08-16 13:45,315.380000,315.410000,315.100000,315.270000,110089
2025-08-16 14:00,315.270000,315.300000,315.030000,315.040000,47655
2025-08-16 14:15,315.030000,315.270000,315.010000,315.270000,79884
2025-08-16 14:30,315.180000,315.280000,315.000000,315.220000,71746
2025-08-16 14:45,315.210000,315.360000,315.160000,315.320000,25978
2025-08-16 15:00,315.320000,315.340000,315.200000,315.240000,49164
2025-08-16 15:15,315.290000,315.300000,315.100000,315.140000,54429
2025-08-16 15:30,315.140000,315.330000,315.070000,315.260000,57873
2025-08-16 15:45,315.260000,315.300000,315.020000,315.170000,48228
2025-08-16 16:00,314.240000,317.000000,314.210000,315.200000,7225
2025-08-16 16:15,315.200000,315.200000,314.910000,315.110000,2090
2025-08-16 16:30,314.950000,315.110000,314.940000,314.980000,3543
2025-08-16 16:45,314.960000,315.000000,314.940000,315.000000,3397
2025-08-16 17:00,315.000000,315.110000,314.960000,315.090000,3765
2025-08-16 17:15,315.090000,315.100000,314.920000,315.100000,15679
2025-08-16 17:30,315.000000,315.100000,314.510000,314.530000,10097
2025-08-16 17:45,315.000000,315.080000,314.520000,314.900000,9597
2025-08-16 18:00,314.910000,315.000000,314.550000,315.000000,2815
2025-08-16 18:15,315.000000,315.190000,314.670000,315.000000,8431
2025-08-16 18:30,314.850000,315.400000,314.710000,315.350000,12517
2025-08-16 18:45,315.340000,315.380000,314.870000,315.160000,5344
2025-08-16 19:00,314.880000,315.290000,314.700000,314.990000,8085
2025-08-16 19:15,314.990000,315.000000,314.700000,314.700000,4902
2025-08-16 19:30,314.990000,315.000000,314.600000,315.000000,6648
2025-08-16 19:45,315.000000,315.000000,314.600000,314.980000,3867
2025-08-16 20:00,314.980000,314.980000,314.600000,314.890000,6380
2025-08-16 20:15,314.890000,315.000000,314.600000,314.620000,6708
2025-08-16 20:30,315.000000,315.000000,314.630000,314.960000,916
2025-08-16 20:45,314.970000,314.980000,314.600000,314.600000,4713
2025-08-16 23:00,314.630000,315.440000,313.620000,314.760000,186
2025-08-16 23:15,314.760000,314.760000,314.500000,314.760000,109
2025-08-16 23:30,314.760000,315.570000,314.500000,314.880000,429
2025-08-16 23:45,315.460000,315.490000,315.000000,315.490000,75
2025-08-17 00:00,315.490000,315.500000,315.020000,315.500000,67
2025-08-17 00:15,315.500000,315.500000,315.010000,315.010000,162
2025-08-17 00:30,315.490000,315.500000,315.030000,315.500000,289
2025-08-17 00:45,315.500000,315.500000,315.000000,315.000000,208
2025-08-17 01:00,315.480000,315.500000,315.010000,315.490000,49
2025-08-17 01:15,315.490000,315.500000,315.000000,315.490000,498
2025-08-17 01:30,315.500000,315.500000,315.480000,315.490000,145
2025-08-17 01:45,315.490000,315.490000,315.480000,315.480000,191
2025-08-17 02:00,315.480000,315.500000,315.480000,315.500000,121
2025-08-17 02:15,315.500000,315.500000,315.480000,315.480000,4657
2025-08-17 02:30,315.480000,315.500000,315.040000,315.500000,534
2025-08-17 02:45,315.480000,315.480000,315.090000,315.150000,76
2025-08-17 03:00,315.470000,316.000000,315.300000,315.310000,6394
2025-08-17 03:15,315.310000,316.000000,315.300000,315.410000,532
2025-08-17 03:30,315.950000,315.950000,314.880000,314.880000,3736
2025-08-17 03:45,314.990000,315.000000,314.890000,314.920000,1697
2025-08-17 04:00,315.000000,315.940000,315.000000,315.610000,955
2025-08-17 04:15,315.610000,315.640000,315.490000,315.500000,374
2025-08-17 04:30,315.590000,315.590000,315.110000,315.110000,515
2025-08-17 04:45,315.570000,315.590000,315.110000,315.590000,1380
2025-08-17 05:00,315.590000,315.590000,315.160000,315.540000,571
2025-08-17 05:15,315.540000,315.550000,315.180000,315.500000,399
2025-08-17 05:30,315.500000,315.640000,315.200000,315.210000,3942
2025-08-17 05:45,315.580000,315.640000,315.210000,315.630000,1600
2025-08-17 06:00,315.630000,315.630000,315.120000,315.180000,2954
2025-08-17 06:15,315.180000,315.620000,315.110000,315.140000,3228
2025-08-17 06:30,315.540000,315.540000,315.110000,315.540000,908
2025-08-17 06:45,315.500000,315.500000,315.500000,315.500000,6248
2025-08-17 07:00,315.540000,315.800000,315.170000,315.180000,156717
2025-08-17 07:15,315.180000,315.620000,315.100000,315.180000,105761
2025-08-17 07:30,315.180000,315.360000,315.160000,315.170000,26318
2025-08-17 07:45,315.170000,315.260000,315.110000,315.110000,30529
2025-08-17 08:00,315.130000,315.140000,315.000000,315.000000,82129
2025-08-17 08:15,315.010000,315.100000,314.920000,315.000000,21045
2025-08-17 08:30,315.000000,315.000000,314.800000,314.880000,64955
2025-08-17 08:45,314.900000,315.000000,314.860000,314.990000,27150
2025-08-17 09:00,315.000000,315.250000,314.960000,315.150000,51263
2025-08-17 09:15,315.150000,315.160000,315.020000,315.050000,6352
2025-08-17 09:30,315.030000,315.050000,314.950000,315.030000,28898
2025-08-17 09:45,315.030000,315.040000,315.000000,315.020000,12863
2025-08-17 10:00,315.020000,315.040000,314.950000,315.000000,15407
2025-08-17 10:15,315.040000,315.040000,314.960000,315.040000,18970
2025-08-17 10:30,315.040000,315.040000,314.960000,315.040000,12281
2025-08-17 10:45,315.040000,315.040000,314.940000,314.980000,13229
2025-08-17 11:00,314.980000,315.000000,314.920000,315.000000,12865
2025-08-17 11:15,314.990000,315.050000,314.960000,315.050000,22102
2025-08-17 11:30,315.030000,315.080000,314.930000,315.000000,25730
2025-08-17 11:45,315.000000,315.170000,314.990000,315.170000,27842
2025-08-17 12:00,315.180000,315.240000,315.160000,315.210000,50200
2025-08-17 12:15,315.210000,315.280000,315.200000,315.260000,19643
2025-08-17 12:30,315.260000,315.260000,315.200000,315.200000,140919
2025-08-17 12:45,315.220000,315.250000,315.000000,315.100000,95063
2025-08-17 13:00,315.100000,315.120000,314.860000,314.950000,101254
2025-08-17 13:15,314.940000,315.010000,314.850000,314.960000,64952
2025-08-17 13:30,314.960000,315.210000,314.860000,314.990000,140785
2025-08-17 13:45,314.970000,315.000000,314.910000,314.980000,49456
2025-08-17 14:00,314.980000,315.080000,314.960000,315.070000,61060
2025-08-17 14:15,315.070000,315.070000,314.960000,314.990000,14892
2025-08-17 14:30,314.990000,315.070000,314.960000,315.000000,37516
2025-08-17 14:45,315.000000,315.000000,314.920000,314.970000,27655
2025-08-17 15:00,314.920000,315.000000,314.910000,314.990000,24164
2025-08-17 15:15,314.940000,315.100000,314.930000,314.930000,57122
2025-08-17 15:30,314.930000,314.960000,314.830000,314.840000,123279
2025-08-17 15:45,314.870000,315.080000,314.800000,314.970000,126078
2025-08-17 16:00,314.850000,315.990000,313.730000,315.170000,1380
2025-08-17 16:15,315.000000,315.160000,314.750000,314.760000,2755
2025-08-17 16:30,315.000000,315.000000,314.660000,314.710000,5801
2025-08-17 16:45,314.990000,315.000000,314.710000,314.810000,3424
2025-08-17 17:00,314.990000,314.990000,314.800000,314.990000,1593
2025-08-17 17:15,314.990000,314.990000,314.800000,314.800000,5349
2025-08-17 17:30,314.810000,314.970000,314.700000,314.920000,2701
2025-08-17 17:45,314.920000,314.930000,314.520000,314.930000,10087
2025-08-17 18:00,314.930000,314.930000,314.530000,314.920000,4071
2025-08-17 18:15,314.790000,314.930000,314.790000,314.920000,1460
2025-08-17 18:30,314.920000,314.930000,314.530000,314.900000,2890
2025-08-17 18:45,314.900000,314.950000,314.580000,314.950000,8153
2025-08-17 19:00,314.950000,314.960000,314.810000,314.900000,2325
2025-08-17 19:15,314.900000,314.950000,314.560000,314.760000,1656
2025-08-17 19:30,314.760000,314.950000,314.560000,314.770000,1818
2025-08-17 19:45,314.770000,314.950000,314.560000,314.930000,2748
2025-08-17 20:00,314.930000,314.940000,314.550000,314.610000,2528
2025-08-17 20:15,314.910000,314.920000,314.620000,314.910000,1152
2025-08-17 20:30,314.910000,314.940000,314.590000,314.940000,5105
2025-08-17 20:45,314.650000,315.560000,314.590000,315.560000,22384
2025-08-18 03:45,315.010000,315.010000,315.010000,315.010000,15498
2025-08-18 04:00,315.060000,316.970000,314.970000,316.620000,901191
2025-08-18 04:15,316.620000,316.620000,316.040000,316.300000,213764
2025-08-18 04:30,316.290000,316.320000,316.120000,316.160000,215070
2025-08-18 04:45,316.150000,316.590000,316.070000,316.570000,171579
2025-08-18 05:00,316.570000,316.750000,316.540000,316.750000,259396
2025-08-18 05:15,316.740000,316.750000,316.600000,316.640000,98366
2025-08-18 05:30,316.640000,316.700000,316.340000,316.420000,142677
2025-08-18 05:45,316.410000,316.510000,316.340000,316.430000,113604
2025-08-18 06:00,316.430000,316.430000,316.000000,316.040000,412412
2025-08-18 06:15,316.040000,316.420000,316.000000,316.240000,190916
2025-08-18 06:30,316.230000,316.280000,315.810000,315.930000,239596
2025-08-18 06:45,315.930000,316.000000,315.710000,315.990000,211872
2025-08-18 07:00,315.990000,315.990000,315.300000,315.410000,871638
2025-08-18 07:15,315.410000,315.450000,314.830000,314.890000,781765
2025-08-18 07:30,314.890000,317.350000,314.300000,316.130000,6529652
2025-08-18 07:45,316.140000,316.170000,315.670000,316.000000,1217178
2025-08-18 08:00,316.000000,316.010000,315.300000,315.370000,584838
2025-08-18 08:15,315.360000,315.690000,315.150000,315.640000,377087
2025-08-18 08:30,315.690000,316.250000,315.630000,316.240000,701361
2025-08-18 08:45,316.250000,316.830000,316.240000,316.830000,482887
2025-08-18 09:00,316.820000,317.750000,316.820000,317.360000,1105103
2025-08-18 09:15,317.390000,317.650000,317.370000,317.450000,644718
2025-08-18 09:30,317.450000,317.670000,317.450000,317.460000,398175
2025-08-18 09:45,317.500000,317.610000,317.330000,317.350000,456583
2025-08-18 10:00,317.350000,317.560000,317.350000,317.410000,298558
2025-08-18 10:15,317.420000,317.420000,317.110000,317.120000,404888
2025-08-18 10:30,317.120000,317.310000,316.820000,316.930000,478806
2025-08-18 10:45,316.920000,316.940000,316.780000,316.900000,319269
2025-08-18 11:00,316.890000,317.270000,316.800000,316.800000,296458
2025-08-18 11:15,316.810000,316.840000,316.560000,316.600000,236914
2025-08-18 11:30,316.600000,316.740000,316.560000,316.740000,167101
2025-08-18 11:45,316.730000,317.260000,316.730000,317.110000,341634
2025-08-18 12:00,317.170000,317.420000,317.170000,317.400000,269723
2025-08-18 12:15,317.420000,317.550000,317.350000,317.500000,393647
2025-08-18 12:30,317.500000,317.940000,317.450000,317.920000,704508
2025-08-18 12:45,317.920000,318.050000,317.720000,317.940000,596874
2025-08-18 13:00,317.940000,318.290000,317.930000,318.190000,531993
2025-08-18 13:15,318.190000,318.240000,317.700000,317.860000,507068
2025-08-18 13:30,317.860000,317.870000,317.540000,317.630000,202475
2025-08-18 13:45,317.630000,317.900000,317.600000,317.870000,253941
2025-08-18 14:00,317.880000,318.050000,317.540000,317.630000,437630
2025-08-18 14:15,317.630000,317.800000,317.370000,317.420000,311936
2025-08-18 14:30,317.420000,317.900000,317.020000,317.100000,509496
2025-08-18 14:45,317.070000,317.210000,316.700000,317.000000,602696
2025-08-18 15:00,317.000000,317.000000,316.800000,316.940000,350735
2025-08-18 15:15,316.950000,317.000000,316.760000,316.900000,176081
2025-08-18 15:30,316.900000,316.910000,316.030000,316.270000,438246
2025-08-18 15:45,316.890000,316.890000,316.890000,316.890000,109658
2025-08-18 16:00,316.620000,316.860000,316.310000,316.410000,174724
2025-08-18 16:15,316.410000,316.460000,316.000000,316.340000,286927
2025-08-18 16:30,316.340000,317.730000,316.340000,317.040000,678817
2025-08-18 16:45,317.040000,317.360000,316.920000,317.100000,165257
2025-08-18 17:00,317.110000,317.150000,316.650000,317.120000,97417
2025-08-18 17:15,317.110000,318.060000,317.000000,317.740000,525887
2025-08-18 17:30,317.740000,317.770000,317.000000,317.160000,222501
2025-08-18 17:45,317.160000,317.170000,316.600000,317.000000,196672
2025-08-18 18:00,317.000000,317.100000,316.810000,317.090000,66165
2025-08-18 18:15,317.100000,317.100000,316.800000,316.980000,50266
2025-08-18 18:30,316.980000,317.000000,316.770000,316.940000,57272
2025-08-18 18:45,316.950000,319.000000,316.810000,318.840000,1292423
2025-08-18 19:00,318.830000,319.890000,318.500000,319.160000,2550277
2025-08-18 19:15,319.190000,319.240000,317.860000,318.230000,1116724
2025-08-18 19:30,318.220000,318.670000,318.070000,318.220000,293265
2025-08-18 19:45,318.220000,318.980000,318.110000,318.560000,287618
2025-08-18 20:00,318.560000,318.780000,318.380000,318.580000,146591
2025-08-18 20:15,318.580000,318.580000,318.250000,318.320000,151366
2025-08-18 20:30,318.320000,318.650000,318.310000,318.470000,258312
2025-08-18 20:45,318.470000,318.540000,318.140000,318.380000,148899
2025-08-19 03:45,318.980000,318.980000,318.980000,318.980000,44821
2025-08-19 04:00,318.980000,318.980000,317.810000,318.130000,481106
2025-08-19 04:15,318.130000,318.800000,318.130000,318.790000,249413
2025-08-19 04:30,318.800000,319.450000,318.790000,319.170000,236636
2025-08-19 04:45,319.170000,319.730000,319.160000,319.500000,431146
2025-08-19 05:00,319.500000,319.510000,318.650000,319.000000,282446
2025-08-19 05:15,319.000000,319.100000,318.710000,318.850000,159276
2025-08-19 05:30,318.800000,318.990000,318.610000,318.800000,174911
2025-08-19 05:45,318.800000,318.800000,318.520000,318.650000,171703
2025-08-19 06:00,318.650000,319.320000,318.650000,319.000000,433015
2025-08-19 06:15,319.010000,319.010000,318.400000,318.430000,297421
2025-08-19 06:30,318.440000,318.720000,318.420000,318.720000,133823
2025-08-19 06:45,318.720000,319.050000,318.630000,318.730000,269935
2025-08-19 07:00,318.690000,319.310000,318.400000,318.460000,996291
2025-08-19 07:15,318.470000,318.790000,318.240000,318.520000,735649
2025-08-19 07:30,318.520000,318.880000,318.520000,318.880000,273834
2025-08-19 07:45,318.880000,318.950000,318.710000,318.830000,227794
2025-08-19 08:00,318.810000,318.860000,318.710000,318.720000,456086
2025-08-19 08:15,318.720000,319.000000,318.710000,319.000000,791865
2025-08-19 08:30,318.970000,319.480000,318.950000,319.200000,884654
2025-08-19 08:45,319.190000,319.430000,319.100000,319.200000,462931
2025-08-19 09:00,319.200000,319.300000,318.960000,319.260000,364427
2025-08-19 09:15,319.250000,319.360000,319.100000,319.170000,545094
2025-08-19 09:30,319.150000,319.160000,318.900000,319.000000,445628
2025-08-19 09:45,319.000000,319.000000,318.900000,318.900000,333651
2025-08-19 10:00,318.900000,318.970000,318.350000,318.570000,917389
2025-08-19 10:15,318.530000,318.630000,318.210000,318.620000,296462
2025-08-19 10:30,318.630000,318.740000,318.480000,318.490000,79487
2025-08-19 10:45,318.490000,318.530000,318.260000,318.340000,270138
2025-08-19 11:00,318.330000,318.360000,318.260000,318.360000,217297
2025-08-19 11:15,318.360000,318.390000,318.210000,318.210000,227374
2025-08-19 11:30,318.230000,318.440000,318.170000,318.360000,213560
2025-08-19 11:45,318.370000,318.690000,318.330000,318.650000,151345
2025-08-19 12:00,318.630000,318.870000,318.200000,318.200000,361118
2025-08-19 12:15,318.210000,318.630000,318.200000,318.450000,240670
2025-08-19 12:30,318.460000,318.570000,318.300000,318.500000,118604
2025-08-19 12:45,318.520000,318.560000,317.600000,317.690000,728834
2025-08-19 13:00,317.720000,317.930000,317.310000,317.870000,658517
2025-08-19 13:15,317.880000,318.000000,317.820000,318.000000,214008
2025-08-19 13:30,318.000000,318.350000,317.950000,318.320000,176814
2025-08-19 13:45,318.310000,318.780000,318.170000,318.750000,344408
2025-08-19 14:00,318.740000,318.780000,317.980000,317.990000,747115
2025-08-19 14:15,317.980000,318.500000,317.690000,318.220000,526188
2025-08-19 14:30,318.220000,318.600000,318.160000,318.440000,268130
2025-08-19 14:45,318.440000,318.510000,317.930000,318.070000,165188
2025-08-19 15:00,318.050000,318.240000,317.290000,317.300000,579708
2025-08-19 15:15,317.300000,317.300000,317.010000,317.300000,842853
2025-08-19 15:30,317.290000,317.440000,317.000000,317.000000,686485
2025-08-19 15:45,317.000000,317.000000,317.000000,317.000000,82699
2025-08-19 16:00,317.000000,317.000000,316.500000,316.520000,380631
2025-08-19 16:15,316.510000,317.000000,316.290000,317.000000,574503
2025-08-19 16:30,317.000000,317.200000,316.950000,317.130000,122192
2025-08-19 16:45,317.110000,317.120000,316.900000,316.960000,121891
2025-08-19 17:00,316.960000,316.970000,316.400000,316.640000,213894
2025-08-19 17:15,316.640000,317.200000,316.620000,317.190000,218875
2025-08-19 17:30,317.190000,317.730000,317.170000,317.260000,560916
2025-08-19 17:45,317.260000,317.550000,317.250000,317.360000,92836
2025-08-19 18:00,317.350000,317.400000,317.250000,317.400000,84081
2025-08-19 18:15,317.390000,317.400000,317.250000,317.260000,54548
2025-08-19 18:30,317.250000,317.260000,317.250000,317.260000,53853
2025-08-19 18:45,317.250000,317.260000,317.000000,317.140000,54502
2025-08-19 19:00,317.150000,317.340000,317.120000,317.270000,37916
2025-08-19 19:15,317.270000,317.310000,317.120000,317.180000,26130
2025-08-19 19:30,317.210000,317.290000,317.180000,317.180000,15927
2025-08-19 19:45,317.180000,317.230000,317.160000,317.210000,15389
2025-08-19 20:00,317.210000,317.210000,317.140000,317.150000,12551
2025-08-19 20:15,317.140000,317.150000,316.900000,316.990000,72839
2025-08-19 20:30,316.990000,316.990000,316.510000,316.560000,129218
2025-08-19 20:45,316.560000,316.560000,316.500000,316.500000,38937
2025-08-20 03:45,316.530000,316.530000,316.530000,316.530000,2277
2025-08-20 04:00,316.530000,317.400000,316.490000,317.300000,251830
2025-08-20 04:15,317.300000,317.310000,317.090000,317.260000,46467
2025-08-20 04:30,317.260000,317.270000,316.900000,316.960000,80037
2025-08-20 04:45,316.990000,317.000000,316.930000,316.990000,40022
2025-08-20 05:00,317.000000,317.280000,317.000000,317.110000,56819
2025-08-20 05:15,317.110000,317.280000,317.110000,317.270000,30840
2025-08-20 05:30,317.270000,317.510000,317.250000,317.490000,102420
2025-08-20 05:45,317.490000,317.490000,317.220000,317.260000,34467
2025-08-20 06:00,317.260000,317.260000,316.670000,317.180000,172478
2025-08-20 06:15,317.180000,317.490000,317.130000,317.360000,153560
2025-08-20 06:30,317.350000,317.430000,317.250000,317.340000,87540
2025-08-20 06:45,317.340000,317.510000,317.300000,317.440000,122752
2025-08-20 07:00,317.440000,317.440000,316.820000,316.850000,318315
2025-08-20 07:15,316.860000,317.010000,316.590000,316.720000,367348
2025-08-20 07:30,316.710000,316.960000,316.570000,316.920000,201499
2025-08-20 07:45,316.920000,316.950000,316.880000,316.880000,79054
2025-08-20 08:00,316.890000,316.890000,316.630000,316.850000,111301
2025-08-20 08:15,316.840000,316.920000,316.800000,316.910000,54261
2025-08-20 08:30,316.900000,316.910000,316.750000,316.760000,59168
2025-08-20 08:45,316.760000,316.860000,316.690000,316.730000,55399
2025-08-20 09:00,316.730000,317.250000,316.670000,316.720000,334369
2025-08-20 09:15,316.720000,316.840000,316.690000,316.700000,96312
2025-08-20 09:30,316.700000,316.700000,316.120000,316.430000,372992
2025-08-20 09:45,316.430000,316.490000,316.300000,316.310000,147394
2025-08-20 10:00,316.310000,316.540000,316.180000,316.540000,288512
2025-08-20 10:15,316.540000,316.640000,316.370000,316.420000,76902
2025-08-20 10:30,316.420000,316.420000,316.320000,316.330000,136477
2025-08-20 10:45,316.320000,316.370000,316.240000,316.310000,120307
2025-08-20 11:00,316.320000,316.380000,315.760000,315.850000,530273
2025-08-20 11:15,315.850000,315.880000,314.630000,314.650000,1241752
2025-08-20 11:30,314.650000,314.660000,313.660000,313.970000,1982357
2025-08-20 11:45,313.970000,314.000000,313.810000,313.990000,894061
2025-08-20 12:00,313.990000,314.250000,313.860000,313.880000,1182507
2025-08-20 12:15,313.870000,314.000000,313.500000,313.970000,938543
2025-08-20 12:30,313.960000,314.170000,313.950000,314.160000,368177
2025-08-20 12:45,314.160000,314.500000,314.140000,314.500000,381484
2025-08-20 13:00,314.490000,314.580000,314.250000,314.340000,187477
2025-08-20 13:15,314.340000,314.340000,314.000000,314.010000,332909
2025-08-20 13:30,314.000000,314.010000,313.020000,313.400000,1320065
2025-08-20 13:45,313.400000,313.480000,313.030000,313.310000,514117
2025-08-20 14:00,313.280000,313.420000,313.120000,313.420000,439883
2025-08-20 14:15,313.410000,313.500000,313.250000,313.460000,498765
2025-08-20 14:30,313.460000,313.590000,313.450000,313.510000,171089
2025-08-20 14:45,313.510000,313.880000,313.500000,313.830000,300966
2025-08-20 15:00,313.830000,314.430000,313.700000,314.420000,326901
2025-08-20 15:15,314.410000,314.640000,314.350000,314.380000,569680
2025-08-20 15:30,314.390000,314.410000,314.300000,314.340000,121993
2025-08-20 15:45,314.660000,314.660000,314.660000,314.660000,121988
2025-08-20 16:00,314.590000,314.590000,314.130000,314.370000,144253
2025-08-20 16:15,314.360000,314.470000,314.180000,314.440000,175134
2025-08-20 16:30,314.440000,314.460000,313.670000,313.800000,269693
2025-08-20 16:45,313.820000,313.820000,313.520000,313.750000,204986
2025-08-20 17:00,313.750000,313.850000,313.500000,313.600000,177801
2025-08-20 17:15,313.600000,313.830000,313.600000,313.710000,41342
2025-08-20 17:30,313.730000,313.760000,313.650000,313.670000,61810
2025-08-20 17:45,313.700000,313.700000,313.550000,313.620000,83497
2025-08-20 18:00,313.630000,313.740000,313.560000,313.740000,58505
2025-08-20 18:15,313.730000,314.230000,313.730000,314.080000,248842
2025-08-20 18:30,314.080000,314.130000,313.860000,314.020000,103532
2025-08-20 18:45,314.020000,314.050000,314.000000,314.040000,66517
2025-08-20 19:00,314.050000,314.070000,314.000000,314.060000,51520
2025-08-20 19:15,314.060000,314.290000,314.050000,314.290000,120539
2025-08-20 19:30,314.290000,314.290000,314.130000,314.170000,34239
2025-08-20 19:45,314.170000,314.210000,314.110000,314.120000,17320
2025-08-20 20:00,314.120000,314.200000,314.110000,314.120000,64420
2025-08-20 20:15,314.120000,314.280000,314.110000,314.270000,105571
2025-08-20 20:30,314.270000,314.470000,314.270000,314.310000,132147
2025-08-20 20:45,314.310000,314.440000,314.110000,314.170000,65496
2025-08-21 03:45,314.170000,314.170000,314.170000,314.170000,4456
2025-08-21 04:00,314.170000,314.750000,314.110000,314.170000,128399
2025-08-21 04:15,314.140000,314.620000,314.110000,314.600000,57087
2025-08-21 04:30,314.620000,314.720000,314.370000,314.690000,50139
2025-08-21 04:45,314.690000,314.830000,314.630000,314.800000,75493
2025-08-21 05:00,314.800000,314.800000,314.180000,314.180000,66049
2025-08-21 05:15,314.180000,314.750000,314.160000,314.740000,57691
2025-08-21 05:30,314.740000,314.750000,314.430000,314.490000,30273
2025-08-21 05:45,314.490000,314.520000,313.710000,314.100000,212234
2025-08-21 06:00,314.090000,314.480000,314.030000,314.120000,110381
2025-08-21 06:15,314.130000,314.310000,314.100000,314.280000,34893
2025-08-21 06:30,314.280000,314.380000,314.120000,314.120000,65576
2025-08-21 06:45,314.130000,314.200000,313.590000,313.620000,152056
2025-08-21 07:00,313.620000,313.830000,313.220000,313.590000,601149
2025-08-21 07:15,313.590000,313.760000,313.130000,313.260000,333265
2025-08-21 07:30,313.260000,313.340000,312.800000,312.860000,576747
2025-08-21 07:45,312.840000,313.140000,312.830000,312.910000,392445
2025-08-21 08:00,312.930000,313.010000,312.460000,312.750000,789910
2025-08-21 08:15,312.750000,312.920000,312.620000,312.790000,297190
2025-08-21 08:30,312.790000,313.390000,312.620000,313.350000,530059
2025-08-21 08:45,313.350000,313.820000,313.220000,313.420000,278929
2025-08-21 09:00,313.430000,314.060000,312.770000,314.060000,717660
2025-08-21 09:15,314.060000,314.350000,313.900000,314.000000,378575
2025-08-21 09:30,314.010000,314.320000,313.720000,314.300000,280747
2025-08-21 09:45,314.310000,315.100000,314.300000,314.890000,764045
2025-08-21 10:00,314.890000,315.100000,314.310000,314.670000,393735
2025-08-21 10:15,314.660000,314.660000,313.050000,313.550000,880275
2025-08-21 10:30,313.560000,313.750000,313.370000,313.630000,152564
2025-08-21 10:45,313.640000,313.640000,313.130000,313.520000,297790
2025-08-21 11:00,313.530000,314.890000,313.500000,314.650000,622796
2025-08-21 11:15,314.660000,315.040000,314.400000,314.700000,695208
2025-08-21 11:30,314.700000,314.980000,314.030000,314.290000,349182
2025-08-21 11:45,314.290000,314.780000,314.260000,314.570000,268242
2025-08-21 12:00,314.570000,314.770000,314.270000,314.420000,101360
2025-08-21 12:15,314.420000,314.720000,314.290000,314.300000,171732
2025-08-21 12:30,314.310000,314.480000,314.200000,314.420000,83651
2025-08-21 12:45,314.420000,314.420000,314.040000,314.230000,73854
2025-08-21 13:00,314.220000,314.230000,313.600000,313.600000,124187
2025-08-21 13:15,313.610000,313.680000,313.370000,313.600000,268002
2025-08-21 13:30,313.600000,313.610000,312.800000,313.090000,842048
2025-08-21 13:45,313.090000,313.100000,311.850000,312.030000,2063197
2025-08-21 14:00,312.020000,312.020000,310.000000,310.370000,5717762
2025-08-21 14:15,310.380000,311.140000,309.810000,310.600000,2859086
2025-08-21 14:30,310.590000,311.360000,310.590000,310.850000,1126824
2025-08-21 14:45,310.860000,311.400000,310.650000,311.200000,785262
2025-08-21 15:00,311.190000,311.330000,310.680000,310.680000,509280
2025-08-21 15:15,310.680000,310.800000,310.010000,310.690000,1040020
2025-08-21 15:30,310.690000,310.780000,310.290000,310.750000,355329
2025-08-21 15:45,311.340000,311.340000,311.340000,311.340000,250296
2025-08-21 16:00,310.900000,311.100000,310.390000,310.430000,276565
2025-08-21 16:15,310.430000,310.800000,310.420000,310.800000,336770
2025-08-21 16:30,310.800000,311.090000,310.700000,311.040000,344699
2025-08-21 16:45,311.040000,311.250000,310.800000,310.930000,161012
2025-08-21 17:00,310.930000,311.160000,310.500000,310.820000,174217
2025-08-21 17:15,310.830000,311.000000,310.800000,310.840000,91222
2025-08-21 17:30,310.840000,311.150000,310.820000,311.140000,70390
2025-08-21 17:45,311.140000,311.170000,311.020000,311.070000,54763
2025-08-21 18:00,311.100000,311.100000,310.820000,310.870000,65742
2025-08-21 18:15,310.870000,310.970000,310.770000,310.790000,45349
2025-08-21 18:30,310.800000,310.800000,310.370000,310.460000,189459
2025-08-21 18:45,310.450000,310.590000,310.200000,310.200000,144650
2025-08-21 19:00,310.230000,310.240000,310.000000,310.160000,252281
2025-08-21 19:15,310.190000,310.260000,309.850000,309.910000,303455
2025-08-21 19:30,309.920000,310.020000,309.820000,309.850000,270357
2025-08-21 19:45,309.840000,309.850000,309.280000,309.470000,422611
2025-08-21 20:00,309.470000,310.000000,309.460000,309.970000,273299
2025-08-21 20:15,309.970000,310.000000,309.660000,309.750000,129125
2025-08-21 20:30,309.750000,309.990000,309.730000,309.980000,148704
2025-08-21 20:45,309.980000,309.990000,309.900000,309.980000,43594
2025-08-22 03:45,310.110000,310.110000,310.110000,310.110000,5130
2025-08-22 04:00,310.140000,310.830000,310.140000,310.690000,184991
2025-08-22 04:15,310.690000,310.770000,310.370000,310.560000,105775
2025-08-22 04:30,310.560000,310.570000,309.930000,309.970000,113757
2025-08-22 04:45,309.970000,310.000000,309.750000,309.940000,136860
2025-08-22 05:00,309.940000,310.520000,309.930000,310.520000,192924
2025-08-22 05:15,310.500000,310.760000,310.340000,310.750000,247352
2025-08-22 05:30,310.750000,310.840000,310.650000,310.740000,153291
2025-08-22 05:45,310.730000,310.770000,310.730000,310.750000,33810
2025-08-22 06:00,310.740000,311.180000,310.730000,311.100000,334799
2025-08-22 06:15,311.090000,311.800000,310.930000,311.220000,579230
2025-08-22 06:30,311.220000,311.350000,310.200000,310.370000,335169
2025-08-22 06:45,310.370000,310.800000,310.340000,310.550000,260648
2025-08-22 07:00,310.490000,311.340000,310.210000,310.690000,709138
2025-08-22 07:15,310.700000,311.310000,310.480000,311.310000,220135
2025-08-22 07:30,311.310000,311.310000,310.550000,310.960000,298496
2025-08-22 07:45,310.960000,311.060000,310.300000,310.690000,439113
2025-08-22 08:00,310.690000,311.460000,310.580000,311.180000,319674
2025-08-22 08:15,311.190000,311.410000,311.000000,311.000000,282196
2025-08-22 08:30,311.000000,311.330000,310.930000,311.200000,174944
2025-08-22 08:45,311.190000,311.380000,311.140000,311.160000,254497
2025-08-22 09:00,311.160000,311.300000,310.380000,310.780000,253611
2025-08-22 09:15,310.780000,312.070000,310.780000,311.880000,1282061
2025-08-22 09:30,311.860000,312.240000,311.410000,311.770000,417336
2025-08-22 09:45,311.770000,312.000000,311.550000,311.710000,118189
2025-08-22 10:00,311.700000,312.000000,311.620000,311.730000,144092
2025-08-22 10:15,311.730000,312.300000,311.650000,312.300000,346950
2025-08-22 10:30,312.300000,312.490000,311.950000,312.120000,480838
2025-08-22 10:45,312.140000,312.290000,311.600000,311.790000,229025
2025-08-22 11:00,311.800000,311.800000,311.420000,311.480000,294193
2025-08-22 11:15,311.470000,311.570000,311.180000,311.220000,245881
2025-08-22 11:30,311.220000,312.290000,311.030000,311.910000,507356
2025-08-22 11:45,311.900000,311.970000,311.120000,311.380000,156325
2025-08-22 12:00,311.380000,311.460000,310.550000,310.590000,325242
2025-08-22 12:15,310.580000,311.130000,310.580000,311.090000,156443
2025-08-22 12:30,311.100000,311.330000,311.040000,311.160000,78658
2025-08-22 12:45,311.160000,311.270000,310.150000,310.330000,402569
2025-08-22 13:00,310.320000,310.880000,310.290000,310.740000,278335
2025-08-22 13:15,310.740000,310.900000,310.560000,310.630000,101480
2025-08-22 13:30,310.640000,311.200000,310.560000,311.150000,163902
2025-08-22 13:45,311.150000,311.720000,311.070000,311.460000,223166
2025-08-22 14:00,311.460000,312.100000,311.450000,311.600000,481632
2025-08-22 14:15,311.600000,311.850000,311.450000,311.520000,325807
2025-08-22 14:30,311.510000,311.750000,311.470000,311.660000,202019
2025-08-22 14:45,311.660000,311.660000,311.170000,311.210000,195822
2025-08-22 15:00,311.210000,311.780000,311.190000,311.320000,425167
2025-08-22 15:15,311.330000,311.430000,311.230000,311.390000,143195
2025-08-22 15:30,311.390000,312.000000,311.380000,311.860000,397103
2025-08-22 15:45,312.000000,312.000000,312.000000,312.000000,109491
2025-08-22 16:00,311.860000,312.150000,311.800000,312.090000,154617
2025-08-22 16:15,312.060000,312.150000,311.410000,311.420000,154387
2025-08-22 16:30,311.400000,311.840000,311.370000,311.790000,43390
2025-08-22 16:45,311.800000,311.800000,311.620000,311.700000,34380
2025-08-22 17:00,311.700000,311.900000,311.660000,311.890000,64447
2025-08-22 17:15,311.890000,311.890000,311.750000,311.780000,45204
2025-08-22 17:30,311.780000,312.000000,311.280000,311.660000,284695
2025-08-22 17:45,311.660000,311.980000,311.650000,311.810000,52742
2025-08-22 18:00,311.800000,311.940000,311.650000,311.790000,64017
2025-08-22 18:15,311.790000,311.890000,311.700000,311.720000,32929
2025-08-22 18:30,311.710000,311.850000,311.700000,311.840000,14992
2025-08-22 18:45,311.840000,311.950000,311.750000,311.910000,87642
2025-08-22 19:00,311.860000,311.910000,311.800000,311.810000,30928
2025-08-22 19:15,311.810000,311.900000,311.800000,311.850000,96992
2025-08-22 19:30,311.860000,311.960000,311.810000,311.920000,39419
2025-08-22 19:45,311.920000,311.990000,311.910000,311.970000,38966
2025-08-22 20:00,311.970000,311.970000,311.930000,311.960000,25054
2025-08-22 20:15,311.950000,311.990000,311.900000,311.990000,55243
2025-08-22 20:30,311.990000,312.000000,311.700000,311.920000,250379
2025-08-22 20:45,311.930000,312.090000,311.920000,312.050000,57568
2025-08-22 23:00,313.680000,313.680000,311.560000,312.120000,351
2025-08-22 23:15,312.110000,312.800000,312.000000,312.090000,335
2025-08-22 23:30,312.540000,312.550000,311.700000,311.700000,434
2025-08-22 23:45,312.440000,312.450000,311.850000,312.350000,105
2025-08-23 00:00,312.350000,312.450000,312.010000,312.450000,53
2025-08-23 00:15,312.450000,312.480000,312.340000,312.340000,111
2025-08-23 00:30,312.440000,312.440000,312.360000,312.390000,27
2025-08-23 00:45,312.390000,312.480000,312.340000,312.340000,1748
2025-08-23 01:00,312.490000,312.500000,312.350000,312.490000,791
2025-08-23 01:15,312.490000,312.500000,312.350000,312.500000,30
2025-08-23 01:30,312.500000,312.760000,312.350000,312.760000,63
2025-08-23 01:45,312.760000,312.760000,312.350000,312.360000,125
2025-08-23 02:00,312.370000,312.550000,312.340000,312.550000,163
2025-08-23 02:15,312.500000,312.500000,312.040000,312.040000,271
2025-08-23 02:30,312.060000,312.450000,312.060000,312.450000,84
2025-08-23 02:45,312.440000,312.450000,312.040000,312.400000,188
2025-08-23 03:00,312.050000,312.440000,312.020000,312.400000,308
2025-08-23 03:15,312.400000,312.400000,312.100000,312.400000,133
2025-08-23 03:30,312.400000,312.450000,312.130000,312.450000,387
2025-08-23 03:45,312.450000,312.770000,312.040000,312.550000,2556
2025-08-23 04:00,312.040000,312.650000,312.040000,312.630000,2297
2025-08-23 04:15,312.630000,312.630000,312.170000,312.590000,881
2025-08-23 04:30,312.190000,312.590000,312.140000,312.150000,779
2025-08-23 04:45,312.150000,312.580000,312.150000,312.580000,7259
2025-08-23 05:00,312.560000,312.580000,312.230000,312.550000,670
2025-08-23 05:15,312.550000,312.580000,312.200000,312.530000,1695
2025-08-23 05:30,312.530000,312.580000,312.210000,312.230000,1249
2025-08-23 05:45,312.550000,312.580000,312.210000,312.250000,1454
2025-08-23 06:00,312.550000,312.550000,312.240000,312.530000,715
2025-08-23 06:15,312.530000,312.560000,312.250000,312.540000,1724
2025-08-23 06:30,312.540000,312.550000,312.380000,312.550000,881
2025-08-23 06:45,312.110000,312.110000,312.110000,312.110000,1541
2025-08-23 07:00,312.110000,312.500000,312.050000,312.190000,107457
2025-08-23 07:15,312.190000,312.350000,312.000000,312.300000,37606
2025-08-23 07:30,312.310000,312.350000,312.030000,312.110000,29756
2025-08-23 07:30,312.310000,312.350000,312.030000,312.110000,29756
2025-08-23 07:45,312.110000,312.120000,311.960000,312.080000,28736
2025-08-23 08:00,312.080000,312.260000,311.550000,312.090000,134540
2025-08-23 08:15,312.090000,312.090000,311.930000,312.040000,6152
2025-08-23 08:30,312.040000,312.050000,312.000000,312.010000,2565
2025-08-23 08:45,312.050000,312.050000,311.910000,311.930000,8350
2025-08-23 09:00,311.990000,311.990000,311.910000,311.930000,3745
2025-08-23 09:15,311.940000,312.050000,311.920000,312.010000,11131
2025-08-23 09:30,312.040000,312.050000,311.950000,312.050000,5299
2025-08-23 09:45,312.050000,312.050000,311.930000,312.000000,3665
2025-08-23 10:00,312.000000,312.000000,311.960000,311.970000,3394
2025-08-23 10:15,312.000000,312.000000,311.910000,311.950000,10422
2025-08-23 10:30,311.940000,311.990000,311.900000,311.960000,16231
2025-08-23 10:45,311.900000,312.000000,311.900000,311.980000,3871
2025-08-23 11:00,312.000000,312.030000,311.910000,311.970000,7345
2025-08-23 11:15,311.970000,312.000000,311.960000,311.970000,2746
2025-08-23 11:30,312.000000,312.000000,311.910000,311.920000,3180
2025-08-23 11:45,311.960000,312.050000,311.920000,312.040000,5612
2025-08-23 12:00,312.040000,312.040000,311.930000,312.010000,2931
2025-08-23 12:15,312.010000,312.050000,311.940000,312.050000,2278
2025-08-23 12:30,312.050000,312.050000,311.930000,312.000000,2286
2025-08-23 12:45,312.000000,312.070000,311.980000,312.050000,3455
2025-08-23 13:00,312.050000,312.060000,312.000000,312.040000,2295
2025-08-23 13:15,312.040000,312.060000,312.000000,312.010000,4956
2025-08-23 13:30,312.010000,312.020000,312.000000,312.020000,2355
2025-08-23 13:45,312.010000,312.060000,312.000000,312.000000,3156
2025-08-23 14:00,312.000000,312.120000,312.000000,312.090000,19140
2025-08-23 14:15,312.080000,312.110000,312.000000,312.060000,4791
2025-08-23 14:30,312.060000,312.120000,312.020000,312.070000,3025
2025-08-23 14:45,312.100000,312.220000,312.070000,312.120000,7491
2025-08-23 15:00,312.110000,312.500000,312.110000,312.270000,45757
2025-08-23 15:15,312.270000,312.330000,312.190000,312.200000,1375
2025-08-23 15:30,312.200000,312.460000,312.130000,312.430000,14592
2025-08-23 15:45,312.420000,312.460000,312.210000,312.300000,14612
2025-08-23 16:00,313.630000,313.630000,311.550000,312.390000,590
2025-08-23 16:15,312.390000,312.400000,312.200000,312.210000,993
2025-08-23 16:30,312.390000,312.400000,312.210000,312.370000,497
2025-08-23 16:45,312.370000,312.380000,312.210000,312.370000,576
2025-08-23 17:00,312.350000,312.380000,312.200000,312.370000,1725
2025-08-23 17:15,312.370000,312.420000,311.930000,312.400000,5454
2025-08-23 17:30,312.390000,312.390000,311.570000,312.170000,1932
2025-08-23 17:45,311.730000,312.170000,311.660000,311.790000,1174
2025-08-23 18:00,311.660000,312.110000,311.650000,312.110000,1035
2025-08-23 18:15,312.100000,312.100000,311.670000,311.680000,2993
2025-08-23 18:30,312.040000,312.040000,311.610000,311.980000,2009
2025-08-23 18:45,311.980000,312.030000,311.650000,312.020000,1006
2025-08-23 19:00,311.660000,312.020000,311.650000,311.940000,488
2025-08-23 19:15,311.940000,311.940000,311.660000,311.940000,1121
2025-08-23 19:30,311.940000,311.980000,311.660000,311.930000,976
2025-08-23 19:45,311.680000,311.980000,311.650000,311.970000,10909
2025-08-23 20:00,311.670000,311.970000,311.650000,311.960000,331
2025-08-23 20:15,311.670000,311.960000,311.650000,311.950000,1309
2025-08-23 20:30,311.650000,311.950000,311.600000,311.940000,1681
2025-08-23 20:45,311.940000,311.950000,311.940000,311.940000,152
2025-08-23 23:00,311.000000,313.480000,311.000000,312.470000,294
2025-08-23 23:15,312.470000,312.470000,312.050000,312.470000,97
2025-08-23 23:30,312.460000,312.460000,312.000000,312.460000,66
2025-08-23 23:45,312.460000,312.470000,311.490000,312.370000,168
2025-08-24 00:00,312.340000,312.470000,311.960000,312.270000,86
2025-08-24 00:15,312.050000,312.340000,311.920000,312.330000,53
2025-08-24 00:30,312.330000,312.340000,312.200000,312.340000,105
2025-08-24 00:45,312.340000,312.340000,312.200000,312.340000,223
2025-08-24 01:00,312.340000,312.340000,312.200000,312.340000,172
2025-08-24 01:15,312.200000,312.340000,312.200000,312.340000,106
2025-08-24 01:30,312.340000,312.340000,312.200000,312.330000,58
2025-08-24 01:45,312.330000,312.330000,312.200000,312.330000,34
2025-08-24 02:00,312.330000,312.330000,312.000000,312.020000,93
2025-08-24 02:15,312.320000,312.330000,312.000000,312.000000,74
2025-08-24 02:30,312.010000,312.100000,311.770000,311.820000,131
2025-08-24 02:45,311.770000,312.100000,311.690000,311.690000,1800
2025-08-24 03:00,312.090000,312.100000,311.670000,312.100000,337
2025-08-24 03:15,312.090000,312.100000,311.760000,312.100000,62
2025-08-24 03:30,312.100000,312.300000,311.750000,312.300000,513
2025-08-24 03:45,312.270000,312.290000,311.760000,312.010000,191
2025-08-24 04:00,311.840000,312.010000,311.840000,312.010000,181
2025-08-24 04:15,311.880000,312.270000,311.880000,312.230000,272
2025-08-24 04:30,312.220000,312.290000,311.970000,312.000000,554
2025-08-24 04:45,312.280000,312.290000,312.010000,312.270000,390
2025-08-24 05:00,312.270000,312.300000,312.010000,312.290000,813
2025-08-24 05:15,312.290000,312.300000,312.010000,312.250000,778
2025-08-24 05:30,312.250000,312.250000,312.010000,312.240000,343
2025-08-24 05:45,312.240000,312.330000,312.010000,312.290000,681
2025-08-24 06:00,312.290000,312.390000,312.000000,312.000000,1701
2025-08-24 06:15,312.340000,312.340000,312.000000,312.300000,833
2025-08-24 06:30,312.300000,312.320000,312.100000,312.320000,659
2025-08-24 06:45,312.300000,312.300000,312.300000,312.300000,3094
2025-08-24 07:00,312.320000,312.450000,311.710000,311.720000,78421
2025-08-24 07:15,311.710000,311.940000,311.700000,311.710000,40226
2025-08-24 07:30,311.710000,311.930000,311.500000,311.640000,78453
2025-08-24 07:45,311.680000,311.690000,311.500000,311.660000,61844
2025-08-24 08:00,311.660000,311.660000,311.570000,311.580000,14849
2025-08-24 08:15,311.580000,311.670000,311.570000,311.650000,22096
2025-08-24 08:30,311.650000,311.700000,311.610000,311.660000,30709
2025-08-24 08:45,311.660000,311.690000,311.650000,311.690000,7914
2025-08-24 09:00,311.690000,311.810000,311.660000,311.770000,27233
2025-08-24 09:15,311.770000,311.920000,311.760000,311.820000,14262
2025-08-24 09:30,311.870000,311.870000,311.740000,311.790000,39404
2025-08-24 09:45,311.750000,311.820000,311.750000,311.800000,3242
2025-08-24 10:00,311.780000,311.820000,311.750000,311.820000,6161
2025-08-24 10:15,311.790000,311.930000,311.760000,311.850000,15656
2025-08-24 10:30,311.840000,311.850000,311.660000,311.660000,42049
2025-08-24 10:45,311.660000,311.760000,311.660000,311.700000,4469
2025-08-24 11:00,311.730000,311.760000,311.650000,311.670000,26388
2025-08-24 11:15,311.670000,311.800000,311.670000,311.780000,5620
2025-08-24 11:30,311.780000,311.810000,311.690000,311.790000,7003
2025-08-24 11:45,311.750000,311.850000,311.710000,311.770000,11786
2025-08-24 12:00,311.770000,311.780000,311.700000,311.740000,14915
2025-08-24 12:15,311.740000,311.740000,311.670000,311.700000,6388
2025-08-24 12:30,311.700000,311.740000,311.650000,311.730000,16056
2025-08-24 12:45,311.740000,311.740000,311.670000,311.710000,1645
2025-08-24 13:00,311.710000,311.750000,311.680000,311.680000,1910
2025-08-24 13:15,311.680000,311.750000,311.650000,311.660000,10395
2025-08-24 13:30,311.680000,311.820000,311.660000,311.820000,9603
2025-08-24 13:45,311.820000,311.820000,311.700000,311.740000,3006
2025-08-24 14:00,311.730000,311.780000,311.650000,311.730000,17454
2025-08-24 14:15,311.730000,311.840000,311.700000,311.780000,10791
2025-08-24 14:30,311.770000,311.780000,311.710000,311.730000,2194
2025-08-24 14:45,311.730000,311.800000,311.710000,311.800000,11740
2025-08-24 15:00,311.800000,311.800000,311.650000,311.680000,24398
2025-08-24 15:15,311.720000,311.730000,311.670000,311.720000,8394
2025-08-24 15:30,311.720000,311.870000,311.720000,311.800000,33737
2025-08-24 15:45,311.850000,311.850000,311.750000,311.840000,17322
2025-08-24 16:00,313.000000,313.740000,311.150000,312.540000,33500
2025-08-24 16:15,312.530000,312.530000,312.210000,312.280000,15454
2025-08-24 16:30,312.210000,312.280000,312.100000,312.130000,2634
2025-08-24 16:45,312.130000,312.250000,312.050000,312.070000,6472
2025-08-24 17:00,312.070000,312.200000,312.070000,312.200000,1817
2025-08-24 17:15,312.200000,312.300000,312.080000,312.110000,2790
2025-08-24 17:30,312.270000,312.400000,312.110000,312.170000,2142
2025-08-24 17:45,312.370000,312.380000,312.000000,312.330000,2107
2025-08-24 18:00,312.030000,312.350000,312.000000,312.280000,803
2025-08-24 18:15,312.020000,312.300000,312.010000,312.020000,980
2025-08-24 18:30,312.190000,312.200000,311.300000,312.150000,13824
2025-08-24 18:45,312.150000,312.160000,311.550000,311.980000,1100
2025-08-24 19:00,311.600000,311.990000,311.550000,311.910000,554
2025-08-24 19:15,311.890000,311.890000,311.600000,311.600000,2203
2025-08-24 19:30,311.870000,311.870000,311.400000,311.860000,1772
2025-08-24 19:45,311.860000,311.860000,311.850000,311.860000,298
2025-08-24 20:00,311.850000,312.170000,311.510000,311.600000,1757
2025-08-24 20:15,312.170000,312.170000,311.600000,311.710000,734
2025-08-24 20:30,312.020000,312.200000,311.710000,312.200000,7023
2025-08-24 20:45,312.200000,312.200000,311.900000,311.900000,436
2025-08-25 03:45,311.840000,311.840000,311.840000,311.840000,1449
2025-08-25 04:00,311.840000,312.300000,311.170000,311.330000,160133
2025-08-25 04:15,311.350000,311.520000,311.240000,311.330000,29974
2025-08-25 04:30,311.320000,311.330000,310.540000,310.620000,114736
2025-08-25 04:45,310.630000,310.730000,310.450000,310.690000,75841
2025-08-25 05:00,310.690000,311.060000,310.620000,310.860000,57914
2025-08-25 05:15,310.850000,311.370000,310.760000,311.270000,44668
2025-08-25 05:30,311.260000,311.300000,311.100000,311.300000,29173
2025-08-25 05:45,311.290000,311.400000,311.120000,311.130000,137815
2025-08-25 06:00,311.210000,311.370000,310.600000,310.740000,250323
2025-08-25 06:15,310.740000,310.830000,310.330000,310.480000,163670
2025-08-25 06:30,310.450000,310.880000,310.270000,310.840000,162105
2025-08-25 06:45,310.830000,311.100000,310.570000,310.640000,211075
2025-08-25 07:00,310.610000,311.180000,310.520000,310.760000,191764
2025-08-25 07:15,310.730000,310.940000,310.330000,310.550000,293475
2025-08-25 07:30,310.550000,310.980000,310.550000,310.650000,143337
2025-08-25 07:45,310.660000,310.750000,310.410000,310.410000,170289
2025-08-25 08:00,310.410000,310.420000,309.800000,310.120000,810074
2025-08-25 08:15,310.130000,310.200000,309.840000,310.010000,495589
2025-08-25 08:30,310.000000,310.010000,309.500000,309.510000,505185
2025-08-25 08:45,309.500000,310.050000,309.500000,309.910000,516946
2025-08-25 09:00,309.940000,310.100000,309.890000,310.000000,252770
2025-08-25 09:15,309.980000,310.160000,309.950000,310.160000,203572
2025-08-25 09:30,310.150000,310.200000,310.000000,310.140000,273590
2025-08-25 09:45,310.140000,310.240000,310.000000,310.000000,158838
2025-08-25 10:00,310.010000,310.310000,309.950000,310.240000,329343
2025-08-25 10:15,310.240000,310.300000,309.670000,309.680000,187426
2025-08-25 10:30,309.680000,310.120000,309.510000,310.000000,389383
2025-08-25 10:45,310.000000,310.170000,309.580000,310.050000,155822
2025-08-25 11:00,310.050000,310.170000,309.510000,309.870000,256063
2025-08-25 11:15,309.870000,310.170000,309.720000,310.170000,212498
2025-08-25 11:30,310.160000,310.260000,310.010000,310.070000,146323
2025-08-25 11:45,310.070000,310.070000,309.520000,309.650000,224991
2025-08-25 12:00,309.650000,310.000000,309.500000,309.890000,331817
2025-08-25 12:15,309.890000,310.040000,309.500000,309.500000,294578
2025-08-25 12:30,309.520000,309.530000,309.200000,309.210000,411760
2025-08-25 12:45,309.200000,309.210000,308.750000,308.990000,859380
2025-08-25 13:00,309.000000,309.430000,308.900000,309.350000,729814
2025-08-25 13:15,309.350000,309.470000,309.220000,309.370000,101035
2025-08-25 13:30,309.360000,309.490000,309.130000,309.300000,148356
2025-08-25 13:45,309.300000,310.070000,309.300000,309.910000,363876
2025-08-25 14:00,309.910000,310.350000,309.900000,310.230000,414245
2025-08-25 14:15,310.250000,310.560000,310.160000,310.290000,405843
2025-08-25 14:30,310.290000,310.570000,310.120000,310.350000,310034
2025-08-25 14:45,310.350000,310.910000,310.350000,310.840000,425130
2025-08-25 15:00,310.840000,311.850000,310.840000,311.790000,925269
2025-08-25 15:15,311.790000,311.840000,311.640000,311.740000,324222
2025-08-25 15:30,311.740000,311.990000,311.730000,311.970000,343311
2025-08-25 15:45,311.970000,311.970000,311.970000,311.970000,25202
2025-08-25 16:00,311.970000,312.100000,311.800000,312.070000,604268
2025-08-25 16:15,312.080000,312.100000,311.640000,311.690000,108913
2025-08-25 16:30,311.700000,311.840000,311.510000,311.650000,98596
2025-08-25 16:45,311.650000,311.890000,311.630000,311.880000,57691
2025-08-25 17:00,311.880000,311.880000,311.510000,311.570000,114024
2025-08-25 17:15,311.570000,311.600000,311.510000,311.540000,19913
2025-08-25 17:30,311.550000,311.650000,311.510000,311.650000,33994
2025-08-25 17:45,311.650000,311.770000,311.460000,311.730000,83782
2025-08-25 18:00,311.730000,311.750000,311.570000,311.650000,35061
2025-08-25 18:15,311.650000,311.650000,311.510000,311.560000,29072
2025-08-25 18:30,311.550000,311.570000,311.540000,311.550000,17540
2025-08-25 18:45,311.560000,311.570000,311.510000,311.550000,18946
2025-08-25 19:00,311.550000,311.550000,311.520000,311.530000,8337
2025-08-25 19:15,311.540000,311.540000,311.510000,311.520000,16668
2025-08-25 19:30,311.520000,311.520000,311.460000,311.460000,22293
2025-08-25 19:45,311.470000,311.500000,311.440000,311.470000,29246
2025-08-25 20:00,311.450000,311.460000,311.310000,311.340000,82054
2025-08-25 20:15,311.340000,311.420000,311.280000,311.290000,65512
2025-08-25 20:30,311.280000,311.420000,311.240000,311.420000,71621
2025-08-25 20:45,311.420000,311.440000,311.290000,311.420000,11326
2025-08-26 03:45,311.110000,311.110000,311.110000,311.110000,14960
2025-08-26 04:00,311.300000,312.050000,311.120000,312.040000,77267
2025-08-26 04:15,312.050000,312.200000,311.820000,311.910000,70854
2025-08-26 04:30,311.910000,312.170000,311.820000,312.170000,43901
2025-08-26 04:45,312.140000,312.180000,312.120000,312.140000,62506
2025-08-26 05:00,312.130000,312.150000,312.100000,312.110000,36521
2025-08-26 05:15,312.110000,312.110000,312.100000,312.100000,14746
2025-08-26 05:30,312.110000,312.110000,312.050000,312.100000,34010
2025-08-26 05:45,312.100000,312.110000,311.900000,312.100000,51544
2025-08-26 06:00,312.000000,312.090000,311.600000,311.870000,132761
2025-08-26 06:15,311.870000,312.820000,311.860000,312.800000,354030
2025-08-26 06:30,312.800000,313.490000,312.730000,313.020000,756050
2025-08-26 06:45,313.130000,313.600000,313.090000,313.600000,390092
2025-08-26 07:00,313.580000,314.000000,313.570000,313.580000,730743
2025-08-26 07:15,313.590000,313.670000,312.710000,312.730000,616889
2025-08-26 07:30,312.740000,313.280000,312.720000,313.140000,301741
2025-08-26 07:45,313.150000,313.380000,312.890000,313.070000,380291
2025-08-26 08:00,313.080000,313.530000,312.880000,313.350000,196214
2025-08-26 08:15,313.350000,313.480000,313.020000,313.040000,90401
2025-08-26 08:30,313.040000,313.550000,313.030000,313.400000,168142
2025-08-26 08:45,313.410000,313.410000,312.900000,313.030000,179782
2025-08-26 09:00,313.030000,313.050000,312.820000,312.920000,169499
2025-08-26 09:15,312.910000,312.970000,312.400000,312.830000,296349
2025-08-26 09:30,312.830000,312.830000,312.010000,312.160000,421638
2025-08-26 09:45,312.160000,312.380000,312.000000,312.340000,100110
2025-08-26 10:00,312.340000,312.500000,312.340000,312.460000,74908
2025-08-26 10:15,312.460000,312.690000,312.450000,312.530000,108954
2025-08-26 10:30,312.530000,313.050000,312.500000,312.880000,209733
2025-08-26 10:45,312.880000,313.110000,312.840000,313.110000,165597
2025-08-26 11:00,313.110000,313.520000,313.100000,313.340000,200995
2025-08-26 11:15,313.330000,313.340000,313.030000,313.180000,76709
2025-08-26 11:30,313.180000,313.200000,313.060000,313.100000,65897
2025-08-26 11:45,313.100000,313.170000,313.020000,313.030000,83059
2025-08-26 12:00,313.020000,313.020000,312.500000,312.770000,244586
2025-08-26 12:15,312.760000,312.800000,312.360000,312.650000,133031
2025-08-26 12:30,312.660000,312.690000,312.480000,312.490000,125600
2025-08-26 12:45,312.480000,312.500000,312.180000,312.500000,136874
2025-08-26 13:00,312.500000,312.500000,312.120000,312.170000,180816
2025-08-26 13:15,312.170000,312.170000,311.310000,311.590000,714761
2025-08-26 13:30,311.590000,312.150000,311.550000,312.090000,195757
2025-08-26 13:45,312.090000,312.140000,310.680000,311.060000,494554
2025-08-26 14:00,311.060000,311.470000,310.990000,311.410000,315485
2025-08-26 14:15,311.370000,311.370000,310.910000,310.920000,106695
2025-08-26 14:30,310.930000,311.240000,310.540000,310.710000,234566
2025-08-26 14:45,310.740000,311.120000,310.500000,310.600000,362555
2025-08-26 15:00,310.600000,311.220000,310.520000,311.190000,138168
2025-08-26 15:15,311.190000,311.190000,311.010000,311.030000,69647
2025-08-26 15:30,311.030000,311.390000,311.000000,311.240000,137888
2025-08-26 15:45,311.210000,311.210000,311.210000,311.210000,5445
2025-08-26 16:00,311.240000,311.490000,311.190000,311.200000,47921
2025-08-26 16:15,311.200000,311.230000,310.860000,310.920000,53995
2025-08-26 16:30,310.920000,311.010000,310.860000,310.860000,32641
2025-08-26 16:45,310.870000,311.240000,310.700000,311.220000,43279
2025-08-26 17:00,311.200000,311.250000,311.030000,311.170000,41690
2025-08-26 17:15,311.170000,311.690000,311.160000,311.540000,255974
2025-08-26 17:30,311.540000,311.550000,311.250000,311.340000,37516
2025-08-26 17:45,311.350000,311.550000,311.310000,311.420000,34902
2025-08-26 18:00,311.420000,311.650000,311.350000,311.550000,45801
2025-08-26 18:15,311.560000,311.660000,311.430000,311.660000,19737
2025-08-26 18:30,311.660000,311.870000,311.630000,311.780000,112284
2025-08-26 18:45,311.790000,311.850000,311.700000,311.780000,20269
2025-08-26 19:00,311.780000,311.780000,311.360000,311.680000,44126
2025-08-26 19:15,311.660000,311.670000,311.480000,311.660000,36338
2025-08-26 19:30,311.660000,311.690000,311.610000,311.650000,27995
2025-08-26 19:45,311.660000,311.680000,311.620000,311.650000,34480
2025-08-26 20:00,311.630000,311.700000,311.610000,311.650000,13154
2025-08-26 20:15,311.650000,311.650000,311.530000,311.600000,14289
2025-08-26 20:30,311.580000,311.760000,311.530000,311.690000,71920
2025-08-26 20:45,311.740000,311.790000,311.670000,311.790000,35600
2025-08-27 03:45,312.000000,312.000000,312.000000,312.000000,5680
2025-08-27 04:00,311.990000,312.780000,311.900000,312.100000,247003
2025-08-27 04:15,312.100000,312.110000,312.000000,312.010000,43359
2025-08-27 04:30,312.000000,312.250000,311.900000,312.210000,31419
2025-08-27 04:45,312.190000,312.220000,312.040000,312.190000,60816
2025-08-27 05:00,312.150000,312.200000,311.910000,311.920000,41820
2025-08-27 05:15,311.920000,311.990000,311.720000,311.900000,49938
2025-08-27 05:30,311.900000,312.000000,311.860000,312.000000,18043
2025-08-27 05:45,311.930000,312.000000,311.870000,311.880000,13297
2025-08-27 06:00,311.880000,311.950000,311.720000,311.790000,65263
2025-08-27 06:15,311.790000,311.790000,311.500000,311.530000,221214
2025-08-27 06:30,311.510000,312.090000,311.440000,312.090000,87077
2025-08-27 06:45,312.080000,312.090000,311.400000,311.400000,147804
2025-08-27 07:00,311.400000,311.800000,311.060000,311.730000,329652
2025-08-27 07:15,311.730000,312.360000,311.730000,312.210000,526321
2025-08-27 07:30,312.210000,312.340000,311.840000,311.900000,209960
2025-08-27 07:45,311.910000,312.200000,311.910000,312.200000,187459
2025-08-27 08:00,312.200000,312.390000,312.100000,312.280000,322349
2025-08-27 08:15,312.280000,312.640000,312.250000,312.640000,227035
2025-08-27 08:30,312.640000,312.980000,312.110000,312.200000,339449
2025-08-27 08:45,312.190000,312.450000,311.820000,312.370000,184108
2025-08-27 09:00,312.370000,312.500000,312.370000,312.460000,71955
2025-08-27 09:15,312.470000,312.470000,312.000000,312.110000,129557
2025-08-27 09:30,312.110000,312.320000,312.090000,312.180000,71643
2025-08-27 09:45,312.150000,312.300000,312.060000,312.110000,46540
2025-08-27 10:00,312.120000,312.300000,312.000000,312.090000,91898
2025-08-27 10:15,312.090000,312.360000,312.060000,312.140000,68953
2025-08-27 10:30,312.110000,312.270000,312.040000,312.150000,67267
2025-08-27 10:45,312.150000,312.160000,311.630000,312.080000,280185
2025-08-27 11:00,312.070000,312.360000,311.840000,312.340000,102503
2025-08-27 11:15,312.340000,312.340000,311.780000,311.810000,187030
2025-08-27 11:30,311.810000,312.000000,311.800000,311.990000,389585
2025-08-27 11:45,312.000000,312.470000,311.910000,312.030000,694616
2025-08-27 12:00,312.030000,312.270000,311.930000,312.190000,248294
2025-08-27 12:15,312.180000,312.470000,312.180000,312.330000,235732
2025-08-27 12:30,312.330000,312.720000,312.290000,312.560000,444540
2025-08-27 12:45,312.560000,312.960000,312.500000,312.900000,309197
2025-08-27 13:00,312.900000,313.000000,312.600000,312.930000,264306
2025-08-27 13:15,312.930000,313.000000,312.670000,312.920000,245419
2025-08-27 13:30,312.910000,312.940000,312.660000,312.900000,192194
2025-08-27 13:45,312.910000,313.490000,312.900000,313.320000,656083
2025-08-27 14:00,313.310000,313.780000,313.130000,313.140000,460796
2025-08-27 14:15,313.160000,313.490000,312.770000,313.240000,342761
2025-08-27 14:30,313.250000,313.490000,313.160000,313.470000,175459
2025-08-27 14:45,313.470000,313.500000,313.100000,313.190000,220137
2025-08-27 15:00,313.190000,313.360000,312.860000,313.110000,235049
2025-08-27 15:15,313.100000,313.100000,312.310000,312.870000,328970
2025-08-27 15:30,312.860000,312.930000,312.480000,312.710000,108272
2025-08-27 15:45,312.990000,312.990000,312.990000,312.990000,48176
2025-08-27 16:00,312.620000,313.280000,312.590000,312.800000,139990
2025-08-27 16:15,312.790000,313.460000,312.710000,313.460000,141806
2025-08-27 16:30,313.420000,313.460000,312.980000,313.040000,152514
2025-08-27 16:45,313.060000,313.190000,313.040000,313.190000,140981
2025-08-27 17:00,313.190000,313.400000,313.100000,313.400000,143981
2025-08-27 17:15,313.390000,313.440000,313.250000,313.420000,128655
2025-08-27 17:30,313.420000,313.450000,313.200000,313.320000,67873
2025-08-27 17:45,313.320000,313.400000,313.300000,313.340000,33092
2025-08-27 18:00,313.340000,313.420000,313.200000,313.420000,81256
2025-08-27 18:15,313.420000,313.420000,313.270000,313.310000,52740
2025-08-27 18:30,313.300000,313.310000,313.120000,313.190000,45313
2025-08-27 18:45,313.200000,313.200000,313.060000,313.120000,16580
2025-08-27 19:00,313.130000,313.130000,312.850000,312.910000,51380
2025-08-27 19:15,312.910000,312.910000,312.700000,312.750000,82632
2025-08-27 19:30,312.740000,312.830000,312.680000,312.780000,52006
2025-08-27 19:45,312.770000,312.940000,312.710000,312.910000,42112
2025-08-27 20:00,312.910000,312.920000,312.690000,312.730000,95764
2025-08-27 20:15,312.730000,312.750000,312.570000,312.690000,43313
2025-08-27 20:30,312.690000,312.690000,312.500000,312.610000,84311
2025-08-27 20:45,312.610000,312.830000,312.520000,312.780000,20349
2025-08-28 03:45,313.030000,313.030000,313.030000,313.030000,1982
2025-08-28 04:00,313.030000,313.320000,312.810000,313.110000,141994
2025-08-28 04:15,313.010000,313.110000,312.900000,312.910000,59643
2025-08-28 04:30,312.910000,312.920000,312.100000,312.640000,346717
2025-08-28 04:45,312.630000,312.780000,312.550000,312.690000,39145
2025-08-28 05:00,312.690000,312.790000,312.650000,312.700000,22929
2025-08-28 05:15,312.700000,312.780000,312.680000,312.720000,24710
2025-08-28 05:30,312.720000,312.720000,312.520000,312.520000,26303
2025-08-28 05:45,312.590000,312.880000,312.520000,312.880000,51331
2025-08-28 06:00,312.880000,312.910000,312.250000,312.390000,73670
2025-08-28 06:15,312.380000,312.460000,312.220000,312.390000,77627
2025-08-28 06:30,312.390000,312.410000,312.330000,312.410000,32777
2025-08-28 06:45,312.410000,312.520000,312.280000,312.430000,105962
2025-08-28 07:00,312.420000,312.420000,311.740000,312.020000,540164
2025-08-28 07:15,312.020000,312.160000,311.900000,312.000000,244695
2025-08-28 07:30,312.000000,312.000000,311.900000,311.910000,108223
2025-08-28 07:45,311.920000,312.090000,311.860000,311.870000,159302
2025-08-28 08:00,311.860000,312.450000,311.760000,312.310000,283317
2025-08-28 08:15,312.310000,312.480000,312.310000,312.360000,205211
2025-08-28 08:30,312.360000,312.500000,312.320000,312.460000,252836
2025-08-28 08:45,312.460000,312.490000,312.320000,312.330000,97543
2025-08-28 09:00,312.330000,312.790000,312.320000,312.760000,200768
2025-08-28 09:15,312.760000,312.840000,312.490000,312.600000,481923
2025-08-28 09:30,312.600000,312.700000,312.200000,312.650000,150136
2025-08-28 09:45,312.650000,312.840000,312.450000,312.550000,91699
2025-08-28 10:00,312.550000,312.840000,312.540000,312.720000,111028
2025-08-28 10:15,312.720000,312.720000,312.460000,312.530000,42579
2025-08-28 10:30,312.530000,312.530000,312.010000,312.200000,332125
2025-08-28 10:45,312.200000,312.300000,311.180000,311.650000,671840
2025-08-28 11:00,311.650000,311.700000,311.110000,311.540000,309069
2025-08-28 11:15,311.540000,311.680000,311.500000,311.590000,342020
2025-08-28 11:30,311.600000,311.730000,311.530000,311.610000,92931
2025-08-28 11:45,311.620000,311.700000,311.500000,311.520000,104529
2025-08-28 12:00,311.520000,311.850000,311.500000,311.740000,131362
2025-08-28 12:15,311.750000,311.850000,311.620000,311.630000,79934
2025-08-28 12:30,311.620000,311.690000,311.520000,311.600000,152042
2025-08-28 12:45,311.580000,311.900000,311.570000,311.850000,148907
2025-08-28 13:00,311.850000,312.360000,311.840000,312.080000,227698
2025-08-28 13:15,312.080000,312.100000,311.920000,312.040000,57099
2025-08-28 13:30,312.050000,312.190000,311.940000,311.990000,82018
2025-08-28 13:45,311.990000,312.000000,311.830000,311.860000,138768
2025-08-28 14:00,311.860000,312.260000,311.860000,312.220000,112086
2025-08-28 14:15,312.230000,312.300000,312.090000,312.280000,121764
2025-08-28 14:30,312.280000,312.500000,312.230000,312.370000,191323
2025-08-28 14:45,312.370000,312.580000,312.370000,312.460000,187629
2025-08-28 15:00,312.460000,312.830000,312.450000,312.820000,603184
2025-08-28 15:15,312.830000,313.400000,312.710000,313.390000,964072
2025-08-28 15:30,313.380000,314.000000,313.340000,313.950000,1227881
2025-08-28 15:45,314.500000,314.500000,314.500000,314.500000,389489
2025-08-28 16:00,314.460000,314.500000,313.780000,313.800000,617923
2025-08-28 16:15,313.800000,313.850000,313.630000,313.630000,201194
2025-08-28 16:30,313.640000,313.700000,313.290000,313.290000,175372
2025-08-28 16:45,313.300000,314.390000,313.030000,313.490000,1120257
2025-08-28 17:00,313.490000,313.620000,312.000000,312.110000,1161315
2025-08-28 17:15,312.100000,312.710000,311.710000,312.590000,529863
2025-08-28 17:30,312.530000,312.530000,310.500000,310.680000,2287324
2025-08-28 17:45,310.650000,311.420000,310.500000,311.410000,875313
2025-08-28 18:00,311.410000,311.410000,311.100000,311.100000,194023
2025-08-28 18:15,311.120000,311.170000,310.700000,310.980000,420731
2025-08-28 18:30,310.990000,311.490000,310.870000,311.410000,312155
2025-08-28 18:45,311.400000,311.410000,310.990000,311.210000,107667
2025-08-28 19:00,311.200000,311.200000,310.700000,310.890000,322372
2025-08-28 19:15,310.880000,310.880000,310.700000,310.780000,129546
2025-08-28 19:30,310.780000,310.780000,310.120000,310.390000,494781
2025-08-28 19:45,310.390000,310.400000,310.220000,310.280000,130537
2025-08-28 20:00,310.270000,310.770000,310.230000,310.650000,248618
2025-08-28 20:15,310.660000,310.720000,310.420000,310.550000,52113
2025-08-28 20:30,310.550000,310.890000,310.530000,310.830000,212113
2025-08-28 20:45,310.780000,311.000000,310.760000,310.820000,74246
2025-08-29 03:45,311.180000,311.180000,311.180000,311.180000,3869
2025-08-29 04:00,311.190000,311.820000,310.890000,311.590000,422654
2025-08-29 04:15,311.590000,311.590000,311.270000,311.270000,64904
2025-08-29 04:30,311.290000,311.520000,311.000000,311.480000,72959
2025-08-29 04:45,311.480000,311.770000,311.460000,311.570000,59897
2025-08-29 05:00,311.570000,311.570000,311.460000,311.550000,51126
2025-08-29 05:15,311.560000,311.700000,311.480000,311.700000,29777
2025-08-29 05:30,311.690000,311.780000,311.690000,311.770000,45679
2025-08-29 05:45,311.770000,311.770000,311.510000,311.600000,27905
2025-08-29 06:00,311.590000,311.690000,311.230000,311.570000,115308
2025-08-29 06:15,311.590000,311.610000,311.250000,311.260000,74673
2025-08-29 06:30,311.250000,311.260000,311.070000,311.200000,47028
2025-08-29 06:45,311.200000,311.270000,311.100000,311.130000,96540
2025-08-29 07:00,311.130000,311.610000,310.550000,310.640000,537171
2025-08-29 07:15,310.640000,310.980000,310.200000,310.800000,633073
2025-08-29 07:30,310.800000,310.810000,310.310000,310.610000,592447
2025-08-29 07:45,310.620000,311.200000,310.600000,311.200000,532289
2025-08-29 08:00,311.200000,311.230000,311.020000,311.170000,161124
2025-08-29 08:15,311.170000,311.200000,310.710000,310.820000,153025
2025-08-29 08:30,310.820000,311.000000,310.760000,310.850000,65251
2025-08-29 08:45,310.850000,311.220000,310.710000,311.090000,194110
2025-08-29 09:00,311.080000,311.420000,310.780000,311.050000,483354
2025-08-29 09:15,311.050000,311.340000,311.050000,311.290000,65994
2025-08-29 09:30,311.280000,311.290000,310.600000,310.660000,240900
2025-08-29 09:45,310.670000,310.730000,310.600000,310.640000,153889
2025-08-29 10:00,310.620000,311.120000,310.410000,310.680000,610499
2025-08-29 10:15,310.680000,310.890000,310.360000,310.660000,416995
2025-08-29 10:30,310.650000,310.660000,310.210000,310.370000,327963
2025-08-29 10:45,310.360000,310.420000,310.120000,310.220000,272802
2025-08-29 11:00,310.220000,310.340000,310.120000,310.130000,134125
2025-08-29 11:15,310.130000,310.320000,309.620000,309.780000,756187
2025-08-29 11:30,309.790000,309.790000,308.950000,309.250000,1542230
2025-08-29 11:45,309.240000,309.840000,309.240000,309.790000,433653
2025-08-29 12:00,309.780000,309.800000,309.450000,309.750000,262261
2025-08-29 12:15,309.750000,309.890000,309.540000,309.880000,99635
2025-08-29 12:30,309.890000,310.000000,309.670000,310.000000,316618
2025-08-29 12:45,309.990000,310.000000,309.550000,309.720000,131831
2025-08-29 13:00,309.720000,309.720000,309.540000,309.710000,132169
2025-08-29 13:15,309.710000,309.720000,309.560000,309.570000,104254
2025-08-29 13:30,309.570000,309.720000,309.550000,309.610000,232318
2025-08-29 13:45,309.590000,309.720000,309.420000,309.470000,140269
2025-08-29 14:00,309.480000,310.410000,309.470000,310.330000,555961
2025-08-29 14:15,310.330000,310.840000,310.330000,310.490000,336929
2025-08-29 14:30,310.510000,310.690000,310.490000,310.680000,149611
2025-08-29 14:45,310.690000,311.280000,310.680000,311.180000,597046
2025-08-29 15:00,311.170000,311.350000,310.720000,311.080000,657834
2025-08-29 15:15,311.090000,311.120000,310.660000,310.660000,357406
2025-08-29 15:30,310.670000,311.000000,310.670000,310.860000,139470
2025-08-29 15:45,310.510000,310.510000,310.510000,310.510000,103462
2025-08-29 16:00,310.520000,310.830000,310.140000,310.150000,106967
2025-08-29 16:15,310.150000,310.270000,310.110000,310.260000,38198
2025-08-29 16:30,310.270000,310.490000,310.260000,310.290000,46167
2025-08-29 16:45,310.290000,310.400000,310.200000,310.200000,107210
2025-08-29 17:00,310.210000,310.370000,310.140000,310.290000,48680
2025-08-29 17:15,310.290000,310.490000,310.230000,310.430000,44522
2025-08-29 17:30,310.430000,310.500000,310.290000,310.300000,49741
2025-08-29 17:45,310.300000,310.300000,310.170000,310.290000,32426
2025-08-29 18:00,310.290000,310.300000,310.160000,310.170000,36632
2025-08-29 18:15,310.170000,310.360000,310.160000,310.360000,50506
2025-08-29 18:30,310.360000,310.390000,310.220000,310.230000,80864
2025-08-29 18:45,310.230000,310.300000,310.130000,310.300000,53783
2025-08-29 19:00,310.300000,310.340000,310.220000,310.230000,15257
2025-08-29 19:15,310.230000,310.240000,310.100000,310.220000,67104
2025-08-29 19:30,310.220000,310.290000,310.200000,310.280000,29753
2025-08-29 19:45,310.280000,310.350000,310.200000,310.330000,55992
2025-08-29 20:00,310.320000,310.350000,310.220000,310.340000,30924
2025-08-29 20:15,310.330000,310.380000,310.220000,310.340000,90443
2025-08-29 20:30,310.370000,310.400000,310.220000,310.220000,91535
2025-08-29 20:45,310.320000,310.340000,310.040000,310.040000,42517
2025-08-29 23:00,308.970000,310.470000,308.970000,309.720000,1655
2025-08-29 23:15,310.350000,310.380000,310.330000,310.370000,149
2025-08-29 23:30,310.370000,310.390000,309.500000,309.570000,2026
2025-08-29 23:45,310.280000,310.330000,309.800000,310.310000,173
2025-08-30 00:00,310.310000,310.310000,309.910000,310.290000,205
2025-08-30 00:15,310.290000,310.520000,309.950000,310.440000,1693
2025-08-30 00:30,310.500000,310.500000,310.000000,310.050000,37
2025-08-30 00:45,310.050000,310.510000,310.000000,310.490000,78
2025-08-30 01:00,310.400000,310.490000,309.960000,309.960000,45
2025-08-30 01:15,310.470000,310.490000,309.950000,310.480000,708
2025-08-30 01:30,310.490000,310.490000,310.480000,310.480000,436
2025-08-30 01:45,310.490000,310.490000,310.480000,310.490000,98
2025-08-30 02:00,310.490000,310.490000,310.480000,310.480000,264
2025-08-30 02:15,310.480000,310.490000,310.050000,310.480000,1062
2025-08-30 02:30,310.490000,310.490000,310.000000,310.000000,358
2025-08-30 02:45,310.390000,310.400000,309.960000,310.390000,195
2025-08-30 03:00,310.370000,310.390000,309.960000,310.390000,335
2025-08-30 03:15,310.390000,310.490000,309.960000,310.480000,1254
2025-08-30 03:30,310.050000,310.460000,310.050000,310.230000,192
2025-08-30 03:45,310.430000,310.450000,310.220000,310.450000,763
2025-08-30 04:00,310.300000,310.530000,310.220000,310.240000,1639
2025-08-30 04:15,310.250000,310.530000,310.240000,310.530000,509
2025-08-30 04:30,310.530000,310.810000,310.220000,310.440000,2157
2025-08-30 04:45,310.750000,310.860000,310.510000,310.860000,3300
2025-08-30 05:00,310.860000,310.910000,310.800000,310.910000,2245
2025-08-30 05:15,310.910000,310.990000,310.800000,310.980000,1156
2025-08-30 05:30,310.980000,310.990000,309.820000,310.250000,27933
2025-08-30 05:45,310.250000,310.390000,309.080000,309.550000,55401
2025-08-30 06:00,310.040000,310.040000,309.500000,309.900000,4957
2025-08-30 06:15,309.900000,309.900000,309.600000,309.610000,4269
2025-08-30 06:30,309.610000,309.900000,309.610000,309.900000,3561
2025-08-30 06:45,309.990000,309.990000,309.990000,309.990000,10314
2025-08-30 07:00,309.990000,310.460000,309.950000,310.360000,44311
2025-08-30 07:15,310.370000,310.380000,310.300000,310.380000,22313
2025-08-30 07:30,310.370000,310.420000,310.330000,310.390000,18582
2025-08-30 07:30,310.370000,310.420000,310.330000,310.390000,18582
2025-08-30 07:45,310.380000,310.450000,310.380000,310.450000,11429
2025-08-30 08:00,310.450000,310.450000,310.380000,310.450000,8495
2025-08-30 08:15,310.450000,310.450000,310.380000,310.430000,56605
2025-08-30 08:30,310.400000,310.430000,310.260000,310.270000,11289
2025-08-30 08:45,310.290000,310.350000,310.240000,310.260000,7386
2025-08-30 09:00,310.260000,310.360000,310.040000,310.240000,11551
2025-08-30 09:15,310.290000,310.360000,310.200000,310.330000,8293
2025-08-30 09:30,310.330000,310.400000,310.270000,310.350000,6065
2025-08-30 09:45,310.300000,310.400000,310.220000,310.330000,6408
2025-08-30 10:00,310.380000,310.410000,310.200000,310.280000,10221
2025-08-30 10:15,310.290000,310.430000,310.290000,310.410000,3511
2025-08-30 10:30,310.430000,310.430000,310.120000,310.180000,26688
2025-08-30 10:45,310.180000,310.320000,310.180000,310.260000,2662
2025-08-30 11:00,310.260000,310.540000,310.060000,310.280000,88969
2025-08-30 11:15,310.270000,310.500000,310.260000,310.400000,10621
2025-08-30 11:30,310.410000,310.490000,310.400000,310.490000,20987
2025-08-30 11:45,310.480000,310.490000,310.400000,310.400000,5495
2025-08-30 12:00,310.440000,310.440000,310.240000,310.370000,16907
2025-08-30 12:15,310.330000,310.430000,310.280000,310.430000,9911
2025-08-30 12:30,310.400000,310.430000,310.190000,310.250000,6471
2025-08-30 12:45,310.250000,310.290000,310.210000,310.230000,3459
2025-08-30 13:00,310.290000,310.290000,310.150000,310.290000,9617
2025-08-30 13:15,310.270000,310.280000,310.040000,310.190000,19203
2025-08-30 13:30,310.190000,310.200000,310.100000,310.150000,3803
2025-08-30 13:45,310.150000,310.180000,310.080000,310.110000,7480
2025-08-30 14:00,310.150000,310.150000,310.100000,310.120000,7168
2025-08-30 14:15,310.120000,310.140000,310.100000,310.140000,4568
2025-08-30 14:30,310.140000,310.140000,309.970000,309.980000,142232
2025-08-30 14:45,309.980000,309.990000,309.830000,309.910000,11044
2025-08-30 15:00,309.910000,309.990000,309.870000,309.870000,23719
2025-08-30 15:15,309.890000,309.900000,309.710000,309.850000,30389
2025-08-30 15:30,309.830000,309.870000,309.720000,309.840000,52325
2025-08-30 15:45,309.830000,310.090000,309.730000,309.920000,40271
2025-08-30 16:00,310.020000,311.260000,310.010000,310.110000,853
2025-08-30 16:15,310.230000,310.480000,310.130000,310.190000,1993
2025-08-30 16:30,310.190000,310.400000,309.620000,310.320000,5384
2025-08-30 16:45,309.920000,310.450000,309.820000,310.420000,2941
2025-08-30 17:00,310.290000,310.430000,310.020000,310.160000,445
2025-08-30 17:15,310.400000,310.430000,310.150000,310.410000,754
2025-08-30 17:30,310.410000,310.410000,310.150000,310.380000,1647
2025-08-30 17:45,310.380000,310.400000,310.100000,310.360000,2207
2025-08-30 18:00,310.110000,310.370000,309.620000,310.350000,6067
2025-08-30 18:15,310.280000,310.290000,309.750000,309.990000,1402
2025-08-30 18:30,309.830000,310.260000,309.670000,309.920000,1667
2025-08-30 18:45,309.830000,310.210000,309.830000,310.130000,2209
2025-08-30 19:00,310.120000,310.130000,309.840000,310.030000,555
2025-08-30 19:15,310.040000,310.070000,309.660000,309.920000,2215
2025-08-30 19:30,309.920000,310.400000,309.660000,310.000000,5909
2025-08-30 19:45,309.820000,310.390000,309.670000,309.680000,1515
2025-08-30 20:00,310.020000,310.390000,309.620000,310.020000,3130
2025-08-30 20:15,310.370000,310.480000,309.720000,310.380000,12868
2025-08-30 20:30,310.380000,310.450000,309.740000,310.390000,1351
2025-08-30 20:45,310.390000,310.390000,309.730000,309.730000,188
2025-08-30 23:00,310.820000,310.820000,309.580000,309.650000,773
2025-08-30 23:15,310.490000,310.720000,309.790000,310.710000,371
2025-08-30 23:30,310.710000,310.710000,310.010000,310.070000,403
2025-08-30 23:45,310.680000,310.690000,310.000000,310.640000,290
2025-08-31 00:00,310.040000,310.640000,310.030000,310.640000,105
2025-08-31 00:15,310.640000,310.690000,310.040000,310.580000,1360
2025-08-31 00:30,310.570000,310.680000,310.040000,310.050000,10
2025-08-31 00:45,310.670000,310.670000,310.050000,310.070000,32
2025-08-31 01:00,310.660000,310.660000,310.090000,310.620000,8
2025-08-31 01:15,310.120000,310.400000,310.110000,310.400000,160
2025-08-31 01:30,310.400000,310.570000,310.120000,310.570000,103
2025-08-31 01:45,310.570000,310.570000,310.110000,310.130000,102
2025-08-31 02:00,310.560000,310.560000,310.130000,310.530000,36
2025-08-31 02:15,310.540000,310.560000,310.300000,310.550000,200
2025-08-31 02:30,310.560000,310.570000,310.310000,310.320000,161
2025-08-31 02:45,310.540000,310.540000,310.310000,310.540000,392
2025-08-31 03:00,310.540000,310.540000,310.310000,310.500000,1040
2025-08-31 03:15,310.500000,310.500000,310.310000,310.440000,96
2025-08-31 03:30,310.440000,310.440000,310.320000,310.320000,76
2025-08-31 03:45,310.390000,310.390000,310.320000,310.320000,110
2025-08-31 04:00,310.330000,310.390000,310.320000,310.390000,165
2025-08-31 04:15,310.390000,310.390000,310.320000,310.390000,526
2025-08-31 04:30,310.330000,310.400000,310.320000,310.400000,808
2025-08-31 04:45,310.320000,310.480000,310.320000,310.480000,909
2025-08-31 05:00,310.450000,310.480000,310.320000,310.340000,4596
2025-08-31 05:15,310.470000,310.470000,310.340000,310.470000,397
2025-08-31 05:30,310.470000,310.490000,310.370000,310.480000,2964
2025-08-31 05:45,310.480000,310.480000,310.370000,310.380000,406
2025-08-31 06:00,310.480000,310.490000,310.300000,310.380000,2274
2025-08-31 06:15,310.480000,310.490000,309.610000,310.290000,11964
2025-08-31 06:30,310.290000,310.320000,309.800000,310.310000,657
2025-08-31 06:45,309.920000,309.920000,309.920000,309.920000,5705
2025-08-31 07:00,310.000000,310.710000,309.930000,310.700000,63766
2025-08-31 07:15,310.700000,310.890000,310.600000,310.780000,20021
2025-08-31 07:30,310.780000,310.860000,310.110000,310.610000,98584
2025-08-31 07:45,310.600000,310.790000,310.320000,310.690000,76227
2025-08-31 08:00,310.670000,310.870000,310.610000,310.790000,81737
2025-08-31 08:15,310.790000,311.000000,310.780000,310.930000,41098
2025-08-31 08:30,310.930000,311.240000,310.920000,311.200000,77456
2025-08-31 08:45,311.200000,311.200000,311.040000,311.090000,45810
2025-08-31 09:00,311.090000,311.130000,311.000000,311.030000,38883
2025-08-31 09:15,311.020000,311.040000,310.800000,310.900000,44969
2025-08-31 09:30,310.900000,310.960000,310.750000,310.870000,11167
2025-08-31 09:45,310.820000,310.870000,310.620000,310.730000,34835
2025-08-31 10:00,310.710000,310.730000,310.600000,310.690000,12453
2025-08-31 10:15,310.690000,310.840000,310.650000,310.700000,4483
2025-08-31 10:30,310.700000,310.850000,310.560000,310.800000,31281
2025-08-31 10:45,310.850000,310.950000,310.560000,310.570000,35250
2025-08-31 11:00,310.570000,310.570000,310.520000,310.550000,17652
2025-08-31 11:15,310.550000,310.590000,310.520000,310.590000,18848
2025-08-31 11:30,310.550000,310.640000,310.550000,310.590000,15548
2025-08-31 11:45,310.550000,310.590000,310.550000,310.550000,6054
2025-08-31 12:00,310.550000,310.570000,310.340000,310.500000,22244
2025-08-31 12:15,310.510000,310.690000,310.500000,310.510000,23415
2025-08-31 12:30,310.500000,310.580000,310.340000,310.410000,19881
2025-08-31 12:45,310.400000,310.560000,310.390000,310.550000,9234
2025-08-31 13:00,310.550000,310.580000,310.500000,310.580000,7033
2025-08-31 13:15,310.580000,310.590000,310.550000,310.550000,10524
2025-08-31 13:30,310.560000,310.580000,310.500000,310.530000,28511
2025-08-31 13:45,310.530000,310.590000,310.500000,310.580000,13925
2025-08-31 14:00,310.550000,310.590000,310.550000,310.580000,11556
2025-08-31 14:15,310.590000,310.760000,310.580000,310.750000,13883
2025-08-31 14:30,310.750000,310.940000,310.720000,310.900000,8764
2025-08-31 14:45,310.900000,310.940000,310.750000,310.830000,11163
2025-08-31 15:00,310.830000,310.950000,310.770000,310.930000,20537
2025-08-31 15:15,310.910000,310.960000,310.900000,310.940000,27738
2025-08-31 15:30,310.900000,311.090000,310.900000,311.080000,40197
2025-08-31 15:45,311.060000,311.190000,310.770000,310.990000,43286
2025-08-31 16:00,310.200000,312.530000,310.070000,311.450000,26341
2025-08-31 16:15,311.220000,311.450000,311.150000,311.300000,2741
2025-08-31 16:30,311.160000,311.370000,311.150000,311.360000,5954
2025-08-31 16:45,311.360000,311.390000,310.410000,311.360000,19964
2025-08-31 17:00,311.360000,311.360000,311.000000,311.020000,926
2025-08-31 17:15,311.020000,311.350000,311.000000,311.350000,1288
2025-08-31 17:30,311.010000,311.340000,310.590000,310.630000,1370
2025-08-31 17:45,310.630000,311.340000,310.610000,310.680000,1649
2025-08-31 18:00,310.990000,311.260000,310.500000,310.800000,1866
2025-08-31 18:15,310.800000,311.100000,310.500000,310.540000,2119
2025-08-31 18:30,310.990000,311.090000,310.550000,310.980000,1109
2025-08-31 18:45,310.980000,310.990000,310.570000,310.600000,2421
2025-08-31 19:00,310.910000,310.920000,310.580000,310.870000,1169
2025-08-31 19:15,310.600000,310.920000,310.570000,310.910000,3068
2025-08-31 19:30,310.910000,310.960000,310.910000,310.910000,907
2025-08-31 19:45,310.910000,310.990000,310.910000,310.910000,1240
2025-08-31 20:00,310.990000,311.300000,310.910000,311.200000,8288
2025-08-31 20:15,310.990000,311.200000,310.910000,311.000000,1185
2025-08-31 20:30,311.200000,311.200000,310.930000,311.200000,3266
2025-08-31 20:45,311.200000,311.200000,310.930000,311.170000,66
2025-09-01 03:45,310.860000,310.860000,310.860000,310.860000,9354
2025-09-01 04:00,310.860000,311.380000,310.510000,311.100000,90210
2025-09-01 04:15,311.100000,311.280000,311.020000,311.240000,28560
2025-09-01 04:30,311.240000,311.240000,311.150000,311.180000,17914
2025-09-01 04:45,311.180000,311.480000,311.170000,311.480000,79047
2025-09-01 05:00,311.470000,311.780000,311.450000,311.780000,187232
2025-09-01 05:15,311.780000,311.970000,311.460000,311.470000,204558
2025-09-01 05:30,311.470000,311.850000,311.360000,311.850000,56000
2025-09-01 05:45,311.850000,311.940000,311.750000,311.800000,94932
2025-09-01 06:00,311.720000,311.800000,311.470000,311.680000,144796
2025-09-01 06:15,311.680000,311.900000,311.670000,311.790000,74713
2025-09-01 06:30,311.800000,311.990000,311.740000,311.960000,323087
2025-09-01 06:45,311.950000,312.170000,311.800000,312.150000,452024
2025-09-01 07:00,312.150000,312.500000,311.740000,311.790000,430285
2025-09-01 07:15,311.790000,311.790000,311.530000,311.640000,167072
2025-09-01 07:30,311.650000,311.780000,311.480000,311.530000,123369
2025-09-01 07:45,311.510000,311.510000,311.230000,311.270000,178092
2025-09-01 08:00,311.260000,311.260000,310.910000,310.990000,422006
2025-09-01 08:15,311.000000,311.200000,310.980000,310.990000,365213
2025-09-01 08:30,310.990000,310.990000,310.520000,310.580000,434382
2025-09-01 08:45,310.580000,310.890000,310.520000,310.660000,342864
2025-09-01 09:00,310.710000,311.030000,310.670000,310.920000,185097
2025-09-01 09:15,310.920000,310.980000,310.670000,310.790000,141134
2025-09-01 09:30,310.800000,311.000000,310.760000,310.770000,83210
2025-09-01 09:45,310.780000,310.990000,310.750000,310.850000,84477
2025-09-01 10:00,310.850000,310.930000,310.750000,310.880000,116358
2025-09-01 10:15,310.870000,310.930000,310.830000,310.880000,360442
2025-09-01 10:30,310.870000,311.140000,310.870000,310.930000,172301
2025-09-01 10:45,310.940000,310.960000,310.710000,310.780000,99027
2025-09-01 11:00,310.780000,310.910000,310.600000,310.850000,83797
2025-09-01 11:15,310.870000,310.980000,310.670000,310.910000,70055
2025-09-01 11:30,310.910000,310.980000,310.660000,310.760000,88890
2025-09-01 11:45,310.760000,310.890000,310.640000,310.720000,70987
2025-09-01 12:00,310.710000,310.890000,310.640000,310.860000,49825
2025-09-01 12:15,310.850000,310.860000,310.610000,310.670000,60825
2025-09-01 12:30,310.680000,310.800000,310.610000,310.700000,167584
2025-09-01 12:45,310.700000,310.780000,310.610000,310.680000,40055
2025-09-01 13:00,310.680000,310.700000,310.100000,310.180000,329540
2025-09-01 13:15,310.160000,310.160000,310.000000,310.020000,263372
2025-09-01 13:30,310.020000,310.260000,310.010000,310.250000,155046
2025-09-01 13:45,310.250000,310.500000,310.180000,310.300000,175979
2025-09-01 14:00,310.290000,310.400000,310.010000,310.010000,126216
2025-09-01 14:15,310.010000,310.020000,309.550000,309.730000,541096
2025-09-01 14:30,309.740000,309.900000,309.230000,309.400000,394994
2025-09-01 14:45,309.410000,309.600000,309.250000,309.430000,247894
2025-09-01 15:00,309.440000,309.440000,309.100000,309.120000,379621
2025-09-01 15:15,309.130000,309.330000,309.110000,309.120000,217022
2025-09-01 15:30,309.120000,309.120000,309.000000,309.050000,349045
2025-09-01 15:45,308.880000,308.880000,308.880000,308.880000,172356
2025-09-01 16:00,308.950000,309.090000,308.880000,309.090000,184459
2025-09-01 16:15,309.090000,309.380000,309.080000,309.200000,181662
2025-09-01 16:30,309.200000,309.420000,309.040000,309.060000,144421
2025-09-01 16:45,309.070000,309.320000,308.820000,309.320000,226110
2025-09-01 17:00,309.310000,309.320000,309.150000,309.300000,43733
2025-09-01 17:15,309.320000,309.380000,309.050000,309.160000,90847
2025-09-01 17:30,309.130000,309.230000,309.110000,309.230000,80322
2025-09-01 17:45,309.230000,309.350000,309.210000,309.330000,28493
2025-09-01 18:00,309.330000,309.470000,309.310000,309.470000,42438
2025-09-01 18:15,309.460000,309.580000,309.460000,309.580000,20797
2025-09-01 18:30,309.580000,309.580000,309.290000,309.300000,81876
2025-09-01 18:45,309.290000,309.420000,309.230000,309.290000,47987
2025-09-01 19:00,309.290000,309.330000,309.100000,309.300000,119939
2025-09-01 19:15,309.300000,309.310000,309.190000,309.240000,11487
2025-09-01 19:30,309.250000,309.300000,309.030000,309.140000,68435
2025-09-01 19:45,309.140000,309.300000,309.120000,309.280000,27709
2025-09-01 20:00,309.270000,309.400000,309.230000,309.330000,39335
2025-09-01 20:15,309.330000,309.350000,309.230000,309.260000,50362
2025-09-01 20:30,309.260000,309.340000,309.230000,309.240000,45200
2025-09-01 20:45,309.240000,309.250000,309.170000,309.200000,57520
2025-09-02 03:45,309.200000,309.200000,309.200000,309.200000,4513
2025-09-02 04:00,309.190000,309.350000,309.030000,309.220000,215076
2025-09-02 04:15,309.330000,309.800000,309.210000,309.800000,66659
2025-09-02 04:30,309.810000,309.900000,309.500000,309.690000,36061
2025-09-02 04:45,309.700000,309.890000,309.380000,309.550000,78312
2025-09-02 05:00,309.550000,309.570000,308.900000,308.950000,80827
2025-09-02 05:15,308.950000,309.190000,308.050000,308.560000,569422
2025-09-02 05:30,308.560000,308.560000,308.050000,308.050000,435610
2025-09-02 05:45,308.060000,308.630000,307.620000,308.620000,660767
2025-09-02 06:00,308.620000,308.990000,308.580000,308.830000,478184
2025-09-02 06:15,308.810000,308.850000,308.160000,308.220000,459457
2025-09-02 06:30,308.240000,308.880000,308.150000,308.770000,210000
2025-09-02 06:45,308.770000,308.900000,308.730000,308.730000,160230
2025-09-02 07:00,308.740000,308.740000,308.000000,308.650000,719228
2025-09-02 07:15,308.650000,308.650000,308.140000,308.500000,436404
2025-09-02 07:30,308.500000,308.900000,308.360000,308.590000,295886
2025-09-02 07:45,308.590000,308.910000,308.010000,308.170000,203805
2025-09-02 08:00,308.170000,308.210000,307.540000,308.160000,712027
2025-09-02 08:15,308.160000,308.530000,308.000000,308.530000,197663
2025-09-02 08:30,308.530000,308.630000,308.220000,308.360000,134297
2025-09-02 08:45,308.370000,308.800000,308.100000,308.550000,391574
2025-09-02 09:00,308.540000,308.550000,307.900000,308.300000,472324
2025-09-02 09:15,308.300000,308.300000,307.850000,307.900000,275108
2025-09-02 09:30,307.900000,308.730000,307.850000,308.530000,394004
2025-09-02 09:45,308.530000,308.640000,308.200000,308.240000,198111
2025-09-02 10:00,308.230000,308.300000,308.000000,308.300000,169543
2025-09-02 10:15,308.300000,308.360000,308.240000,308.280000,112623
2025-09-02 10:30,308.290000,308.400000,308.280000,308.310000,151602
2025-09-02 10:45,308.310000,308.400000,308.070000,308.350000,116885
2025-09-02 11:00,308.320000,308.740000,308.260000,308.470000,174414
2025-09-02 11:15,308.460000,308.760000,308.410000,308.760000,105358
2025-09-02 11:30,308.750000,308.800000,308.640000,308.750000,151986
2025-09-02 11:45,308.730000,309.390000,308.600000,309.200000,609542
2025-09-02 12:00,309.190000,310.100000,308.880000,309.700000,881810
2025-09-02 12:15,309.700000,309.800000,308.560000,308.820000,326742
2025-09-02 12:30,308.810000,308.970000,308.510000,308.850000,164367
2025-09-02 12:45,308.860000,309.310000,308.200000,308.350000,291241
2025-09-02 13:00,308.350000,308.400000,307.800000,308.000000,577900
2025-09-02 13:15,308.010000,308.310000,307.770000,308.200000,408032
2025-09-02 13:30,308.210000,308.430000,307.900000,308.360000,368287
2025-09-02 13:45,308.350000,308.670000,308.290000,308.660000,132999
2025-09-02 14:00,308.670000,308.890000,308.520000,308.730000,140484
2025-09-02 14:15,308.730000,308.800000,308.580000,308.700000,133767
2025-09-02 14:30,308.690000,308.790000,308.610000,308.690000,107712
2025-09-02 14:45,308.680000,308.700000,308.230000,308.240000,176601
2025-09-02 15:00,308.240000,308.280000,307.720000,307.730000,402851
2025-09-02 15:15,307.740000,307.940000,307.200000,307.300000,869130
2025-09-02 15:30,307.300000,307.360000,307.050000,307.320000,453321
2025-09-02 15:45,307.470000,307.470000,307.470000,307.470000,15228
2025-09-02 16:00,307.470000,307.850000,307.320000,307.510000,202331
2025-09-02 16:15,307.530000,307.690000,307.370000,307.400000,172495
2025-09-02 16:30,307.410000,307.780000,307.400000,307.510000,134127
2025-09-02 16:45,307.510000,307.670000,307.420000,307.440000,125962
2025-09-02 17:00,307.420000,307.550000,307.350000,307.540000,50172
2025-09-02 17:15,307.540000,307.580000,307.350000,307.470000,59129
2025-09-02 17:30,307.460000,307.570000,307.300000,307.340000,260685
2025-09-02 17:45,307.340000,307.400000,307.110000,307.240000,193832
2025-09-02 18:00,307.250000,307.460000,307.200000,307.210000,86953
2025-09-02 18:15,307.210000,307.420000,307.200000,307.310000,63267
2025-09-02 18:30,307.300000,307.390000,307.250000,307.350000,85409
2025-09-02 18:45,307.350000,308.290000,307.350000,308.120000,280288
2025-09-02 19:00,308.110000,308.490000,307.960000,308.410000,207221
2025-09-02 19:15,308.400000,308.740000,308.340000,308.660000,181588
2025-09-02 19:30,308.650000,308.700000,308.380000,308.410000,116466
2025-09-02 19:45,308.400000,308.580000,308.390000,308.410000,33487
2025-09-02 20:00,308.410000,308.590000,308.350000,308.590000,29591
2025-09-02 20:15,308.590000,308.630000,308.410000,308.620000,53083
2025-09-02 20:30,308.620000,308.620000,308.390000,308.500000,79365
2025-09-02 20:45,308.500000,308.600000,308.430000,308.440000,64354
2025-09-03 03:45,308.450000,308.450000,308.450000,308.450000,3250
2025-09-03 04:00,308.470000,308.710000,307.810000,307.840000,153245
2025-09-03 04:15,307.840000,308.170000,307.830000,308.060000,43923
2025-09-03 04:30,308.060000,308.110000,307.850000,307.860000,34918
2025-09-03 04:45,307.860000,308.130000,307.850000,308.130000,14094
2025-09-03 05:00,308.130000,308.500000,308.130000,308.490000,83445
2025-09-03 05:15,308.440000,308.500000,308.160000,308.250000,55007
2025-09-03 05:30,308.250000,308.350000,307.960000,308.310000,24261
2025-09-03 05:45,308.310000,308.460000,308.260000,308.420000,14843
2025-09-03 06:00,308.450000,308.500000,308.000000,308.210000,60235
2025-09-03 06:15,308.210000,308.350000,308.010000,308.160000,39024
2025-09-03 06:30,308.170000,308.310000,308.110000,308.240000,40134
2025-09-03 06:45,308.240000,308.860000,308.240000,308.670000,372478
2025-09-03 07:00,308.680000,309.300000,308.510000,308.710000,619947
2025-09-03 07:15,308.700000,308.710000,307.700000,307.740000,688964
2025-09-03 07:30,307.740000,307.850000,307.350000,307.520000,473700
2025-09-03 07:45,307.500000,307.980000,307.400000,307.920000,174526
2025-09-03 08:00,307.890000,307.920000,307.420000,307.650000,198374
2025-09-03 08:15,307.650000,307.650000,307.240000,307.350000,184836
2025-09-03 08:30,307.340000,307.620000,307.210000,307.610000,228494
2025-09-03 08:45,307.600000,307.970000,307.310000,307.970000,163246
2025-09-03 09:00,307.970000,308.040000,307.950000,308.010000,228519
2025-09-03 09:15,308.020000,308.250000,307.920000,308.010000,158995
2025-09-03 09:30,308.000000,308.070000,307.720000,307.980000,89110
2025-09-03 09:45,307.970000,308.080000,307.710000,307.730000,67177
2025-09-03 10:00,307.710000,308.250000,307.710000,308.240000,37339
2025-09-03 10:15,308.250000,308.500000,308.130000,308.450000,125063
2025-09-03 10:30,308.440000,308.780000,308.420000,308.480000,218165
2025-09-03 10:45,308.510000,308.600000,308.070000,308.200000,128910
2025-09-03 11:00,308.200000,308.200000,308.000000,308.010000,74096
2025-09-03 11:15,308.010000,308.200000,307.990000,308.090000,140223
2025-09-03 11:30,308.090000,308.210000,307.750000,308.200000,181574
2025-09-03 11:45,308.210000,308.290000,308.020000,308.180000,81466
2025-09-03 12:00,308.180000,308.320000,307.920000,307.930000,73440
2025-09-03 12:15,307.930000,308.130000,307.800000,307.940000,200593
2025-09-03 12:30,307.940000,308.000000,307.850000,307.940000,115105
2025-09-03 12:45,307.940000,308.160000,307.880000,308.090000,46014
2025-09-03 13:00,308.090000,308.120000,307.800000,307.910000,102161
2025-09-03 13:15,307.910000,308.420000,307.900000,308.340000,85483
2025-09-03 13:30,308.350000,308.700000,308.160000,308.570000,298645
2025-09-03 13:45,308.560000,309.080000,307.990000,308.060000,622964
2025-09-03 14:00,308.090000,308.390000,308.090000,308.360000,118443
2025-09-03 14:15,308.350000,308.610000,308.140000,308.480000,100489
2025-09-03 14:30,308.460000,308.690000,308.340000,308.590000,132602
2025-09-03 14:45,308.570000,309.000000,308.570000,308.920000,201207
2025-09-03 15:00,308.920000,309.540000,308.920000,309.190000,916505
2025-09-03 15:15,309.180000,309.280000,308.930000,309.050000,150432
2025-09-03 15:30,309.050000,309.100000,308.630000,308.810000,89927
2025-09-03 15:45,308.900000,308.900000,308.900000,308.900000,41869
2025-09-03 16:00,308.870000,309.340000,308.870000,309.330000,236867
2025-09-03 16:15,309.320000,309.560000,309.120000,309.400000,367437
2025-09-03 16:30,309.400000,309.550000,309.100000,309.200000,130455
2025-09-03 16:45,309.210000,309.310000,308.560000,308.870000,290810
2025-09-03 17:00,308.870000,309.340000,308.830000,309.110000,64166
2025-09-03 17:15,309.120000,309.220000,309.040000,309.160000,42995
2025-09-03 17:30,309.160000,309.400000,309.110000,309.310000,60099
2025-09-03 17:45,309.300000,309.310000,309.090000,309.140000,36799
2025-09-03 18:00,309.190000,309.300000,309.160000,309.170000,18996
2025-09-03 18:15,309.170000,309.170000,309.000000,309.010000,45545
2025-09-03 18:30,309.010000,309.300000,309.000000,309.250000,50141
2025-09-03 18:45,309.260000,309.490000,309.200000,309.460000,55130
2025-09-03 19:00,309.470000,309.650000,309.390000,309.650000,104880
2025-09-03 19:15,309.650000,309.680000,309.440000,309.610000,117614
2025-09-03 19:30,309.610000,309.620000,309.350000,309.580000,65035
2025-09-03 19:45,309.570000,309.650000,309.520000,309.590000,45648
2025-09-03 20:00,309.580000,309.590000,309.500000,309.570000,29692
2025-09-03 20:15,309.560000,309.580000,309.500000,309.510000,29409
2025-09-03 20:30,309.520000,309.570000,309.300000,309.350000,127946
2025-09-03 20:45,309.340000,309.550000,309.270000,309.490000,65278
2025-09-04 03:45,309.600000,309.600000,309.600000,309.600000,3101
2025-09-04 04:00,309.620000,310.290000,309.300000,310.050000,306424
2025-09-04 04:15,310.060000,310.060000,309.590000,309.800000,76421
2025-09-04 04:30,309.800000,309.910000,309.700000,309.770000,16434
2025-09-04 04:45,309.880000,309.950000,309.770000,309.900000,42669
2025-09-04 05:00,309.940000,309.980000,309.900000,309.940000,57207
2025-09-04 05:15,309.940000,309.940000,309.820000,309.900000,72480
2025-09-04 05:30,309.940000,310.100000,309.910000,310.060000,97200
2025-09-04 05:45,310.100000,310.200000,310.020000,310.110000,60239
2025-09-04 06:00,310.090000,310.110000,309.460000,309.490000,233396
2025-09-04 06:15,309.500000,309.980000,309.480000,309.940000,58124
2025-09-04 06:30,309.950000,309.950000,309.800000,309.830000,30688
2025-09-04 06:45,309.890000,310.110000,309.660000,310.110000,211477
2025-09-04 07:00,310.120000,310.750000,310.110000,310.640000,1136885
2025-09-04 07:15,310.640000,310.800000,310.430000,310.490000,509901
2025-09-04 07:30,310.470000,310.500000,310.050000,310.320000,479870
2025-09-04 07:45,310.330000,310.560000,310.180000,310.300000,466197
2025-09-04 08:00,310.300000,310.380000,309.550000,309.630000,480453
2025-09-04 08:15,309.630000,309.760000,309.500000,309.640000,201182
2025-09-04 08:30,309.640000,309.810000,309.500000,309.590000,322866
2025-09-04 08:45,309.580000,309.660000,309.180000,309.340000,246484
2025-09-04 09:00,309.360000,309.520000,309.210000,309.360000,132604
2025-09-04 09:15,309.370000,309.690000,309.300000,309.380000,170748
2025-09-04 09:30,309.390000,310.200000,309.300000,309.920000,442892
2025-09-04 09:45,309.920000,309.990000,309.520000,309.800000,275371
2025-09-04 10:00,309.820000,310.070000,309.800000,310.040000,123435
2025-09-04 10:15,310.040000,310.140000,309.980000,309.980000,215664
2025-09-04 10:30,309.990000,309.990000,309.670000,309.760000,113597
2025-09-04 10:45,309.760000,309.760000,309.510000,309.610000,44269
2025-09-04 11:00,309.610000,309.780000,309.580000,309.670000,112837
2025-09-04 11:15,309.670000,309.730000,309.450000,309.490000,215979
2025-09-04 11:30,309.500000,309.540000,309.310000,309.540000,102829
2025-09-04 11:45,309.530000,309.550000,309.440000,309.490000,57223
2025-09-04 12:00,309.500000,309.660000,309.340000,309.600000,55265
2025-09-04 12:15,309.610000,309.720000,308.560000,308.840000,488981
2025-09-04 12:30,308.810000,308.890000,308.280000,308.800000,392310
2025-09-04 12:45,308.800000,308.980000,308.740000,308.950000,146046
2025-09-04 13:00,308.940000,309.200000,308.760000,308.950000,180365
2025-09-04 13:15,308.950000,309.490000,308.940000,309.220000,116528
2025-09-04 13:30,309.200000,309.220000,309.060000,309.190000,83563
2025-09-04 13:45,309.190000,309.230000,309.080000,309.200000,68731
2025-09-04 14:00,309.190000,309.230000,308.570000,308.860000,218082
2025-09-04 14:15,308.850000,308.850000,307.570000,308.100000,823822
2025-09-04 14:30,308.110000,308.530000,307.520000,307.600000,438291
2025-09-04 14:45,307.600000,308.170000,307.500000,307.900000,384392
2025-09-04 15:00,307.900000,308.320000,307.660000,308.260000,274457
2025-09-04 15:15,308.300000,308.300000,307.900000,307.990000,127597
2025-09-04 15:30,307.980000,308.550000,307.700000,308.050000,215874
2025-09-04 15:45,308.050000,308.050000,308.050000,308.050000,113378
2025-09-04 16:00,308.000000,308.480000,307.980000,308.410000,248775
2025-09-04 16:15,308.400000,308.470000,308.040000,308.230000,55415
2025-09-04 16:30,308.230000,308.320000,308.210000,308.270000,20271
2025-09-04 16:45,308.270000,308.450000,308.250000,308.300000,55613
2025-09-04 17:00,308.310000,308.500000,308.200000,308.490000,58153
2025-09-04 17:15,308.490000,308.610000,308.250000,308.270000,97008
2025-09-04 17:30,308.270000,308.510000,308.270000,308.410000,51131
2025-09-04 17:45,308.420000,308.900000,308.410000,308.760000,105671
2025-09-04 18:00,308.760000,309.180000,308.730000,308.850000,202318
2025-09-04 18:15,308.830000,309.100000,308.780000,308.900000,129375
2025-09-04 18:30,308.900000,308.900000,308.700000,308.700000,52247
2025-09-04 18:45,308.710000,308.760000,308.330000,308.550000,209606
2025-09-04 19:00,308.550000,308.750000,308.330000,308.370000,63247
2025-09-04 19:15,308.370000,308.560000,308.360000,308.550000,33108
2025-09-04 19:30,308.550000,308.710000,308.550000,308.670000,29478
2025-09-04 19:45,308.670000,308.790000,308.640000,308.650000,24114
2025-09-04 20:00,308.660000,308.990000,308.650000,308.910000,50369
2025-09-04 20:15,308.920000,308.960000,308.890000,308.890000,37668
2025-09-04 20:30,308.900000,308.900000,308.770000,308.770000,49312
2025-09-04 20:45,308.760000,308.770000,308.550000,308.740000,31130
2025-09-05 03:45,309.100000,309.100000,309.100000,309.100000,5208
2025-09-05 04:00,309.100000,309.680000,308.800000,309.350000,223055
2025-09-05 04:15,309.350000,309.600000,309.300000,309.580000,117250
2025-09-05 04:30,309.580000,309.750000,309.400000,309.700000,78564
2025-09-05 04:45,309.700000,309.700000,309.550000,309.560000,47392
2025-09-05 05:00,309.550000,309.560000,309.160000,309.400000,28492
2025-09-05 05:15,309.400000,309.560000,309.270000,309.390000,20778
2025-09-05 05:30,309.390000,309.400000,309.210000,309.400000,34255
2025-09-05 05:45,309.390000,309.500000,309.200000,309.490000,25900
2025-09-05 06:00,309.490000,309.990000,309.480000,309.860000,399322
2025-09-05 06:15,309.860000,309.940000,309.660000,309.770000,77413
2025-09-05 06:30,309.770000,309.850000,309.680000,309.780000,44234
2025-09-05 06:45,309.780000,309.980000,309.720000,309.940000,169617
2025-09-05 07:00,309.930000,309.950000,309.420000,309.750000,280461
2025-09-05 07:15,309.750000,310.290000,309.570000,310.260000,819381
2025-09-05 07:30,310.250000,310.270000,309.810000,309.820000,342226
2025-09-05 07:45,309.830000,309.870000,309.440000,309.540000,258281
2025-09-05 08:00,309.530000,309.680000,309.350000,309.460000,125397
2025-09-05 08:15,309.460000,309.470000,309.300000,309.400000,131101
2025-09-05 08:30,309.400000,309.500000,309.390000,309.500000,230915
2025-09-05 08:45,309.490000,310.540000,309.490000,310.480000,967788
2025-09-05 09:00,310.490000,310.780000,310.110000,310.190000,650468
2025-09-05 09:15,310.210000,310.470000,310.190000,310.370000,146382
2025-09-05 09:30,310.360000,310.370000,309.880000,310.350000,136693
2025-09-05 09:45,310.350000,310.610000,310.340000,310.430000,201498
2025-09-05 10:00,310.430000,310.500000,310.070000,310.170000,117199
2025-09-05 10:15,310.170000,310.170000,309.560000,309.730000,272293
2025-09-05 10:30,309.720000,310.020000,309.450000,309.740000,182561
2025-09-05 10:45,309.740000,309.740000,309.450000,309.740000,145430
2025-09-05 11:00,309.730000,309.780000,309.550000,309.570000,39693
2025-09-05 11:15,309.580000,309.770000,309.540000,309.600000,61193
2025-09-05 11:30,309.600000,310.100000,309.570000,310.030000,149229
2025-09-05 11:45,310.020000,310.060000,309.910000,309.940000,108701
2025-09-05 12:00,309.940000,310.150000,309.750000,309.760000,154209
2025-09-05 12:15,309.760000,310.170000,309.750000,310.090000,180393
2025-09-05 12:30,310.090000,310.170000,310.040000,310.050000,86970
2025-09-05 12:45,310.050000,310.200000,310.000000,310.190000,98263
2025-09-05 13:00,310.180000,310.200000,310.080000,310.140000,99898
2025-09-05 13:15,310.140000,310.170000,310.030000,310.050000,62482
2025-09-05 13:30,310.050000,310.250000,310.000000,310.250000,161600
2025-09-05 13:45,310.250000,310.500000,310.250000,310.500000,248055
2025-09-05 14:00,310.500000,311.000000,310.500000,310.860000,770309
2025-09-05 14:15,310.860000,311.160000,310.840000,310.890000,609313
2025-09-05 14:30,310.890000,310.950000,310.700000,310.780000,405717
2025-09-05 14:45,310.770000,310.780000,310.680000,310.730000,84712
2025-09-05 15:00,310.770000,310.800000,310.450000,310.790000,250057
2025-09-05 15:15,310.780000,310.920000,310.670000,310.840000,143619
2025-09-05 15:30,310.830000,310.860000,310.730000,310.820000,224321
2025-09-05 15:45,310.780000,310.780000,310.780000,310.780000,9495
2025-09-05 16:00,310.780000,310.940000,310.730000,310.770000,74678
2025-09-05 16:15,310.780000,310.840000,310.500000,310.550000,182406
2025-09-05 16:30,310.540000,310.760000,310.520000,310.750000,39859
2025-09-05 16:45,310.760000,310.760000,310.630000,310.730000,43407
2025-09-05 17:00,310.730000,310.730000,310.630000,310.680000,27594
2025-09-05 17:15,310.680000,310.690000,310.590000,310.630000,41724
2025-09-05 17:30,310.630000,310.680000,310.550000,310.560000,33658
2025-09-05 17:45,310.560000,310.600000,310.170000,310.180000,210277
2025-09-05 18:00,310.180000,310.360000,310.000000,310.320000,122067
2025-09-05 18:15,310.330000,310.450000,310.250000,310.250000,42381
2025-09-05 18:30,310.260000,310.320000,310.110000,310.200000,31298
2025-09-05 18:45,310.230000,310.250000,310.080000,310.140000,52784
2025-09-05 19:00,310.100000,310.140000,310.050000,310.100000,26873
2025-09-05 19:15,310.100000,310.320000,310.090000,310.170000,66870
2025-09-05 19:30,310.170000,310.600000,310.160000,310.580000,105016
2025-09-05 19:45,310.580000,310.580000,310.260000,310.330000,83094
2025-09-05 20:00,310.340000,310.520000,310.320000,310.510000,58262
2025-09-05 20:15,310.510000,310.530000,310.420000,310.440000,45489
2025-09-05 20:30,310.430000,310.490000,310.420000,310.450000,56915
2025-09-05 20:45,310.460000,310.600000,310.280000,310.500000,78118
2025-09-05 23:00,310.020000,311.490000,310.010000,310.140000,772
2025-09-05 23:15,310.690000,311.130000,310.210000,310.920000,673
2025-09-05 23:30,310.920000,310.940000,310.220000,310.890000,275
2025-09-05 23:45,310.890000,310.890000,310.240000,310.880000,58
2025-09-06 00:00,310.300000,310.880000,310.260000,310.850000,109
2025-09-06 00:15,310.840000,310.860000,310.230000,310.250000,314
2025-09-06 00:30,310.850000,310.900000,310.240000,310.270000,223
2025-09-06 00:45,310.850000,310.900000,310.260000,310.900000,129
2025-09-06 01:00,310.300000,310.890000,310.300000,310.680000,162
2025-09-06 01:15,310.670000,310.750000,310.300000,310.750000,479
2025-09-06 01:30,310.750000,310.780000,310.370000,310.600000,46
2025-09-06 01:45,310.600000,310.700000,310.370000,310.370000,240
2025-09-06 02:00,310.690000,310.690000,310.370000,310.690000,67
2025-09-06 02:15,310.690000,310.700000,310.370000,310.690000,79
2025-09-06 02:30,310.690000,310.700000,310.380000,310.680000,88
2025-09-06 02:45,310.670000,310.670000,310.370000,310.670000,115
2025-09-06 03:00,310.670000,310.670000,310.370000,310.670000,129
2025-09-06 03:15,310.670000,310.670000,310.370000,310.370000,347
2025-09-06 03:30,310.370000,310.680000,310.310000,310.680000,2982
2025-09-06 03:45,310.680000,310.680000,310.500000,310.680000,489
2025-09-06 04:00,310.500000,310.680000,310.300000,310.670000,1572
2025-09-06 04:15,310.670000,310.680000,310.380000,310.380000,938
2025-09-06 04:30,310.680000,310.700000,310.380000,310.690000,435
2025-09-06 04:45,310.690000,310.700000,310.370000,310.400000,998
2025-09-06 05:00,310.400000,310.700000,310.380000,310.700000,664
2025-09-06 05:15,310.700000,310.700000,310.500000,310.700000,1068
2025-09-06 05:30,310.700000,310.700000,310.510000,310.700000,1790
2025-09-06 05:45,310.700000,310.700000,310.520000,310.700000,926
2025-09-06 06:00,310.550000,310.690000,310.500000,310.690000,2921
2025-09-06 06:15,310.690000,310.700000,310.500000,310.690000,1527
2025-09-06 06:30,310.690000,310.700000,310.500000,310.690000,1541
2025-09-06 06:45,310.500000,310.500000,310.500000,310.500000,2649
2025-09-06 07:00,310.450000,310.900000,310.450000,310.580000,49200
2025-09-06 07:15,310.570000,310.650000,310.510000,310.630000,19236
2025-09-06 07:30,310.630000,310.630000,310.210000,310.320000,32381
2025-09-06 07:30,310.630000,310.630000,310.210000,310.320000,32381
2025-09-06 07:45,310.330000,310.450000,310.300000,310.450000,16900
2025-09-06 08:00,310.330000,310.350000,310.280000,310.280000,26453
2025-09-06 08:15,310.290000,310.340000,310.280000,310.340000,25099
2025-09-06 08:30,310.340000,310.350000,310.280000,310.280000,6723
2025-09-06 08:45,310.290000,310.350000,310.280000,310.350000,46194
2025-09-06 09:00,310.350000,310.470000,310.330000,310.450000,8745
2025-09-06 09:15,310.380000,310.570000,310.360000,310.510000,22331
2025-09-06 09:30,310.500000,310.520000,310.410000,310.510000,5506
2025-09-06 09:45,310.480000,310.510000,310.400000,310.420000,2982
2025-09-06 10:00,310.410000,310.500000,310.400000,310.470000,6552
2025-09-06 10:15,310.470000,310.500000,310.400000,310.490000,4956
2025-09-06 10:30,310.490000,310.520000,310.440000,310.520000,8326
2025-09-06 10:45,310.520000,310.520000,310.430000,310.500000,3740
2025-09-06 11:00,310.500000,310.520000,310.430000,310.520000,3918
2025-09-06 11:15,310.520000,310.520000,310.450000,310.510000,4778
2025-09-06 11:30,310.500000,310.510000,310.400000,310.410000,4400
2025-09-06 11:45,310.410000,310.490000,310.400000,310.490000,6040
2025-09-06 12:00,310.490000,310.500000,310.410000,310.480000,2633
2025-09-06 12:15,310.480000,310.480000,310.280000,310.390000,24639
2025-09-06 12:30,310.390000,310.400000,310.280000,310.310000,22999
2025-09-06 12:45,310.310000,310.410000,310.280000,310.400000,3567
2025-09-06 13:00,310.400000,310.400000,310.310000,310.360000,15226
2025-09-06 13:15,310.360000,310.380000,310.300000,310.360000,2906
2025-09-06 13:30,310.360000,310.420000,310.300000,310.320000,10139
2025-09-06 13:45,310.340000,310.340000,310.300000,310.320000,4742
2025-09-06 14:00,310.320000,310.370000,310.110000,310.160000,90816
2025-09-06 14:15,310.160000,310.160000,310.100000,310.120000,27457
2025-09-06 14:30,310.120000,310.210000,310.100000,310.200000,15634
2025-09-06 14:45,310.200000,310.200000,310.110000,310.180000,3164
2025-09-06 15:00,310.130000,310.180000,310.120000,310.140000,6072
2025-09-06 15:15,310.140000,310.170000,310.100000,310.120000,8007
2025-09-06 15:30,310.120000,310.510000,310.100000,310.280000,103541
2025-09-06 15:45,310.120000,310.300000,310.120000,310.130000,5959
2025-09-06 16:00,311.000000,311.000000,308.830000,310.700000,1626
2025-09-06 16:15,310.690000,310.690000,310.000000,310.490000,1786
2025-09-06 16:30,310.480000,310.500000,310.080000,310.490000,1177
2025-09-06 16:45,310.150000,310.490000,309.680000,310.300000,3589
2025-09-06 17:00,310.010000,310.340000,310.010000,310.140000,609
2025-09-06 17:15,310.140000,310.150000,309.700000,310.090000,3288
2025-09-06 17:30,310.090000,310.350000,309.650000,309.740000,5170
2025-09-06 17:45,310.290000,310.500000,309.770000,310.320000,3212
2025-09-06 18:00,310.320000,310.320000,309.750000,310.000000,835
2025-09-06 18:15,310.000000,310.260000,309.850000,310.230000,462
2025-09-06 18:30,310.230000,310.250000,309.940000,310.250000,626
2025-09-06 18:45,310.250000,310.280000,310.010000,310.270000,722
2025-09-06 19:00,310.130000,310.300000,309.940000,310.010000,1131
2025-09-06 19:15,310.010000,310.300000,309.950000,309.950000,2056
2025-09-06 19:30,309.950000,310.130000,309.950000,310.130000,497
2025-09-06 19:45,309.950000,310.420000,309.950000,310.420000,716
2025-09-06 20:00,310.420000,310.420000,310.000000,310.410000,856
2025-09-06 20:15,310.410000,310.410000,309.910000,309.920000,5226
2025-09-06 20:30,309.950000,310.390000,309.910000,310.370000,923
2025-09-06 20:45,310.360000,310.360000,310.070000,310.070000,363
2025-09-06 23:00,307.800000,310.890000,307.800000,309.870000,424
2025-09-06 23:15,310.680000,310.700000,309.870000,309.890000,159
2025-09-06 23:30,310.500000,310.630000,309.890000,310.480000,31
2025-09-06 23:45,310.500000,310.630000,310.410000,310.410000,89
2025-09-07 00:00,310.410000,310.630000,310.410000,310.410000,45
2025-09-07 00:15,310.630000,310.630000,310.420000,310.630000,25
2025-09-07 00:30,310.630000,310.680000,309.900000,310.680000,401
2025-09-07 00:45,310.670000,310.680000,309.900000,310.670000,98
2025-09-07 01:00,309.980000,310.670000,309.980000,310.030000,85
2025-09-07 01:15,310.630000,310.630000,310.030000,310.030000,37
2025-09-07 01:30,310.620000,310.630000,310.000000,310.620000,552
2025-09-07 01:45,310.630000,310.630000,310.030000,310.620000,262
2025-09-07 02:00,310.620000,310.620000,310.110000,310.600000,198
2025-09-07 02:15,310.110000,310.600000,310.110000,310.600000,79
2025-09-07 02:30,310.260000,310.610000,310.260000,310.500000,136
2025-09-07 02:45,310.500000,310.610000,310.250000,310.600000,2300
2025-09-07 03:00,310.260000,310.620000,310.260000,310.610000,317
2025-09-07 03:15,310.610000,310.610000,310.250000,310.610000,193
2025-09-07 03:30,310.610000,310.610000,310.250000,310.480000,207
2025-09-07 03:45,310.480000,310.480000,310.250000,310.480000,950
2025-09-07 04:00,310.480000,310.500000,310.260000,310.260000,591
2025-09-07 04:15,310.500000,310.500000,310.300000,310.500000,638
2025-09-07 04:30,310.500000,310.580000,310.300000,310.320000,534
2025-09-07 04:45,310.580000,310.600000,310.300000,310.590000,706
2025-09-07 05:00,310.590000,310.600000,310.260000,310.590000,543
2025-09-07 05:15,310.300000,310.600000,310.300000,310.590000,494
2025-09-07 05:30,310.590000,310.590000,310.260000,310.560000,530
2025-09-07 05:45,310.560000,310.560000,310.130000,310.140000,557
2025-09-07 06:00,310.490000,310.490000,310.140000,310.400000,486
2025-09-07 06:15,310.400000,310.500000,310.160000,310.160000,1554
2025-09-07 06:30,310.490000,310.560000,310.160000,310.560000,474
2025-09-07 06:45,310.130000,310.130000,310.130000,310.130000,1491
2025-09-07 07:00,310.180000,310.490000,310.140000,310.450000,29527
2025-09-07 07:15,310.450000,310.450000,310.230000,310.390000,16832
2025-09-07 07:30,310.390000,310.450000,310.340000,310.360000,14351
2025-09-07 07:45,310.360000,310.400000,310.130000,310.190000,31608
2025-09-07 08:00,310.180000,310.490000,310.140000,310.330000,22542
2025-09-07 08:15,310.340000,310.410000,310.300000,310.300000,3041
2025-09-07 08:30,310.300000,310.390000,310.300000,310.330000,2690
2025-09-07 08:45,310.330000,310.440000,310.300000,310.360000,10827
2025-09-07 09:00,310.430000,310.440000,310.320000,310.330000,1921
2025-09-07 09:15,310.320000,310.480000,310.300000,310.410000,10244
2025-09-07 09:30,310.430000,310.480000,310.350000,310.470000,4654
2025-09-07 09:45,310.470000,310.520000,310.430000,310.460000,34449
2025-09-07 10:00,310.500000,310.520000,310.460000,310.520000,21517
2025-09-07 10:15,310.500000,310.600000,310.500000,310.590000,34557
2025-09-07 10:30,310.600000,311.000000,310.590000,310.750000,60992
2025-09-07 10:45,310.730000,310.900000,310.730000,310.850000,18241
2025-09-07 11:00,310.850000,310.910000,310.770000,310.770000,38753
2025-09-07 11:15,310.770000,310.830000,310.730000,310.780000,33105
2025-09-07 11:30,310.780000,310.780000,310.600000,310.660000,28152
2025-09-07 11:45,310.660000,310.720000,310.590000,310.690000,6400
2025-09-07 12:00,310.650000,310.800000,310.620000,310.790000,8020
2025-09-07 12:15,310.740000,310.870000,310.730000,310.790000,11265
2025-09-07 12:30,310.780000,310.790000,310.730000,310.770000,3399
2025-09-07 12:45,310.770000,310.790000,310.720000,310.790000,6251
2025-09-07 13:00,310.790000,310.900000,310.780000,310.900000,20357
2025-09-07 13:15,310.900000,310.900000,310.500000,310.510000,46123
2025-09-07 13:30,310.510000,310.510000,310.400000,310.420000,27545
2025-09-07 13:45,310.420000,310.430000,310.400000,310.430000,4290
2025-09-07 14:00,310.430000,310.660000,310.410000,310.570000,18802
2025-09-07 14:15,310.630000,310.630000,310.460000,310.530000,3284
2025-09-07 14:30,310.530000,310.740000,310.520000,310.660000,26854
2025-09-07 14:45,310.720000,310.820000,310.540000,310.650000,20547
2025-09-07 15:00,310.650000,310.810000,310.600000,310.730000,11055
2025-09-07 15:15,310.730000,310.770000,310.670000,310.680000,1447
2025-09-07 15:30,310.680000,310.800000,310.600000,310.690000,25446
2025-09-07 15:45,310.690000,310.700000,310.600000,310.690000,73804
2025-09-07 16:00,311.980000,311.980000,309.880000,310.590000,3357
2025-09-07 16:15,310.590000,310.630000,310.000000,310.610000,13705
2025-09-07 16:30,310.610000,310.610000,310.060000,310.190000,2870
2025-09-07 16:45,310.190000,310.630000,310.100000,310.620000,4654
2025-09-07 17:00,310.620000,310.630000,310.140000,310.330000,885
2025-09-07 17:15,310.330000,310.740000,310.320000,310.710000,1573
2025-09-07 17:30,310.700000,310.700000,310.250000,310.620000,7459
2025-09-07 17:45,310.620000,310.630000,310.600000,310.600000,1457
2025-09-07 18:00,310.600000,310.700000,310.600000,310.700000,3091
2025-09-07 18:15,310.690000,310.700000,310.600000,310.600000,365
2025-09-07 18:30,310.690000,310.700000,310.600000,310.700000,8638
2025-09-07 18:45,310.600000,310.700000,310.600000,310.700000,3900
2025-09-07 19:00,310.690000,310.700000,310.600000,310.700000,674
2025-09-07 19:15,310.700000,310.700000,310.600000,310.600000,566
2025-09-07 19:30,310.600000,310.700000,310.600000,310.700000,2319
2025-09-07 19:45,310.600000,310.700000,310.600000,310.600000,1274
2025-09-07 20:00,310.700000,310.700000,310.600000,310.700000,527
2025-09-07 20:15,310.680000,310.700000,310.600000,310.600000,830
2025-09-07 20:30,310.700000,310.700000,310.500000,310.500000,6838
2025-09-07 20:45,310.500000,310.700000,310.500000,310.500000,189
2025-09-08 03:45,310.440000,310.440000,310.440000,310.440000,16806
2025-09-08 04:00,310.440000,310.950000,310.310000,310.560000,140012
2025-09-08 04:15,310.550000,310.630000,310.540000,310.630000,34330
2025-09-08 04:30,310.630000,310.750000,310.560000,310.720000,18997
2025-09-08 04:45,310.720000,310.780000,310.630000,310.780000,28909
2025-09-08 05:00,310.780000,310.890000,310.690000,310.760000,46733
2025-09-08 05:15,310.710000,310.790000,310.620000,310.730000,47011
2025-09-08 05:30,310.730000,310.950000,310.720000,310.950000,259610
2025-09-08 05:45,310.950000,310.950000,310.900000,310.940000,63341
2025-09-08 06:00,310.930000,311.430000,310.910000,311.430000,516730
2025-09-08 06:15,311.430000,311.600000,311.290000,311.580000,275762
2025-09-08 06:30,311.580000,311.770000,311.580000,311.700000,224126
2025-09-08 06:45,311.710000,311.800000,311.580000,311.620000,268176
2025-09-08 07:00,311.640000,312.000000,311.550000,311.990000,594509
2025-09-08 07:15,311.990000,312.450000,311.980000,312.150000,871107
2025-09-08 07:30,312.150000,312.280000,312.020000,312.130000,324761
2025-09-08 07:45,312.130000,312.270000,312.050000,312.250000,258210
2025-09-08 08:00,312.250000,312.680000,312.240000,312.560000,598066
2025-09-08 08:15,312.610000,312.980000,312.590000,312.950000,779667
2025-09-08 08:30,312.950000,313.000000,312.840000,312.960000,634986
2025-09-08 08:45,312.970000,313.120000,312.590000,312.950000,991925
2025-09-08 09:00,312.980000,313.110000,312.860000,312.910000,490962
2025-09-08 09:15,312.910000,313.000000,312.820000,312.920000,279458
2025-09-08 09:30,312.950000,313.010000,312.860000,312.990000,201009
2025-09-08 09:45,312.990000,313.000000,312.780000,312.860000,244606
2025-09-08 10:00,312.870000,312.940000,312.520000,312.670000,433089
2025-09-08 10:15,312.680000,312.700000,312.370000,312.650000,453198
2025-09-08 10:30,312.640000,312.790000,312.300000,312.410000,236012
2025-09-08 10:45,312.400000,312.410000,312.190000,312.310000,256879
2025-09-08 11:00,312.310000,312.320000,312.060000,312.150000,297648
2025-09-08 11:15,312.150000,312.500000,312.150000,312.500000,118523
2025-09-08 11:30,312.500000,312.630000,312.490000,312.550000,113669
2025-09-08 11:45,312.530000,312.790000,312.490000,312.710000,125602
2025-09-08 12:00,312.720000,312.780000,312.200000,312.390000,177558
2025-09-08 12:15,312.390000,312.400000,312.150000,312.390000,94091
2025-09-08 12:30,312.400000,312.460000,312.230000,312.230000,86182
2025-09-08 12:45,312.230000,312.270000,312.100000,312.190000,287097
2025-09-08 13:00,312.190000,312.380000,312.090000,312.350000,294436
2025-09-08 13:15,312.320000,312.450000,312.250000,312.270000,104365
2025-09-08 13:30,312.290000,312.290000,312.000000,312.160000,247637
2025-09-08 13:45,312.150000,312.150000,311.550000,311.690000,577740
2025-09-08 14:00,311.690000,311.800000,311.360000,311.710000,351748
2025-09-08 14:15,311.700000,312.240000,311.650000,312.080000,275653
2025-09-08 14:30,312.070000,312.400000,311.900000,312.340000,305328
2025-09-08 14:45,312.340000,312.950000,312.220000,312.720000,730454
2025-09-08 15:00,312.730000,312.850000,312.510000,312.580000,375842
2025-09-08 15:15,312.610000,312.680000,312.340000,312.500000,240033
2025-09-08 15:30,312.500000,313.000000,312.400000,312.820000,474775
2025-09-08 15:45,312.860000,312.860000,312.860000,312.860000,15725
2025-09-08 16:00,312.820000,313.260000,312.810000,313.080000,458975
2025-09-08 16:15,313.050000,313.200000,312.870000,313.080000,153786
2025-09-08 16:30,313.080000,313.080000,313.000000,313.060000,132394
2025-09-08 16:45,313.060000,313.100000,312.950000,313.060000,266322
2025-09-08 17:00,313.060000,313.070000,312.880000,312.930000,152990
2025-09-08 17:15,312.890000,312.970000,312.600000,312.740000,219047
2025-09-08 17:30,312.740000,312.870000,312.680000,312.730000,39982
2025-09-08 17:45,312.720000,312.930000,312.720000,312.810000,49546
2025-09-08 18:00,312.820000,312.910000,312.800000,312.900000,42585
2025-09-08 18:15,312.900000,313.100000,312.900000,312.960000,79615
2025-09-08 18:30,312.960000,313.040000,312.860000,312.980000,48803
2025-09-08 18:45,312.980000,313.110000,312.980000,313.090000,76674
2025-09-08 19:00,313.080000,313.100000,313.000000,313.040000,29000
2025-09-08 19:15,313.040000,313.040000,312.790000,312.830000,85139
2025-09-08 19:30,312.800000,312.880000,312.700000,312.880000,54999
2025-09-08 19:45,312.880000,312.890000,312.780000,312.870000,22563
2025-09-08 20:00,312.870000,312.870000,312.750000,312.810000,16908
2025-09-08 20:15,312.810000,312.980000,312.810000,312.940000,52726
2025-09-08 20:30,312.940000,312.950000,312.820000,312.840000,62403
2025-09-08 20:45,312.880000,312.970000,312.650000,312.830000,36093
2025-09-09 03:45,313.000000,313.000000,313.000000,313.000000,3795
2025-09-09 04:00,313.000000,313.500000,312.770000,313.100000,293658
2025-09-09 04:15,313.180000,313.450000,313.030000,313.320000,84753
2025-09-09 04:30,313.320000,313.340000,313.080000,313.180000,47944
2025-09-09 04:45,313.150000,313.240000,313.110000,313.190000,35527
2025-09-09 05:00,313.200000,313.220000,313.050000,313.130000,41080
2025-09-09 05:15,313.130000,313.230000,313.030000,313.050000,57107
2025-09-09 05:30,313.150000,313.220000,312.990000,313.210000,57420
2025-09-09 05:45,313.210000,313.220000,313.010000,313.100000,67499
2025-09-09 06:00,313.100000,313.400000,313.090000,313.320000,87031
2025-09-09 06:15,313.340000,313.440000,313.230000,313.260000,70768
2025-09-09 06:30,313.270000,313.310000,313.060000,313.110000,102879
2025-09-09 06:45,313.100000,313.490000,313.000000,313.490000,287225
2025-09-09 07:00,313.490000,313.960000,313.480000,313.910000,989802
2025-09-09 07:15,313.920000,313.920000,313.700000,313.840000,418807
2025-09-09 07:30,313.840000,314.000000,313.700000,313.880000,607096
2025-09-09 07:45,313.880000,313.980000,313.610000,313.960000,512901
2025-09-09 08:00,313.950000,314.000000,313.700000,313.780000,645769
2025-09-09 08:15,313.780000,314.140000,313.630000,314.080000,710735
2025-09-09 08:30,314.080000,314.250000,313.710000,313.730000,343091
2025-09-09 08:45,313.740000,313.780000,313.500000,313.640000,276386
2025-09-09 09:00,313.650000,313.700000,313.530000,313.600000,133312
2025-09-09 09:15,313.600000,313.600000,313.250000,313.430000,285960
2025-09-09 09:30,313.440000,313.470000,313.000000,313.110000,835542
2025-09-09 09:45,313.100000,313.260000,312.860000,312.860000,735510
2025-09-09 10:00,312.870000,313.000000,312.520000,312.640000,293961
2025-09-09 10:15,312.660000,312.730000,312.250000,312.250000,437276
2025-09-09 10:30,312.250000,312.390000,312.000000,312.320000,524027
2025-09-09 10:45,312.320000,312.340000,312.020000,312.260000,211995
2025-09-09 11:00,312.260000,312.600000,312.050000,312.590000,322870
2025-09-09 11:15,312.590000,312.700000,312.460000,312.590000,166689
2025-09-09 11:30,312.590000,312.870000,312.490000,312.680000,156912
2025-09-09 11:45,312.690000,312.690000,312.350000,312.360000,114082
2025-09-09 12:00,312.350000,312.400000,312.220000,312.290000,273864
2025-09-09 12:15,312.280000,312.300000,311.820000,312.050000,508344
2025-09-09 12:30,312.050000,312.250000,311.870000,312.090000,363473
2025-09-09 12:45,312.090000,312.250000,312.030000,312.100000,174587
2025-09-09 13:00,312.110000,312.110000,311.800000,311.820000,415257
2025-09-09 13:15,311.810000,313.090000,311.620000,312.580000,801682
2025-09-09 13:30,312.570000,313.150000,312.120000,312.720000,523486
2025-09-09 13:45,312.700000,312.900000,312.250000,312.710000,403872
2025-09-09 14:00,312.710000,312.990000,312.410000,312.670000,368524
2025-09-09 14:15,312.670000,313.140000,312.460000,313.140000,291963
2025-09-09 14:30,313.130000,313.240000,313.030000,313.110000,345798
2025-09-09 14:45,313.100000,313.250000,313.000000,313.230000,311220
2025-09-09 15:00,313.220000,313.650000,313.040000,313.650000,563536
2025-09-09 15:15,313.650000,313.770000,313.600000,313.750000,370624
2025-09-09 15:30,313.770000,313.900000,313.740000,313.770000,199284
2025-09-09 15:45,313.730000,313.730000,313.730000,313.730000,5219
2025-09-09 16:00,313.620000,313.770000,313.260000,313.300000,273023
2025-09-09 16:15,313.290000,313.360000,313.140000,313.250000,61036
2025-09-09 16:30,313.250000,313.250000,313.010000,313.160000,49209
2025-09-09 16:45,313.160000,313.220000,313.060000,313.210000,21800
2025-09-09 17:00,313.210000,313.250000,312.700000,312.990000,195608
2025-09-09 17:15,313.000000,313.490000,312.780000,313.360000,96939
2025-09-09 17:30,313.360000,313.420000,313.070000,313.150000,43987
2025-09-09 17:45,313.150000,313.150000,312.900000,313.020000,25822
2025-09-09 18:00,313.020000,313.240000,313.000000,313.070000,92097
2025-09-09 18:15,313.070000,313.100000,312.990000,313.090000,36856
2025-09-09 18:30,313.070000,313.250000,313.050000,313.250000,51044
2025-09-09 18:45,313.250000,313.250000,313.080000,313.140000,50623
2025-09-09 19:00,313.130000,313.290000,313.110000,313.240000,39143
2025-09-09 19:15,313.230000,313.250000,313.200000,313.210000,20688
2025-09-09 19:30,313.210000,313.220000,313.180000,313.190000,17818
2025-09-09 19:45,313.190000,313.190000,313.000000,313.080000,44785
2025-09-09 20:00,313.080000,313.080000,312.930000,313.030000,54390
2025-09-09 20:15,313.030000,313.100000,313.010000,313.090000,20457
2025-09-09 20:30,313.080000,313.130000,312.950000,313.060000,27406
2025-09-09 20:45,313.060000,313.060000,313.000000,313.060000,13970
2025-09-10 03:45,313.650000,313.650000,313.650000,313.650000,11754
2025-09-10 04:00,313.630000,313.630000,312.880000,312.900000,71652
2025-09-10 04:15,312.880000,312.990000,312.580000,312.600000,120521
2025-09-10 04:30,312.600000,312.600000,311.930000,312.060000,254663
2025-09-10 04:45,312.090000,312.480000,312.050000,312.410000,63730
2025-09-10 05:00,312.410000,312.410000,312.200000,312.350000,63075
2025-09-10 05:15,312.340000,312.350000,312.060000,312.230000,131777
2025-09-10 05:30,312.230000,312.400000,312.070000,312.380000,115986
2025-09-10 05:45,312.370000,312.670000,312.200000,312.380000,86607
2025-09-10 06:00,312.380000,312.780000,311.830000,311.880000,299889
2025-09-10 06:15,311.900000,311.900000,311.180000,311.770000,715396
2025-09-10 06:30,311.770000,311.840000,311.700000,311.820000,247248
2025-09-10 06:45,311.810000,312.110000,311.750000,311.750000,187424
2025-09-10 07:00,311.750000,312.220000,311.310000,312.000000,814084
2025-09-10 07:15,312.000000,312.080000,311.680000,311.820000,464942
2025-09-10 07:30,311.820000,312.290000,311.600000,312.290000,269154
2025-09-10 07:45,312.290000,312.500000,312.260000,312.270000,399530
2025-09-10 08:00,312.270000,312.530000,312.180000,312.500000,371114
2025-09-10 08:15,312.490000,312.500000,312.000000,312.020000,297579
2025-09-10 08:30,312.020000,312.020000,311.750000,311.970000,212580
2025-09-10 08:45,311.960000,312.000000,311.740000,311.750000,143461
2025-09-10 09:00,311.740000,311.740000,311.400000,311.570000,405966
2025-09-10 09:15,311.570000,311.580000,311.310000,311.330000,328651
2025-09-10 09:30,311.330000,311.890000,311.310000,311.690000,658566
2025-09-10 09:45,311.700000,311.920000,311.500000,311.740000,310708
2025-09-10 10:00,311.760000,311.780000,311.470000,311.510000,249467
2025-09-10 10:15,311.520000,311.520000,311.330000,311.350000,263609
2025-09-10 10:30,311.350000,311.630000,311.340000,311.530000,453851
2025-09-10 10:45,311.530000,311.570000,310.820000,311.030000,682821
2025-09-10 11:00,311.030000,311.310000,310.510000,311.060000,965843
2025-09-10 11:15,311.060000,311.300000,310.820000,311.060000,306774
2025-09-10 11:30,311.060000,311.250000,310.610000,310.910000,255828
2025-09-10 11:45,310.910000,311.110000,310.700000,310.770000,154822
2025-09-10 12:00,310.760000,311.370000,310.530000,311.240000,415493
2025-09-10 12:15,311.240000,311.500000,311.160000,311.450000,226491
2025-09-10 12:30,311.440000,311.560000,311.230000,311.230000,121165
2025-09-10 12:45,311.270000,311.390000,311.060000,311.260000,141649
2025-09-10 13:00,311.270000,311.490000,311.200000,311.240000,68051
2025-09-10 13:15,311.240000,311.550000,311.090000,311.300000,184227
2025-09-10 13:30,311.300000,311.300000,311.000000,311.070000,362758
2025-09-10 13:45,311.080000,311.250000,310.940000,310.950000,214635
2025-09-10 14:00,310.940000,311.190000,310.900000,311.120000,317822
2025-09-10 14:15,311.110000,311.150000,310.800000,311.000000,381859
2025-09-10 14:30,311.000000,311.020000,310.610000,310.630000,323113
2025-09-10 14:45,310.610000,310.900000,310.570000,310.860000,299876
2025-09-10 15:00,310.880000,311.080000,310.510000,310.530000,399758
2025-09-10 15:15,310.520000,310.550000,309.900000,309.920000,1116734
2025-09-10 15:30,309.910000,310.090000,309.760000,309.770000,520729
2025-09-10 15:45,310.250000,310.250000,310.250000,310.250000,114059
2025-09-10 16:00,310.000000,310.000000,309.000000,309.320000,996335
2025-09-10 16:15,309.320000,309.560000,309.210000,309.450000,302745
2025-09-10 16:30,309.450000,309.500000,309.110000,309.460000,311283
2025-09-10 16:45,309.460000,309.500000,309.260000,309.500000,250892
2025-09-10 17:00,309.490000,309.500000,309.270000,309.500000,247854
2025-09-10 17:15,309.500000,309.500000,309.250000,309.440000,123814
2025-09-10 17:30,309.440000,309.500000,309.420000,309.500000,166055
2025-09-10 17:45,309.500000,309.700000,309.490000,309.630000,266717
2025-09-10 18:00,309.630000,309.780000,309.520000,309.770000,69974
2025-09-10 18:15,309.760000,309.980000,309.620000,309.620000,147475
2025-09-10 18:30,309.630000,309.840000,309.530000,309.760000,89116
2025-09-10 18:45,309.750000,309.950000,309.540000,309.680000,99594
2025-09-10 19:00,309.700000,309.980000,309.670000,309.930000,95061
2025-09-10 19:15,309.930000,309.980000,309.540000,309.820000,125016
2025-09-10 19:30,309.820000,309.820000,309.540000,309.630000,79975
2025-09-10 19:45,309.630000,309.760000,309.580000,309.730000,53738
2025-09-10 20:00,309.720000,309.770000,309.720000,309.760000,46395
2025-09-10 20:15,309.760000,309.760000,309.630000,309.720000,59657
2025-09-10 20:30,309.720000,309.770000,309.550000,309.770000,128539
2025-09-10 20:45,309.770000,309.770000,309.700000,309.760000,44846
2025-09-11 03:45,309.760000,309.760000,309.760000,309.760000,1382
2025-09-11 04:00,309.810000,310.500000,309.760000,310.160000,179602
2025-09-11 04:15,310.210000,310.300000,310.150000,310.300000,44082
2025-09-11 04:30,310.300000,310.300000,310.240000,310.300000,56172
2025-09-11 04:45,310.300000,310.460000,310.210000,310.460000,65218
2025-09-11 05:00,310.460000,310.470000,310.400000,310.450000,64080
2025-09-11 05:15,310.450000,310.470000,310.380000,310.460000,26014
2025-09-11 05:30,310.460000,310.640000,310.400000,310.600000,114591
2025-09-11 05:45,310.590000,310.620000,309.710000,309.990000,174445
2025-09-11 06:00,309.950000,310.320000,309.890000,310.290000,114280
2025-09-11 06:15,310.290000,310.770000,310.250000,310.480000,230837
2025-09-11 06:30,310.480000,310.500000,310.290000,310.420000,69336
2025-09-11 06:45,310.440000,310.540000,310.200000,310.380000,118235
2025-09-11 07:00,310.370000,310.400000,309.900000,309.960000,278651
2025-09-11 07:15,309.960000,309.960000,308.750000,308.910000,1031037
2025-09-11 07:30,308.910000,308.930000,308.370000,308.840000,1232054
2025-09-11 07:45,308.840000,308.840000,307.730000,307.780000,1266722
2025-09-11 08:00,307.780000,308.400000,307.720000,308.300000,1231757
2025-09-11 08:15,308.290000,308.490000,307.730000,307.750000,582871
2025-09-11 08:30,307.750000,308.250000,307.680000,308.160000,654465
2025-09-11 08:45,308.150000,308.460000,308.010000,308.220000,312754
2025-09-11 09:00,308.230000,308.280000,307.830000,307.980000,366157
2025-09-11 09:15,307.990000,308.280000,307.960000,308.260000,539928
2025-09-11 09:30,308.260000,308.280000,307.830000,307.970000,469760
2025-09-11 09:45,307.970000,308.000000,307.810000,307.810000,274707
2025-09-11 10:00,307.810000,307.820000,307.200000,307.440000,1193081
2025-09-11 10:15,307.410000,307.480000,307.210000,307.370000,704101
2025-09-11 10:30,307.360000,307.370000,307.020000,307.130000,696211
2025-09-11 10:45,307.130000,307.230000,307.040000,307.200000,254975
2025-09-11 11:00,307.200000,307.980000,307.140000,307.580000,836901
2025-09-11 11:15,307.580000,307.750000,306.820000,307.090000,1732124
2025-09-11 11:30,307.100000,307.730000,306.850000,307.550000,966491
2025-09-11 11:45,307.560000,307.620000,307.080000,307.170000,725495
2025-09-11 12:00,307.140000,307.490000,307.070000,307.120000,354985
2025-09-11 12:15,307.110000,307.140000,306.810000,306.820000,460626
2025-09-11 12:30,306.820000,306.900000,306.510000,306.640000,610063
2025-09-11 12:45,306.540000,306.770000,306.020000,306.340000,1434077
2025-09-11 13:00,306.340000,306.500000,305.800000,306.310000,1687491
2025-09-11 13:15,306.320000,306.670000,306.120000,306.600000,1029769
2025-09-11 13:30,306.600000,306.650000,306.210000,306.230000,463261
2025-09-11 13:45,306.220000,306.900000,305.870000,306.420000,1339573
2025-09-11 14:00,306.410000,307.300000,306.390000,307.230000,835422
2025-09-11 14:15,307.230000,307.500000,306.810000,307.370000,672113
2025-09-11 14:30,307.350000,307.770000,307.280000,307.550000,613190
2025-09-11 14:45,307.550000,307.770000,307.490000,307.540000,433910
2025-09-11 15:00,307.550000,307.580000,307.230000,307.300000,221840
2025-09-11 15:15,307.320000,307.410000,307.100000,307.370000,344758
2025-09-11 15:30,307.340000,307.680000,307.290000,307.640000,299462
2025-09-11 15:45,307.790000,307.790000,307.790000,307.790000,78966
2025-09-11 16:00,307.450000,307.800000,307.440000,307.670000,185899
2025-09-11 16:15,307.670000,307.830000,307.500000,307.520000,110266
2025-09-11 16:30,307.530000,307.580000,307.270000,307.330000,124788
2025-09-11 16:45,307.290000,307.390000,307.180000,307.200000,113391
2025-09-11 17:00,307.190000,307.430000,307.110000,307.400000,107431
2025-09-11 17:15,307.400000,307.400000,307.350000,307.400000,78514
2025-09-11 17:30,307.400000,307.440000,307.390000,307.430000,37661
2025-09-11 17:45,307.440000,307.550000,307.430000,307.550000,108547
2025-09-11 18:00,307.550000,307.550000,307.350000,307.390000,162317
2025-09-11 18:15,307.400000,307.590000,307.380000,307.590000,40030
2025-09-11 18:30,307.590000,307.740000,307.550000,307.640000,104002
2025-09-11 18:45,307.640000,307.730000,307.590000,307.710000,83415
2025-09-11 19:00,307.700000,307.710000,307.550000,307.560000,126154
2025-09-11 19:15,307.560000,307.560000,307.330000,307.390000,89493
2025-09-11 19:30,307.390000,307.420000,307.380000,307.410000,44086
2025-09-11 19:45,307.410000,307.440000,307.350000,307.390000,45603
2025-09-11 20:00,307.390000,307.450000,307.350000,307.450000,105300
2025-09-11 20:15,307.450000,307.490000,307.340000,307.380000,35774
2025-09-11 20:30,307.380000,307.400000,307.120000,307.170000,108947
2025-09-11 20:45,307.190000,307.240000,306.980000,307.110000,136707
2025-09-12 03:45,307.500000,307.500000,307.500000,307.500000,2614
2025-09-12 04:00,307.500000,307.760000,307.160000,307.660000,133760
2025-09-12 04:15,307.650000,307.970000,307.580000,307.900000,122004
2025-09-12 04:30,307.870000,308.200000,307.860000,308.190000,134457
2025-09-12 04:45,308.200000,308.200000,307.870000,307.950000,92306
2025-09-12 05:00,307.950000,307.950000,307.420000,307.690000,165299
2025-09-12 05:15,307.710000,307.750000,307.600000,307.750000,40755
2025-09-12 05:30,307.750000,307.750000,307.640000,307.750000,74757
2025-09-12 05:45,307.730000,307.990000,307.600000,307.990000,37551
2025-09-12 06:00,307.910000,307.980000,307.630000,307.780000,110761
2025-09-12 06:15,307.780000,307.860000,307.700000,307.810000,45833
2025-09-12 06:30,307.810000,307.900000,307.780000,307.860000,86783
2025-09-12 06:45,307.860000,307.980000,307.700000,307.860000,168612
2025-09-12 07:00,307.850000,307.870000,307.110000,307.340000,355526
2025-09-12 07:15,307.330000,307.450000,306.780000,307.400000,447081
2025-09-12 07:30,307.410000,307.970000,307.350000,307.970000,323296
2025-09-12 07:45,307.970000,308.050000,307.760000,307.800000,485660
2025-09-12 08:00,307.800000,308.610000,307.540000,308.230000,936412
2025-09-12 08:15,308.240000,308.470000,307.680000,307.690000,397143
2025-09-12 08:30,307.690000,308.460000,307.660000,308.440000,358954
2025-09-12 08:45,308.430000,308.720000,308.250000,308.430000,334984
2025-09-12 09:00,308.430000,308.610000,308.260000,308.500000,212058
2025-09-12 09:15,308.500000,308.630000,308.400000,308.580000,316468
2025-09-12 09:30,308.560000,308.580000,308.310000,308.420000,178594
2025-09-12 09:45,308.420000,308.550000,308.150000,308.310000,298044
2025-09-12 10:00,308.310000,308.490000,307.840000,307.960000,233597
2025-09-12 10:15,307.920000,308.580000,307.920000,308.490000,646103
2025-09-12 10:30,308.500000,308.500000,305.100000,306.410000,7078609
2025-09-12 10:45,306.410000,306.560000,305.640000,305.900000,1690138
2025-09-12 11:00,305.970000,306.880000,305.890000,306.490000,1069973
2025-09-12 11:15,306.490000,306.870000,306.330000,306.450000,704162
2025-09-12 11:30,306.460000,306.770000,306.290000,306.560000,372961
2025-09-12 11:45,306.560000,306.700000,306.000000,306.320000,604881
2025-09-12 12:00,306.320000,306.480000,305.300000,305.570000,1103056
2025-09-12 12:15,305.570000,306.110000,305.540000,305.750000,554001
2025-09-12 12:30,305.750000,305.800000,303.050000,303.150000,5534432
2025-09-12 12:45,303.160000,304.200000,303.100000,304.030000,1719052
2025-09-12 13:00,304.030000,304.280000,303.530000,304.170000,1203095
2025-09-12 13:15,304.170000,304.440000,303.880000,304.400000,723923
2025-09-12 13:30,304.400000,304.490000,303.840000,304.340000,1071545
2025-09-12 13:45,304.320000,304.490000,303.840000,304.120000,680375
2025-09-12 14:00,304.120000,304.270000,303.840000,303.950000,466556
2025-09-12 14:15,303.950000,304.040000,303.440000,304.030000,661621
2025-09-12 14:30,304.030000,304.030000,303.550000,303.610000,442108
2025-09-12 14:45,303.610000,303.710000,303.080000,303.080000,735232
2025-09-12 15:00,303.080000,303.810000,303.050000,303.800000,459785
2025-09-12 15:15,303.790000,303.890000,303.510000,303.650000,324263
2025-09-12 15:30,303.650000,303.870000,303.530000,303.670000,195149
2025-09-12 15:45,303.880000,303.880000,303.880000,303.880000,306759
2025-09-12 16:00,303.900000,303.910000,303.540000,303.550000,183919
2025-09-12 16:15,303.550000,303.560000,303.000000,303.200000,873091
2025-09-12 16:30,303.200000,303.400000,302.530000,302.660000,845100
2025-09-12 16:45,302.640000,303.130000,302.620000,303.000000,359527
2025-09-12 17:00,303.000000,303.560000,302.950000,303.500000,312389
2025-09-12 17:15,303.490000,303.520000,303.320000,303.330000,160571
2025-09-12 17:30,303.310000,303.390000,303.000000,303.250000,248604
2025-09-12 17:45,303.260000,303.320000,303.190000,303.280000,48395
2025-09-12 18:00,303.280000,303.540000,303.240000,303.450000,363130
2025-09-12 18:15,303.450000,303.550000,303.330000,303.540000,129089
2025-09-12 18:30,303.540000,303.540000,303.450000,303.460000,91072
2025-09-12 18:45,303.450000,303.480000,303.360000,303.360000,56967
2025-09-12 19:00,303.360000,303.560000,303.200000,303.500000,440063
2025-09-12 19:15,303.500000,303.500000,303.310000,303.390000,133494
2025-09-12 19:30,303.390000,303.400000,303.250000,303.270000,67395
2025-09-12 19:45,303.280000,303.300000,303.200000,303.300000,94014
2025-09-12 20:00,303.290000,303.400000,303.280000,303.400000,86211
2025-09-12 20:15,303.390000,303.400000,303.290000,303.340000,103457
2025-09-12 20:30,303.330000,303.590000,303.330000,303.410000,153342
2025-09-12 20:45,303.410000,303.510000,303.190000,303.500000,124385
2025-09-12 23:00,304.970000,304.970000,301.490000,303.460000,1401
2025-09-12 23:15,303.720000,304.380000,303.470000,304.380000,932
2025-09-12 23:30,304.380000,304.380000,303.860000,304.270000,270
2025-09-12 23:45,304.270000,304.280000,304.000000,304.280000,111
2025-09-13 00:00,304.280000,304.280000,303.410000,304.160000,591
2025-09-13 00:15,304.160000,304.280000,303.260000,303.880000,594
2025-09-13 00:30,303.860000,304.020000,303.100000,303.420000,386
2025-09-13 00:45,304.020000,304.030000,303.170000,303.170000,122
2025-09-13 01:00,303.920000,303.980000,303.210000,303.980000,498
2025-09-13 01:15,303.980000,303.980000,303.440000,303.970000,76
2025-09-13 01:30,303.910000,303.930000,303.460000,303.920000,296
2025-09-13 01:45,303.930000,304.040000,303.560000,304.000000,1111
2025-09-13 02:00,304.000000,304.010000,303.560000,303.560000,317
2025-09-13 02:15,303.700000,304.010000,303.580000,303.580000,395
2025-09-13 02:30,304.020000,304.060000,303.600000,304.060000,660
2025-09-13 02:45,304.060000,304.190000,303.770000,304.190000,321
2025-09-13 03:00,304.190000,304.190000,303.970000,304.190000,527
2025-09-13 03:15,304.190000,304.250000,303.970000,304.250000,4210
2025-09-13 03:30,303.970000,304.260000,303.970000,303.980000,2086
2025-09-13 03:45,304.220000,304.270000,303.980000,304.260000,1764
2025-09-13 04:00,304.260000,304.290000,304.020000,304.280000,1480
2025-09-13 04:15,304.280000,304.290000,304.100000,304.290000,9496
2025-09-13 04:30,304.290000,304.290000,304.010000,304.250000,6782
2025-09-13 04:45,304.250000,304.260000,304.030000,304.260000,957
2025-09-13 05:00,304.260000,304.280000,304.000000,304.270000,4589
2025-09-13 05:15,304.270000,304.280000,304.000000,304.010000,6055
2025-09-13 05:30,304.200000,304.280000,304.000000,304.270000,3936
2025-09-13 05:45,304.010000,304.270000,303.970000,304.000000,9515
2025-09-13 06:00,304.240000,304.260000,303.970000,304.240000,5248
2025-09-13 06:15,304.240000,304.250000,303.810000,304.220000,5085
2025-09-13 06:30,304.000000,304.250000,303.810000,303.840000,2437
2025-09-13 06:45,303.610000,303.610000,303.610000,303.610000,1848
2025-09-13 08:30,303.690000,303.700000,303.500000,303.700000,27318
2025-09-13 08:45,303.690000,303.750000,303.300000,303.450000,78618
2025-09-13 09:00,303.450000,303.690000,303.400000,303.630000,37444
2025-09-13 09:15,303.630000,303.740000,303.620000,303.740000,65936
2025-09-13 09:30,303.740000,303.780000,303.650000,303.690000,57997
2025-09-13 09:45,303.690000,303.720000,303.650000,303.720000,23846
2025-09-13 10:00,303.720000,303.720000,303.660000,303.700000,17933
2025-09-13 10:15,303.700000,303.780000,303.670000,303.770000,22488
2025-09-13 10:30,303.760000,303.800000,303.730000,303.790000,19822
2025-09-13 10:45,303.780000,303.800000,303.410000,303.500000,70055
2025-09-13 11:00,303.500000,303.670000,303.410000,303.500000,70474
2025-09-13 11:15,303.500000,303.540000,303.420000,303.430000,21296
2025-09-13 11:30,303.490000,303.690000,303.410000,303.570000,41008
2025-09-13 11:45,303.630000,303.660000,303.540000,303.630000,11353
2025-09-13 12:00,303.640000,303.660000,303.410000,303.530000,29208
2025-09-13 12:15,303.540000,303.580000,303.410000,303.540000,48774
2025-09-13 12:30,303.520000,303.700000,303.510000,303.590000,26430
2025-09-13 12:45,303.600000,303.680000,303.550000,303.680000,12490
2025-09-13 13:00,303.680000,303.700000,303.190000,303.270000,83040
2025-09-13 13:15,303.270000,303.420000,303.230000,303.400000,19057
2025-09-13 13:30,303.380000,303.470000,303.360000,303.370000,22175
2025-09-13 13:45,303.370000,303.410000,303.300000,303.390000,15990
2025-09-13 14:00,303.390000,303.400000,303.070000,303.100000,59716
2025-09-13 14:15,303.100000,303.170000,302.750000,302.780000,119793
2025-09-13 14:30,302.780000,303.040000,302.770000,302.990000,36629
2025-09-13 14:45,303.000000,303.000000,302.650000,302.680000,76541
2025-09-13 15:00,302.740000,302.840000,302.650000,302.840000,44286
2025-09-13 15:15,302.840000,303.000000,302.800000,302.900000,36738
2025-09-13 15:30,302.900000,302.970000,302.660000,302.700000,45925
2025-09-13 15:45,302.760000,302.860000,302.670000,302.840000,34799
2025-09-13 16:00,304.000000,304.000000,302.130000,303.400000,2204
2025-09-13 16:15,303.400000,303.400000,302.800000,302.800000,3438
2025-09-13 16:30,302.990000,303.000000,302.310000,302.700000,4456
2025-09-13 16:45,302.700000,303.320000,302.400000,302.900000,2724
2025-09-13 17:00,302.990000,302.990000,302.400000,302.600000,2999
2025-09-13 17:15,302.540000,302.820000,302.500000,302.500000,4609
2025-09-13 17:30,302.740000,302.740000,302.480000,302.480000,4554
2025-09-13 17:45,302.700000,302.780000,302.440000,302.740000,5736
2025-09-13 18:00,302.570000,302.790000,302.440000,302.770000,2660
2025-09-13 18:15,302.770000,302.810000,302.450000,302.800000,2629
2025-09-13 18:30,302.800000,302.840000,302.610000,302.840000,3605
2025-09-13 18:45,302.700000,302.840000,302.600000,302.800000,2026
2025-09-13 19:00,302.800000,303.280000,302.800000,303.250000,6666
2025-09-13 19:15,303.250000,303.250000,302.800000,303.250000,2631
2025-09-13 19:30,303.250000,303.250000,302.880000,302.910000,896
2025-09-13 19:45,302.910000,303.240000,302.800000,302.830000,1338
2025-09-13 20:00,302.990000,303.000000,302.800000,302.960000,2691
2025-09-13 20:15,302.960000,302.990000,302.800000,302.980000,1805
2025-09-13 20:30,302.830000,302.990000,302.500000,302.940000,4890
2025-09-13 20:45,302.900000,302.950000,302.510000,302.950000,173
2025-09-13 23:00,302.390000,304.360000,301.950000,302.720000,4911
2025-09-13 23:15,302.730000,303.140000,302.730000,303.040000,775
2025-09-13 23:30,303.040000,303.040000,302.760000,302.980000,153
2025-09-13 23:45,302.980000,302.980000,302.760000,302.980000,43
2025-09-14 00:00,302.980000,303.030000,302.750000,303.030000,877
2025-09-14 00:15,302.750000,303.030000,302.750000,303.030000,1599
2025-09-14 00:30,303.030000,303.090000,303.030000,303.090000,75
2025-09-14 00:45,303.090000,303.090000,303.030000,303.050000,243
2025-09-14 01:00,303.050000,303.560000,303.050000,303.500000,894
2025-09-14 01:15,303.500000,303.500000,303.050000,303.490000,75
2025-09-14 01:30,303.490000,303.490000,303.060000,303.490000,218
2025-09-14 01:45,303.090000,303.490000,303.060000,303.470000,292
2025-09-14 02:00,303.470000,303.480000,303.040000,303.470000,301
2025-09-14 02:15,303.470000,303.480000,303.050000,303.480000,117
2025-09-14 02:30,303.480000,303.480000,303.050000,303.480000,97
2025-09-14 02:45,303.400000,303.490000,303.090000,303.460000,177
2025-09-14 03:00,303.460000,303.460000,303.090000,303.400000,187
2025-09-14 03:15,303.400000,303.400000,303.090000,303.400000,626
2025-09-14 03:30,303.430000,303.480000,303.300000,303.400000,475
2025-09-14 03:45,303.300000,303.500000,303.300000,303.490000,541
2025-09-14 04:00,303.470000,303.490000,303.310000,303.480000,482
2025-09-14 04:15,303.480000,303.480000,303.300000,303.420000,635
2025-09-14 04:30,303.420000,303.420000,303.000000,303.400000,10123
2025-09-14 04:45,303.400000,303.400000,303.030000,303.390000,412
2025-09-14 05:00,303.150000,303.390000,303.060000,303.380000,798
2025-09-14 05:15,303.380000,303.380000,303.070000,303.370000,752
2025-09-14 05:30,303.370000,303.780000,303.050000,303.770000,34767
2025-09-14 05:45,303.770000,303.780000,303.150000,303.740000,16954
2025-09-14 06:00,303.730000,303.730000,303.250000,303.360000,4346
2025-09-14 06:15,303.360000,303.660000,303.260000,303.580000,2817
2025-09-14 06:30,303.550000,303.580000,303.220000,303.570000,939
2025-09-14 06:45,303.180000,303.180000,303.180000,303.180000,2245
2025-09-14 07:00,303.180000,303.180000,302.720000,302.870000,73421
2025-09-14 07:15,302.870000,303.010000,302.800000,302.900000,61179
2025-09-14 07:30,302.900000,302.970000,302.810000,302.950000,37723
2025-09-14 07:45,302.950000,302.950000,302.800000,302.890000,18491
2025-09-14 08:00,302.900000,302.950000,302.860000,302.940000,14324
2025-09-14 08:15,302.910000,302.960000,302.880000,302.940000,19460
2025-09-14 08:30,302.940000,302.940000,302.870000,302.910000,20114
2025-09-14 08:45,302.870000,302.920000,302.800000,302.880000,21341
2025-09-14 09:00,302.850000,302.910000,302.840000,302.890000,8056
2025-09-14 09:15,302.900000,302.910000,302.830000,302.850000,17056
2025-09-14 09:30,302.840000,302.900000,302.790000,302.840000,27953
2025-09-14 09:45,302.850000,302.870000,302.750000,302.840000,29577
2025-09-14 10:00,302.840000,303.030000,302.780000,303.030000,84463
2025-09-14 10:15,303.030000,303.330000,303.030000,303.320000,39607
2025-09-14 10:30,303.320000,303.330000,303.180000,303.330000,24441
2025-09-14 10:45,303.350000,303.400000,303.280000,303.370000,25731
2025-09-14 11:00,303.370000,303.450000,303.330000,303.450000,36073
2025-09-14 11:15,303.450000,303.490000,303.380000,303.490000,33112
2025-09-14 11:30,303.490000,303.550000,303.400000,303.530000,51594
2025-09-14 11:45,303.530000,303.600000,303.510000,303.560000,33678
2025-09-14 12:00,303.570000,303.960000,303.560000,303.930000,133786
2025-09-14 12:15,303.940000,304.220000,303.940000,304.090000,170930
2025-09-14 12:30,304.090000,304.240000,304.010000,304.220000,54821
2025-09-14 12:45,304.220000,304.250000,304.080000,304.090000,53817
2025-09-14 13:00,304.090000,304.180000,304.090000,304.110000,34116
2025-09-14 13:15,304.130000,304.200000,303.930000,304.040000,126249
2025-09-14 13:30,304.040000,304.230000,304.040000,304.140000,16513
2025-09-14 13:45,304.170000,304.180000,303.880000,304.090000,24595
2025-09-14 14:00,304.090000,304.230000,303.910000,304.000000,39762
2025-09-14 14:15,304.060000,304.100000,303.940000,304.050000,17562
2025-09-14 14:30,304.050000,304.100000,303.890000,303.890000,38688
2025-09-14 14:45,303.890000,304.090000,303.860000,303.900000,18232
2025-09-14 15:00,303.900000,303.970000,303.580000,303.800000,64173
2025-09-14 15:15,303.840000,304.080000,303.800000,303.930000,24984
2025-09-14 15:30,303.930000,303.950000,303.670000,303.870000,29016
2025-09-14 15:45,303.910000,304.090000,303.850000,303.970000,39247
2025-09-14 16:00,303.510000,305.080000,302.040000,304.150000,1256
2025-09-14 16:15,304.150000,304.300000,303.900000,304.240000,9836
2025-09-14 16:30,303.900000,305.000000,303.880000,303.980000,20934
2025-09-14 16:45,304.260000,304.270000,303.970000,304.000000,1454
2025-09-14 17:00,304.220000,304.230000,303.970000,304.200000,3267
2025-09-14 17:15,304.200000,304.220000,303.970000,304.200000,4848
2025-09-14 17:30,304.190000,304.190000,303.880000,304.190000,18691
2025-09-14 17:45,304.190000,304.220000,303.890000,304.220000,1333
2025-09-14 18:00,304.220000,304.730000,304.010000,304.480000,5516
2025-09-14 18:15,304.470000,304.470000,304.000000,304.340000,1302
2025-09-14 18:30,304.340000,304.460000,304.340000,304.440000,1787
2025-09-14 18:45,304.440000,304.460000,304.300000,304.450000,2013
2025-09-14 19:00,304.450000,304.450000,304.300000,304.320000,1890
2025-09-14 19:15,304.360000,304.360000,303.690000,303.700000,19985
2025-09-14 19:30,303.900000,304.350000,303.710000,304.000000,1683
2025-09-14 19:45,304.330000,304.350000,304.000000,304.320000,780
2025-09-14 20:00,304.310000,304.370000,303.940000,304.350000,1801
2025-09-14 20:15,304.350000,304.360000,303.940000,304.300000,478
2025-09-14 20:30,304.300000,304.300000,303.960000,304.300000,1534
2025-09-14 20:45,304.300000,304.300000,304.000000,304.300000,638
2025-09-15 03:45,304.000000,304.000000,304.000000,304.000000,5834
2025-09-15 04:00,304.020000,304.750000,304.000000,304.190000,241387
2025-09-15 04:15,304.180000,304.500000,304.000000,304.330000,122558
2025-09-15 04:30,304.330000,304.450000,303.770000,303.830000,155015
2025-09-15 04:45,303.830000,304.100000,303.770000,304.040000,96963
2025-09-15 05:00,304.040000,304.420000,303.980000,304.210000,117842
2025-09-15 05:15,304.210000,304.400000,303.970000,304.270000,160822
2025-09-15 05:30,304.300000,304.500000,304.030000,304.090000,147000
2025-09-15 05:45,304.060000,304.150000,303.870000,303.980000,106327
2025-09-15 06:00,303.980000,304.190000,303.220000,303.440000,371424
2025-09-15 06:15,303.430000,303.490000,303.000000,303.220000,374936
2025-09-15 06:30,303.210000,303.670000,303.210000,303.530000,198545
2025-09-15 06:45,303.550000,303.770000,303.180000,303.700000,187800
2025-09-15 07:00,303.690000,304.260000,303.600000,304.080000,387368
2025-09-15 07:15,304.080000,304.390000,303.790000,304.390000,567566
2025-09-15 07:30,304.380000,304.440000,304.030000,304.200000,590274
2025-09-15 07:45,304.200000,304.200000,303.910000,303.930000,240856
2025-09-15 08:00,303.920000,303.940000,303.720000,303.920000,232086
2025-09-15 08:15,303.930000,303.990000,302.520000,302.880000,1255411
2025-09-15 08:30,302.880000,302.880000,302.180000,302.290000,717895
2025-09-15 08:45,302.290000,302.750000,302.230000,302.580000,418776
2025-09-15 09:00,302.580000,302.580000,301.630000,301.930000,1284662
2025-09-15 09:15,301.930000,302.000000,301.500000,301.520000,713061
2025-09-15 09:30,301.550000,301.550000,301.110000,301.250000,690936
2025-09-15 09:45,301.250000,301.470000,300.810000,301.380000,973692
2025-09-15 10:00,301.390000,301.980000,301.260000,301.920000,371092
2025-09-15 10:15,301.920000,301.920000,301.190000,301.230000,307033
2025-09-15 10:30,301.260000,301.470000,301.050000,301.200000,309807
2025-09-15 10:45,301.230000,301.240000,300.820000,300.830000,636438
2025-09-15 11:00,300.850000,301.130000,300.710000,301.100000,324017
2025-09-15 11:15,301.100000,301.840000,301.080000,301.800000,300043
2025-09-15 11:30,301.830000,302.080000,301.700000,302.070000,398836
2025-09-15 11:45,302.080000,302.250000,302.040000,302.050000,390268
2025-09-15 12:00,302.060000,302.890000,302.050000,302.680000,752226
2025-09-15 12:15,302.670000,303.170000,302.560000,302.900000,804808
2025-09-15 12:30,302.900000,303.000000,302.610000,302.780000,425453
2025-09-15 12:45,302.780000,302.780000,302.410000,302.470000,309153
2025-09-15 13:00,302.470000,302.470000,302.240000,302.280000,443868
2025-09-15 13:15,302.280000,302.510000,302.000000,302.410000,273071
2025-09-15 13:30,302.410000,302.540000,301.820000,302.330000,293218
2025-09-15 13:45,302.340000,302.600000,301.990000,302.000000,203445
2025-09-15 14:00,302.000000,302.000000,301.250000,301.280000,394497
2025-09-15 14:15,301.280000,301.660000,301.100000,301.540000,694212
2025-09-15 14:30,301.540000,302.600000,301.500000,302.470000,567394
2025-09-15 14:45,302.480000,303.500000,302.480000,303.000000,1270552
2025-09-15 15:00,303.000000,303.070000,302.500000,302.520000,251400
2025-09-15 15:15,302.500000,302.510000,302.350000,302.410000,145060
2025-09-15 15:30,302.410000,302.580000,302.400000,302.560000,168734
2025-09-15 15:45,302.500000,302.500000,302.500000,302.500000,34435
2025-09-15 16:00,302.500000,302.500000,302.200000,302.280000,125659
2025-09-15 16:15,302.280000,302.650000,302.250000,302.630000,195082
2025-09-15 16:30,302.630000,302.760000,302.500000,302.630000,108247
2025-09-15 16:45,302.630000,302.700000,302.590000,302.670000,53987
2025-09-15 17:00,302.670000,302.690000,302.600000,302.690000,43505
2025-09-15 17:15,302.690000,302.700000,302.570000,302.700000,74933
2025-09-15 17:30,302.700000,302.700000,302.540000,302.540000,24067
2025-09-15 17:45,302.540000,302.700000,302.500000,302.530000,135041
2025-09-15 18:00,302.530000,302.530000,301.840000,301.980000,256623
2025-09-15 18:15,301.980000,302.160000,301.920000,302.130000,60192
2025-09-15 18:30,302.130000,302.130000,301.940000,301.950000,53276
2025-09-15 18:45,301.950000,301.950000,301.670000,301.780000,119113
2025-09-15 19:00,301.780000,301.870000,301.700000,301.810000,25132
2025-09-15 19:15,301.810000,301.990000,301.750000,301.990000,19404
2025-09-15 19:30,301.980000,302.040000,301.930000,302.040000,15153
2025-09-15 19:45,302.030000,302.040000,301.960000,302.020000,25301
2025-09-15 20:00,302.020000,302.020000,301.990000,302.010000,15602
2025-09-15 20:15,302.010000,302.060000,301.840000,301.850000,28833
2025-09-15 20:30,301.850000,302.090000,301.840000,302.080000,59853
2025-09-15 20:45,302.080000,302.610000,302.080000,302.480000,76787
2025-09-16 03:45,303.000000,303.000000,303.000000,303.000000,10284
2025-09-16 04:00,303.030000,303.350000,302.320000,302.820000,147071
2025-09-16 04:15,302.820000,303.120000,302.810000,302.810000,61622
2025-09-16 04:30,302.870000,302.910000,302.810000,302.910000,19525
2025-09-16 04:45,302.910000,303.250000,302.900000,303.180000,36916
2025-09-16 05:00,303.180000,303.480000,303.000000,303.070000,166306
2025-09-16 05:15,303.070000,303.970000,303.070000,303.670000,457064
2025-09-16 05:30,303.670000,303.900000,303.600000,303.840000,240353
2025-09-16 05:45,303.840000,303.880000,303.320000,303.500000,124346
2025-09-16 06:00,303.480000,303.850000,303.300000,303.340000,169027
2025-09-16 06:15,303.330000,303.680000,303.330000,303.550000,203033
2025-09-16 06:30,303.520000,303.840000,303.360000,303.590000,186897
2025-09-16 06:45,303.590000,303.660000,303.300000,303.520000,173893
2025-09-16 07:00,303.520000,303.880000,303.160000,303.880000,461854
2025-09-16 07:15,303.870000,304.200000,303.700000,303.700000,636195
2025-09-16 07:30,303.700000,303.970000,303.310000,303.340000,499386
2025-09-16 07:45,303.340000,303.570000,303.270000,303.420000,298546
2025-09-16 08:00,303.420000,303.510000,303.320000,303.510000,91133
2025-09-16 08:15,303.510000,303.620000,303.320000,303.350000,100647
2025-09-16 08:30,303.350000,303.350000,301.880000,302.250000,1821627
2025-09-16 08:45,302.240000,302.390000,301.610000,302.110000,739119
2025-09-16 09:00,302.110000,302.300000,301.210000,301.400000,595489
2025-09-16 09:15,301.400000,302.160000,301.390000,301.580000,433404
2025-09-16 09:30,301.570000,301.680000,300.350000,300.390000,1440619
2025-09-16 09:45,300.390000,300.640000,300.000000,300.270000,2411495
2025-09-16 10:00,300.270000,300.670000,299.700000,300.210000,2068638
2025-09-16 10:15,300.210000,300.800000,300.070000,300.560000,1014083
2025-09-16 10:30,300.560000,300.770000,300.290000,300.550000,594682
2025-09-16 10:45,300.540000,300.860000,300.540000,300.840000,320434
2025-09-16 11:00,300.840000,300.930000,300.550000,300.640000,204172
2025-09-16 11:15,300.640000,300.720000,300.310000,300.360000,321428
2025-09-16 11:30,300.360000,301.290000,300.320000,301.120000,402040
2025-09-16 11:45,301.120000,301.580000,300.900000,301.530000,582947
2025-09-16 12:00,301.530000,301.800000,301.390000,301.580000,326281
2025-09-16 12:15,301.560000,301.620000,301.160000,301.420000,125162
2025-09-16 12:30,301.380000,301.380000,300.520000,300.580000,366328
2025-09-16 12:45,300.630000,300.790000,300.480000,300.670000,237434
2025-09-16 13:00,300.670000,300.690000,300.200000,300.210000,304282
2025-09-16 13:15,300.200000,301.100000,300.000000,300.420000,1029025
2025-09-16 13:30,300.430000,301.400000,300.330000,301.070000,390146
2025-09-16 13:45,301.090000,302.090000,300.870000,301.550000,800904
2025-09-16 14:00,301.550000,302.690000,301.530000,302.420000,916463
2025-09-16 14:15,302.420000,302.500000,302.010000,302.180000,775963
2025-09-16 14:30,302.180000,302.450000,302.040000,302.400000,489551
2025-09-16 14:45,302.400000,302.630000,302.020000,302.100000,506700
2025-09-16 15:00,302.090000,302.360000,301.860000,302.080000,317480
2025-09-16 15:15,302.080000,302.200000,301.800000,301.880000,294423
2025-09-16 15:30,301.870000,301.970000,301.520000,301.740000,241851
2025-09-16 15:45,302.000000,302.000000,302.000000,302.000000,51904
2025-09-16 16:00,302.000000,302.300000,301.730000,302.080000,256089
2025-09-16 16:15,302.080000,302.140000,302.050000,302.100000,154939
2025-09-16 16:30,302.080000,302.120000,302.020000,302.040000,76636
2025-09-16 16:45,302.070000,302.100000,302.010000,302.020000,75049
2025-09-16 17:00,302.010000,302.020000,301.760000,301.950000,62485
2025-09-16 17:15,301.950000,302.090000,301.870000,301.940000,138452
2025-09-16 17:30,301.940000,302.090000,301.660000,301.740000,144102
2025-09-16 17:45,301.740000,302.010000,301.720000,302.000000,54568
2025-09-16 18:00,302.000000,302.020000,301.820000,301.840000,38533
2025-09-16 18:15,301.840000,301.990000,301.820000,301.880000,30023
2025-09-16 18:30,301.870000,302.020000,301.860000,302.000000,22478
2025-09-16 18:45,302.010000,302.050000,301.940000,302.050000,113058
2025-09-16 19:00,302.040000,302.050000,301.940000,302.000000,44876
2025-09-16 19:15,302.000000,302.240000,301.990000,302.120000,197657
2025-09-16 19:30,302.120000,302.200000,302.090000,302.110000,38502
2025-09-16 19:45,302.110000,302.120000,302.000000,302.010000,102759
2025-09-16 20:00,302.010000,302.070000,301.930000,301.960000,111167
2025-09-16 20:15,301.970000,302.030000,301.920000,301.960000,63043
2025-09-16 20:30,301.940000,301.990000,301.770000,301.800000,119207
2025-09-16 20:45,301.810000,301.900000,301.750000,301.800000,56255
2025-09-17 03:45,301.800000,301.800000,301.800000,301.800000,6498
2025-09-17 04:00,301.800000,302.370000,301.750000,302.320000,104190
2025-09-17 04:15,302.320000,302.340000,302.000000,302.050000,38192
2025-09-17 04:30,302.060000,302.260000,302.050000,302.190000,23294
2025-09-17 04:45,302.190000,302.370000,302.150000,302.300000,45396
2025-09-17 05:00,302.300000,302.320000,302.160000,302.170000,27560
2025-09-17 05:15,302.170000,302.250000,302.060000,302.140000,23157
2025-09-17 05:30,302.140000,302.210000,302.040000,302.160000,20909
2025-09-17 05:45,302.160000,302.290000,302.020000,302.250000,21892
2025-09-17 06:00,302.240000,302.240000,301.640000,301.740000,148789
2025-09-17 06:15,301.740000,301.740000,300.770000,300.900000,535736
2025-09-17 06:30,300.910000,301.450000,300.860000,301.000000,195403
2025-09-17 06:45,301.010000,301.200000,300.800000,301.000000,158414
2025-09-17 07:00,301.010000,301.660000,300.730000,301.430000,427973
2025-09-17 07:15,301.460000,301.700000,301.330000,301.620000,292903
2025-09-17 07:30,301.620000,301.700000,301.030000,301.260000,382436
2025-09-17 07:45,301.260000,301.550000,300.850000,301.410000,643687
2025-09-17 08:00,301.400000,301.670000,300.880000,300.930000,292342
2025-09-17 08:15,300.920000,300.940000,300.320000,300.670000,816569
2025-09-17 08:30,300.660000,300.700000,300.200000,300.340000,522115
2025-09-17 08:45,300.350000,300.540000,300.100000,300.310000,498364
2025-09-17 09:00,300.320000,300.760000,300.300000,300.660000,296307
2025-09-17 09:15,300.670000,300.680000,300.340000,300.350000,221150
2025-09-17 09:30,300.410000,300.460000,300.250000,300.300000,144547
2025-09-17 09:45,300.310000,300.330000,299.800000,299.920000,1085907
2025-09-17 10:00,299.920000,300.960000,299.850000,300.730000,1039698
2025-09-17 10:15,300.730000,301.290000,300.660000,301.250000,351462
2025-09-17 10:30,301.270000,301.450000,301.000000,301.420000,599703
2025-09-17 10:45,301.410000,302.280000,301.410000,301.520000,1325551
2025-09-17 11:00,301.540000,302.010000,301.520000,301.730000,317235
2025-09-17 11:15,301.740000,301.760000,301.320000,301.550000,223656
2025-09-17 11:30,301.550000,301.620000,301.160000,301.370000,464465
2025-09-17 11:45,301.370000,301.670000,301.360000,301.580000,178651
2025-09-17 12:00,301.580000,301.640000,301.490000,301.550000,108717
2025-09-17 12:15,301.550000,301.700000,301.400000,301.460000,347617
2025-09-17 12:30,301.460000,301.460000,301.150000,301.250000,124022
2025-09-17 12:45,301.250000,301.650000,301.150000,301.420000,253329
2025-09-17 13:00,301.410000,301.670000,301.280000,301.340000,184669
2025-09-17 13:15,301.340000,301.400000,300.620000,300.720000,480913
2025-09-17 13:30,300.720000,303.630000,300.610000,302.200000,3928762
2025-09-17 13:45,302.200000,302.930000,302.030000,302.570000,583109
2025-09-17 14:00,302.570000,304.460000,302.570000,303.980000,1961127
2025-09-17 14:15,303.950000,305.500000,303.780000,305.110000,2142343
2025-09-17 14:30,305.100000,305.460000,304.730000,305.400000,1740800
2025-09-17 14:45,305.400000,305.920000,304.850000,305.270000,1951103
2025-09-17 15:00,305.290000,305.490000,304.660000,305.040000,936175
2025-09-17 15:15,305.040000,305.310000,304.770000,305.080000,566529
2025-09-17 15:30,305.080000,305.170000,304.400000,304.480000,312359
2025-09-17 15:45,304.300000,304.300000,304.300000,304.300000,135023
2025-09-17 16:00,304.200000,305.000000,304.200000,304.600000,1738379
2025-09-17 16:15,304.580000,304.630000,304.200000,304.220000,240751
2025-09-17 16:30,304.210000,304.300000,304.100000,304.250000,73596
2025-09-17 16:45,304.240000,304.300000,303.950000,303.980000,163376
2025-09-17 17:00,303.980000,304.140000,303.750000,303.910000,130136
2025-09-17 17:15,303.910000,304.120000,303.850000,304.050000,83559
2025-09-17 17:30,304.060000,304.220000,304.050000,304.200000,47765
2025-09-17 17:45,304.200000,304.250000,304.180000,304.240000,46685
2025-09-17 18:00,304.250000,304.300000,304.040000,304.050000,129291
2025-09-17 18:15,304.060000,304.130000,303.880000,304.110000,76833
2025-09-17 18:30,304.120000,304.700000,304.020000,304.360000,507266
2025-09-17 18:45,304.350000,304.350000,303.960000,304.030000,161386
2025-09-17 19:00,304.030000,304.350000,304.030000,304.250000,177300
2025-09-17 19:15,304.260000,304.450000,304.160000,304.450000,82229
2025-09-17 19:30,304.450000,304.700000,304.330000,304.650000,155270
2025-09-17 19:45,304.660000,304.660000,304.450000,304.490000,39161
2025-09-17 20:00,304.490000,304.560000,304.350000,304.350000,79201
2025-09-17 20:15,304.350000,304.490000,304.210000,304.420000,109600
2025-09-17 20:30,304.420000,304.500000,304.350000,304.400000,86366
2025-09-17 20:45,304.400000,304.500000,304.350000,304.500000,62633
2025-09-18 03:45,304.800000,304.800000,304.800000,304.800000,2512
2025-09-18 04:00,304.700000,305.050000,304.080000,304.880000,180678
2025-09-18 04:15,304.880000,304.970000,304.710000,304.720000,40611
2025-09-18 04:30,304.720000,304.720000,304.170000,304.190000,62280
2025-09-18 04:45,304.190000,304.190000,303.820000,303.940000,144405
2025-09-18 05:00,303.940000,304.370000,303.800000,304.300000,64270
2025-09-18 05:15,304.300000,304.550000,304.300000,304.550000,22739
2025-09-18 05:30,304.550000,304.600000,303.950000,304.100000,70498
2025-09-18 05:45,304.100000,304.100000,303.850000,303.850000,88600
2025-09-18 06:00,303.980000,304.000000,303.380000,303.930000,222034
2025-09-18 06:15,303.920000,304.000000,303.320000,303.560000,299143
2025-09-18 06:30,303.560000,303.630000,303.250000,303.630000,125099
2025-09-18 06:45,303.630000,303.810000,303.570000,303.700000,95927
2025-09-18 07:00,303.700000,303.750000,302.870000,303.110000,433655
2025-09-18 07:15,303.100000,303.390000,302.890000,303.180000,775245
2025-09-18 07:30,303.090000,303.140000,302.660000,302.670000,430534
2025-09-18 07:45,302.670000,302.670000,302.290000,302.390000,695799
2025-09-18 08:00,302.380000,302.520000,302.220000,302.250000,324135
2025-09-18 08:15,302.250000,302.950000,302.120000,302.900000,589145
2025-09-18 08:30,302.910000,302.930000,302.640000,302.780000,349326
2025-09-18 08:45,302.780000,303.380000,302.780000,303.000000,576394
2025-09-18 09:00,303.030000,303.270000,302.820000,302.830000,227630
2025-09-18 09:15,302.830000,302.910000,302.250000,302.300000,383069
2025-09-18 09:30,302.260000,302.280000,301.530000,301.790000,1000923
2025-09-18 09:45,301.750000,301.890000,301.660000,301.760000,242275
2025-09-18 10:00,301.750000,301.770000,301.500000,301.520000,663452
2025-09-18 10:15,301.510000,301.790000,301.260000,301.760000,757047
2025-09-18 10:30,301.760000,302.300000,301.590000,301.630000,614479
2025-09-18 10:45,301.660000,301.770000,301.390000,301.640000,279401
2025-09-18 11:00,301.640000,302.000000,301.180000,301.390000,434049
2025-09-18 11:15,301.380000,302.080000,301.350000,301.920000,199429
2025-09-18 11:30,301.900000,302.080000,301.650000,301.680000,295272
2025-09-18 11:45,301.680000,301.750000,301.140000,301.180000,623058
2025-09-18 12:00,301.180000,301.450000,300.660000,301.390000,2758585
2025-09-18 12:15,301.350000,301.890000,301.330000,301.620000,1864537
2025-09-18 12:30,301.600000,301.780000,301.370000,301.510000,1957819
2025-09-18 12:45,301.510000,301.580000,301.000000,301.250000,2365939
2025-09-18 13:00,301.250000,301.920000,301.250000,301.610000,841069
2025-09-18 13:15,301.610000,301.750000,301.010000,301.650000,626955
2025-09-18 13:30,301.670000,302.280000,301.620000,302.120000,439577
2025-09-18 13:45,302.110000,302.200000,301.860000,302.040000,453732
2025-09-18 14:00,302.040000,302.420000,302.000000,302.370000,608620
2025-09-18 14:15,302.380000,302.420000,301.700000,302.120000,392631
2025-09-18 14:30,302.130000,302.250000,301.810000,302.160000,227428
2025-09-18 14:45,302.150000,302.210000,302.000000,302.040000,186813
2025-09-18 15:00,302.040000,302.270000,302.020000,302.040000,169059
2025-09-18 15:15,302.040000,302.620000,302.040000,302.620000,600147
2025-09-18 15:30,302.620000,302.900000,302.610000,302.750000,451448
2025-09-18 15:45,302.860000,302.860000,302.860000,302.860000,39102
2025-09-18 16:00,302.750000,302.850000,302.490000,302.750000,232235
2025-09-18 16:15,302.740000,302.810000,302.540000,302.610000,126129
2025-09-18 16:30,302.600000,302.610000,302.470000,302.600000,144735
2025-09-18 16:45,302.600000,302.610000,302.150000,302.210000,190301
2025-09-18 17:00,302.200000,302.270000,302.000000,302.140000,87769
2025-09-18 17:15,302.140000,302.230000,301.900000,301.900000,78285
2025-09-18 17:30,301.900000,301.960000,301.690000,301.920000,166880
2025-09-18 17:45,301.910000,301.920000,301.380000,301.510000,252635
2025-09-18 18:00,301.520000,301.580000,301.360000,301.510000,92073
2025-09-18 18:15,301.500000,301.880000,301.410000,301.880000,119701
2025-09-18 18:30,301.880000,301.880000,301.600000,301.800000,54755
2025-09-18 18:45,301.800000,301.840000,301.760000,301.800000,141642
2025-09-18 19:00,301.800000,301.800000,301.750000,301.760000,34135
2025-09-18 19:15,301.760000,301.760000,301.550000,301.570000,32296
2025-09-18 19:30,301.550000,301.770000,301.550000,301.650000,76521
2025-09-18 19:45,301.650000,301.800000,301.610000,301.740000,59737
2025-09-18 20:00,301.800000,302.000000,301.800000,301.930000,155381
2025-09-18 20:15,301.930000,301.930000,301.830000,301.910000,27971
2025-09-18 20:30,301.910000,301.960000,301.690000,301.780000,92601
2025-09-18 20:45,301.770000,301.910000,301.530000,301.680000,74373
2025-09-19 03:45,301.600000,301.600000,301.600000,301.600000,3011
2025-09-19 04:00,301.600000,302.340000,301.230000,302.300000,73502
2025-09-19 04:15,302.300000,302.330000,301.660000,301.660000,43963
2025-09-19 04:30,301.660000,302.050000,301.570000,302.000000,42329
2025-09-19 04:45,302.000000,302.200000,302.000000,302.030000,69438
2025-09-19 05:00,302.020000,302.060000,301.400000,302.030000,75486
2025-09-19 05:15,302.060000,302.060000,301.630000,301.680000,55195
2025-09-19 05:30,301.690000,301.760000,301.580000,301.580000,36936
2025-09-19 05:45,301.630000,302.000000,301.470000,301.540000,129399
2025-09-19 06:00,301.650000,302.500000,301.650000,302.450000,290690
2025-09-19 06:15,302.450000,302.720000,302.040000,302.140000,397330
2025-09-19 06:30,302.150000,302.500000,302.030000,302.500000,118300
2025-09-19 06:45,302.490000,302.860000,302.490000,302.810000,329403
2025-09-19 07:00,302.800000,303.800000,302.310000,302.400000,1383527
2025-09-19 07:15,302.390000,302.790000,302.130000,302.630000,312752
2025-09-19 07:30,302.640000,302.670000,302.220000,302.250000,118074
2025-09-19 07:45,302.280000,302.350000,302.000000,302.140000,118433
2025-09-19 08:00,302.140000,302.140000,301.000000,301.050000,731635
2025-09-19 08:15,301.050000,301.670000,301.030000,301.670000,843554
2025-09-19 08:30,301.670000,301.690000,301.100000,301.390000,281501
2025-09-19 08:45,301.380000,301.390000,301.110000,301.170000,218698
2025-09-19 09:00,301.170000,301.600000,300.910000,301.230000,951615
2025-09-19 09:15,301.230000,301.500000,300.920000,301.380000,346928
2025-09-19 09:30,301.390000,301.570000,301.210000,301.390000,403641
2025-09-19 09:45,301.390000,301.780000,301.250000,301.760000,673631
2025-09-19 10:00,301.760000,302.100000,300.850000,300.860000,979612
2025-09-19 10:15,300.870000,301.050000,300.310000,300.550000,1171402
2025-09-19 10:30,300.540000,300.550000,300.000000,300.040000,1342627
2025-09-19 10:45,300.070000,300.350000,300.030000,300.110000,637467
2025-09-19 11:00,300.110000,300.380000,299.800000,300.370000,977231
2025-09-19 11:15,300.370000,300.450000,300.070000,300.080000,466708
2025-09-19 11:30,300.090000,300.170000,300.010000,300.070000,338340
2025-09-19 11:45,300.070000,301.530000,300.000000,301.390000,1062499
2025-09-19 12:00,301.400000,301.400000,300.220000,300.250000,511451
2025-09-19 12:15,300.270000,300.570000,300.140000,300.560000,478422
2025-09-19 12:30,300.570000,300.920000,300.180000,300.200000,429801
2025-09-19 12:45,300.200000,300.930000,300.170000,300.520000,268582
2025-09-19 13:00,300.530000,300.610000,300.370000,300.590000,222019
2025-09-19 13:15,300.590000,301.150000,300.580000,301.070000,438142
2025-09-19 13:30,301.070000,301.280000,300.800000,300.850000,223151
2025-09-19 13:45,300.850000,300.860000,300.150000,300.440000,585891
2025-09-19 14:00,300.440000,300.440000,300.050000,300.060000,461274
2025-09-19 14:15,300.060000,300.130000,300.040000,300.050000,395825
2025-09-19 14:30,300.050000,300.200000,298.630000,298.730000,2711685
2025-09-19 14:45,298.750000,299.170000,298.100000,298.180000,1485835
2025-09-19 15:00,298.180000,299.000000,297.670000,297.680000,1713601
2025-09-19 15:15,297.680000,297.920000,297.000000,297.270000,2101736
2025-09-19 15:30,297.270000,297.550000,297.010000,297.160000,697991
2025-09-19 15:45,297.400000,297.400000,297.400000,297.400000,173676
2025-09-19 16:00,297.400000,297.630000,297.150000,297.490000,924635
2025-09-19 16:15,297.490000,297.600000,296.120000,296.290000,1422395
2025-09-19 16:30,296.280000,296.390000,295.650000,296.330000,1232257
2025-09-19 16:45,296.330000,296.520000,295.860000,296.240000,693652
2025-09-19 17:00,296.240000,296.240000,295.770000,296.040000,496783
2025-09-19 17:15,296.040000,296.040000,295.010000,295.120000,1156621
2025-09-19 17:30,295.130000,295.800000,295.060000,295.780000,676529
2025-09-19 17:45,295.770000,295.820000,295.230000,295.490000,384238
2025-09-19 18:00,295.490000,295.800000,295.440000,295.560000,250762
2025-09-19 18:15,295.570000,295.640000,295.400000,295.580000,468701
2025-09-19 18:30,295.580000,295.600000,295.300000,295.480000,248007
2025-09-19 18:45,295.480000,295.610000,295.330000,295.350000,223751
2025-09-19 19:00,295.330000,295.450000,295.190000,295.440000,337117
2025-09-19 19:15,295.430000,295.680000,295.410000,295.680000,105558
2025-09-19 19:30,295.680000,295.830000,295.550000,295.600000,187899
2025-09-19 19:45,295.600000,295.870000,295.300000,295.510000,306783
2025-09-19 20:00,295.490000,295.660000,295.310000,295.330000,222883
2025-09-19 20:15,295.330000,295.360000,294.710000,294.870000,1170160
2025-09-19 20:30,294.800000,294.940000,294.630000,294.650000,379493
2025-09-19 20:45,294.630000,294.900000,294.610000,294.840000,107627
2025-09-19 23:00,296.040000,297.740000,292.650000,296.220000,16132
2025-09-19 23:15,296.190000,296.330000,296.000000,296.130000,2301
2025-09-19 23:30,296.280000,296.300000,296.190000,296.190000,2085
2025-09-19 23:45,296.190000,296.190000,296.130000,296.130000,1233
2025-09-20 00:00,296.130000,296.190000,296.100000,296.180000,411
2025-09-20 00:15,296.180000,296.390000,293.700000,293.700000,61247
2025-09-20 00:30,294.010000,295.660000,293.120000,293.550000,19883
2025-09-20 00:45,294.180000,294.240000,293.520000,294.000000,1962
2025-09-20 01:00,293.990000,294.240000,293.600000,294.200000,933
2025-09-20 01:15,294.230000,294.240000,293.320000,294.060000,7948
2025-09-20 01:30,294.060000,294.060000,293.440000,294.030000,551
2025-09-20 01:45,294.000000,294.110000,293.540000,294.000000,709
2025-09-20 02:00,294.110000,294.610000,293.580000,294.590000,3499
2025-09-20 02:15,294.590000,294.600000,293.860000,294.590000,1133
2025-09-20 02:30,294.590000,294.600000,294.000000,294.590000,1568
2025-09-20 02:45,294.590000,294.600000,294.050000,294.600000,1050
2025-09-20 03:00,294.600000,294.600000,294.500000,294.600000,1094
2025-09-20 03:15,294.600000,294.840000,294.030000,294.500000,7472
2025-09-20 03:30,294.500000,294.600000,294.040000,294.080000,12120
2025-09-20 03:45,294.110000,294.840000,294.110000,294.840000,3562
2025-09-20 04:00,294.840000,295.070000,294.590000,295.060000,3879
2025-09-20 04:15,295.060000,295.080000,294.900000,295.070000,5023
2025-09-20 04:30,295.070000,295.480000,295.000000,295.290000,2556
2025-09-20 04:45,295.150000,295.290000,294.840000,294.980000,5232
2025-09-20 05:00,294.980000,294.980000,294.510000,294.870000,6289
2025-09-20 05:15,294.870000,294.870000,294.200000,294.850000,4234
2025-09-20 05:30,294.850000,294.850000,294.210000,294.800000,3232
2025-09-20 05:45,294.790000,294.840000,294.200000,294.830000,9078
2025-09-20 06:00,294.810000,294.840000,294.200000,294.840000,7026
2025-09-20 06:15,294.840000,294.840000,294.250000,294.820000,6162
2025-09-20 06:30,294.820000,294.820000,294.680000,294.810000,5523
2025-09-20 06:45,294.810000,294.810000,294.540000,294.710000,3150
2025-09-20 07:00,294.740000,294.760000,294.320000,294.720000,8874
2025-09-20 07:15,294.720000,294.900000,294.350000,294.860000,17957
2025-09-20 07:30,294.850000,294.900000,294.520000,294.880000,3838
2025-09-20 07:30,294.850000,294.900000,294.520000,294.880000,3838
2025-09-20 07:45,294.890000,294.920000,294.580000,294.900000,7971
2025-09-20 08:00,294.900000,294.950000,294.700000,294.930000,8986
2025-09-20 08:15,294.930000,294.950000,294.700000,294.940000,7205
2025-09-20 08:30,294.940000,294.950000,294.630000,294.920000,4091
2025-09-20 08:45,294.860000,294.950000,294.640000,294.900000,7760
2025-09-20 09:00,294.950000,294.990000,294.650000,294.990000,4007
2025-09-20 09:15,294.990000,295.000000,294.700000,294.980000,4135
2025-09-20 09:30,294.980000,294.990000,294.710000,294.710000,4062
2025-09-20 09:45,294.980000,295.000000,294.700000,294.980000,6804
2025-09-20 10:00,295.000000,295.000000,294.630000,294.950000,34069
2025-09-20 10:15,294.950000,294.950000,294.630000,294.950000,13596
2025-09-20 10:30,294.950000,294.950000,294.630000,294.920000,4182
2025-09-20 10:45,294.920000,294.930000,294.630000,294.860000,3643
2025-09-20 11:00,294.930000,294.990000,294.630000,294.990000,3847
2025-09-20 11:15,294.990000,295.000000,294.650000,295.000000,6887
2025-09-20 11:30,295.000000,295.000000,294.640000,294.670000,4203
2025-09-20 11:45,294.920000,294.930000,294.560000,294.930000,3648
2025-09-20 12:00,294.920000,294.940000,294.560000,294.880000,5843
2025-09-20 12:15,294.880000,294.900000,294.590000,294.670000,4509
2025-09-20 12:30,294.890000,294.890000,294.670000,294.870000,1741
2025-09-20 12:45,294.870000,294.940000,294.680000,294.940000,2520
2025-09-20 13:00,294.940000,294.950000,294.840000,294.950000,1941
2025-09-20 13:15,294.950000,294.980000,294.570000,294.960000,5839
2025-09-20 13:30,294.960000,294.980000,294.910000,294.980000,1960
2025-09-20 13:45,294.980000,294.990000,294.700000,294.980000,5467
2025-09-20 14:00,294.900000,294.990000,294.700000,294.960000,4224
2025-09-20 14:15,294.960000,294.960000,294.720000,294.950000,4639
2025-09-20 14:30,294.950000,294.990000,294.590000,294.970000,5963
2025-09-20 14:45,294.950000,294.980000,294.590000,294.600000,2239
2025-09-20 15:00,294.960000,294.990000,294.610000,294.800000,16337
2025-09-20 15:15,294.980000,294.990000,294.800000,294.990000,2533
2025-09-20 15:30,294.990000,295.000000,294.930000,294.940000,15212
2025-09-20 15:45,294.990000,294.990000,294.560000,294.900000,9079
2025-09-20 16:00,294.930000,295.000000,294.640000,294.710000,4973
2025-09-20 16:15,294.980000,294.990000,294.690000,294.990000,2463
2025-09-20 16:30,294.990000,294.990000,294.690000,294.980000,1861
2025-09-20 16:45,294.980000,294.990000,294.580000,294.990000,4307
2025-09-20 17:00,294.990000,294.990000,294.640000,294.640000,1660
2025-09-20 17:15,294.680000,294.970000,294.640000,294.950000,1472
2025-09-20 17:30,294.700000,294.960000,294.640000,294.930000,3475
2025-09-20 17:45,294.920000,294.950000,294.600000,294.940000,2211
2025-09-20 18:00,294.610000,294.930000,294.570000,294.590000,3943
2025-09-20 18:15,294.920000,294.930000,294.570000,294.890000,1875
2025-09-20 18:30,294.890000,294.900000,294.640000,294.640000,2515
2025-09-20 18:45,294.640000,294.880000,294.600000,294.610000,1119
2025-09-20 19:00,294.610000,294.880000,294.580000,294.590000,2613
2025-09-20 19:15,294.580000,294.590000,294.570000,294.590000,2749
2025-09-20 19:30,294.590000,294.880000,294.570000,294.860000,4130
2025-09-20 19:45,294.860000,294.870000,294.570000,294.840000,3119
2025-09-20 20:00,294.840000,294.880000,294.580000,294.870000,3775
2025-09-20 20:15,294.870000,294.880000,294.630000,294.790000,605
2025-09-20 20:30,294.630000,294.790000,294.600000,294.790000,1501
2025-09-20 20:45,294.790000,294.790000,294.600000,294.790000,175
2025-09-20 23:00,296.190000,296.190000,293.210000,295.210000,305
2025-09-20 23:15,294.850000,295.270000,294.850000,295.240000,489
2025-09-20 23:30,295.240000,295.250000,294.800000,294.840000,351
2025-09-20 23:45,294.840000,295.240000,294.840000,295.240000,255
2025-09-21 00:00,295.240000,295.250000,295.100000,295.250000,298
2025-09-21 00:15,295.250000,295.260000,295.100000,295.260000,166
2025-09-21 00:30,295.250000,295.270000,294.800000,295.260000,451
2025-09-21 00:45,294.820000,295.820000,294.820000,295.820000,2005
2025-09-21 01:00,295.820000,295.940000,295.170000,295.940000,426
2025-09-21 01:15,295.930000,295.950000,295.930000,295.950000,233
2025-09-21 01:30,295.950000,295.950000,295.300000,295.300000,315
2025-09-21 01:45,295.890000,295.940000,295.290000,295.420000,328
2025-09-21 02:00,295.310000,295.930000,295.310000,295.920000,83
2025-09-21 02:15,295.920000,295.930000,295.120000,295.290000,323
2025-09-21 02:30,295.290000,295.300000,295.050000,295.300000,237
2025-09-21 02:45,295.290000,295.300000,295.010000,295.300000,398
2025-09-21 03:00,295.300000,295.300000,295.000000,295.300000,620
2025-09-21 03:15,295.000000,295.300000,294.880000,295.000000,587
2025-09-21 03:30,294.880000,295.000000,294.800000,295.000000,775
2025-09-21 03:45,295.000000,295.300000,294.820000,295.230000,165
2025-09-21 04:00,295.230000,295.240000,294.860000,295.230000,480
2025-09-21 04:15,295.220000,295.500000,294.890000,294.890000,951
2025-09-21 04:30,295.460000,295.470000,294.870000,295.000000,1234
2025-09-21 04:45,295.260000,295.400000,294.890000,295.350000,1283
2025-09-21 05:00,295.350000,295.480000,294.790000,295.370000,2851
2025-09-21 05:15,295.370000,295.470000,294.800000,295.470000,2468
2025-09-21 05:30,295.470000,295.500000,295.400000,295.400000,1730
2025-09-21 05:45,295.400000,295.600000,295.400000,295.600000,3045
2025-09-21 06:00,295.600000,295.600000,295.100000,295.390000,8608
2025-09-21 06:15,295.390000,295.670000,295.010000,295.200000,2785
2025-09-21 06:30,295.660000,295.790000,295.210000,295.780000,1849
2025-09-21 06:45,295.790000,295.790000,295.450000,295.770000,4654
2025-09-21 07:00,295.770000,295.770000,295.450000,295.760000,1222
2025-09-21 07:15,295.760000,295.760000,295.460000,295.690000,1427
2025-09-21 07:30,295.690000,295.690000,295.000000,295.500000,3132
2025-09-21 07:45,295.500000,295.500000,294.900000,295.280000,4389
2025-09-21 08:00,295.280000,295.350000,295.000000,295.030000,1383
2025-09-21 08:15,295.330000,295.360000,295.000000,295.360000,1888
2025-09-21 08:30,295.360000,295.380000,295.020000,295.360000,1530
2025-09-21 08:45,295.350000,295.360000,295.030000,295.040000,1584
2025-09-21 09:00,295.300000,295.640000,295.030000,295.500000,9625
2025-09-21 09:15,295.500000,295.530000,294.950000,295.430000,7392
2025-09-21 09:30,295.430000,295.500000,294.920000,295.000000,4610
2025-09-21 09:45,295.450000,295.450000,295.000000,295.430000,1432
2025-09-21 10:00,295.430000,295.440000,295.110000,295.370000,742
2025-09-21 10:15,295.370000,295.380000,295.120000,295.360000,1541
2025-09-21 10:30,295.360000,295.400000,295.200000,295.400000,2792
2025-09-21 10:45,295.200000,295.400000,294.980000,295.100000,12257
2025-09-21 11:00,295.100000,295.100000,294.940000,295.100000,8940
2025-09-21 11:15,295.100000,295.100000,294.940000,295.100000,5958
2025-09-21 11:30,295.050000,295.100000,294.920000,295.090000,1304
2025-09-21 11:45,294.920000,295.090000,294.900000,295.090000,2748
2025-09-21 12:00,294.900000,295.090000,294.900000,295.090000,1658
2025-09-21 12:15,295.090000,295.090000,294.850000,295.090000,2493
2025-09-21 12:30,295.090000,295.100000,294.850000,294.950000,14343
2025-09-21 12:45,294.890000,295.100000,294.880000,294.970000,1894
2025-09-21 13:00,295.000000,295.000000,294.890000,294.890000,1724
2025-09-21 13:15,294.890000,295.000000,294.870000,294.900000,2690
2025-09-21 13:30,294.900000,294.900000,294.860000,294.860000,2569
2025-09-21 13:45,294.890000,295.000000,294.850000,295.000000,1223
2025-09-21 14:00,295.000000,295.000000,294.850000,294.950000,2745
2025-09-21 14:15,294.850000,294.950000,294.750000,294.940000,4946
2025-09-21 14:30,294.900000,294.970000,294.700000,294.970000,2902
2025-09-21 14:45,294.970000,294.970000,294.750000,294.930000,2197
2025-09-21 15:00,294.930000,294.930000,294.660000,294.890000,1955
2025-09-21 15:15,294.850000,294.900000,294.590000,294.900000,3903
2025-09-21 15:30,294.900000,294.900000,294.590000,294.900000,2681
2025-09-21 15:45,294.890000,294.900000,294.890000,294.900000,2222
2025-09-21 16:00,294.890000,294.900000,294.520000,294.800000,5228
2025-09-21 16:15,294.800000,294.890000,294.520000,294.520000,4110
2025-09-21 16:30,294.900000,294.900000,294.500000,294.840000,4859
2025-09-21 16:45,294.540000,294.900000,294.480000,294.900000,4126
2025-09-21 17:00,294.900000,294.900000,294.040000,294.800000,4895
2025-09-21 17:15,294.800000,294.900000,294.320000,294.900000,3499
2025-09-21 17:30,294.900000,294.900000,294.510000,294.900000,2862
2025-09-21 17:45,294.900000,294.900000,294.520000,294.890000,2238
2025-09-21 18:00,294.890000,294.900000,294.510000,294.890000,1959
2025-09-21 18:15,294.890000,294.900000,294.520000,294.900000,1016
2025-09-21 18:30,294.900000,294.940000,294.550000,294.940000,1795
2025-09-21 18:45,294.950000,294.960000,294.500000,294.930000,3873
2025-09-21 19:00,294.930000,295.000000,294.550000,294.970000,3846
2025-09-21 19:15,294.970000,294.980000,294.300000,294.900000,8150
2025-09-21 19:30,294.880000,294.900000,294.440000,294.900000,328
2025-09-21 19:45,294.600000,294.900000,294.510000,294.890000,1453
2025-09-21 20:00,294.890000,294.960000,294.520000,294.960000,3966
2025-09-21 20:15,294.960000,294.990000,294.900000,294.910000,1032
2025-09-21 20:30,294.910000,294.910000,294.600000,294.900000,335
2025-09-21 20:45,294.640000,295.100000,294.600000,295.090000,7972
2025-09-22 03:45,295.860000,295.860000,295.860000,295.860000,16357
2025-09-22 04:00,295.760000,295.850000,294.030000,294.650000,722132
2025-09-22 04:15,294.650000,295.410000,294.620000,295.330000,204635
2025-09-22 04:30,295.330000,295.880000,295.270000,295.790000,116882
2025-09-22 04:45,295.790000,295.790000,295.080000,295.550000,154808
2025-09-22 05:00,295.610000,296.290000,295.450000,296.280000,227795
2025-09-22 05:15,296.270000,296.530000,295.730000,295.990000,355784
2025-09-22 05:30,295.970000,296.090000,295.810000,295.880000,104280
2025-09-22 05:45,295.820000,296.320000,295.780000,295.900000,123856
2025-09-22 06:00,295.960000,295.960000,295.010000,295.440000,298372
2025-09-22 06:15,295.440000,295.460000,294.230000,294.350000,560973
2025-09-22 06:30,294.370000,295.340000,294.360000,294.960000,351902
2025-09-22 06:45,294.960000,295.310000,294.660000,294.670000,231430
2025-09-22 07:00,294.660000,295.630000,294.560000,295.140000,597456
2025-09-22 07:15,295.140000,295.200000,293.860000,293.910000,1484570
2025-09-22 07:30,293.870000,293.950000,292.600000,292.950000,2384598
2025-09-22 07:45,292.940000,293.900000,292.910000,293.740000,1227215
2025-09-22 08:00,293.760000,294.280000,293.570000,293.850000,749873
2025-09-22 08:15,293.850000,294.070000,293.030000,293.400000,531090
2025-09-22 08:30,293.400000,293.500000,293.100000,293.350000,403076
2025-09-22 08:45,293.340000,294.150000,293.340000,294.110000,449561
2025-09-22 09:00,294.100000,294.130000,293.260000,293.380000,480713
2025-09-22 09:15,293.390000,294.250000,293.380000,293.970000,386887
2025-09-22 09:30,293.970000,294.560000,293.120000,294.200000,1063076
2025-09-22 09:45,294.210000,294.210000,292.160000,292.820000,2262758
2025-09-22 10:00,292.820000,293.170000,292.420000,292.630000,796487
2025-09-22 10:15,292.630000,293.270000,292.300000,292.630000,934571
2025-09-22 10:30,292.620000,292.780000,292.210000,292.680000,521025
2025-09-22 10:45,292.690000,292.980000,292.400000,292.510000,657922
2025-09-22 11:00,292.510000,292.770000,292.300000,292.410000,424917
2025-09-22 11:15,292.400000,293.520000,292.310000,293.100000,599886
2025-09-22 11:30,293.100000,293.380000,292.900000,293.100000,432838
2025-09-22 11:45,293.090000,295.610000,292.450000,294.660000,2939176
2025-09-22 12:00,294.700000,296.300000,294.600000,294.720000,2530434
2025-09-22 12:15,294.740000,295.380000,294.170000,294.250000,927450
2025-09-22 12:30,294.250000,295.930000,294.190000,294.690000,919336
2025-09-22 12:45,294.720000,295.230000,294.570000,294.700000,372510
2025-09-22 13:00,294.700000,294.720000,293.700000,294.280000,793142
2025-09-22 13:15,294.270000,294.410000,293.680000,294.130000,477129
2025-09-22 13:30,294.130000,294.270000,293.550000,293.950000,472001
2025-09-22 13:45,293.950000,294.360000,293.630000,293.780000,655192
2025-09-22 14:00,293.800000,294.660000,293.770000,294.360000,327424
2025-09-22 14:15,294.370000,295.340000,294.090000,295.020000,581710
2025-09-22 14:30,295.030000,296.160000,294.870000,296.110000,1015492
2025-09-22 14:45,296.110000,297.580000,296.110000,296.870000,2165455
2025-09-22 15:00,296.870000,298.390000,296.870000,297.940000,1771645
2025-09-22 15:15,297.940000,298.190000,297.220000,297.280000,993343
2025-09-22 15:30,297.330000,298.080000,297.210000,297.980000,617825
2025-09-22 15:45,298.010000,298.010000,298.010000,298.010000,26642
2025-09-22 16:00,298.000000,298.270000,297.410000,298.080000,454620
2025-09-22 16:15,298.080000,298.080000,297.560000,297.700000,163358
2025-09-22 16:30,297.700000,297.850000,297.530000,297.770000,113988
2025-09-22 16:45,297.770000,297.810000,297.510000,297.790000,121723
2025-09-22 17:00,297.770000,297.850000,297.770000,297.820000,90791
2025-09-22 17:15,297.810000,297.820000,297.150000,297.340000,189008
2025-09-22 17:30,297.350000,297.780000,297.250000,297.780000,137814
2025-09-22 17:45,297.780000,298.740000,297.780000,298.050000,639526
2025-09-22 18:00,298.050000,299.300000,298.020000,298.990000,515008
2025-09-22 18:15,298.990000,299.210000,298.810000,299.060000,308375
2025-09-22 18:30,299.100000,299.150000,298.710000,298.910000,150574
2025-09-22 18:45,298.910000,299.050000,298.900000,299.050000,107314
2025-09-22 19:00,299.040000,299.080000,298.530000,298.670000,152095
2025-09-22 19:15,298.660000,298.670000,298.310000,298.370000,103524
2025-09-22 19:30,298.370000,298.620000,298.340000,298.500000,48343
2025-09-22 19:45,298.460000,298.500000,298.100000,298.120000,152406
2025-09-22 20:00,298.160000,298.270000,298.100000,298.110000,67730
2025-09-22 20:15,298.110000,298.250000,298.070000,298.190000,80272
2025-09-22 20:30,298.160000,298.200000,297.900000,298.050000,92448
2025-09-22 20:45,298.040000,298.150000,297.960000,298.050000,52091
2025-09-23 03:45,298.260000,298.260000,298.260000,298.260000,4682
2025-09-23 04:00,298.400000,298.720000,297.940000,298.680000,237141
2025-09-23 04:15,298.680000,298.680000,298.160000,298.260000,115709
2025-09-23 04:30,298.260000,298.590000,297.950000,297.970000,105988
2025-09-23 04:45,297.970000,298.070000,297.670000,297.690000,81834
2025-09-23 05:00,297.680000,298.000000,297.570000,298.000000,38847
2025-09-23 05:15,298.000000,298.000000,297.740000,297.740000,33129
2025-09-23 05:30,297.750000,297.850000,297.740000,297.770000,35994
2025-09-23 05:45,297.770000,297.770000,297.620000,297.650000,24071
2025-09-23 06:00,297.650000,297.720000,297.290000,297.670000,125572
2025-09-23 06:15,297.670000,297.680000,297.040000,297.400000,330280
2025-09-23 06:30,297.410000,297.920000,297.370000,297.890000,152492
2025-09-23 06:45,297.870000,298.390000,297.570000,298.000000,329551
2025-09-23 07:00,298.010000,298.390000,297.170000,298.180000,554293
2025-09-23 07:15,298.190000,298.440000,297.680000,297.770000,402386
2025-09-23 07:30,297.770000,298.130000,297.380000,297.440000,342220
2025-09-23 07:45,297.430000,297.450000,296.310000,296.560000,1098241
2025-09-23 08:00,296.570000,296.610000,295.230000,295.430000,1475509
2025-09-23 08:15,295.430000,295.740000,295.150000,295.610000,596629
2025-09-23 08:30,295.600000,296.730000,295.560000,296.700000,640554
2025-09-23 08:45,296.720000,297.380000,296.700000,297.130000,991142
2025-09-23 09:00,297.100000,297.920000,296.960000,297.380000,621923
2025-09-23 09:15,297.360000,298.100000,297.320000,298.100000,429222
2025-09-23 09:30,298.100000,298.240000,297.660000,297.680000,462104
2025-09-23 09:45,297.680000,298.280000,297.600000,298.080000,312999
2025-09-23 10:00,298.080000,298.350000,297.460000,297.720000,238139
2025-09-23 10:15,297.710000,297.880000,297.100000,297.110000,180735
2025-09-23 10:30,297.110000,297.500000,296.820000,297.500000,288265
2025-09-23 10:45,297.500000,297.940000,297.350000,297.840000,158124
2025-09-23 11:00,297.830000,298.500000,297.640000,298.490000,314013
2025-09-23 11:15,298.500000,298.630000,298.300000,298.500000,283005
2025-09-23 11:30,298.510000,298.800000,298.120000,298.220000,271865
2025-09-23 11:45,298.210000,298.450000,298.160000,298.450000,82719
2025-09-23 12:00,298.450000,298.930000,298.450000,298.620000,399309
2025-09-23 12:15,298.620000,298.620000,297.900000,298.360000,274422
2025-09-23 12:30,298.360000,298.360000,297.850000,298.000000,123746
2025-09-23 12:45,298.000000,298.210000,297.810000,298.100000,241247
2025-09-23 13:00,298.080000,298.730000,298.000000,298.610000,360524
2025-09-23 13:15,298.620000,299.940000,298.410000,299.730000,1307602
2025-09-23 13:30,299.730000,300.110000,299.470000,299.820000,1094088
2025-09-23 13:45,299.810000,299.830000,299.220000,299.400000,298616
2025-09-23 14:00,299.400000,299.620000,299.060000,299.360000,431292
2025-09-23 14:15,299.350000,299.560000,298.540000,298.590000,441840
2025-09-23 14:30,298.570000,298.850000,298.060000,298.400000,371015
2025-09-23 14:45,298.400000,298.950000,298.350000,298.940000,208995
2025-09-23 15:00,298.950000,299.100000,298.570000,298.610000,409785
2025-09-23 15:15,298.620000,298.910000,298.300000,298.750000,300431
2025-09-23 15:30,298.740000,299.020000,298.290000,298.480000,338041
2025-09-23 15:45,298.600000,298.600000,298.600000,298.600000,4652
2025-09-23 16:00,298.520000,298.760000,298.000000,298.050000,258792
2025-09-23 16:15,298.080000,298.090000,297.000000,297.310000,850558
2025-09-23 16:30,297.310000,297.440000,296.900000,297.190000,338765
2025-09-23 16:45,297.190000,297.410000,296.890000,296.890000,212525
2025-09-23 17:00,296.890000,297.290000,296.650000,297.130000,162821
2025-09-23 17:15,297.140000,297.390000,296.840000,297.320000,259408
2025-09-23 17:30,297.320000,297.320000,296.520000,296.830000,236903
2025-09-23 17:45,296.830000,296.890000,296.020000,296.100000,368731
2025-09-23 18:00,296.070000,296.440000,296.040000,296.350000,156808
2025-09-23 18:15,296.350000,296.860000,296.300000,296.780000,157651
2025-09-23 18:30,296.780000,296.880000,296.500000,296.670000,155656
2025-09-23 18:45,296.670000,296.700000,295.450000,295.450000,639245
2025-09-23 19:00,295.490000,295.490000,292.470000,292.910000,3375777
2025-09-23 19:15,292.900000,293.760000,292.420000,293.160000,1728269
2025-09-23 19:30,293.160000,293.990000,292.520000,292.530000,661951
2025-09-23 19:45,292.530000,293.280000,291.630000,291.660000,1243326
2025-09-23 20:00,291.650000,291.760000,291.000000,291.210000,1983060
2025-09-23 20:15,291.210000,291.740000,290.390000,291.680000,1525871
2025-09-23 20:30,291.680000,292.450000,291.250000,291.730000,1432017
2025-09-23 20:45,291.720000,291.820000,291.510000,291.600000,276203
2025-09-24 03:45,291.800000,291.800000,291.800000,291.800000,90816
2025-09-24 04:00,291.800000,292.800000,291.790000,292.410000,1102116
2025-09-24 04:15,292.410000,293.100000,292.230000,292.690000,343191
2025-09-24 04:30,292.700000,293.270000,292.690000,292.770000,393145
2025-09-24 04:45,292.770000,292.990000,292.320000,292.990000,245914
2025-09-24 05:00,293.000000,293.310000,292.480000,292.530000,828391
2025-09-24 05:15,292.530000,292.770000,292.450000,292.630000,165160
2025-09-24 05:30,292.630000,292.660000,291.810000,291.840000,451770
2025-09-24 05:45,291.820000,292.330000,291.820000,292.110000,264883
2025-09-24 06:00,292.100000,292.100000,290.710000,290.920000,2585727
2025-09-24 06:15,290.930000,291.180000,290.100000,290.980000,1762751
2025-09-24 06:30,290.990000,291.060000,290.330000,290.500000,571575
2025-09-24 06:45,290.510000,291.110000,290.050000,290.270000,1178161
2025-09-24 07:00,290.270000,290.300000,288.400000,289.990000,4906854
2025-09-24 07:15,289.990000,290.700000,289.880000,290.550000,1780201
2025-09-24 07:30,290.550000,291.200000,290.260000,290.990000,1598993
2025-09-24 07:45,290.970000,291.390000,290.590000,291.360000,830249
2025-09-24 08:00,291.370000,291.850000,291.300000,291.440000,767826
2025-09-24 08:15,291.440000,292.670000,291.430000,292.580000,1042667
2025-09-24 08:30,292.560000,293.380000,292.510000,292.940000,1645241
2025-09-24 08:45,292.970000,295.880000,292.810000,294.010000,2600979
2025-09-24 09:00,294.000000,294.190000,293.560000,293.730000,726266
2025-09-24 09:15,293.730000,294.880000,293.270000,293.530000,1266064
2025-09-24 09:30,293.530000,294.120000,293.360000,294.100000,516954
2025-09-24 09:45,294.100000,294.300000,293.760000,294.070000,508695
2025-09-24 10:00,294.060000,294.290000,293.320000,293.540000,556851
2025-09-24 10:15,293.530000,294.020000,293.380000,293.860000,252225
2025-09-24 10:30,293.860000,294.290000,293.600000,294.260000,472350
2025-09-24 10:45,294.280000,294.290000,293.760000,293.800000,250326
2025-09-24 11:00,293.830000,293.850000,292.710000,293.690000,655607
2025-09-24 11:15,293.690000,294.240000,293.620000,293.940000,339502
2025-09-24 11:30,293.940000,294.500000,293.940000,294.480000,649124
2025-09-24 11:45,294.480000,296.080000,294.470000,295.790000,1914375
2025-09-24 12:00,295.790000,296.090000,295.540000,295.840000,953679
2025-09-24 12:15,295.840000,296.000000,295.270000,295.510000,969780
2025-09-24 12:30,295.500000,296.380000,295.460000,295.980000,784207
2025-09-24 12:45,295.980000,295.980000,295.040000,295.360000,722549
2025-09-24 13:00,295.390000,296.470000,294.550000,295.970000,1667135
2025-09-24 13:15,295.970000,296.640000,294.420000,296.400000,1518919
2025-09-24 13:30,296.400000,296.550000,295.790000,296.140000,654453
2025-09-24 13:45,296.100000,296.240000,295.600000,296.030000,275776
2025-09-24 14:00,296.040000,296.250000,295.700000,295.920000,219640
2025-09-24 14:15,295.910000,296.020000,294.050000,294.250000,855347
2025-09-24 14:30,294.250000,294.740000,294.150000,294.420000,537527
2025-09-24 14:45,294.440000,295.570000,294.440000,295.120000,308678
2025-09-24 15:00,295.110000,295.740000,294.400000,294.460000,432285
2025-09-24 15:15,294.470000,294.560000,294.080000,294.360000,370527
2025-09-24 15:30,294.360000,294.360000,293.500000,293.650000,507200
2025-09-24 15:45,293.530000,293.530000,293.530000,293.530000,33856
2025-09-24 16:00,293.640000,293.990000,293.110000,293.190000,218651
2025-09-24 16:15,293.220000,293.360000,292.610000,293.200000,337360
2025-09-24 16:30,293.200000,293.760000,293.050000,293.150000,560382
2025-09-24 16:45,293.140000,293.730000,293.060000,293.690000,354095
2025-09-24 17:00,293.700000,294.390000,293.690000,294.100000,230402
2025-09-24 17:15,294.090000,294.380000,293.420000,293.750000,215180
2025-09-24 17:30,293.740000,293.840000,293.430000,293.510000,197093
2025-09-24 17:45,293.510000,293.640000,293.100000,293.110000,205126
2025-09-24 18:00,293.110000,293.370000,293.050000,293.270000,69120
2025-09-24 18:15,293.280000,293.320000,293.030000,293.320000,172051
2025-09-24 18:30,293.320000,293.320000,293.120000,293.320000,130310
2025-09-24 18:45,293.320000,293.320000,292.500000,292.870000,359301
2025-09-24 19:00,292.870000,293.160000,292.860000,292.960000,107169
2025-09-24 19:15,292.960000,293.120000,292.890000,293.010000,44114
2025-09-24 19:30,293.010000,293.150000,292.910000,293.100000,147104
2025-09-24 19:45,293.080000,293.140000,292.980000,293.110000,55303
2025-09-24 20:00,293.110000,293.380000,293.100000,293.220000,131021
2025-09-24 20:15,293.230000,293.360000,293.030000,293.240000,78652
2025-09-24 20:30,293.240000,293.300000,293.050000,293.300000,108408
2025-09-24 20:45,293.310000,293.430000,293.240000,293.310000,47681
2025-09-25 03:45,293.870000,293.870000,293.870000,293.870000,858
2025-09-25 04:00,293.870000,294.890000,293.530000,294.500000,380798
2025-09-25 04:15,294.510000,294.770000,294.250000,294.650000,207806
2025-09-25 04:30,294.580000,294.680000,293.710000,294.540000,275384
2025-09-25 04:45,294.540000,294.550000,294.090000,294.290000,37767
2025-09-25 05:00,294.290000,294.340000,293.940000,294.100000,109471
2025-09-25 05:15,294.020000,294.280000,294.000000,294.100000,36825
2025-09-25 05:30,294.010000,294.220000,293.870000,294.210000,46404
2025-09-25 05:45,294.200000,294.300000,294.000000,294.240000,108281
2025-09-25 06:00,294.190000,294.190000,293.130000,293.400000,443318
2025-09-25 06:15,293.400000,294.150000,293.350000,294.080000,150732
2025-09-25 06:30,294.070000,294.350000,294.000000,294.190000,151027
2025-09-25 06:45,294.190000,294.500000,293.880000,294.350000,202087
2025-09-25 07:00,294.340000,294.340000,293.420000,293.790000,344875
2025-09-25 07:15,293.780000,293.780000,293.190000,293.200000,357703
2025-09-25 07:30,293.200000,293.200000,292.090000,292.670000,920118
2025-09-25 07:45,292.660000,292.840000,291.920000,292.040000,596389
2025-09-25 08:00,292.020000,292.320000,291.500000,291.940000,854326
2025-09-25 08:15,291.940000,292.500000,291.880000,292.480000,709202
2025-09-25 08:30,292.480000,293.150000,292.350000,293.000000,718340
2025-09-25 08:45,293.000000,293.080000,292.520000,292.990000,284201
2025-09-25 09:00,292.990000,292.990000,292.160000,292.300000,228710
2025-09-25 09:15,292.300000,293.500000,292.260000,293.360000,551414
2025-09-25 09:30,293.360000,293.360000,292.900000,293.210000,190176
2025-09-25 09:45,293.200000,293.390000,293.000000,293.130000,226316
2025-09-25 10:00,293.130000,293.150000,292.640000,293.010000,147663
2025-09-25 10:15,293.010000,293.100000,292.290000,292.780000,299829
2025-09-25 10:30,292.780000,293.100000,292.500000,292.670000,280044
2025-09-25 10:45,292.670000,293.110000,292.590000,292.840000,224232
2025-09-25 11:00,292.810000,293.110000,292.780000,293.010000,153634
2025-09-25 11:15,293.010000,293.700000,292.860000,293.350000,523581
2025-09-25 11:30,293.360000,293.500000,293.160000,293.480000,100732
2025-09-25 11:45,293.470000,293.920000,293.470000,293.750000,318273
2025-09-25 12:00,293.750000,293.800000,293.450000,293.610000,207691
2025-09-25 12:15,293.610000,293.610000,292.800000,293.080000,238555
2025-09-25 12:30,293.080000,293.250000,292.780000,293.020000,166610
2025-09-25 12:45,293.020000,293.110000,292.780000,292.920000,228505
2025-09-25 13:00,292.930000,293.300000,292.800000,293.260000,199957
2025-09-25 13:15,293.260000,293.320000,293.020000,293.320000,74683
2025-09-25 13:30,293.310000,293.340000,292.780000,292.850000,177044
2025-09-25 13:45,292.850000,293.300000,292.560000,292.650000,207295
2025-09-25 14:00,292.670000,293.210000,291.990000,292.070000,576147
2025-09-25 14:15,292.080000,292.380000,292.080000,292.230000,200765
2025-09-25 14:30,292.230000,292.800000,291.990000,292.460000,489323
2025-09-25 14:45,292.450000,292.480000,291.970000,291.980000,314782
2025-09-25 15:00,291.980000,292.100000,291.180000,291.430000,859752
2025-09-25 15:15,291.410000,291.410000,290.500000,290.550000,1151769
2025-09-25 15:30,290.540000,290.740000,290.170000,290.600000,814300
2025-09-25 15:45,290.970000,290.970000,290.970000,290.970000,137930
2025-09-25 16:00,290.970000,291.020000,290.190000,290.380000,659780
2025-09-25 16:15,290.380000,290.660000,289.500000,289.900000,1245498
2025-09-25 16:30,289.890000,290.340000,289.890000,290.260000,412390
2025-09-25 16:45,290.320000,290.800000,289.720000,290.800000,472607
2025-09-25 17:00,290.790000,290.820000,290.080000,290.260000,275223
2025-09-25 17:15,290.260000,290.520000,289.870000,290.100000,156039
2025-09-25 17:30,290.090000,290.200000,290.060000,290.160000,66227
2025-09-25 17:45,290.150000,290.190000,289.900000,289.900000,98216
2025-09-25 18:00,289.910000,289.910000,289.560000,289.720000,164756
2025-09-25 18:15,289.720000,289.970000,289.710000,289.890000,116551
2025-09-25 18:30,289.890000,289.890000,289.550000,289.700000,157281
2025-09-25 18:45,289.700000,290.050000,289.630000,290.030000,89753
2025-09-25 19:00,290.020000,290.050000,290.000000,290.050000,29256
2025-09-25 19:15,290.040000,290.200000,290.010000,290.200000,78461
2025-09-25 19:30,290.200000,290.200000,289.770000,290.000000,157426
2025-09-25 19:45,290.000000,290.110000,289.860000,290.000000,54425
2025-09-25 20:00,290.010000,290.170000,289.850000,289.860000,62918
2025-09-25 20:15,289.850000,289.960000,289.500000,289.630000,299026
2025-09-25 20:30,289.640000,289.980000,289.640000,289.830000,121234
2025-09-25 20:45,289.870000,289.950000,289.810000,289.900000,55333
2025-09-26 03:45,290.200000,290.200000,290.200000,290.200000,6709
2025-09-26 04:00,290.200000,291.030000,289.910000,290.880000,200152
2025-09-26 04:15,290.950000,291.020000,290.250000,290.300000,168083
2025-09-26 04:30,290.370000,290.500000,289.190000,289.340000,228122
2025-09-26 04:45,289.350000,289.630000,289.050000,289.310000,311476
2025-09-26 05:00,289.310000,289.630000,289.300000,289.500000,103066
2025-09-26 05:15,289.500000,290.700000,289.450000,290.330000,309276
2025-09-26 05:30,290.260000,290.690000,290.160000,290.250000,96594
2025-09-26 05:45,290.250000,290.260000,289.800000,289.940000,88546
2025-09-26 06:00,289.950000,291.000000,289.940000,291.000000,334467
2025-09-26 06:15,291.000000,291.000000,290.360000,290.630000,256870
2025-09-26 06:30,290.690000,290.690000,290.310000,290.440000,133516
2025-09-26 06:45,290.430000,290.750000,290.030000,290.110000,342974
2025-09-26 07:00,290.110000,290.300000,289.370000,289.570000,481370
2025-09-26 07:15,289.570000,289.680000,288.520000,288.910000,1751618
2025-09-26 07:30,288.910000,289.250000,288.640000,288.730000,719810
2025-09-26 07:45,288.720000,289.750000,288.580000,289.300000,682081
2025-09-26 08:00,289.310000,290.000000,289.300000,289.750000,474647
2025-09-26 08:15,289.750000,289.840000,289.180000,289.180000,400631
2025-09-26 08:30,289.190000,289.430000,289.010000,289.420000,207812
2025-09-26 08:45,289.410000,289.530000,288.700000,288.720000,391558
2025-09-26 09:00,288.710000,289.060000,288.650000,288.930000,196017
2025-09-26 09:15,288.930000,289.700000,288.920000,289.280000,443559
2025-09-26 09:30,289.280000,290.710000,289.190000,290.610000,405277
2025-09-26 09:45,290.620000,290.980000,290.370000,290.980000,739547
2025-09-26 10:00,290.980000,291.430000,290.550000,291.240000,529064
2025-09-26 10:15,291.270000,291.860000,291.070000,291.200000,639572
2025-09-26 10:30,291.200000,291.200000,290.600000,290.680000,335215
2025-09-26 10:45,290.680000,291.320000,290.570000,291.100000,356477
2025-09-26 11:00,291.090000,291.200000,290.660000,290.670000,87620
2025-09-26 11:15,290.670000,290.670000,290.050000,290.190000,366683
2025-09-26 11:30,290.190000,290.550000,289.500000,289.830000,516215
2025-09-26 11:45,289.830000,290.000000,289.600000,290.000000,132049
2025-09-26 12:00,289.990000,290.080000,289.660000,289.730000,107058
2025-09-26 12:15,289.720000,289.860000,289.170000,289.260000,348901
2025-09-26 12:30,289.260000,289.610000,289.070000,289.450000,227933
2025-09-26 12:45,289.460000,290.620000,289.030000,290.340000,375185
2025-09-26 13:00,290.350000,291.250000,290.130000,290.600000,418597
2025-09-26 13:15,290.600000,290.600000,290.280000,290.500000,148269
2025-09-26 13:30,290.490000,290.550000,290.350000,290.550000,69368
2025-09-26 13:45,290.550000,290.560000,290.100000,290.150000,313415
2025-09-26 14:00,290.140000,290.260000,289.600000,289.600000,434257
2025-09-26 14:15,289.610000,290.270000,289.300000,289.850000,403386
2025-09-26 14:30,289.850000,290.710000,289.840000,290.480000,431879
2025-09-26 14:45,290.480000,291.670000,290.330000,291.540000,1152939
2025-09-26 15:00,291.580000,292.470000,291.540000,291.610000,1245916
2025-09-26 15:15,291.600000,291.870000,291.300000,291.380000,586768
2025-09-26 15:30,291.380000,292.100000,291.310000,291.920000,520388
2025-09-26 15:45,291.980000,291.980000,291.980000,291.980000,55928
2025-09-26 16:00,291.920000,292.200000,291.450000,291.870000,532360
2025-09-26 16:15,291.870000,292.230000,291.630000,292.200000,155404
2025-09-26 16:30,292.200000,292.240000,291.790000,291.800000,95917
2025-09-26 16:45,291.850000,292.290000,291.750000,292.040000,165458
2025-09-26 17:00,292.040000,292.050000,291.670000,291.720000,96082
2025-09-26 17:15,291.710000,292.100000,291.500000,291.880000,116625
2025-09-26 17:30,291.880000,291.880000,291.270000,291.270000,98766
2025-09-26 17:45,291.280000,292.140000,291.270000,292.110000,399857
2025-09-26 18:00,292.110000,292.110000,291.820000,292.080000,85517
2025-09-26 18:15,292.080000,292.400000,292.050000,292.310000,155885
2025-09-26 18:30,292.310000,292.790000,292.310000,292.730000,299277
2025-09-26 18:45,292.720000,292.740000,291.390000,292.070000,463270
2025-09-26 19:00,292.050000,292.220000,291.740000,291.750000,97654
2025-09-26 19:15,291.750000,291.870000,291.540000,291.820000,86877
2025-09-26 19:30,291.810000,291.940000,291.670000,291.860000,24561
2025-09-26 19:45,291.860000,291.860000,291.390000,291.490000,172095
2025-09-26 20:00,291.480000,291.630000,291.410000,291.530000,53273
2025-09-26 20:15,291.530000,291.660000,291.420000,291.630000,79087
2025-09-26 20:30,291.630000,291.790000,291.500000,291.510000,114994
2025-09-26 20:45,291.520000,291.580000,291.320000,291.330000,73495
2025-09-26 23:00,289.950000,291.990000,289.950000,291.970000,204
2025-09-26 23:15,291.970000,291.970000,291.360000,291.390000,297
2025-09-26 23:30,291.420000,291.970000,291.420000,291.970000,213
2025-09-26 23:45,291.960000,291.970000,291.440000,291.970000,94
2025-09-27 00:00,291.970000,291.970000,291.440000,291.960000,111
2025-09-27 00:15,291.440000,291.970000,291.440000,291.970000,118
2025-09-27 00:30,291.970000,291.980000,291.350000,291.980000,2201
2025-09-27 00:45,291.970000,291.980000,291.430000,291.970000,88
2025-09-27 01:00,291.390000,291.980000,291.380000,291.940000,135
2025-09-27 01:15,291.980000,291.980000,291.560000,291.610000,47
2025-09-27 01:30,291.970000,291.970000,291.610000,291.610000,76
2025-09-27 01:45,291.620000,291.980000,291.610000,291.620000,96
2025-09-27 02:00,291.620000,291.980000,291.620000,291.970000,214
2025-09-27 02:15,291.970000,291.980000,291.600000,291.600000,1074
2025-09-27 02:30,291.970000,291.980000,291.600000,291.980000,1246
2025-09-27 02:45,291.980000,291.980000,291.610000,291.970000,346
2025-09-27 03:00,291.610000,291.970000,291.600000,291.610000,1441
2025-09-27 03:15,291.610000,291.970000,291.600000,291.610000,225
2025-09-27 03:30,291.960000,291.960000,291.600000,291.850000,500
2025-09-27 03:45,291.850000,291.940000,291.600000,291.940000,420
2025-09-27 04:00,291.940000,291.940000,291.600000,291.860000,473
2025-09-27 04:15,291.840000,291.970000,291.600000,291.960000,1064
2025-09-27 04:30,291.960000,291.960000,291.600000,291.960000,928
2025-09-27 04:45,291.960000,291.970000,291.610000,291.620000,373
2025-09-27 05:00,291.960000,291.970000,291.620000,291.960000,585
2025-09-27 05:15,291.960000,291.960000,291.750000,291.750000,997
2025-09-27 05:30,291.950000,291.960000,291.610000,291.950000,1582
2025-09-27 05:45,291.950000,291.960000,291.600000,291.900000,1181
2025-09-27 06:00,291.900000,291.900000,291.600000,291.600000,1563
2025-09-27 06:15,291.610000,291.980000,291.600000,291.970000,3717
2025-09-27 06:30,291.610000,291.980000,291.610000,291.980000,420
2025-09-27 06:45,291.030000,291.030000,291.030000,291.030000,3175
2025-09-27 07:00,291.050000,291.940000,291.050000,291.880000,70482
2025-09-27 07:15,291.880000,292.000000,291.370000,291.640000,75516
2025-09-27 07:30,291.610000,291.790000,291.140000,291.240000,72018
2025-09-27 07:30,291.610000,291.790000,291.140000,291.240000,72018
2025-09-27 07:45,291.240000,291.400000,291.110000,291.340000,33480
2025-09-27 08:00,291.380000,291.650000,291.340000,291.640000,18990
2025-09-27 08:15,291.640000,291.640000,291.400000,291.540000,20506
2025-09-27 08:30,291.500000,291.630000,291.440000,291.560000,17095
2025-09-27 08:45,291.560000,291.600000,291.500000,291.600000,3631
2025-09-27 09:00,291.600000,291.600000,291.510000,291.590000,9422
2025-09-27 09:15,291.590000,291.740000,291.560000,291.740000,8524
2025-09-27 09:30,291.740000,291.780000,291.740000,291.780000,6773
2025-09-27 09:45,291.780000,291.790000,291.760000,291.780000,14077
2025-09-27 10:00,291.790000,291.790000,291.710000,291.750000,10628
2025-09-27 10:15,291.770000,291.770000,291.730000,291.740000,5117
2025-09-27 10:30,291.770000,291.770000,291.550000,291.600000,10254
2025-09-27 10:45,291.570000,291.660000,291.500000,291.550000,26051
2025-09-27 11:00,291.550000,291.590000,291.400000,291.400000,22985
2025-09-27 11:15,291.440000,291.440000,291.250000,291.390000,15395
2025-09-27 11:30,291.400000,291.720000,291.390000,291.650000,15024
2025-09-27 11:45,291.700000,291.890000,291.650000,291.850000,21663
2025-09-27 12:00,291.820000,291.860000,291.750000,291.830000,4518
2025-09-27 12:15,291.830000,291.860000,291.800000,291.830000,2329
2025-09-27 12:30,291.850000,291.850000,291.740000,291.760000,3420
2025-09-27 12:45,291.760000,291.760000,291.610000,291.650000,10910
2025-09-27 13:00,291.650000,291.650000,291.610000,291.650000,6568
2025-09-27 13:15,291.650000,291.650000,291.150000,291.320000,50056
2025-09-27 13:30,291.290000,291.520000,291.250000,291.490000,7558
2025-09-27 13:45,291.490000,291.550000,291.450000,291.470000,4337
2025-09-27 14:00,291.490000,291.520000,291.460000,291.510000,4793
2025-09-27 14:15,291.510000,291.750000,291.500000,291.600000,91349
2025-09-27 14:30,291.600000,291.700000,291.530000,291.540000,17832
2025-09-27 14:45,291.540000,291.640000,291.530000,291.580000,3989
2025-09-27 15:00,291.580000,291.630000,291.550000,291.570000,5921
2025-09-27 15:15,291.570000,291.660000,291.570000,291.650000,1943
2025-09-27 15:30,291.640000,291.700000,291.610000,291.670000,9421
2025-09-27 15:45,291.670000,291.690000,291.540000,291.690000,17288
2025-09-27 16:00,292.000000,292.000000,291.320000,291.430000,1402
2025-09-27 16:15,291.430000,291.840000,291.400000,291.470000,2283
2025-09-27 16:30,291.800000,291.800000,291.500000,291.790000,1724
2025-09-27 16:45,291.790000,291.790000,291.540000,291.700000,945
2025-09-27 17:00,291.700000,291.750000,291.530000,291.750000,1606
2025-09-27 17:15,291.750000,291.750000,291.520000,291.680000,1390
2025-09-27 17:30,291.530000,291.680000,291.530000,291.650000,1106
2025-09-27 17:45,291.540000,291.650000,291.520000,291.520000,1368
2025-09-27 18:00,291.640000,291.720000,291.520000,291.530000,700
2025-09-27 18:15,291.710000,291.710000,291.520000,291.700000,797
2025-09-27 18:30,291.700000,291.710000,291.520000,291.680000,941
2025-09-27 18:45,291.530000,291.710000,291.520000,291.540000,845
2025-09-27 19:00,291.710000,291.720000,291.520000,291.690000,888
2025-09-27 19:15,291.700000,291.710000,291.530000,291.700000,497
2025-09-27 19:30,291.600000,291.720000,291.500000,291.700000,1911
2025-09-27 19:45,291.700000,291.700000,291.030000,291.380000,5611
2025-09-27 20:00,291.300000,291.700000,291.300000,291.590000,1045
2025-09-27 20:15,291.590000,291.690000,291.300000,291.310000,1923
2025-09-27 20:30,291.620000,291.620000,291.310000,291.320000,1968
2025-09-27 20:45,291.320000,291.550000,291.300000,291.300000,1145
2025-09-27 23:00,292.000000,292.000000,289.000000,291.680000,153
2025-09-27 23:15,291.680000,291.690000,290.970000,291.110000,137
2025-09-27 23:30,291.660000,291.690000,291.050000,291.680000,124
2025-09-27 23:45,291.080000,291.960000,291.080000,291.680000,435
2025-09-28 00:00,291.960000,291.960000,291.680000,291.950000,49
2025-09-28 00:15,291.950000,291.950000,291.040000,291.040000,454
2025-09-28 00:30,291.780000,291.780000,291.050000,291.230000,154
2025-09-28 00:45,291.760000,291.760000,291.040000,291.670000,330
2025-09-28 01:00,291.650000,291.670000,291.200000,291.670000,34
2025-09-28 01:15,291.670000,291.690000,291.400000,291.690000,50
2025-09-28 01:30,291.680000,291.690000,291.500000,291.690000,74
2025-09-28 01:45,291.690000,291.690000,291.400000,291.690000,51
2025-09-28 02:00,291.690000,291.720000,291.690000,291.720000,264
2025-09-28 02:15,291.410000,291.710000,291.400000,291.710000,228
2025-09-28 02:30,291.710000,291.720000,291.690000,291.720000,38
2025-09-28 02:45,291.720000,291.720000,291.420000,291.430000,261
2025-09-28 03:00,291.720000,291.720000,291.430000,291.450000,88
2025-09-28 03:15,291.720000,291.780000,291.450000,291.780000,426
2025-09-28 03:30,291.780000,291.800000,291.490000,291.800000,871
2025-09-28 03:45,291.800000,291.930000,291.610000,291.930000,527
2025-09-28 04:00,291.930000,291.930000,291.520000,291.530000,126
2025-09-28 04:15,291.880000,291.880000,291.520000,291.690000,368
2025-09-28 04:30,291.530000,291.840000,291.490000,291.500000,787
2025-09-28 04:45,291.810000,291.810000,291.500000,291.720000,362
2025-09-28 05:00,291.710000,291.780000,291.500000,291.600000,929
2025-09-28 05:15,291.600000,291.600000,291.410000,291.590000,464
2025-09-28 05:30,291.590000,291.600000,291.400000,291.590000,314
2025-09-28 05:45,291.410000,291.600000,291.410000,291.600000,570
2025-09-28 06:00,291.600000,291.600000,291.400000,291.410000,1231
2025-09-28 06:15,291.600000,291.600000,291.400000,291.600000,588
2025-09-28 06:30,291.430000,291.600000,291.400000,291.590000,1638
2025-09-28 06:45,291.690000,291.690000,291.690000,291.690000,10233
2025-09-28 07:00,291.700000,291.850000,291.690000,291.700000,16378
2025-09-28 07:15,291.730000,291.730000,291.500000,291.580000,32284
2025-09-28 07:30,291.580000,291.600000,291.360000,291.370000,8895
2025-09-28 07:45,291.380000,291.510000,291.260000,291.430000,15466
2025-09-28 08:00,291.490000,291.680000,291.430000,291.680000,28051
2025-09-28 08:15,291.650000,291.800000,291.560000,291.670000,61026
2025-09-28 08:30,291.660000,291.660000,291.380000,291.500000,12324
2025-09-28 08:45,291.500000,291.530000,291.400000,291.500000,2571
2025-09-28 09:00,291.510000,291.510000,291.310000,291.410000,10612
2025-09-28 09:15,291.410000,291.610000,291.360000,291.500000,22672
2025-09-28 09:30,291.500000,291.600000,291.460000,291.580000,13315
2025-09-28 09:45,291.560000,291.600000,291.490000,291.600000,1611
2025-09-28 10:00,291.600000,291.600000,291.400000,291.430000,6940
2025-09-28 10:15,291.430000,291.520000,291.400000,291.520000,6387
2025-09-28 10:30,291.520000,291.600000,291.500000,291.600000,5491
2025-09-28 10:45,291.600000,291.600000,291.500000,291.580000,5796
2025-09-28 11:00,291.580000,291.600000,291.440000,291.550000,12568
2025-09-28 11:15,291.570000,291.630000,291.450000,291.540000,4998
2025-09-28 11:30,291.590000,291.620000,291.520000,291.600000,4503
2025-09-28 11:45,291.590000,291.610000,291.580000,291.590000,18855
2025-09-28 12:00,291.600000,291.600000,291.510000,291.560000,4481
2025-09-28 12:15,291.550000,291.590000,291.500000,291.560000,3884
2025-09-28 12:30,291.530000,291.560000,291.400000,291.510000,13974
2025-09-28 12:45,291.500000,291.530000,291.420000,291.490000,3608
2025-09-28 13:00,291.460000,291.490000,291.390000,291.400000,7432
2025-09-28 13:15,291.400000,291.400000,291.380000,291.390000,6267
2025-09-28 13:30,291.390000,291.400000,291.370000,291.390000,13015
2025-09-28 13:45,291.390000,291.410000,291.310000,291.410000,12551
2025-09-28 14:00,291.410000,291.450000,291.400000,291.420000,3398
2025-09-28 14:15,291.420000,291.460000,291.290000,291.310000,22154
2025-09-28 14:30,291.340000,291.340000,291.180000,291.240000,31281
2025-09-28 14:45,291.200000,291.240000,291.170000,291.190000,20180
2025-09-28 15:00,291.190000,291.290000,291.170000,291.250000,15248
2025-09-28 15:15,291.260000,291.300000,291.230000,291.230000,35940
2025-09-28 15:30,291.230000,291.230000,291.030000,291.040000,33517
2025-09-28 15:45,291.050000,291.090000,290.950000,291.080000,68912
2025-09-28 16:00,290.020000,291.390000,290.020000,291.150000,925
2025-09-28 16:15,291.250000,291.430000,290.550000,291.380000,7844
2025-09-28 16:30,290.800000,291.750000,290.780000,290.780000,5904
2025-09-28 16:45,290.780000,291.410000,290.580000,290.580000,7436
2025-09-28 17:00,290.770000,291.290000,290.580000,291.080000,22034
2025-09-28 17:15,290.810000,291.290000,290.800000,291.180000,3414
2025-09-28 17:30,291.180000,291.190000,290.590000,290.730000,1944
2025-09-28 17:45,291.060000,291.060000,290.730000,291.010000,577
2025-09-28 18:00,291.010000,291.250000,290.780000,291.250000,3200
2025-09-28 18:15,290.800000,291.230000,290.800000,291.230000,1178
2025-09-28 18:30,290.880000,291.210000,290.820000,291.140000,2717
2025-09-28 18:45,291.140000,291.140000,290.800000,291.140000,2161
2025-09-28 19:00,291.140000,291.190000,290.870000,291.190000,656
2025-09-28 19:15,291.190000,291.190000,290.950000,291.180000,1238
2025-09-28 19:30,291.180000,291.300000,291.000000,291.250000,1106
2025-09-28 19:45,291.250000,291.250000,291.020000,291.250000,249
2025-09-28 20:00,291.250000,291.250000,290.960000,291.240000,6348
2025-09-28 20:15,291.240000,291.250000,290.970000,291.240000,517
2025-09-28 20:30,291.220000,291.240000,290.980000,291.240000,263
2025-09-28 20:45,291.020000,291.400000,291.010000,291.350000,5559
2025-09-29 03:45,291.400000,291.400000,291.400000,291.400000,1148
2025-09-29 04:00,291.440000,291.840000,291.080000,291.790000,139989
2025-09-29 04:15,291.810000,291.860000,291.270000,291.470000,111591
2025-09-29 04:30,291.470000,291.500000,291.010000,291.120000,72721
2025-09-29 04:45,291.120000,291.550000,291.000000,291.340000,69563
2025-09-29 05:00,291.340000,291.340000,291.230000,291.330000,21064
2025-09-29 05:15,291.340000,291.440000,291.290000,291.390000,8638
2025-09-29 05:30,291.390000,291.520000,291.360000,291.440000,12573
2025-09-29 05:45,291.440000,291.450000,290.100000,290.680000,236515
2025-09-29 06:00,290.680000,290.900000,290.220000,290.450000,264076
2025-09-29 06:15,290.440000,290.440000,290.030000,290.280000,255480
2025-09-29 06:30,290.280000,290.550000,290.040000,290.060000,244318
2025-09-29 06:45,290.060000,290.060000,289.850000,290.000000,303779
2025-09-29 07:00,289.990000,290.590000,289.810000,290.520000,655742
2025-09-29 07:15,290.530000,290.540000,289.900000,290.380000,314397
2025-09-29 07:30,290.360000,291.480000,290.340000,291.290000,719712
2025-09-29 07:45,291.290000,292.170000,291.230000,292.170000,689646
2025-09-29 08:00,292.170000,293.380000,292.160000,293.250000,1228730
2025-09-29 08:15,293.250000,293.680000,293.000000,293.660000,1261301
2025-09-29 08:30,293.660000,293.900000,293.400000,293.530000,918050
2025-09-29 08:45,293.530000,293.540000,292.880000,293.060000,836396
2025-09-29 09:00,293.090000,294.200000,292.980000,294.200000,1112910
2025-09-29 09:15,294.200000,294.340000,294.000000,294.170000,638302
2025-09-29 09:30,294.190000,294.200000,293.720000,294.090000,499192
2025-09-29 09:45,294.090000,294.150000,291.800000,293.550000,1397924
2025-09-29 10:00,293.580000,294.150000,293.460000,293.690000,270396
2025-09-29 10:15,293.690000,294.300000,293.660000,294.050000,530174
2025-09-29 10:30,294.050000,294.530000,293.760000,294.380000,730563
2025-09-29 10:45,294.380000,294.980000,294.150000,294.740000,972072
2025-09-29 11:00,294.710000,294.900000,293.700000,294.900000,592040
2025-09-29 11:15,294.890000,295.500000,294.490000,294.770000,1230280
2025-09-29 11:30,294.770000,294.880000,294.060000,294.310000,197777
2025-09-29 11:45,294.310000,294.440000,294.190000,294.330000,121989
2025-09-29 12:00,294.360000,294.560000,293.600000,293.770000,351111
2025-09-29 12:15,293.770000,294.380000,293.770000,294.030000,112493
2025-09-29 12:30,294.030000,294.530000,293.850000,294.340000,182508
2025-09-29 12:45,294.340000,294.500000,293.970000,294.010000,158867
2025-09-29 13:00,294.010000,294.460000,293.520000,293.590000,241305
2025-09-29 13:15,293.590000,293.840000,293.320000,293.840000,308371
2025-09-29 13:30,293.840000,293.890000,292.640000,292.840000,587883
2025-09-29 13:45,292.840000,292.850000,292.030000,292.150000,654475
2025-09-29 14:00,292.120000,292.120000,291.380000,292.080000,901214
2025-09-29 14:15,292.080000,292.320000,291.890000,292.290000,354153
2025-09-29 14:30,292.280000,292.390000,292.000000,292.090000,279016
2025-09-29 14:45,292.090000,292.390000,291.850000,291.870000,264439
2025-09-29 15:00,291.870000,291.880000,290.120000,290.350000,1336509
2025-09-29 15:15,290.330000,290.340000,288.430000,289.110000,2887133
2025-09-29 15:30,289.100000,289.110000,287.610000,287.710000,1987904
2025-09-29 15:45,287.710000,287.710000,287.710000,287.710000,133048
2025-09-29 16:00,287.770000,287.980000,286.810000,287.230000,1698578
2025-09-29 16:15,287.200000,287.840000,287.100000,287.570000,988984
2025-09-29 16:30,287.580000,287.810000,287.260000,287.430000,831584
2025-09-29 16:45,287.430000,287.720000,287.000000,287.260000,476586
2025-09-29 17:00,287.260000,287.260000,286.500000,286.990000,869916
2025-09-29 17:15,286.990000,287.060000,286.800000,286.980000,349304
2025-09-29 17:30,286.990000,287.020000,286.770000,287.020000,276791
2025-09-29 17:45,287.020000,287.020000,286.800000,286.990000,159438
2025-09-29 18:00,286.990000,287.110000,286.880000,286.940000,155248
2025-09-29 18:15,286.940000,286.940000,286.500000,286.910000,459538
2025-09-29 18:30,286.910000,287.110000,286.810000,287.030000,259649
2025-09-29 18:45,287.020000,287.290000,286.760000,287.270000,126270
2025-09-29 19:00,287.270000,287.320000,286.970000,287.240000,71344
2025-09-29 19:15,287.240000,287.300000,287.030000,287.140000,187808
2025-09-29 19:30,287.150000,287.490000,287.150000,287.470000,77441
2025-09-29 19:45,287.470000,287.700000,287.460000,287.490000,163054
2025-09-29 20:00,287.490000,287.640000,287.450000,287.450000,81081
2025-09-29 20:15,287.450000,287.590000,287.370000,287.370000,98961
2025-09-29 20:30,287.380000,287.610000,287.300000,287.510000,162468
2025-09-29 20:45,287.510000,287.570000,287.400000,287.570000,57095
2025-09-30 03:45,287.670000,287.670000,287.670000,287.670000,2218
2025-09-30 04:00,287.700000,288.190000,287.570000,288.030000,364522
2025-09-30 04:15,288.000000,288.450000,287.940000,288.240000,193698
2025-09-30 04:30,288.240000,288.430000,288.180000,288.430000,120652
2025-09-30 04:45,288.430000,288.430000,288.200000,288.370000,49279
2025-09-30 05:00,288.380000,288.420000,288.200000,288.260000,82221
2025-09-30 05:15,288.300000,288.320000,288.190000,288.260000,105558
2025-09-30 05:30,288.240000,288.540000,288.210000,288.510000,113019
2025-09-30 05:45,288.520000,288.730000,288.390000,288.490000,209969
2025-09-30 06:00,288.490000,288.580000,287.500000,287.800000,693569
2025-09-30 06:15,287.790000,288.590000,287.790000,288.290000,181087
2025-09-30 06:30,288.250000,288.350000,287.620000,287.770000,311110
2025-09-30 06:45,287.770000,289.000000,287.160000,287.570000,807206
2025-09-30 07:00,287.560000,287.560000,285.800000,286.170000,1771859
2025-09-30 07:15,286.170000,286.540000,285.620000,286.340000,1371830
2025-09-30 07:30,286.340000,287.170000,286.000000,287.050000,747424
2025-09-30 07:45,287.050000,287.820000,286.610000,287.510000,721726
2025-09-30 08:00,287.470000,288.380000,287.430000,288.280000,832527
2025-09-30 08:15,288.300000,288.300000,287.700000,287.970000,570531
2025-09-30 08:30,287.960000,287.960000,287.160000,287.160000,787003
2025-09-30 08:45,287.170000,287.760000,286.900000,286.970000,482577
2025-09-30 09:00,286.980000,287.000000,286.060000,286.510000,882627
2025-09-30 09:15,286.510000,286.820000,285.410000,285.660000,997287
2025-09-30 09:30,285.660000,285.900000,285.240000,285.290000,946463
2025-09-30 09:45,285.300000,286.250000,285.300000,286.240000,545180
2025-09-30 10:00,286.250000,287.000000,285.950000,286.960000,485433
2025-09-30 10:15,286.960000,287.880000,286.760000,286.810000,684096
2025-09-30 10:30,286.810000,286.820000,286.320000,286.580000,439671
2025-09-30 10:45,286.580000,287.710000,286.580000,287.440000,496175
2025-09-30 11:00,287.440000,287.720000,286.820000,287.550000,465312
2025-09-30 11:15,287.540000,287.720000,286.720000,287.110000,397497
2025-09-30 11:30,287.110000,287.800000,287.100000,287.640000,305687
2025-09-30 11:45,287.640000,287.660000,286.350000,286.360000,420673
2025-09-30 12:00,286.360000,286.720000,285.820000,286.490000,483474
2025-09-30 12:15,286.480000,287.380000,286.480000,287.310000,402498
2025-09-30 12:30,287.320000,287.470000,286.890000,286.950000,186896
2025-09-30 12:45,286.940000,287.000000,286.430000,286.500000,306094
2025-09-30 13:00,286.500000,287.080000,286.500000,286.700000,200022
2025-09-30 13:15,286.710000,286.860000,286.500000,286.760000,225232
2025-09-30 13:30,286.750000,287.650000,286.600000,287.280000,417208
2025-09-30 13:45,287.310000,289.600000,287.250000,289.310000,2283114
2025-09-30 14:00,289.310000,289.560000,288.660000,289.040000,851172
2025-09-30 14:15,289.040000,289.060000,287.990000,288.220000,792674
2025-09-30 14:30,288.200000,288.700000,288.010000,288.430000,283136
2025-09-30 14:45,288.420000,288.950000,288.080000,288.900000,279560
2025-09-30 15:00,288.900000,289.600000,288.740000,289.440000,857792
2025-09-30 15:15,289.440000,289.880000,289.350000,289.500000,920037
2025-09-30 15:30,289.500000,289.880000,289.500000,289.870000,483861
2025-09-30 15:45,289.150000,289.150000,289.150000,289.150000,283225
2025-09-30 16:00,289.340000,289.440000,288.670000,288.950000,325319
2025-09-30 16:15,288.960000,289.160000,288.800000,288.810000,49814
2025-09-30 16:30,288.810000,288.870000,288.650000,288.770000,192417
2025-09-30 16:45,288.760000,288.790000,288.650000,288.650000,204591
2025-09-30 17:00,288.660000,288.660000,287.200000,287.480000,638347
2025-09-30 17:15,287.490000,287.740000,287.290000,287.440000,166506
2025-09-30 17:30,287.460000,287.710000,287.410000,287.660000,114496
2025-09-30 17:45,287.700000,287.870000,287.620000,287.870000,91497
2025-09-30 18:00,287.870000,288.130000,287.640000,288.130000,134571
2025-09-30 18:15,288.150000,288.240000,287.780000,287.870000,118504
2025-09-30 18:30,287.870000,287.970000,287.710000,287.960000,45049
2025-09-30 18:45,287.960000,288.490000,287.870000,288.420000,161504
2025-09-30 19:00,288.410000,288.440000,288.200000,288.290000,75145
2025-09-30 19:15,288.290000,288.300000,287.970000,288.210000,48544
2025-09-30 19:30,288.210000,288.260000,288.100000,288.200000,28494
2025-09-30 19:45,288.200000,288.300000,288.190000,288.250000,8243
2025-09-30 20:00,288.240000,288.280000,288.130000,288.190000,27767
2025-09-30 20:15,288.180000,288.310000,288.160000,288.250000,34574
2025-09-30 20:30,288.230000,288.270000,288.120000,288.130000,57993
2025-09-30 20:45,288.130000,288.360000,288.130000,288.360000,17312
2025-10-01 03:45,288.880000,288.880000,288.880000,288.880000,4617
2025-10-01 04:00,288.820000,288.870000,288.330000,288.640000,67206
2025-10-01 04:15,288.640000,288.860000,288.600000,288.790000,61911
2025-10-01 04:30,288.800000,288.960000,288.800000,288.900000,40640
2025-10-01 04:45,288.900000,289.690000,288.890000,289.690000,188714
2025-10-01 05:00,289.690000,289.780000,289.380000,289.410000,214227
2025-10-01 05:15,289.420000,289.490000,289.170000,289.200000,108128
2025-10-01 05:30,289.200000,289.300000,289.010000,289.300000,84976
2025-10-01 05:45,289.300000,289.640000,289.270000,289.270000,143779
2025-10-01 06:00,289.280000,289.620000,288.700000,289.580000,180801
2025-10-01 06:15,289.590000,289.700000,289.310000,289.400000,176470
2025-10-01 06:30,289.400000,289.430000,289.040000,289.080000,63087
2025-10-01 06:45,289.080000,289.640000,289.070000,289.590000,127960
2025-10-01 07:00,289.590000,289.700000,288.600000,288.800000,502178
2025-10-01 07:15,288.790000,288.910000,288.410000,288.750000,209192
2025-10-01 07:30,288.750000,289.210000,288.740000,288.930000,296061
2025-10-01 07:45,288.920000,288.930000,288.140000,288.160000,459429
2025-10-01 08:00,288.150000,288.560000,287.900000,288.560000,369203
2025-10-01 08:15,288.560000,289.290000,288.550000,289.280000,327559
2025-10-01 08:30,289.290000,289.400000,288.600000,288.940000,310303
2025-10-01 08:45,288.940000,289.000000,288.600000,288.800000,131891
2025-10-01 09:00,288.800000,289.380000,288.750000,288.960000,176363
2025-10-01 09:15,288.960000,290.280000,288.920000,290.280000,523790
2025-10-01 09:30,290.280000,290.390000,289.700000,289.850000,620815
2025-10-01 09:45,289.820000,290.300000,289.570000,289.770000,273421
2025-10-01 10:00,289.770000,289.800000,289.290000,289.480000,149689
2025-10-01 10:15,289.480000,289.740000,288.350000,288.610000,655214
2025-10-01 10:30,288.600000,288.610000,287.550000,288.250000,776088
2025-10-01 10:45,288.250000,288.270000,287.950000,288.070000,218264
2025-10-01 11:00,288.080000,288.500000,288.000000,288.240000,196826
2025-10-01 11:15,288.240000,288.260000,287.700000,288.140000,291924
2025-10-01 11:30,288.160000,288.350000,287.200000,287.200000,338636
2025-10-01 11:45,287.200000,287.490000,287.170000,287.230000,257817
2025-10-01 12:00,287.230000,287.230000,286.000000,286.450000,1868475
2025-10-01 12:15,286.450000,286.480000,285.310000,285.360000,1170274
2025-10-01 12:30,285.360000,286.490000,285.330000,286.490000,1135037
2025-10-01 12:45,286.480000,286.550000,286.080000,286.250000,437083
2025-10-01 13:00,286.270000,286.550000,285.800000,286.440000,363563
2025-10-01 13:15,286.430000,286.610000,286.100000,286.220000,435345
2025-10-01 13:30,286.220000,287.220000,286.200000,287.150000,756218
2025-10-01 13:45,287.150000,288.110000,287.140000,287.480000,785876
2025-10-01 14:00,287.440000,287.490000,286.020000,286.070000,421663
2025-10-01 14:15,286.100000,286.350000,285.110000,285.450000,1064434
2025-10-01 14:30,285.440000,286.000000,285.190000,285.760000,740410
2025-10-01 14:45,285.760000,286.310000,285.310000,286.310000,404399
2025-10-01 15:00,286.310000,287.650000,286.260000,286.750000,891041
2025-10-01 15:15,286.790000,287.230000,286.360000,286.800000,704776
2025-10-01 15:30,286.810000,286.860000,286.190000,286.290000,126374
2025-10-01 15:45,286.300000,286.300000,286.300000,286.300000,21424
2025-10-01 16:00,286.290000,286.490000,285.820000,285.830000,342963
2025-10-01 16:15,285.830000,286.240000,285.820000,285.950000,269160
2025-10-01 16:30,285.960000,286.280000,285.860000,285.870000,146041
2025-10-01 16:45,285.870000,285.880000,285.630000,285.880000,243059
2025-10-01 17:00,285.870000,285.880000,285.800000,285.870000,125481
2025-10-01 17:15,285.870000,285.880000,285.580000,285.650000,102414
2025-10-01 17:30,285.660000,285.870000,285.570000,285.860000,200985
2025-10-01 17:45,285.870000,286.150000,285.800000,286.050000,155197
2025-10-01 18:00,286.050000,286.050000,285.550000,285.650000,142097
2025-10-01 18:15,285.660000,286.140000,285.560000,286.060000,185904
2025-10-01 18:30,286.060000,286.060000,285.780000,285.890000,64075
2025-10-01 18:45,285.890000,285.900000,285.750000,285.790000,114670
2025-10-01 19:00,285.790000,286.150000,285.700000,286.010000,179170
2025-10-01 19:15,286.000000,286.350000,286.000000,286.220000,122992
2025-10-01 19:30,286.220000,286.360000,286.150000,286.320000,87501
2025-10-01 19:45,286.320000,286.430000,286.210000,286.260000,48161
2025-10-01 20:00,286.250000,286.350000,286.200000,286.340000,204763
2025-10-01 20:15,286.340000,286.400000,285.980000,286.090000,159406
2025-10-01 20:30,286.110000,286.300000,285.960000,286.210000,96314
2025-10-01 20:45,286.200000,286.400000,286.120000,286.400000,33781
2025-10-02 03:45,286.400000,286.400000,286.400000,286.400000,7983
2025-10-02 04:00,286.400000,287.150000,286.070000,286.690000,82646
2025-10-02 04:15,286.680000,286.700000,285.700000,286.080000,77803
2025-10-02 04:30,286.050000,286.310000,285.760000,285.940000,91178
2025-10-02 04:45,285.940000,285.940000,285.300000,285.600000,198426
2025-10-02 05:00,285.610000,285.610000,285.010000,285.380000,294514
2025-10-02 05:15,285.400000,285.620000,285.140000,285.240000,188004
2025-10-02 05:30,285.220000,286.000000,285.220000,285.510000,248043
2025-10-02 05:45,285.510000,285.550000,285.280000,285.300000,441763
2025-10-02 06:00,285.320000,285.940000,285.050000,285.060000,739040
2025-10-02 06:15,285.050000,285.200000,284.520000,285.080000,824531
2025-10-02 06:30,285.100000,285.150000,284.120000,284.300000,543121
2025-10-02 06:45,284.300000,284.300000,283.360000,284.070000,1696010
2025-10-02 07:00,284.070000,284.490000,283.330000,283.480000,1082521
2025-10-02 07:15,283.500000,284.420000,283.220000,284.420000,1622446
2025-10-02 07:30,284.420000,285.440000,284.410000,285.040000,1453916
2025-10-02 07:45,285.040000,285.110000,284.500000,284.530000,668595
2025-10-02 08:00,284.540000,285.340000,284.530000,285.340000,591122
2025-10-02 08:15,285.340000,285.340000,284.020000,284.110000,618741
2025-10-02 08:30,284.130000,284.170000,283.640000,283.640000,797725
2025-10-02 08:45,283.640000,284.060000,283.440000,283.740000,1033857
2025-10-02 09:00,283.740000,283.800000,282.800000,283.080000,1545116
2025-10-02 09:15,283.090000,283.460000,282.840000,283.460000,531932
2025-10-02 09:30,283.450000,283.630000,283.190000,283.520000,366308
2025-10-02 09:45,283.540000,284.580000,283.540000,284.550000,808373
2025-10-02 10:00,284.550000,284.880000,284.500000,284.750000,550959
2025-10-02 10:15,284.800000,284.850000,284.270000,284.500000,370155
2025-10-02 10:30,284.510000,285.250000,284.150000,284.300000,592430
2025-10-02 10:45,284.320000,284.600000,284.140000,284.350000,197987
2025-10-02 11:00,284.340000,284.360000,283.930000,284.290000,191378
2025-10-02 11:15,284.280000,284.740000,283.930000,283.990000,266118
2025-10-02 11:30,284.020000,284.590000,283.970000,284.550000,147080
2025-10-02 11:45,284.540000,285.350000,284.440000,285.290000,558941
2025-10-02 12:00,285.290000,285.510000,284.800000,284.950000,467581
2025-10-02 12:15,284.930000,285.150000,284.760000,284.920000,172816
2025-10-02 12:30,284.930000,285.450000,284.930000,285.280000,206994
2025-10-02 12:45,285.270000,285.510000,284.610000,284.880000,243878
2025-10-02 13:00,284.880000,285.220000,284.520000,285.220000,157289
2025-10-02 13:15,285.210000,285.250000,285.000000,285.090000,135971
2025-10-02 13:30,285.050000,285.500000,284.700000,285.070000,381755
2025-10-02 13:45,285.050000,285.180000,284.600000,284.910000,231192
2025-10-02 14:00,284.910000,285.000000,284.760000,285.000000,227531
2025-10-02 14:15,284.990000,286.380000,284.990000,286.230000,1010686
2025-10-02 14:30,286.220000,286.420000,285.460000,285.560000,626573
2025-10-02 14:45,285.570000,286.440000,285.570000,286.110000,561113
2025-10-02 15:00,286.100000,286.380000,285.910000,286.050000,335547
2025-10-02 15:15,286.050000,286.210000,285.150000,285.270000,504833
2025-10-02 15:30,285.280000,285.370000,284.320000,285.200000,689230
2025-10-02 15:45,285.050000,285.050000,285.050000,285.050000,44488
2025-10-02 16:00,285.100000,285.540000,284.800000,284.940000,247516
2025-10-02 16:15,284.950000,285.220000,284.800000,284.960000,259286
2025-10-02 16:30,284.960000,285.600000,284.900000,285.540000,189989
2025-10-02 16:45,285.540000,285.600000,284.990000,285.230000,128946
2025-10-02 17:00,285.220000,285.290000,284.740000,285.160000,162585
2025-10-02 17:15,285.150000,285.440000,285.010000,285.170000,69749
2025-10-02 17:30,285.180000,285.390000,285.100000,285.210000,37395
2025-10-02 17:45,285.280000,285.350000,285.200000,285.260000,52665
2025-10-02 18:00,285.260000,285.260000,284.800000,285.040000,91369
2025-10-02 18:15,285.030000,285.030000,284.660000,284.830000,188135
2025-10-02 18:30,284.830000,285.040000,284.670000,284.800000,165604
2025-10-02 18:45,284.830000,285.000000,284.360000,284.680000,257320
2025-10-02 19:00,284.690000,285.250000,284.670000,285.190000,150126
2025-10-02 19:15,285.190000,285.300000,285.010000,285.070000,87324
2025-10-02 19:30,285.080000,285.310000,284.940000,285.310000,61601
2025-10-02 19:45,285.310000,285.750000,285.300000,285.450000,202189
2025-10-02 20:00,285.450000,285.680000,285.320000,285.500000,34170
2025-10-02 20:15,285.500000,285.500000,285.240000,285.240000,98373
2025-10-02 20:30,285.290000,285.300000,284.960000,285.030000,70837
2025-10-02 20:45,285.020000,285.350000,285.020000,285.220000,42022
2025-10-03 03:45,285.750000,285.750000,285.750000,285.750000,1251
2025-10-03 04:00,285.700000,285.770000,285.230000,285.570000,39404
2025-10-03 04:15,285.570000,286.000000,285.440000,285.950000,45261
2025-10-03 04:30,285.970000,286.150000,285.700000,286.000000,114793
2025-10-03 04:45,286.000000,286.090000,285.960000,285.980000,46396
2025-10-03 05:00,285.980000,286.000000,285.800000,285.990000,90919
2025-10-03 05:15,285.990000,285.990000,285.800000,285.900000,40808
2025-10-03 05:30,285.900000,285.960000,285.800000,285.960000,33509
2025-10-03 05:45,285.970000,285.980000,285.900000,285.980000,45863
2025-10-03 06:00,285.980000,286.140000,285.760000,286.100000,100830
2025-10-03 06:15,286.100000,286.200000,285.800000,285.800000,113140
2025-10-03 06:30,285.810000,286.300000,285.800000,286.300000,133052
2025-10-03 06:45,286.260000,286.690000,286.250000,286.500000,416576
2025-10-03 07:00,286.540000,287.320000,286.500000,286.980000,817034
2025-10-03 07:15,286.980000,287.020000,286.620000,286.740000,388866
2025-10-03 07:30,286.690000,286.950000,286.550000,286.800000,269839
2025-10-03 07:45,286.800000,287.150000,286.640000,286.830000,361610
2025-10-03 08:00,286.820000,287.120000,286.690000,287.050000,374818
2025-10-03 08:15,287.040000,287.110000,286.610000,286.700000,220788
2025-10-03 08:30,286.710000,286.730000,286.510000,286.560000,168572
2025-10-03 08:45,286.560000,286.640000,286.020000,286.200000,262879
2025-10-03 09:00,286.190000,286.280000,285.810000,285.930000,300070
2025-10-03 09:15,285.930000,285.930000,285.600000,285.640000,395824
2025-10-03 09:30,285.630000,285.630000,284.820000,284.920000,795240
2025-10-03 09:45,284.920000,285.060000,284.000000,284.030000,839810
2025-10-03 10:00,284.030000,284.350000,283.520000,284.350000,853764
2025-10-03 10:15,284.350000,284.560000,284.030000,284.190000,557441
2025-10-03 10:30,284.170000,284.450000,284.110000,284.270000,189801
2025-10-03 10:45,284.260000,284.450000,284.080000,284.420000,112378
2025-10-03 11:00,284.440000,284.440000,283.150000,283.770000,738627
2025-10-03 11:15,283.770000,284.190000,283.770000,283.980000,183685
2025-10-03 11:30,283.980000,284.330000,283.900000,284.010000,109106
2025-10-03 11:45,284.010000,284.030000,283.570000,283.600000,241366
2025-10-03 12:00,283.600000,284.480000,283.590000,284.470000,553669
2025-10-03 12:15,284.460000,284.600000,284.110000,284.480000,277345
2025-10-03 12:30,284.490000,284.550000,284.250000,284.480000,114017
2025-10-03 12:45,284.470000,284.710000,284.150000,284.690000,241462
2025-10-03 13:00,284.690000,284.690000,284.040000,284.300000,207565
2025-10-03 13:15,284.320000,284.500000,284.000000,284.230000,251170
2025-10-03 13:30,284.220000,284.500000,283.850000,284.300000,243303
2025-10-03 13:45,284.300000,284.500000,283.900000,284.190000,204565
2025-10-03 14:00,284.190000,284.220000,283.900000,284.200000,217603
2025-10-03 14:15,284.200000,284.480000,283.590000,283.670000,234175
2025-10-03 14:30,283.700000,284.360000,283.590000,284.160000,372506
2025-10-03 14:45,284.160000,284.220000,283.910000,284.150000,296969
2025-10-03 15:00,284.140000,284.190000,283.920000,284.080000,214721
2025-10-03 15:15,284.080000,284.250000,283.810000,284.010000,297053
2025-10-03 15:30,284.000000,284.150000,283.790000,284.020000,158116
2025-10-03 15:45,283.700000,283.700000,283.700000,283.700000,37887
2025-10-03 16:00,283.990000,284.060000,283.510000,283.940000,205213
2025-10-03 16:15,283.940000,283.940000,283.300000,283.500000,339504
2025-10-03 16:30,283.500000,283.500000,282.580000,282.630000,939563
2025-10-03 16:45,282.690000,282.970000,282.630000,282.720000,265480
2025-10-03 17:00,282.710000,283.100000,282.710000,283.090000,200241
2025-10-03 17:15,283.080000,283.210000,282.860000,282.870000,153102
2025-10-03 17:30,282.870000,283.210000,282.870000,283.200000,98433
2025-10-03 17:45,283.190000,283.200000,283.040000,283.190000,44094
2025-10-03 18:00,283.190000,283.380000,283.050000,283.370000,96341
2025-10-03 18:15,283.330000,283.490000,283.270000,283.430000,87858
2025-10-03 18:30,283.430000,283.440000,283.020000,283.120000,260780
2025-10-03 18:45,283.120000,283.140000,282.760000,282.760000,254903
2025-10-03 19:00,282.760000,282.830000,282.720000,282.780000,99640
2025-10-03 19:15,282.790000,283.090000,282.780000,283.050000,136485
2025-10-03 19:30,283.070000,283.090000,282.930000,283.000000,31616
2025-10-03 19:45,283.000000,283.500000,282.930000,283.140000,253074
2025-10-03 20:00,283.140000,283.150000,282.910000,282.960000,43127
2025-10-03 20:15,282.980000,282.980000,282.850000,282.910000,124926
2025-10-03 20:30,282.890000,282.960000,282.800000,282.800000,72743
2025-10-03 20:45,282.870000,283.000000,282.790000,282.910000,66006
2025-10-03 23:00,284.070000,284.070000,281.000000,283.000000,2240
2025-10-03 23:15,282.990000,283.000000,282.110000,282.870000,966
2025-10-03 23:30,282.870000,282.890000,281.400000,282.500000,8421
2025-10-03 23:45,282.490000,283.000000,282.000000,282.910000,3621
2025-10-04 00:00,282.120000,282.950000,282.120000,282.920000,376
2025-10-04 00:15,282.940000,282.940000,282.270000,282.910000,273
2025-10-04 00:30,282.910000,282.940000,281.630000,282.730000,2234
2025-10-04 00:45,282.740000,282.750000,281.800000,282.600000,167
2025-10-04 01:00,282.580000,282.600000,282.030000,282.580000,135
2025-10-04 01:15,282.580000,282.610000,282.060000,282.600000,268
2025-10-04 01:30,282.600000,282.600000,282.070000,282.080000,899
2025-10-04 01:45,282.500000,282.600000,282.080000,282.100000,123
2025-10-04 02:00,282.100000,282.610000,282.100000,282.150000,162
2025-10-04 02:15,282.500000,282.500000,282.110000,282.490000,2246
2025-10-04 02:30,282.490000,282.490000,282.110000,282.110000,737
2025-10-04 02:45,282.490000,282.490000,282.110000,282.480000,434
2025-10-04 03:00,282.480000,282.490000,282.110000,282.120000,1303
2025-10-04 03:15,282.480000,282.940000,282.300000,282.920000,4004
2025-10-04 03:30,282.920000,282.920000,282.330000,282.920000,462
2025-10-04 03:45,282.920000,282.930000,282.360000,282.930000,998
2025-10-04 04:00,282.550000,282.930000,282.540000,282.930000,1665
2025-10-04 04:15,282.630000,282.930000,282.630000,282.910000,2455
2025-10-04 04:30,282.910000,282.930000,282.750000,282.760000,2069
2025-10-04 04:45,282.910000,282.920000,282.300000,282.630000,5680
2025-10-04 05:00,282.900000,282.910000,282.600000,282.910000,972
2025-10-04 05:15,282.910000,282.920000,282.620000,282.800000,2926
2025-10-04 05:30,282.800000,282.800000,282.630000,282.630000,2143
2025-10-04 05:45,282.630000,282.770000,282.310000,282.770000,3813
2025-10-04 06:00,282.770000,282.770000,282.310000,282.690000,1670
2025-10-04 06:15,282.660000,282.800000,282.360000,282.500000,17325
2025-10-04 06:30,282.500000,282.790000,282.370000,282.590000,3185
2025-10-04 06:45,283.000000,283.000000,283.000000,283.000000,3844
2025-10-04 07:00,283.000000,283.000000,282.100000,282.200000,181719
2025-10-04 07:15,282.200000,282.260000,281.710000,281.750000,339219
2025-10-04 07:30,281.750000,281.860000,281.500000,281.780000,234762
2025-10-04 07:30,281.750000,281.860000,281.500000,281.780000,234762
2025-10-04 07:45,281.780000,281.850000,281.270000,281.450000,211295
2025-10-04 08:00,281.450000,281.500000,281.150000,281.420000,164967
2025-10-04 08:15,281.400000,281.700000,281.250000,281.650000,138785
2025-10-04 08:30,281.630000,281.680000,281.350000,281.630000,99752
2025-10-04 08:45,281.640000,281.640000,281.080000,281.090000,111981
2025-10-04 09:00,281.090000,281.090000,280.430000,280.590000,299761
2025-10-04 09:15,280.590000,281.030000,280.350000,280.740000,335127
2025-10-04 09:30,280.710000,280.980000,280.500000,280.900000,108316
2025-10-04 09:45,280.900000,280.900000,280.450000,280.470000,150027
2025-10-04 10:00,280.460000,280.470000,280.270000,280.440000,148577
2025-10-04 10:15,280.440000,280.600000,280.410000,280.430000,124682
2025-10-04 10:30,280.430000,280.590000,279.750000,279.900000,646364
2025-10-04 10:45,279.900000,280.210000,279.820000,280.150000,212659
2025-10-04 11:00,280.160000,280.470000,280.000000,280.050000,246978
2025-10-04 11:15,280.050000,280.080000,279.580000,279.680000,302654
2025-10-04 11:30,279.680000,280.090000,279.510000,279.880000,195635
2025-10-04 11:45,279.880000,280.390000,279.390000,280.350000,242269
2025-10-04 12:00,280.340000,280.440000,280.120000,280.400000,129259
2025-10-04 12:15,280.390000,280.460000,280.180000,280.460000,56343
2025-10-04 12:30,280.470000,280.500000,280.300000,280.430000,85225
2025-10-04 12:45,280.410000,280.600000,280.300000,280.560000,78418
2025-10-04 13:00,280.560000,280.570000,280.190000,280.320000,66862
2025-10-04 13:15,280.320000,280.330000,279.900000,280.070000,113683
2025-10-04 13:30,280.100000,280.400000,280.000000,280.380000,49891
2025-10-04 13:45,280.340000,280.480000,280.300000,280.440000,24583
2025-10-04 14:00,280.440000,280.560000,280.240000,280.270000,62698
2025-10-04 14:15,280.270000,280.270000,279.600000,279.850000,154221
2025-10-04 14:30,279.930000,280.000000,279.730000,279.910000,55494
2025-10-04 14:45,279.920000,280.310000,279.910000,280.270000,49396
2025-10-04 15:00,280.260000,280.440000,280.080000,280.340000,45642
2025-10-04 15:15,280.340000,280.510000,280.300000,280.480000,58597
2025-10-04 15:30,280.480000,280.480000,280.050000,280.050000,37157
2025-10-04 15:45,280.070000,280.400000,280.020000,280.400000,65850
2025-10-04 16:00,279.240000,280.800000,279.230000,280.130000,4573
2025-10-04 16:15,280.200000,280.580000,280.060000,280.440000,6833
2025-10-04 16:30,280.440000,280.450000,280.070000,280.260000,4118
2025-10-04 16:45,280.250000,280.490000,280.070000,280.140000,3032
2025-10-04 17:00,280.410000,280.470000,280.110000,280.330000,5569
2025-10-04 17:15,280.120000,280.370000,280.110000,280.110000,2541
2025-10-04 17:30,280.320000,280.320000,280.110000,280.270000,2271
2025-10-04 17:45,280.270000,280.270000,280.110000,280.260000,4914
2025-10-04 18:00,280.270000,280.280000,280.100000,280.110000,2666
2025-10-04 18:15,280.270000,280.390000,280.100000,280.360000,3370
2025-10-04 18:30,280.360000,280.380000,280.080000,280.300000,2682
2025-10-04 18:45,280.300000,280.410000,280.110000,280.400000,1666
2025-10-04 19:00,280.350000,280.430000,280.180000,280.400000,1720
2025-10-04 19:15,280.400000,280.400000,280.030000,280.370000,1968
2025-10-04 19:30,280.070000,280.380000,280.060000,280.360000,3935
2025-10-04 19:45,280.300000,280.430000,280.300000,280.410000,6480
2025-10-04 20:00,280.410000,280.420000,280.300000,280.420000,3451
2025-10-04 20:15,280.420000,281.000000,280.300000,280.790000,27545
2025-10-04 20:30,280.770000,280.780000,280.370000,280.370000,1267
2025-10-04 20:45,280.500000,280.640000,280.300000,280.640000,3912
2025-10-04 23:00,281.470000,281.470000,279.810000,280.980000,1543
2025-10-04 23:15,280.970000,280.970000,280.240000,280.260000,254
2025-10-04 23:30,280.830000,280.830000,280.050000,280.500000,186
2025-10-04 23:45,280.500000,280.820000,280.280000,280.400000,141
2025-10-05 00:00,280.800000,280.830000,280.280000,280.280000,120
2025-10-05 00:15,280.830000,280.870000,280.280000,280.860000,69
2025-10-05 00:30,280.840000,280.870000,280.280000,280.400000,152
2025-10-05 00:45,280.400000,280.400000,280.000000,280.400000,2035
2025-10-05 01:00,279.960000,280.430000,279.960000,280.390000,102
2025-10-05 01:15,280.390000,280.390000,279.950000,280.390000,103
2025-10-05 01:30,280.390000,280.390000,279.960000,280.390000,53
2025-10-05 01:45,280.390000,280.390000,280.000000,280.380000,732
2025-10-05 02:00,280.010000,280.380000,280.000000,280.000000,408
2025-10-05 02:15,280.330000,280.380000,280.010000,280.380000,74
2025-10-05 02:30,280.380000,280.380000,280.010000,280.370000,59
2025-10-05 02:45,280.370000,280.370000,280.000000,280.370000,758
2025-10-05 03:00,280.370000,280.370000,280.010000,280.370000,214
2025-10-05 03:15,280.370000,280.380000,280.000000,280.380000,2811
2025-10-05 03:30,280.300000,280.380000,280.020000,280.370000,706
2025-10-05 03:45,280.370000,280.380000,280.000000,280.370000,990
2025-10-05 04:00,280.370000,280.370000,280.020000,280.330000,535
2025-10-05 04:15,280.100000,280.330000,280.020000,280.300000,452
2025-10-05 04:30,280.200000,280.320000,279.840000,280.310000,2674
2025-10-05 04:45,280.310000,280.960000,280.000000,280.890000,7148
2025-10-05 05:00,280.890000,280.990000,280.100000,280.970000,804
2025-10-05 05:15,280.980000,280.980000,279.900000,280.690000,5291
2025-10-05 05:30,280.690000,280.700000,280.070000,280.540000,1288
2025-10-05 05:45,280.540000,280.600000,280.090000,280.590000,849
2025-10-05 06:00,280.590000,280.590000,280.130000,280.550000,994
2025-10-05 06:15,280.560000,280.580000,280.150000,280.400000,1423
2025-10-05 06:30,280.250000,280.570000,280.170000,280.570000,1788
2025-10-05 06:45,280.400000,280.400000,280.400000,280.400000,6024
2025-10-05 07:00,280.400000,280.640000,279.140000,279.250000,202913
2025-10-05 07:15,279.190000,279.970000,279.150000,279.890000,135614
2025-10-05 07:30,279.890000,279.890000,279.340000,279.510000,155453
2025-10-05 07:45,279.520000,279.780000,279.500000,279.700000,38922
2025-10-05 08:00,279.650000,279.750000,279.400000,279.750000,121345
2025-10-05 08:15,279.760000,280.060000,279.550000,279.890000,75415
2025-10-05 08:30,279.870000,280.060000,279.840000,280.060000,39856
2025-10-05 08:45,280.060000,280.330000,280.030000,280.250000,51089
2025-10-05 09:00,280.240000,280.370000,280.200000,280.300000,20432
2025-10-05 09:15,280.300000,280.300000,280.180000,280.200000,27572
2025-10-05 09:30,280.200000,280.220000,280.040000,280.110000,19971
2025-10-05 09:45,280.110000,280.280000,280.090000,280.230000,16222
2025-10-05 10:00,280.220000,280.250000,280.100000,280.200000,21179
2025-10-05 10:15,280.200000,280.250000,280.100000,280.170000,17596
2025-10-05 10:30,280.170000,280.300000,280.020000,280.250000,45554
2025-10-05 10:45,280.250000,280.530000,280.240000,280.510000,71523
2025-10-05 11:00,280.520000,280.810000,280.470000,280.590000,66254
2025-10-05 11:15,280.590000,281.270000,280.500000,281.270000,147846
2025-10-05 11:30,281.270000,281.290000,281.000000,281.140000,68489
2025-10-05 11:45,281.130000,281.170000,280.760000,280.900000,81270
2025-10-05 12:00,280.890000,280.920000,280.710000,280.720000,48040
2025-10-05 12:15,280.720000,280.830000,280.500000,280.540000,20895
2025-10-05 12:30,280.540000,280.980000,280.490000,280.960000,31580
2025-10-05 12:45,280.960000,280.980000,280.860000,280.910000,9773
2025-10-05 13:00,280.910000,281.000000,280.870000,281.000000,63749
2025-10-05 13:15,281.000000,281.000000,280.980000,280.990000,11342
2025-10-05 13:30,280.990000,281.330000,280.900000,281.300000,56980
2025-10-05 13:45,281.310000,281.390000,281.240000,281.300000,60010
2025-10-05 14:00,281.300000,281.400000,281.160000,281.390000,54403
2025-10-05 14:15,281.390000,281.540000,281.240000,281.490000,73993
2025-10-05 14:30,281.490000,281.500000,281.120000,281.190000,69316
2025-10-05 14:45,281.190000,281.480000,281.080000,281.400000,44096
2025-10-05 15:00,281.400000,281.450000,281.160000,281.440000,108709
2025-10-05 15:15,281.440000,281.770000,281.400000,281.650000,132998
2025-10-05 15:30,281.650000,281.970000,281.640000,281.740000,144068
2025-10-05 15:45,281.800000,282.130000,281.720000,281.990000,89880
2025-10-05 16:00,282.770000,282.770000,281.150000,282.090000,8598
2025-10-05 16:15,282.370000,282.890000,282.090000,282.510000,20856
2025-10-05 16:30,282.740000,282.760000,282.300000,282.730000,22789
2025-10-05 16:45,282.730000,282.790000,282.300000,282.720000,5406
2025-10-05 17:00,282.720000,282.720000,282.280000,282.500000,5721
2025-10-05 17:15,282.500000,282.650000,282.340000,282.650000,1850
2025-10-05 17:30,282.650000,282.680000,282.380000,282.650000,3714
2025-10-05 17:45,282.650000,282.680000,282.380000,282.670000,2961
2025-10-05 18:00,282.420000,282.680000,282.380000,282.640000,2094
2025-10-05 18:15,282.630000,282.700000,282.390000,282.690000,2412
2025-10-05 18:30,282.700000,282.700000,282.600000,282.690000,3950
2025-10-05 18:45,282.690000,282.700000,282.600000,282.600000,2268
2025-10-05 19:00,282.600000,282.680000,282.360000,282.680000,4040
2025-10-05 19:15,282.680000,282.700000,282.500000,282.700000,1729
2025-10-05 19:30,282.510000,282.700000,282.500000,282.680000,3387
2025-10-05 19:45,282.680000,282.680000,282.360000,282.670000,4731
2025-10-05 20:00,282.670000,282.670000,282.360000,282.550000,1729
2025-10-05 20:15,282.500000,282.680000,282.380000,282.670000,1241
2025-10-05 20:30,282.670000,282.680000,282.380000,282.600000,1485
2025-10-05 20:45,282.600000,282.600000,282.330000,282.380000,1300
2025-10-06 03:45,282.390000,282.390000,282.390000,282.390000,5431
2025-10-06 04:00,282.400000,283.170000,282.340000,282.450000,365140
2025-10-06 04:15,282.450000,283.070000,282.440000,283.060000,99466
2025-10-06 04:30,283.050000,283.160000,282.650000,282.940000,151852
2025-10-06 04:45,282.940000,283.400000,282.690000,283.210000,284826
2025-10-06 05:00,283.210000,283.380000,283.190000,283.320000,121674
2025-10-06 05:15,283.320000,283.340000,283.000000,283.040000,89654
2025-10-06 05:30,283.050000,283.050000,282.720000,282.740000,73802
2025-10-06 05:45,282.750000,283.040000,282.740000,282.830000,128899
2025-10-06 06:00,282.830000,282.840000,281.820000,282.120000,551664
2025-10-06 06:15,282.130000,282.670000,282.100000,282.670000,129970
2025-10-06 06:30,282.650000,282.680000,282.430000,282.520000,60338
2025-10-06 06:45,282.530000,282.880000,282.500000,282.870000,187238
2025-10-06 07:00,282.870000,284.750000,282.530000,284.270000,2620220
2025-10-06 07:15,284.320000,285.100000,284.290000,284.850000,1011479
2025-10-06 07:30,284.850000,285.460000,284.790000,284.940000,1153024
2025-10-06 07:45,284.940000,285.250000,284.530000,284.810000,932503
2025-10-06 08:00,284.810000,285.120000,284.410000,284.450000,489068
2025-10-06 08:15,284.440000,284.740000,284.400000,284.670000,291544
2025-10-06 08:30,284.680000,284.700000,284.510000,284.600000,237616
2025-10-06 08:45,284.600000,284.840000,284.580000,284.840000,408188
2025-10-06 09:00,284.840000,285.930000,284.840000,285.310000,842478
2025-10-06 09:15,285.310000,285.970000,285.220000,285.970000,410477
2025-10-06 09:30,285.970000,286.350000,285.650000,285.690000,890829
2025-10-06 09:45,285.690000,286.470000,285.630000,286.460000,552020
2025-10-06 10:00,286.460000,286.850000,285.980000,286.820000,723905
2025-10-06 10:15,286.820000,286.820000,285.750000,285.910000,770664
2025-10-06 10:30,285.870000,286.800000,285.870000,286.050000,382396
2025-10-06 10:45,286.080000,286.360000,285.900000,286.120000,501188
2025-10-06 11:00,286.120000,286.500000,286.010000,286.190000,351551
2025-10-06 11:15,286.250000,286.570000,285.050000,285.450000,842074
2025-10-06 11:30,285.470000,285.550000,285.040000,285.270000,477782
2025-10-06 11:45,285.260000,285.380000,284.620000,284.630000,591909
2025-10-06 12:00,284.620000,285.000000,284.140000,284.290000,464167
2025-10-06 12:15,284.290000,284.410000,283.500000,283.560000,1054224
2025-10-06 12:30,283.560000,284.360000,283.310000,284.140000,818880
2025-10-06 12:45,284.090000,285.000000,283.800000,284.270000,700835
2025-10-06 13:00,284.290000,286.230000,284.160000,286.060000,585328
2025-10-06 13:15,286.060000,286.420000,285.610000,285.670000,397341
2025-10-06 13:30,285.670000,286.420000,285.670000,286.210000,466258
2025-10-06 13:45,286.210000,287.910000,286.210000,287.840000,2530814
2025-10-06 14:00,287.830000,288.500000,287.650000,288.470000,1659760
2025-10-06 14:15,288.460000,289.250000,288.040000,289.250000,1523895
2025-10-06 14:30,289.250000,289.690000,288.900000,289.110000,1050058
2025-10-06 14:45,289.050000,289.670000,289.000000,289.000000,783674
2025-10-06 15:00,288.980000,289.700000,288.980000,289.660000,709327
2025-10-06 15:15,289.670000,289.890000,289.550000,289.770000,1090958
2025-10-06 15:30,289.780000,290.440000,289.760000,290.010000,843150
2025-10-06 15:45,290.000000,290.000000,290.000000,290.000000,54018
2025-10-06 16:00,289.980000,290.880000,289.710000,289.950000,699805
2025-10-06 16:15,289.960000,290.030000,289.610000,289.760000,249932
2025-10-06 16:30,289.760000,290.630000,289.570000,290.520000,462420
2025-10-06 16:45,290.520000,290.950000,290.520000,290.640000,793646
2025-10-06 17:00,290.640000,290.750000,290.540000,290.660000,244596
2025-10-06 17:15,290.710000,290.720000,290.460000,290.580000,160303
2025-10-06 17:30,290.580000,290.700000,290.230000,290.230000,167162
2025-10-06 17:45,290.280000,290.380000,289.880000,289.980000,262812
2025-10-06 18:00,289.920000,290.200000,289.900000,290.200000,68544
2025-10-06 18:15,290.200000,290.520000,289.610000,289.610000,234638
2025-10-06 18:30,289.690000,290.000000,289.550000,289.990000,94117
2025-10-06 18:45,290.000000,290.550000,289.930000,290.540000,151650
2025-10-06 19:00,290.540000,290.910000,290.430000,290.780000,256080
2025-10-06 19:15,290.770000,290.910000,290.750000,290.880000,102941
2025-10-06 19:30,290.880000,290.880000,290.600000,290.620000,146382
2025-10-06 19:45,290.600000,290.850000,290.600000,290.700000,76679
2025-10-06 20:00,290.750000,290.970000,290.700000,290.940000,168244
2025-10-06 20:15,290.950000,290.990000,290.740000,290.850000,216864
2025-10-06 20:30,290.840000,291.170000,290.740000,290.970000,232323
2025-10-06 20:45,290.920000,290.980000,290.000000,290.560000,228169
2025-10-07 03:45,290.000000,290.000000,290.000000,290.000000,10016
2025-10-07 04:00,290.000000,290.900000,289.150000,290.780000,462463
2025-10-07 04:15,290.780000,290.990000,290.010000,290.210000,391093
2025-10-07 04:30,290.210000,290.330000,290.010000,290.110000,73631
2025-10-07 04:45,290.120000,290.230000,289.700000,289.810000,158195
2025-10-07 05:00,289.840000,290.400000,289.720000,290.310000,154871
2025-10-07 05:15,290.330000,290.880000,290.230000,290.860000,163303
2025-10-07 05:30,290.880000,290.880000,290.500000,290.770000,103615
2025-10-07 05:45,290.810000,291.490000,290.700000,291.350000,320225
2025-10-07 06:00,291.360000,291.490000,289.750000,290.020000,528026
2025-10-07 06:15,290.030000,290.490000,289.880000,289.890000,211200
2025-10-07 06:30,289.890000,289.920000,289.080000,289.200000,555824
2025-10-07 06:45,289.200000,289.780000,289.200000,289.700000,160625
2025-10-07 07:00,289.750000,290.700000,288.750000,288.920000,1481655
2025-10-07 07:15,288.920000,290.610000,288.750000,290.320000,712876
2025-10-07 07:30,290.320000,292.750000,289.910000,292.590000,1999022
2025-10-07 07:45,292.620000,293.900000,292.530000,293.540000,2189844
2025-10-07 08:00,293.540000,295.210000,293.440000,294.740000,3483653
2025-10-07 08:15,294.750000,295.790000,294.720000,295.750000,3704905
2025-10-07 08:30,295.750000,295.870000,294.870000,295.000000,2111032
2025-10-07 08:45,295.010000,295.470000,294.880000,295.000000,836380
2025-10-07 09:00,295.000000,295.300000,294.800000,294.800000,875606
2025-10-07 09:15,294.800000,294.990000,294.390000,294.460000,812820
2025-10-07 09:30,294.460000,294.840000,294.350000,294.840000,593434
2025-10-07 09:45,294.830000,295.000000,294.590000,294.860000,329869
2025-10-07 10:00,294.860000,294.940000,294.050000,294.630000,629669
2025-10-07 10:15,294.670000,295.030000,294.400000,295.020000,597256
2025-10-07 10:30,295.030000,295.030000,294.230000,294.870000,314241
2025-10-07 10:45,294.880000,295.160000,294.630000,294.990000,509219
2025-10-07 11:00,295.000000,295.000000,294.440000,294.450000,311176
2025-10-07 11:15,294.450000,294.840000,294.450000,294.690000,242867
2025-10-07 11:30,294.700000,295.100000,294.590000,294.670000,272659
2025-10-07 11:45,294.670000,294.730000,293.810000,293.970000,1197172
2025-10-07 12:00,293.970000,293.980000,293.190000,293.670000,1117210
2025-10-07 12:15,293.640000,293.720000,293.330000,293.680000,229330
2025-10-07 12:30,293.660000,294.370000,293.390000,293.990000,633437
2025-10-07 12:45,294.000000,294.340000,293.620000,294.150000,274040
2025-10-07 13:00,294.170000,294.230000,293.740000,294.030000,144260
2025-10-07 13:15,294.030000,294.030000,293.500000,293.510000,461702
2025-10-07 13:30,293.510000,293.590000,293.030000,293.300000,667661
2025-10-07 13:45,293.290000,293.880000,293.250000,293.700000,240617
2025-10-07 14:00,293.700000,293.710000,292.600000,292.920000,662678
2025-10-07 14:15,292.910000,293.310000,292.800000,292.920000,341838
2025-10-07 14:30,292.910000,293.070000,292.640000,293.050000,314809
2025-10-07 14:45,293.070000,293.740000,292.960000,293.630000,506124
2025-10-07 15:00,293.640000,293.750000,292.890000,293.750000,483953
2025-10-07 15:15,293.740000,294.000000,293.620000,293.800000,661870
2025-10-07 15:30,293.790000,294.220000,293.310000,293.310000,330510
2025-10-07 15:45,293.670000,293.670000,293.670000,293.670000,190082
2025-10-07 16:00,293.670000,293.860000,293.260000,293.310000,196409
2025-10-07 16:15,293.320000,293.320000,292.680000,292.680000,298017
2025-10-07 16:30,292.720000,293.000000,292.150000,292.530000,519940
2025-10-07 16:45,292.570000,292.580000,292.000000,292.220000,633277
2025-10-07 17:00,292.220000,292.860000,292.030000,292.800000,254629
2025-10-07 17:15,292.800000,293.140000,292.800000,292.930000,186841
2025-10-07 17:30,292.920000,293.220000,292.880000,293.020000,112287
2025-10-07 17:45,293.020000,293.130000,292.880000,293.030000,48135
2025-10-07 18:00,293.020000,293.340000,293.000000,293.010000,160014
2025-10-07 18:15,293.000000,293.080000,292.500000,292.500000,443543
2025-10-07 18:30,292.520000,292.980000,292.230000,292.970000,246774
2025-10-07 18:45,292.980000,292.980000,292.700000,292.870000,173804
2025-10-07 19:00,292.870000,293.220000,292.700000,293.110000,106850
2025-10-07 19:15,293.100000,293.200000,292.900000,293.010000,118957
2025-10-07 19:30,293.020000,293.220000,292.950000,293.200000,70510
2025-10-07 19:45,293.200000,293.740000,293.200000,293.670000,189127
2025-10-07 20:00,293.680000,293.800000,293.640000,293.760000,74104
2025-10-07 20:15,293.790000,294.030000,293.750000,294.030000,155183
2025-10-07 20:30,294.030000,294.030000,293.710000,293.900000,101021
2025-10-07 20:45,293.890000,293.950000,293.600000,293.890000,45998
2025-10-08 03:45,293.930000,293.930000,293.930000,293.930000,4794
2025-10-08 04:00,293.950000,294.400000,293.810000,294.390000,191344
2025-10-08 04:15,294.400000,294.830000,294.200000,294.220000,272429
2025-10-08 04:30,294.230000,294.560000,294.220000,294.380000,130499
2025-10-08 04:45,294.380000,294.500000,294.210000,294.500000,62874
2025-10-08 05:00,294.490000,294.500000,294.360000,294.430000,49793
2025-10-08 05:15,294.440000,294.450000,294.060000,294.170000,159744
2025-10-08 05:30,294.190000,294.270000,294.000000,294.100000,127826
2025-10-08 05:45,294.100000,294.200000,293.700000,294.200000,145876
2025-10-08 06:00,294.190000,294.230000,293.670000,294.060000,189761
2025-10-08 06:15,294.030000,294.080000,293.660000,293.660000,50369
2025-10-08 06:30,293.660000,293.780000,293.320000,293.730000,163052
2025-10-08 06:45,293.740000,294.080000,293.730000,294.070000,267995
2025-10-08 07:00,294.070000,295.000000,293.070000,293.160000,1169315
2025-10-08 07:15,293.160000,293.400000,292.690000,292.690000,868797
2025-10-08 07:30,292.690000,292.800000,292.000000,292.260000,1108504
2025-10-08 07:45,292.250000,292.490000,291.220000,291.610000,1286191
2025-10-08 08:00,291.610000,291.630000,290.500000,291.140000,1534768
2025-10-08 08:15,291.150000,291.400000,290.550000,291.000000,1073423
2025-10-08 08:30,290.990000,291.630000,290.920000,291.400000,587806
2025-10-08 08:45,291.420000,291.780000,291.090000,291.210000,987947
2025-10-08 09:00,291.200000,291.210000,290.500000,290.710000,579566
2025-10-08 09:15,290.700000,290.740000,289.800000,289.870000,1647240
2025-10-08 09:30,289.850000,289.870000,288.390000,288.540000,1949705
2025-10-08 09:45,288.560000,288.990000,288.110000,288.570000,1893480
2025-10-08 10:00,288.550000,288.900000,288.130000,288.300000,962824
2025-10-08 10:15,288.310000,288.500000,287.210000,287.260000,2669906
2025-10-08 10:30,287.230000,287.550000,285.400000,286.320000,5470224
2025-10-08 10:45,286.320000,286.780000,285.480000,286.200000,2331905
2025-10-08 11:00,286.240000,286.940000,285.650000,286.820000,1570131
2025-10-08 11:15,286.820000,286.980000,286.070000,286.640000,985721
2025-10-08 11:30,286.650000,287.610000,286.460000,286.680000,1666243
2025-10-08 11:45,286.690000,286.750000,285.890000,286.030000,617011
2025-10-08 12:00,285.990000,286.930000,285.650000,286.750000,728014
2025-10-08 12:15,286.740000,287.000000,286.240000,286.670000,443276
2025-10-08 12:30,286.670000,286.710000,285.000000,285.820000,1380482
2025-10-08 12:45,285.820000,286.500000,284.640000,284.800000,1201837
2025-10-08 13:00,284.840000,284.990000,283.930000,284.200000,1900652
2025-10-08 13:15,284.210000,285.680000,284.000000,284.760000,1616219
2025-10-08 13:30,284.760000,285.560000,284.600000,285.260000,854163
2025-10-08 13:45,285.230000,285.520000,284.000000,284.130000,1048436
2025-10-08 14:00,284.130000,284.720000,283.220000,283.360000,1185013
2025-10-08 14:15,283.340000,284.800000,283.020000,284.640000,1091691
2025-10-08 14:30,284.670000,284.730000,283.410000,284.060000,578122
2025-10-08 14:45,284.040000,284.060000,282.280000,282.330000,1798755
2025-10-08 15:00,282.320000,283.510000,282.060000,282.190000,1718369
2025-10-08 15:15,282.180000,282.300000,279.160000,279.590000,5845134
2025-10-08 15:30,279.650000,280.470000,278.000000,280.210000,3125323
2025-10-08 15:45,280.220000,280.220000,280.220000,280.220000,172942
2025-10-08 16:00,280.310000,281.550000,278.800000,281.210000,2826222
2025-10-08 16:15,281.210000,281.440000,280.570000,281.050000,1825692
2025-10-08 16:30,281.060000,281.410000,280.700000,280.930000,1380942
2025-10-08 16:45,280.950000,281.390000,280.600000,281.150000,1098883
2025-10-08 17:00,281.160000,282.450000,281.040000,282.380000,1499853
2025-10-08 17:15,282.400000,282.560000,281.860000,281.990000,1193732
2025-10-08 17:30,281.990000,282.030000,280.950000,281.420000,1127175
2025-10-08 17:45,281.410000,281.850000,281.350000,281.570000,344221
2025-10-08 18:00,281.570000,282.490000,281.480000,282.430000,1104540
2025-10-08 18:15,282.400000,283.060000,282.110000,282.860000,999909
2025-10-08 18:30,282.870000,282.870000,282.340000,282.540000,564683
2025-10-08 18:45,282.540000,282.720000,282.360000,282.420000,319442
2025-10-08 19:00,282.370000,282.400000,281.620000,282.080000,969374
2025-10-08 19:15,282.060000,282.400000,281.430000,281.550000,398759
2025-10-08 19:30,281.610000,282.020000,281.560000,281.850000,472453
2025-10-08 19:45,281.850000,282.160000,281.720000,281.980000,245742
2025-10-08 20:00,281.980000,282.200000,281.750000,281.920000,339342
2025-10-08 20:15,281.910000,282.210000,281.800000,281.890000,222897
2025-10-08 20:30,281.820000,282.300000,281.210000,281.880000,662464
2025-10-08 20:45,281.880000,282.130000,281.560000,281.900000,160753
2025-10-09 03:45,282.800000,282.800000,282.800000,282.800000,40434
2025-10-09 04:00,282.700000,282.940000,281.000000,282.080000,641761
2025-10-09 04:15,282.170000,282.790000,281.740000,282.220000,354262
2025-10-09 04:30,282.210000,282.750000,282.200000,282.720000,102890
2025-10-09 04:45,282.700000,283.490000,282.530000,283.420000,291256
2025-10-09 05:00,283.420000,283.490000,281.970000,282.570000,286859
2025-10-09 05:15,282.570000,283.300000,282.560000,283.200000,391627
2025-10-09 05:30,283.190000,283.240000,281.820000,281.980000,590944
2025-10-09 05:45,281.980000,282.550000,281.820000,282.410000,211828
2025-10-09 06:00,282.430000,282.430000,281.040000,281.500000,993300
2025-10-09 06:15,281.500000,282.390000,280.530000,282.020000,1772416
2025-10-09 06:30,282.020000,283.440000,281.570000,281.650000,1023410
2025-10-09 06:45,281.630000,284.430000,281.360000,284.270000,2677553
2025-10-09 07:00,284.260000,286.000000,283.590000,284.800000,4585374
2025-10-09 07:15,284.810000,285.480000,283.720000,284.450000,1367438
2025-10-09 07:30,284.440000,285.370000,284.300000,284.810000,1655165
2025-10-09 07:45,284.800000,285.450000,284.040000,284.300000,1260611
2025-10-09 08:00,284.300000,284.630000,283.150000,283.360000,1508516
2025-10-09 08:15,283.330000,283.370000,280.180000,280.250000,4130068
2025-10-09 08:30,280.250000,280.970000,278.750000,280.210000,5060589
2025-10-09 08:45,280.210000,284.980000,279.650000,284.570000,4336649
2025-10-09 09:00,284.590000,286.880000,283.760000,285.620000,6066595
2025-10-09 09:15,285.670000,289.520000,285.640000,287.670000,5427396
2025-10-09 09:30,287.670000,288.470000,286.320000,286.900000,2302814
2025-10-09 09:45,286.900000,287.990000,286.310000,287.300000,1694315
2025-10-09 10:00,287.300000,289.200000,287.300000,288.660000,3005063
2025-10-09 10:15,288.660000,289.200000,287.660000,287.770000,1369714
2025-10-09 10:30,287.800000,288.530000,286.610000,286.730000,1275415
2025-10-09 10:45,286.720000,287.650000,286.700000,286.820000,660387
2025-10-09 11:00,286.820000,287.500000,285.000000,285.710000,1154632
2025-10-09 11:15,285.710000,286.840000,285.350000,286.230000,814390
2025-10-09 11:30,286.240000,287.300000,285.870000,287.300000,633221
2025-10-09 11:45,287.300000,288.200000,287.160000,287.460000,555071
2025-10-09 12:00,287.460000,288.990000,287.310000,288.330000,764544
2025-10-09 12:15,288.360000,288.910000,288.060000,288.740000,600130
2025-10-09 12:30,288.740000,289.160000,287.950000,288.260000,706587
2025-10-09 12:45,288.260000,288.270000,286.690000,287.680000,696010
2025-10-09 13:00,287.680000,288.090000,287.200000,288.000000,397481
2025-10-09 13:15,287.990000,289.140000,287.780000,289.060000,534773
2025-10-09 13:30,289.110000,289.460000,288.520000,289.330000,813389
2025-10-09 13:45,289.340000,290.400000,288.680000,289.000000,2619824
2025-10-09 14:00,289.000000,289.810000,288.750000,289.410000,766627
2025-10-09 14:15,289.430000,289.900000,288.050000,288.740000,1197090
2025-10-09 14:30,288.740000,288.970000,288.190000,288.710000,505760
2025-10-09 14:45,288.720000,289.860000,288.260000,289.750000,816839
2025-10-09 15:00,289.750000,290.450000,289.740000,290.130000,1172771
2025-10-09 15:15,290.120000,290.120000,289.000000,289.350000,757198
2025-10-09 15:30,289.330000,289.430000,289.220000,289.370000,226391
2025-10-09 15:45,289.450000,289.450000,289.450000,289.450000,23853
2025-10-09 16:00,289.440000,289.800000,288.550000,288.550000,359631
2025-10-09 16:15,288.550000,289.380000,288.270000,289.230000,444823
2025-10-09 16:30,289.220000,289.230000,288.540000,288.690000,148718
2025-10-09 16:45,288.690000,288.890000,288.170000,288.170000,201758
2025-10-09 17:00,288.170000,288.750000,288.060000,288.700000,277130
2025-10-09 17:15,288.690000,288.740000,288.140000,288.280000,229695
2025-10-09 17:30,288.280000,288.300000,287.560000,287.970000,530355
2025-10-09 17:45,287.980000,289.190000,287.830000,288.850000,781666
2025-10-09 18:00,288.850000,288.990000,288.730000,288.960000,191840
2025-10-09 18:15,288.960000,288.960000,288.530000,288.750000,121607
2025-10-09 18:30,288.740000,288.950000,288.580000,288.900000,46967
2025-10-09 18:45,288.880000,289.470000,288.790000,289.040000,156857
2025-10-09 19:00,289.050000,289.480000,288.850000,289.460000,437722
2025-10-09 19:15,289.460000,289.940000,289.460000,289.730000,253165
2025-10-09 19:30,289.730000,289.990000,289.460000,289.690000,258705
2025-10-09 19:45,289.700000,290.000000,289.570000,290.000000,225223
2025-10-09 20:00,290.000000,290.000000,289.650000,289.880000,127352
2025-10-09 20:15,289.840000,289.990000,289.680000,289.920000,151662
2025-10-09 20:30,289.910000,289.910000,289.420000,289.580000,200055
2025-10-09 20:45,289.500000,289.590000,288.900000,289.370000,193097
2025-10-10 03:45,289.900000,289.900000,289.900000,289.900000,2150
2025-10-10 04:00,289.800000,289.900000,288.540000,289.120000,404098
2025-10-10 04:15,289.120000,289.450000,289.060000,289.300000,45880
2025-10-10 04:30,289.310000,289.950000,289.300000,289.940000,78777
2025-10-10 04:45,289.940000,289.940000,289.270000,289.270000,41080
2025-10-10 05:00,289.380000,289.380000,288.730000,288.900000,112913
2025-10-10 05:15,288.900000,288.900000,288.050000,288.080000,279450
2025-10-10 05:30,288.100000,288.280000,286.720000,287.090000,769938
2025-10-10 05:45,287.090000,288.090000,286.990000,288.000000,422971
2025-10-10 06:00,288.000000,288.770000,287.960000,288.680000,467539
2025-10-10 06:15,288.620000,288.680000,287.230000,288.100000,389903
2025-10-10 06:30,288.100000,288.700000,288.100000,288.270000,223952
2025-10-10 06:45,288.260000,289.500000,288.250000,289.280000,564858
2025-10-10 07:00,289.280000,289.300000,288.240000,288.620000,620329
2025-10-10 07:15,288.620000,288.630000,287.110000,287.300000,918750
2025-10-10 07:30,287.300000,287.900000,287.000000,287.350000,1009549
2025-10-10 07:45,287.350000,287.880000,287.350000,287.520000,430639
2025-10-10 08:00,287.520000,287.780000,286.940000,287.200000,877354
2025-10-10 08:15,287.200000,288.980000,286.560000,288.670000,1252265
2025-10-10 08:30,288.670000,289.570000,288.320000,289.250000,870560
2025-10-10 08:45,289.240000,289.450000,288.570000,289.280000,542344
2025-10-10 09:00,289.280000,289.400000,288.200000,288.880000,822533
2025-10-10 09:15,288.890000,288.940000,288.120000,288.450000,159494
2025-10-10 09:30,288.450000,289.200000,288.180000,288.840000,309131
2025-10-10 09:45,288.860000,288.970000,288.120000,288.650000,221809
2025-10-10 10:00,288.620000,289.100000,288.010000,288.310000,382423
2025-10-10 10:15,288.300000,288.860000,288.060000,288.070000,278730
2025-10-10 10:30,288.060000,288.290000,287.150000,287.450000,1507350
2025-10-10 10:45,287.470000,287.570000,286.700000,287.480000,1304233
2025-10-10 11:00,287.480000,288.000000,286.730000,287.530000,654671
2025-10-10 11:15,287.580000,287.990000,287.370000,287.430000,146632
2025-10-10 11:30,287.490000,287.990000,287.130000,287.710000,323164
2025-10-10 11:45,287.780000,287.780000,287.100000,287.280000,298073
2025-10-10 12:00,287.220000,287.460000,286.330000,286.580000,912769
2025-10-10 12:15,286.630000,287.600000,286.150000,287.250000,1087278
2025-10-10 12:30,287.250000,287.980000,287.030000,287.040000,427886
2025-10-10 12:45,287.040000,287.190000,286.500000,286.540000,255563
2025-10-10 13:00,286.540000,286.800000,285.690000,286.110000,858610
2025-10-10 13:15,286.110000,286.600000,285.000000,285.230000,912880
2025-10-10 13:30,285.240000,285.400000,284.500000,284.610000,1491233
2025-10-10 13:45,284.630000,285.850000,284.260000,285.380000,1204696
2025-10-10 14:00,285.370000,285.590000,284.710000,285.090000,931268
2025-10-10 14:15,285.090000,285.280000,284.320000,284.840000,660817
2025-10-10 14:30,284.820000,285.350000,284.530000,285.270000,577916
2025-10-10 14:45,285.270000,287.940000,285.150000,285.580000,2630350
2025-10-10 15:00,285.620000,286.290000,284.100000,285.080000,1192944
2025-10-10 15:15,285.120000,286.050000,285.000000,285.750000,699650
2025-10-10 15:30,285.710000,286.280000,285.450000,285.810000,348126
2025-10-10 15:45,285.750000,285.750000,285.750000,285.750000,6549
2025-10-10 16:00,285.810000,286.210000,285.140000,285.500000,346040
2025-10-10 16:15,285.510000,286.000000,285.220000,286.000000,107161
2025-10-10 16:30,286.000000,286.440000,285.510000,286.250000,539761
2025-10-10 16:45,286.250000,286.430000,286.050000,286.200000,148774
2025-10-10 17:00,286.200000,286.200000,285.680000,285.690000,84522
2025-10-10 17:15,285.690000,285.970000,285.660000,285.830000,67569
2025-10-10 17:30,285.830000,286.130000,285.800000,285.930000,39840
2025-10-10 17:45,285.950000,286.180000,285.810000,286.160000,104518
2025-10-10 18:00,286.160000,286.400000,286.020000,286.400000,121682
2025-10-10 18:15,286.400000,286.550000,286.100000,286.460000,142735
2025-10-10 18:30,286.460000,286.470000,286.270000,286.450000,107423
2025-10-10 18:45,286.450000,286.450000,285.900000,285.990000,175030
2025-10-10 19:00,285.980000,286.220000,285.950000,286.020000,71056
2025-10-10 19:15,286.020000,286.030000,285.660000,285.750000,198764
2025-10-10 19:30,285.730000,285.750000,285.650000,285.670000,71960
2025-10-10 19:45,285.670000,285.770000,285.560000,285.570000,142878
2025-10-10 20:00,285.570000,285.570000,285.000000,285.010000,260350
2025-10-10 20:15,285.020000,285.460000,285.000000,285.100000,122597
2025-10-10 20:30,285.110000,285.670000,284.770000,285.290000,262616
2025-10-10 20:45,285.290000,285.700000,284.920000,285.120000,121443
2025-10-10 23:00,283.120000,284.690000,283.120000,283.410000,6108
2025-10-10 23:15,283.880000,284.040000,283.420000,284.020000,870
2025-10-10 23:30,284.020000,284.020000,283.450000,283.940000,450
2025-10-10 23:45,283.940000,284.670000,283.560000,284.610000,2742
2025-10-11 00:00,283.960000,284.780000,283.900000,284.690000,1656
2025-10-11 00:15,284.690000,284.690000,283.620000,284.440000,572
2025-10-11 00:30,284.410000,284.410000,283.710000,284.260000,342
2025-10-11 00:45,284.260000,284.570000,283.820000,284.550000,348
2025-10-11 01:00,283.980000,284.540000,283.500000,284.530000,1636
2025-10-11 01:15,283.730000,284.530000,283.570000,284.520000,86
2025-10-11 01:30,284.520000,284.540000,283.830000,284.530000,153
2025-10-11 01:45,284.530000,284.590000,284.000000,284.590000,439
2025-10-11 02:00,284.590000,284.590000,284.100000,284.570000,745
2025-10-11 02:15,284.570000,284.580000,284.130000,284.140000,385
2025-10-11 02:30,284.570000,284.580000,284.000000,284.000000,1154
2025-10-11 02:45,284.540000,284.570000,283.860000,284.570000,589
2025-10-11 03:00,284.570000,284.580000,283.920000,284.550000,710
2025-10-11 03:15,283.980000,284.500000,283.980000,284.500000,1106
2025-10-11 03:30,284.500000,284.500000,284.000000,284.500000,493
2025-10-11 03:45,284.490000,284.500000,284.000000,284.500000,471
2025-10-11 04:00,284.500000,284.580000,283.980000,284.000000,4366
2025-10-11 04:15,284.000000,284.500000,283.830000,284.450000,4439
2025-10-11 04:30,284.450000,284.490000,283.580000,284.450000,6638
2025-10-11 04:45,284.450000,284.450000,283.750000,283.910000,3344
2025-10-11 05:00,284.200000,284.200000,283.550000,284.180000,9857
2025-10-11 05:15,283.750000,284.180000,283.700000,284.150000,4273
2025-10-11 05:30,283.730000,284.150000,283.690000,284.000000,3746
2025-10-11 05:45,284.000000,284.190000,283.860000,284.190000,1409
2025-10-11 06:00,284.190000,284.790000,283.860000,284.770000,17119
2025-10-11 06:15,284.770000,284.790000,284.210000,284.500000,7424
2025-10-11 06:30,284.500000,284.500000,284.000000,284.490000,8039
2025-10-11 06:45,284.400000,284.400000,284.400000,284.400000,13538
2025-10-11 07:00,284.350000,284.730000,282.220000,284.090000,711753
2025-10-11 07:15,284.080000,284.500000,284.020000,284.140000,154493
2025-10-11 07:30,284.130000,284.670000,284.050000,284.670000,43432
2025-10-11 07:30,284.130000,284.670000,284.050000,284.670000,43432
2025-10-11 07:45,284.650000,285.310000,284.220000,284.570000,220350
2025-10-11 08:00,284.560000,284.590000,284.080000,284.290000,174281
2025-10-11 08:15,284.290000,284.800000,284.100000,284.580000,155344
2025-10-11 08:30,284.590000,284.820000,284.190000,284.200000,55146
2025-10-11 08:45,284.200000,284.690000,284.190000,284.640000,40345
2025-10-11 09:00,284.630000,284.630000,284.190000,284.420000,35616
2025-10-11 09:15,284.420000,284.590000,284.400000,284.410000,37384
2025-10-11 09:30,284.400000,284.500000,284.400000,284.490000,15553
2025-10-11 09:45,284.500000,284.830000,284.490000,284.830000,30071
2025-10-11 10:00,284.790000,284.940000,284.780000,284.900000,14416
2025-10-11 10:15,284.900000,284.950000,284.850000,284.870000,66841
2025-10-11 10:30,284.900000,285.230000,284.830000,285.140000,105474
2025-10-11 10:45,285.140000,285.230000,284.980000,285.110000,25032
2025-10-11 11:00,285.110000,285.110000,285.000000,285.020000,12663
2025-10-11 11:15,285.020000,285.070000,284.740000,284.780000,17374
2025-10-11 11:30,284.830000,284.920000,284.370000,284.550000,24589
2025-10-11 11:45,284.550000,284.560000,284.430000,284.430000,22652
2025-10-11 12:00,284.440000,284.510000,284.350000,284.400000,8172
2025-10-11 12:15,284.390000,284.680000,284.390000,284.520000,21258
2025-10-11 12:30,284.540000,284.880000,284.490000,284.870000,15134
2025-10-11 12:45,284.870000,284.880000,284.610000,284.850000,10276
2025-10-11 13:00,284.850000,285.040000,284.790000,284.930000,40701
2025-10-11 13:15,284.930000,284.930000,284.680000,284.860000,5718
2025-10-11 13:30,284.860000,284.900000,284.720000,284.850000,7429
2025-10-11 13:45,284.830000,284.980000,284.500000,284.590000,92074
2025-10-11 14:00,284.540000,284.750000,284.500000,284.720000,16206
2025-10-11 14:15,284.720000,284.890000,284.720000,284.860000,6251
2025-10-11 14:30,284.860000,284.860000,284.700000,284.820000,6643
2025-10-11 14:45,284.770000,284.820000,284.760000,284.760000,10796
2025-10-11 15:00,284.810000,284.970000,284.760000,284.900000,25441
2025-10-11 15:15,284.900000,284.930000,284.790000,284.930000,17855
2025-10-11 15:30,284.940000,285.250000,284.930000,285.110000,100765
2025-10-11 15:45,285.110000,285.220000,285.040000,285.160000,25173
2025-10-11 16:00,285.330000,285.330000,283.900000,285.150000,1267
2025-10-11 16:15,285.000000,285.210000,284.820000,285.210000,871
2025-10-11 16:30,285.210000,285.320000,284.840000,285.280000,1757
2025-10-11 16:45,285.280000,285.290000,285.000000,285.290000,929
2025-10-11 17:00,285.100000,285.300000,284.910000,285.290000,3035
2025-10-11 17:15,285.290000,285.320000,284.750000,285.270000,2936
2025-10-11 17:30,285.270000,285.300000,285.000000,285.270000,570
2025-10-11 17:45,285.270000,285.270000,285.000000,285.250000,2953
2025-10-11 18:00,285.250000,285.250000,284.990000,285.200000,581
2025-10-11 18:15,285.200000,285.250000,284.900000,285.180000,1763
2025-10-11 18:30,285.180000,285.300000,284.930000,285.300000,4114
2025-10-11 18:45,285.300000,285.300000,284.930000,285.300000,8415
2025-10-11 19:00,285.320000,285.400000,285.300000,285.300000,5762
2025-10-11 19:15,285.300000,285.400000,285.300000,285.390000,1321
2025-10-11 19:30,285.390000,285.390000,285.300000,285.390000,930
2025-10-11 19:45,285.390000,286.000000,285.300000,285.380000,13895
2025-10-11 20:00,285.800000,285.800000,285.380000,285.700000,1045
2025-10-11 20:15,285.700000,285.700000,285.310000,285.690000,907
2025-10-11 20:30,285.690000,285.700000,285.160000,285.160000,2853
2025-10-11 20:45,285.160000,285.690000,285.100000,285.690000,2302
2025-10-11 23:00,284.590000,286.780000,284.000000,285.500000,825
2025-10-11 23:15,285.500000,285.780000,284.610000,285.780000,931
2025-10-11 23:30,285.780000,286.600000,284.840000,286.580000,622
2025-10-11 23:45,286.580000,286.580000,285.100000,286.550000,168
2025-10-12 00:00,286.530000,286.530000,285.130000,286.430000,131
2025-10-12 00:15,286.420000,286.420000,285.580000,286.190000,108
2025-10-12 00:30,286.190000,286.420000,285.590000,286.390000,137
2025-10-12 00:45,286.380000,286.380000,285.590000,286.300000,47
2025-10-12 01:00,286.300000,286.360000,285.590000,286.340000,373
2025-10-12 01:15,286.340000,286.360000,285.590000,286.360000,154
2025-10-12 01:30,286.360000,286.360000,285.620000,286.000000,70
2025-10-12 01:45,286.000000,286.000000,285.700000,285.990000,878
2025-10-12 02:00,285.990000,285.990000,285.700000,285.990000,50
2025-10-12 02:15,285.990000,285.990000,285.720000,285.990000,475
2025-10-12 02:30,285.990000,285.990000,285.710000,285.990000,124
2025-10-12 02:45,285.990000,285.990000,285.700000,285.900000,397
2025-10-12 03:00,285.900000,285.990000,285.700000,285.980000,422
2025-10-12 03:15,285.980000,285.990000,285.700000,285.980000,188
2025-10-12 03:30,285.980000,285.990000,285.720000,285.990000,1130
2025-10-12 03:45,285.990000,286.360000,285.730000,285.740000,362
2025-10-12 04:00,286.220000,286.220000,285.730000,285.990000,144
2025-10-12 04:15,285.990000,285.990000,285.740000,285.970000,350
2025-10-12 04:30,285.730000,285.970000,285.730000,285.900000,470
2025-10-12 04:45,285.850000,285.930000,285.740000,285.930000,1432
2025-10-12 05:00,285.930000,285.950000,285.740000,285.920000,342
2025-10-12 05:15,285.740000,285.920000,285.740000,285.900000,590
2025-10-12 05:30,285.900000,285.950000,285.750000,285.900000,922
2025-10-12 05:45,285.900000,285.950000,285.750000,285.900000,443
2025-10-12 06:00,285.950000,285.950000,285.750000,285.750000,741
2025-10-12 06:15,285.950000,286.180000,285.750000,286.180000,1399
2025-10-12 06:30,286.180000,286.220000,285.020000,285.020000,4342
2025-10-12 06:45,285.120000,285.120000,285.120000,285.120000,3627
2025-10-12 07:00,285.130000,285.960000,285.000000,285.750000,418876
2025-10-12 07:15,285.750000,285.830000,285.540000,285.830000,29791
2025-10-12 07:30,285.830000,285.850000,285.560000,285.660000,76686
2025-10-12 07:45,285.660000,285.830000,285.570000,285.740000,24155
2025-10-12 08:00,285.750000,285.750000,285.600000,285.710000,26646
2025-10-12 08:15,285.710000,285.720000,285.150000,285.380000,97305
2025-10-12 08:30,285.390000,285.610000,285.340000,285.480000,33700
2025-10-12 08:45,285.430000,285.670000,285.350000,285.660000,16480
2025-10-12 09:00,285.660000,285.810000,285.600000,285.810000,17895
2025-10-12 09:15,285.800000,286.000000,285.660000,286.000000,54624
2025-10-12 09:30,286.000000,286.200000,285.810000,285.980000,37933
2025-10-12 09:45,285.980000,286.850000,285.700000,286.240000,167156
2025-10-12 10:00,286.250000,286.300000,286.210000,286.220000,26253
2025-10-12 10:15,286.230000,286.230000,286.010000,286.020000,40151
2025-10-12 10:30,286.020000,286.110000,286.010000,286.060000,15928
2025-10-12 10:45,286.060000,286.060000,286.010000,286.040000,9471
2025-10-12 11:00,286.040000,286.060000,285.930000,285.990000,18909
2025-10-12 11:15,285.990000,286.000000,285.700000,285.830000,23089
2025-10-12 11:30,285.830000,285.930000,285.810000,285.930000,11578
2025-10-12 11:45,285.930000,286.060000,285.920000,286.020000,32900
2025-10-12 12:00,286.020000,286.060000,286.000000,286.010000,54446
2025-10-12 12:15,286.000000,286.010000,285.990000,286.000000,11091
2025-10-12 12:30,286.000000,286.280000,285.990000,286.280000,29845
2025-10-12 12:45,286.280000,286.480000,286.080000,286.100000,28530
2025-10-12 13:00,286.100000,286.200000,286.060000,286.160000,10386
2025-10-12 13:15,286.160000,286.300000,286.080000,286.230000,16158
2025-10-12 13:30,286.230000,286.450000,286.100000,286.360000,19026
2025-10-12 13:45,286.300000,286.360000,286.100000,286.160000,7979
2025-10-12 14:00,286.170000,286.220000,286.110000,286.220000,8594
2025-10-12 14:15,286.240000,286.240000,286.180000,286.200000,8800
2025-10-12 14:30,286.200000,286.500000,286.150000,286.500000,49928
2025-10-12 14:45,286.510000,286.800000,286.480000,286.740000,48012
2025-10-12 15:00,286.750000,286.800000,286.650000,286.750000,33245
2025-10-12 15:15,286.750000,286.790000,286.580000,286.730000,42691
2025-10-12 15:30,286.730000,286.800000,286.600000,286.800000,52952
2025-10-12 15:45,286.760000,286.810000,286.540000,286.810000,57526
2025-10-12 16:00,285.700000,288.050000,285.700000,286.820000,1796
2025-10-12 16:15,286.820000,287.240000,286.270000,287.050000,2677
2025-10-12 16:30,287.050000,287.090000,286.550000,287.040000,1976
2025-10-12 16:45,287.040000,287.080000,286.260000,286.990000,4274
2025-10-12 17:00,286.990000,286.990000,286.500000,286.510000,3567
2025-10-12 17:15,286.510000,286.900000,286.500000,286.890000,2371
2025-10-12 17:30,286.890000,286.900000,286.500000,286.890000,2211
2025-10-12 17:45,286.890000,286.900000,286.510000,286.900000,3154
2025-10-12 18:00,286.900000,286.900000,286.570000,286.900000,2306
2025-10-12 18:15,286.900000,286.900000,286.100000,286.250000,10553
2025-10-12 18:30,286.230000,286.830000,286.160000,286.710000,916
2025-10-12 18:45,286.250000,286.710000,286.250000,286.660000,2529
2025-10-12 19:00,286.500000,286.720000,286.260000,286.710000,2366
2025-10-12 19:15,286.710000,286.780000,286.550000,286.780000,1850
2025-10-12 19:30,286.780000,286.800000,286.500000,286.780000,3918
2025-10-12 19:45,286.780000,286.790000,286.540000,286.750000,841
2025-10-12 20:00,286.750000,286.750000,286.500000,286.680000,816
2025-10-12 20:15,286.670000,286.670000,286.390000,286.500000,3258
2025-10-12 20:30,286.500000,286.510000,286.170000,286.480000,31663
2025-10-12 20:45,286.250000,286.510000,286.250000,286.300000,758
2025-10-13 03:45,286.990000,286.990000,286.990000,286.990000,7784
2025-10-13 04:00,286.900000,287.780000,286.890000,287.700000,404137
2025-10-13 04:15,287.720000,287.720000,287.150000,287.560000,186611
2025-10-13 04:30,287.560000,287.630000,287.230000,287.390000,152741
2025-10-13 04:45,287.380000,287.510000,287.270000,287.380000,47175
2025-10-13 05:00,287.380000,287.630000,287.180000,287.510000,116574
2025-10-13 05:15,287.550000,287.700000,287.020000,287.060000,213332
2025-10-13 05:30,287.060000,287.110000,286.990000,287.090000,72707
2025-10-13 05:45,287.090000,287.300000,287.080000,287.170000,55822
2025-10-13 06:00,287.170000,287.190000,286.330000,286.480000,391739
2025-10-13 06:15,286.480000,287.350000,286.480000,287.340000,166418
2025-10-13 06:30,287.350000,288.750000,287.350000,288.210000,820698
2025-10-13 06:45,288.220000,288.340000,287.870000,288.110000,310361
2025-10-13 07:00,288.110000,288.550000,286.960000,287.910000,935162
2025-10-13 07:15,287.940000,288.170000,287.400000,288.010000,338522
2025-10-13 07:30,288.010000,288.090000,286.850000,286.860000,484497
2025-10-13 07:45,286.870000,286.920000,283.620000,283.710000,3740079
2025-10-13 08:00,283.710000,284.460000,283.550000,284.400000,1274847
2025-10-13 08:15,284.400000,285.150000,282.810000,283.470000,1591798
2025-10-13 08:30,283.470000,284.350000,283.050000,284.090000,489037
2025-10-13 08:45,284.090000,284.880000,283.840000,284.200000,891561
2025-10-13 09:00,284.200000,284.380000,282.850000,283.850000,1006135
2025-10-13 09:15,283.820000,284.150000,283.470000,283.480000,383479
2025-10-13 09:30,283.480000,284.220000,283.170000,284.110000,534679
2025-10-13 09:45,284.120000,284.590000,283.500000,284.160000,453287
2025-10-13 10:00,284.160000,284.380000,283.780000,284.290000,238394
2025-10-13 10:15,284.190000,284.300000,283.610000,283.850000,169790
2025-10-13 10:30,283.850000,284.290000,283.750000,283.780000,131891
2025-10-13 10:45,283.780000,283.820000,283.100000,283.460000,391143
2025-10-13 11:00,283.430000,283.840000,282.500000,282.660000,1085993
2025-10-13 11:15,282.660000,283.750000,282.350000,283.370000,1514580
2025-10-13 11:30,283.370000,284.220000,283.120000,283.910000,514767
2025-10-13 11:45,283.910000,286.280000,283.900000,285.730000,2041395
2025-10-13 12:00,285.730000,287.570000,285.730000,286.250000,1655922
2025-10-13 12:15,286.250000,287.740000,285.640000,286.050000,979961
2025-10-13 12:30,286.060000,287.100000,286.050000,286.880000,307630
2025-10-13 12:45,286.940000,288.060000,286.720000,287.150000,1171369
2025-10-13 13:00,287.160000,287.820000,286.760000,287.440000,510357
2025-10-13 13:15,287.430000,287.450000,286.360000,286.890000,567196
2025-10-13 13:30,286.900000,287.050000,286.010000,286.330000,590939
2025-10-13 13:45,286.330000,286.800000,286.220000,286.710000,163967
2025-10-13 14:00,286.710000,286.760000,285.710000,285.910000,449958
2025-10-13 14:15,285.960000,286.010000,284.500000,284.950000,836850
2025-10-13 14:30,284.950000,284.970000,283.610000,284.430000,983005
2025-10-13 14:45,284.430000,284.520000,283.920000,284.430000,227524
2025-10-13 15:00,284.420000,285.230000,284.100000,285.110000,440265
2025-10-13 15:15,285.110000,285.110000,284.500000,284.500000,254595
2025-10-13 15:30,284.500000,284.790000,284.450000,284.790000,88751
2025-10-13 15:45,284.790000,284.790000,284.790000,284.790000,8551
2025-10-13 16:00,284.800000,285.080000,284.640000,284.690000,146965
2025-10-13 16:15,284.690000,284.970000,284.690000,284.930000,55999
2025-10-13 16:30,284.930000,285.860000,284.890000,285.780000,253668
2025-10-13 16:45,285.780000,285.870000,285.400000,285.870000,299906
2025-10-13 17:00,285.870000,285.970000,285.630000,285.750000,163751
2025-10-13 17:15,285.750000,286.310000,285.750000,286.250000,267434
2025-10-13 17:30,286.260000,286.290000,285.740000,285.750000,129261
2025-10-13 17:45,285.740000,285.920000,285.540000,285.670000,69518
2025-10-13 18:00,285.670000,285.950000,285.660000,285.820000,53220
2025-10-13 18:15,285.820000,285.840000,285.550000,285.550000,79999
2025-10-13 18:30,285.550000,285.780000,285.040000,285.110000,343092
2025-10-13 18:45,285.110000,285.780000,285.020000,285.230000,170329
2025-10-13 19:00,285.180000,285.180000,284.910000,285.000000,99757
2025-10-13 19:15,285.000000,285.950000,284.990000,285.580000,189871
2025-10-13 19:30,285.590000,285.590000,285.490000,285.500000,73471
2025-10-13 19:45,285.500000,285.500000,285.190000,285.400000,50511
2025-10-13 20:00,285.400000,285.400000,285.250000,285.350000,34158
2025-10-13 20:15,285.380000,285.430000,285.250000,285.410000,45145
2025-10-13 20:30,285.410000,285.510000,285.000000,285.380000,164181
2025-10-13 20:45,285.380000,285.410000,285.000000,285.390000,122199
2025-10-14 03:45,285.500000,285.500000,285.500000,285.500000,1499
2025-10-14 04:00,285.500000,286.170000,285.440000,285.840000,65424
2025-10-14 04:15,285.840000,285.950000,285.820000,285.820000,49024
2025-10-14 04:30,285.880000,286.000000,285.830000,285.920000,22127
2025-10-14 04:45,285.940000,285.940000,285.800000,285.910000,48507
2025-10-14 05:00,285.910000,285.940000,285.000000,285.100000,182610
2025-10-14 05:15,285.100000,285.190000,285.000000,285.150000,98038
2025-10-14 05:30,285.160000,285.530000,285.160000,285.400000,74793
2025-10-14 05:45,285.400000,285.620000,285.380000,285.400000,55325
2025-10-14 06:00,285.400000,285.400000,284.480000,284.940000,218983
2025-10-14 06:15,284.940000,284.940000,284.450000,284.600000,150714
2025-10-14 06:30,284.610000,284.740000,284.120000,284.130000,216054
2025-10-14 06:45,284.130000,285.010000,284.120000,284.870000,182383
2025-10-14 07:00,284.860000,285.030000,283.920000,284.620000,632003
2025-10-14 07:15,284.620000,285.230000,284.620000,284.790000,201504
2025-10-14 07:30,284.800000,285.410000,284.700000,284.920000,358321
2025-10-14 07:45,284.870000,286.990000,284.770000,285.520000,1667009
2025-10-14 08:00,285.540000,285.990000,285.030000,285.710000,457017
2025-10-14 08:15,285.700000,285.790000,285.000000,285.250000,191459
2025-10-14 08:30,285.250000,285.250000,283.660000,283.830000,1232596
2025-10-14 08:45,283.860000,284.500000,283.790000,284.480000,425810
2025-10-14 09:00,284.480000,284.900000,284.000000,284.800000,308057
2025-10-14 09:15,284.800000,285.400000,284.790000,284.910000,489710
2025-10-14 09:30,284.910000,285.190000,284.670000,284.680000,129198
2025-10-14 09:45,284.680000,284.790000,283.850000,284.510000,280958
2025-10-14 10:00,284.510000,284.820000,284.120000,284.820000,200123
2025-10-14 10:15,284.810000,285.190000,284.670000,284.940000,198427
2025-10-14 10:30,284.940000,285.070000,284.790000,284.980000,148593
2025-10-14 10:45,284.970000,284.980000,284.700000,284.900000,53148
2025-10-14 11:00,284.900000,285.250000,284.330000,284.870000,302542
2025-10-14 11:15,284.870000,285.190000,284.200000,284.800000,330579
2025-10-14 11:30,284.800000,284.930000,284.400000,284.930000,174218
2025-10-14 11:45,284.950000,285.000000,284.780000,284.970000,279406
2025-10-14 12:00,284.970000,285.000000,284.490000,284.510000,224749
2025-10-14 12:15,284.510000,285.000000,284.050000,284.990000,355195
2025-10-14 12:30,285.000000,285.350000,283.520000,283.630000,851636
2025-10-14 12:45,283.600000,284.140000,282.800000,283.550000,1877301
2025-10-14 13:00,283.550000,283.550000,282.050000,282.730000,1661365
2025-10-14 13:15,282.730000,283.240000,282.540000,283.070000,422757
2025-10-14 13:30,283.070000,283.420000,282.860000,282.990000,735674
2025-10-14 13:45,282.990000,283.300000,282.370000,282.950000,745837
2025-10-14 14:00,282.950000,283.630000,282.660000,283.500000,475965
2025-10-14 14:15,283.500000,284.500000,283.420000,283.780000,557777
2025-10-14 14:30,283.780000,283.980000,283.550000,283.900000,234665
2025-10-14 14:45,283.900000,284.290000,283.100000,284.100000,769477
2025-10-14 15:00,284.100000,284.590000,284.000000,284.320000,754541
2025-10-14 15:15,284.330000,284.490000,283.940000,284.210000,406795
2025-10-14 15:30,284.230000,284.350000,283.580000,283.650000,180527
2025-10-14 15:45,283.280000,283.280000,283.280000,283.280000,40742
2025-10-14 16:00,283.580000,283.840000,283.010000,283.120000,322739
2025-10-14 16:15,283.130000,283.270000,282.690000,282.770000,306145
2025-10-14 16:30,282.770000,283.310000,282.770000,283.010000,288690
2025-10-14 16:45,283.010000,283.170000,282.860000,282.860000,83633
2025-10-14 17:00,282.860000,283.240000,282.850000,283.230000,78032
2025-10-14 17:15,283.180000,283.500000,283.040000,283.150000,103636
2025-10-14 17:30,283.150000,283.280000,283.000000,283.050000,112593
2025-10-14 17:45,283.050000,283.060000,282.800000,282.850000,100417
2025-10-14 18:00,282.850000,282.880000,282.650000,282.710000,73413
2025-10-14 18:15,282.730000,282.840000,282.690000,282.760000,132676
2025-10-14 18:30,282.810000,283.000000,282.770000,282.990000,87783
2025-10-14 18:45,282.980000,283.150000,282.810000,283.120000,92833
2025-10-14 19:00,283.110000,283.140000,283.000000,283.060000,74014
2025-10-14 19:15,283.050000,283.060000,282.880000,283.010000,29817
2025-10-14 19:30,283.010000,283.080000,282.700000,282.850000,83909
2025-10-14 19:45,282.850000,283.090000,282.770000,283.080000,143662
2025-10-14 20:00,283.080000,283.440000,282.940000,283.420000,137956
2025-10-14 20:15,283.420000,283.460000,283.110000,283.210000,152650
2025-10-14 20:30,283.210000,283.400000,283.190000,283.340000,75544
2025-10-14 20:45,283.400000,283.660000,283.200000,283.300000,102980
2025-10-15 03:45,283.930000,283.930000,283.930000,283.930000,1500
2025-10-15 04:00,283.930000,283.980000,283.190000,283.440000,84113
2025-10-15 04:15,283.550000,283.550000,282.850000,283.300000,116170
2025-10-15 04:30,283.300000,283.630000,283.210000,283.410000,37351
2025-10-15 04:45,283.420000,283.420000,283.100000,283.380000,38676
2025-10-15 05:00,283.380000,283.450000,283.110000,283.110000,73456
2025-10-15 05:15,283.130000,283.380000,283.100000,283.350000,53292
2025-10-15 05:30,283.350000,284.000000,283.350000,283.940000,116928
2025-10-15 05:45,283.980000,284.100000,283.790000,284.020000,161252
2025-10-15 06:00,284.020000,284.020000,283.100000,283.350000,173911
2025-10-15 06:15,283.360000,283.830000,283.300000,283.610000,75928
2025-10-15 06:30,283.610000,283.780000,283.420000,283.460000,143822
2025-10-15 06:45,283.460000,283.730000,282.740000,283.520000,306025
2025-10-15 07:00,283.520000,284.000000,282.910000,283.690000,673073
2025-10-15 07:15,283.690000,283.870000,282.300000,282.660000,505837
2025-10-15 07:30,282.660000,283.510000,282.290000,282.750000,752860
2025-10-15 07:45,282.750000,282.800000,282.000000,282.380000,1256576
2025-10-15 08:00,282.380000,283.200000,282.330000,282.940000,720883
2025-10-15 08:15,282.930000,283.100000,282.360000,282.700000,636435
2025-10-15 08:30,282.690000,282.950000,282.340000,282.400000,422430
2025-10-15 08:45,282.390000,282.570000,282.160000,282.490000,447802
2025-10-15 09:00,282.480000,282.740000,282.370000,282.660000,340013
2025-10-15 09:15,282.670000,282.790000,282.540000,282.550000,316434
2025-10-15 09:30,282.580000,283.490000,282.440000,283.290000,892063
2025-10-15 09:45,283.300000,283.970000,282.930000,283.000000,989802
2025-10-15 10:00,283.000000,285.390000,282.990000,284.430000,1862265
2025-10-15 10:15,284.400000,284.680000,283.500000,283.780000,835385
2025-10-15 10:30,283.780000,283.950000,283.350000,283.490000,240445
2025-10-15 10:45,283.490000,283.600000,283.120000,283.250000,460066
2025-10-15 11:00,283.290000,283.450000,283.000000,283.110000,502748
2025-10-15 11:15,283.100000,283.500000,282.860000,283.440000,286599
2025-10-15 11:30,283.440000,284.100000,283.400000,283.750000,426332
2025-10-15 11:45,283.740000,284.430000,283.310000,283.480000,482517
2025-10-15 12:00,283.480000,284.520000,283.480000,284.010000,653023
2025-10-15 12:15,284.010000,284.200000,283.410000,283.640000,459530
2025-10-15 12:30,283.640000,284.090000,283.400000,283.920000,225465
2025-10-15 12:45,283.920000,285.120000,283.770000,285.090000,819910
2025-10-15 13:00,285.090000,285.230000,284.230000,284.230000,711434
2025-10-15 13:15,284.240000,284.760000,283.600000,283.860000,313772
2025-10-15 13:30,283.910000,284.420000,283.830000,283.890000,316915
2025-10-15 13:45,283.880000,284.000000,283.410000,283.770000,331152
2025-10-15 14:00,283.780000,284.420000,283.770000,284.240000,136298
2025-10-15 14:15,284.280000,284.420000,283.250000,283.750000,301419
2025-10-15 14:30,283.750000,283.790000,283.240000,283.770000,309062
2025-10-15 14:45,283.760000,283.790000,283.440000,283.440000,103749
2025-10-15 15:00,283.440000,284.190000,283.290000,283.810000,220567
2025-10-15 15:15,283.800000,283.900000,283.550000,283.560000,257473
2025-10-15 15:30,283.560000,283.620000,283.400000,283.560000,319193
2025-10-15 15:45,283.940000,283.940000,283.940000,283.940000,82134
2025-10-15 16:00,283.900000,283.900000,283.380000,283.640000,129983
2025-10-15 16:15,283.640000,284.180000,283.620000,284.170000,111493
2025-10-15 16:30,284.180000,284.180000,283.840000,283.980000,143446
2025-10-15 16:45,283.980000,283.980000,283.520000,283.730000,70719
2025-10-15 17:00,283.730000,283.750000,283.270000,283.280000,70695
2025-10-15 17:15,283.280000,283.310000,283.000000,283.000000,430652
2025-10-15 17:30,283.010000,283.480000,282.920000,283.380000,203191
2025-10-15 17:45,283.380000,283.380000,283.170000,283.190000,24080
2025-10-15 18:00,283.210000,283.490000,283.090000,283.430000,307019
2025-10-15 18:15,283.420000,283.590000,283.350000,283.500000,42989
2025-10-15 18:30,283.500000,283.980000,283.430000,283.920000,179221
2025-10-15 18:45,283.880000,283.980000,283.650000,283.810000,119973
2025-10-15 19:00,283.810000,283.970000,283.700000,283.800000,49863
2025-10-15 19:15,283.770000,283.980000,283.770000,283.980000,34875
2025-10-15 19:30,283.970000,284.280000,283.940000,284.050000,108897
2025-10-15 19:45,284.050000,284.050000,283.880000,283.920000,17367
2025-10-15 20:00,283.920000,283.920000,283.500000,283.740000,74022
2025-10-15 20:15,283.740000,284.150000,283.650000,283.660000,84601
2025-10-15 20:30,283.650000,283.810000,283.410000,283.630000,124213
2025-10-15 20:45,283.690000,284.000000,283.400000,283.740000,91309
2025-10-16 03:45,283.900000,283.900000,283.900000,283.900000,10980
2025-10-16 04:00,283.900000,283.990000,283.670000,283.870000,30933
2025-10-16 04:15,283.870000,283.900000,283.740000,283.850000,9578
2025-10-16 04:30,283.850000,283.870000,283.660000,283.870000,17720
2025-10-16 04:45,283.870000,284.300000,283.870000,283.890000,100635
2025-10-16 05:00,283.880000,283.960000,283.440000,283.520000,56513
2025-10-16 05:15,283.520000,283.810000,283.400000,283.810000,92406
2025-10-16 05:30,283.810000,284.240000,283.730000,283.970000,43884
2025-10-16 05:45,283.950000,284.120000,283.770000,283.910000,60068
2025-10-16 06:00,283.910000,283.910000,283.170000,283.500000,140709
2025-10-16 06:15,283.490000,283.610000,283.060000,283.560000,155475
2025-10-16 06:30,283.560000,283.620000,283.020000,283.100000,149790
2025-10-16 06:45,283.100000,283.300000,282.820000,283.130000,219769
2025-10-16 07:00,283.100000,283.480000,282.510000,282.830000,509173
2025-10-16 07:15,282.790000,283.020000,282.400000,283.000000,485086
2025-10-16 07:30,283.000000,283.340000,282.600000,282.810000,202245
2025-10-16 07:45,282.790000,283.690000,282.790000,283.190000,388546
2025-10-16 08:00,283.180000,284.130000,283.050000,283.380000,529306
2025-10-16 08:15,283.380000,283.630000,283.010000,283.120000,231212
2025-10-16 08:30,283.110000,283.110000,282.770000,283.050000,251649
2025-10-16 08:45,283.060000,283.500000,282.900000,283.400000,324999
2025-10-16 09:00,283.400000,283.700000,283.400000,283.480000,219299
2025-10-16 09:15,283.460000,284.500000,283.400000,284.410000,500692
2025-10-16 09:30,284.410000,284.720000,284.140000,284.590000,667023
2025-10-16 09:45,284.590000,284.780000,284.200000,284.390000,411627
2025-10-16 10:00,284.380000,284.600000,284.150000,284.440000,367703
2025-10-16 10:15,284.450000,284.720000,284.060000,284.150000,465111
2025-10-16 10:30,284.160000,284.450000,284.160000,284.440000,132135
2025-10-16 10:45,284.460000,284.540000,284.160000,284.440000,106330
2025-10-16 11:00,284.430000,284.970000,284.350000,284.600000,470119
2025-10-16 11:15,284.600000,284.800000,284.500000,284.640000,176569
2025-10-16 11:30,284.630000,285.490000,284.630000,284.790000,942773
2025-10-16 11:45,284.790000,285.190000,284.510000,284.520000,539325
2025-10-16 12:00,284.510000,285.000000,284.510000,284.760000,297076
2025-10-16 12:15,284.750000,286.000000,284.750000,285.790000,855932
2025-10-16 12:30,285.790000,285.970000,285.450000,285.480000,739045
2025-10-16 12:45,285.470000,286.440000,285.350000,286.100000,835127
2025-10-16 13:00,286.100000,286.480000,286.000000,286.350000,904300
2025-10-16 13:15,286.340000,286.600000,286.270000,286.510000,778416
2025-10-16 13:30,286.510000,286.540000,286.100000,286.300000,487077
2025-10-16 13:45,286.360000,286.580000,286.250000,286.420000,491292
2025-10-16 14:00,286.420000,290.000000,286.250000,289.900000,4182798
2025-10-16 14:15,289.890000,290.000000,288.330000,289.660000,2599160
2025-10-16 14:30,289.650000,291.790000,289.650000,291.570000,3295864
2025-10-16 14:45,291.570000,292.380000,289.940000,290.880000,3250058
2025-10-16 15:00,290.900000,292.390000,290.200000,291.660000,4325259
2025-10-16 15:15,291.660000,292.380000,291.460000,292.300000,2337829
2025-10-16 15:30,292.310000,293.710000,292.310000,293.120000,2476432
2025-10-16 15:45,293.270000,293.270000,293.270000,293.270000,37014
2025-10-16 16:00,293.200000,293.200000,292.110000,292.260000,1178762
2025-10-16 16:15,292.210000,292.300000,289.660000,290.300000,1740619
2025-10-16 16:30,290.280000,290.600000,288.650000,290.080000,1838407
2025-10-16 16:45,290.080000,290.690000,289.880000,290.260000,465974
2025-10-16 17:00,290.230000,296.160000,289.920000,295.980000,7353702
2025-10-16 17:15,295.990000,299.680000,295.300000,298.960000,7163482
2025-10-16 17:30,298.920000,298.990000,296.130000,297.290000,5937742
2025-10-16 17:45,297.280000,302.770000,297.010000,302.430000,9946256
2025-10-16 18:00,302.430000,304.000000,301.690000,301.890000,8896631
2025-10-16 18:15,301.890000,302.700000,299.240000,300.110000,3807413
2025-10-16 18:30,300.130000,300.440000,299.290000,299.790000,1809962
2025-10-16 18:45,299.800000,300.900000,299.790000,300.410000,1209105
2025-10-16 19:00,300.430000,301.050000,300.150000,301.040000,804592
2025-10-16 19:15,301.040000,301.190000,300.390000,300.540000,576934
2025-10-16 19:30,300.580000,300.960000,300.540000,300.820000,456766
2025-10-16 19:45,300.810000,300.980000,300.700000,300.770000,241811
2025-10-16 20:00,300.760000,301.850000,300.760000,301.500000,1467192
2025-10-16 20:15,301.550000,301.830000,301.010000,301.040000,526947
2025-10-16 20:30,301.010000,303.070000,300.980000,303.050000,1374036
2025-10-16 20:45,303.050000,303.050000,302.660000,302.910000,313107
2025-10-17 03:45,303.230000,303.230000,303.230000,303.230000,38704
2025-10-17 04:00,303.230000,305.000000,301.850000,302.490000,1783830
2025-10-17 04:15,302.490000,303.790000,302.000000,302.770000,631550
2025-10-17 04:30,302.840000,303.180000,302.700000,302.930000,362229
2025-10-17 04:45,302.900000,303.000000,300.800000,301.200000,529560
2025-10-17 05:00,301.200000,302.030000,300.800000,300.840000,494219
2025-10-17 05:15,300.840000,301.310000,300.330000,300.810000,516512
2025-10-17 05:30,300.810000,300.970000,300.300000,300.890000,238757
2025-10-17 05:45,300.890000,301.250000,300.700000,301.200000,229777
2025-10-17 06:00,301.200000,301.270000,300.150000,300.310000,691121
2025-10-17 06:15,300.300000,300.890000,299.760000,300.480000,896391
2025-10-17 06:30,300.440000,300.490000,299.760000,299.860000,435142
2025-10-17 06:45,299.850000,300.780000,299.760000,300.040000,931556
2025-10-17 07:00,300.030000,301.000000,299.800000,300.220000,2273975
2025-10-17 07:15,300.150000,304.080000,300.110000,303.660000,3147517
2025-10-17 07:30,303.670000,303.850000,301.350000,301.790000,1628566
