time,open,high,low,close,volume
2025-07-21 06:00,83939.000000,83996.000000,83800.000000,83941.000000,164
2025-07-21 06:15,83861.000000,83925.000000,83852.000000,83925.000000,35
2025-07-21 06:30,83910.000000,83910.000000,83876.000000,83909.000000,121
2025-07-21 06:45,83910.000000,83926.000000,83857.000000,83875.000000,293
2025-07-21 07:00,83894.000000,83894.000000,83720.000000,83790.000000,463
2025-07-21 07:15,83733.000000,83763.000000,83683.000000,83734.000000,153
2025-07-21 07:30,83726.000000,83736.000000,83673.000000,83736.000000,92
2025-07-21 07:45,83727.000000,83737.000000,83704.000000,83722.000000,151
2025-07-21 08:00,83712.000000,83756.000000,83700.000000,83756.000000,224
2025-07-21 08:15,83753.000000,83754.000000,83642.000000,83690.000000,316
2025-07-21 08:30,83729.000000,83729.000000,83690.000000,83690.000000,97
2025-07-21 08:45,83696.000000,83703.000000,83679.000000,83685.000000,341
2025-07-21 09:00,83658.000000,83708.000000,83609.000000,83698.000000,133
2025-07-21 09:15,83668.000000,83723.000000,83650.000000,83665.000000,289
2025-07-21 09:30,83650.000000,83650.000000,83635.000000,83649.000000,628
2025-07-21 09:45,83645.000000,83645.000000,83521.000000,83564.000000,363
2025-07-21 10:00,83570.000000,83575.000000,83520.000000,83566.000000,82
2025-07-21 10:15,83562.000000,83564.000000,83511.000000,83515.000000,90
2025-07-21 10:30,83517.000000,83545.000000,83510.000000,83510.000000,253
2025-07-21 10:45,83510.000000,83511.000000,83402.000000,83447.000000,1012
2025-07-21 11:00,83438.000000,83447.000000,83400.000000,83440.000000,160
2025-07-21 11:15,83427.000000,83473.000000,83427.000000,83463.000000,128
2025-07-21 11:30,83448.000000,83480.000000,83445.000000,83480.000000,168
2025-07-21 11:45,83477.000000,83508.000000,83448.000000,83508.000000,35
2025-07-21 12:00,83520.000000,83536.000000,83520.000000,83536.000000,45
2025-07-21 12:15,83529.000000,83542.000000,83485.000000,83485.000000,89
2025-07-21 12:30,83506.000000,83506.000000,83407.000000,83407.000000,70
2025-07-21 12:45,83415.000000,83438.000000,83408.000000,83423.000000,62
2025-07-21 13:00,83421.000000,83462.000000,83416.000000,83455.000000,122
2025-07-21 13:15,83455.000000,83481.000000,83378.000000,83378.000000,218
2025-07-21 13:30,83380.000000,83465.000000,83365.000000,83441.000000,109
2025-07-21 13:45,83450.000000,83453.000000,83382.000000,83391.000000,125
2025-07-21 14:00,83412.000000,83428.000000,83348.000000,83348.000000,276
2025-07-21 14:15,83349.000000,83431.000000,83349.000000,83431.000000,196
2025-07-21 14:30,83420.000000,83420.000000,83390.000000,83413.000000,9
2025-07-21 14:45,83414.000000,83452.000000,83414.000000,83441.000000,105
2025-07-21 15:00,83455.000000,83491.000000,83379.000000,83392.000000,262
2025-07-21 15:15,83377.000000,83385.000000,83360.000000,83360.000000,82
2025-07-21 15:30,83354.000000,83354.000000,83302.000000,83302.000000,404
2025-07-21 15:45,83305.000000,83305.000000,83240.000000,83303.000000,344
2025-07-21 16:00,83416.000000,83416.000000,83250.000000,83350.000000,85
2025-07-21 16:15,83335.000000,83350.000000,83323.000000,83325.000000,98
2025-07-21 16:30,83326.000000,83372.000000,83320.000000,83347.000000,65
2025-07-21 16:45,83353.000000,83357.000000,83337.000000,83352.000000,42
2025-07-21 17:00,83337.000000,83341.000000,83326.000000,83326.000000,64
2025-07-21 17:15,83343.000000,83343.000000,83318.000000,83334.000000,19
2025-07-21 17:30,83335.000000,83335.000000,83329.000000,83329.000000,9
2025-07-21 17:45,83303.000000,83303.000000,83290.000000,83294.000000,44
2025-07-21 18:00,83289.000000,83296.000000,83265.000000,83265.000000,69
2025-07-21 18:15,83257.000000,83264.000000,83230.000000,83236.000000,50
2025-07-21 18:30,83263.000000,83285.000000,83250.000000,83250.000000,24
2025-07-21 18:45,83263.000000,83263.000000,83263.000000,83263.000000,2
2025-07-21 19:00,83260.000000,83260.000000,83250.000000,83250.000000,17
2025-07-21 19:15,83250.000000,83261.000000,83230.000000,83230.000000,45
2025-07-21 19:30,83230.000000,83245.000000,83230.000000,83235.000000,31
2025-07-21 19:45,83237.000000,83260.000000,83235.000000,83259.000000,17
2025-07-21 20:00,83265.000000,83275.000000,83265.000000,83275.000000,4
2025-07-21 20:15,83264.000000,83272.000000,83251.000000,83272.000000,21
2025-07-21 20:30,83256.000000,83285.000000,83255.000000,83285.000000,12
2025-07-21 20:45,83295.000000,83324.000000,83294.000000,83324.000000,5
2025-07-22 06:00,83336.000000,83392.000000,83299.000000,83342.000000,61
2025-07-22 06:15,83334.000000,83440.000000,83334.000000,83387.000000,32
2025-07-22 06:30,83373.000000,83373.000000,83344.000000,83344.000000,25
2025-07-22 06:45,83352.000000,83368.000000,83348.000000,83350.000000,14
2025-07-22 07:00,83369.000000,83369.000000,83218.000000,83278.000000,139
2025-07-22 07:15,83280.000000,83374.000000,83232.000000,83374.000000,167
2025-07-22 07:30,83350.000000,83395.000000,83330.000000,83390.000000,1948
2025-07-22 07:45,83390.000000,83423.000000,83359.000000,83359.000000,2155
2025-07-22 08:00,83346.000000,83379.000000,83307.000000,83307.000000,304
2025-07-22 08:15,83331.000000,83430.000000,83331.000000,83408.000000,59
2025-07-22 08:30,83414.000000,83414.000000,83347.000000,83360.000000,169
2025-07-22 08:45,83371.000000,83398.000000,83336.000000,83364.000000,154
2025-07-22 09:00,83398.000000,83430.000000,83365.000000,83420.000000,378
2025-07-22 09:15,83450.000000,83478.000000,83397.000000,83420.000000,418
2025-07-22 09:30,83417.000000,83485.000000,83417.000000,83485.000000,140
2025-07-22 09:45,83479.000000,83550.000000,83479.000000,83500.000000,200
2025-07-22 10:00,83512.000000,83525.000000,83468.000000,83516.000000,105
2025-07-22 10:15,83525.000000,83649.000000,83487.000000,83588.000000,601
2025-07-22 10:30,83617.000000,83675.000000,83540.000000,83551.000000,916
2025-07-22 10:45,83604.000000,83615.000000,83449.000000,83553.000000,678
2025-07-22 11:00,83574.000000,83601.000000,83574.000000,83588.000000,282
2025-07-22 11:15,83585.000000,83596.000000,83570.000000,83580.000000,360
2025-07-22 11:30,83593.000000,83695.000000,83592.000000,83695.000000,216
2025-07-22 11:45,83695.000000,83751.000000,83650.000000,83659.000000,1162
2025-07-22 12:00,83730.000000,83778.000000,83662.000000,83708.000000,157
2025-07-22 12:15,83708.000000,83772.000000,83684.000000,83684.000000,322
2025-07-22 12:30,83684.000000,83684.000000,83569.000000,83583.000000,69
2025-07-22 12:45,83570.000000,83584.000000,83569.000000,83582.000000,136
2025-07-22 13:00,83569.000000,83614.000000,83569.000000,83589.000000,82
2025-07-22 13:15,83581.000000,83602.000000,83553.000000,83553.000000,91
2025-07-22 13:30,83561.000000,83561.000000,83535.000000,83535.000000,184
2025-07-22 13:45,83558.000000,83588.000000,83520.000000,83588.000000,87
2025-07-22 14:00,83608.000000,83694.000000,83601.000000,83641.000000,70
2025-07-22 14:15,83638.000000,83694.000000,83629.000000,83675.000000,301
2025-07-22 14:30,83690.000000,83702.000000,83660.000000,83688.000000,354
2025-07-22 14:45,83703.000000,83760.000000,83650.000000,83660.000000,143
2025-07-22 15:00,83686.000000,83731.000000,83642.000000,83666.000000,870
2025-07-22 15:15,83681.000000,83683.000000,83620.000000,83621.000000,50
2025-07-22 15:30,83643.000000,83733.000000,83643.000000,83679.000000,64
2025-07-22 15:45,83688.000000,83688.000000,83661.000000,83668.000000,58
2025-07-22 16:00,83634.000000,83666.000000,83596.000000,83620.000000,56
2025-07-22 16:15,83620.000000,83648.000000,83620.000000,83622.000000,110
2025-07-22 16:30,83622.000000,83669.000000,83622.000000,83669.000000,7
2025-07-22 16:45,83670.000000,83670.000000,83637.000000,83637.000000,120
2025-07-22 17:00,83657.000000,83700.000000,83643.000000,83700.000000,26
2025-07-22 17:15,83706.000000,83725.000000,83688.000000,83689.000000,21
2025-07-22 17:30,83688.000000,83723.000000,83675.000000,83723.000000,22
2025-07-22 17:45,83723.000000,83735.000000,83718.000000,83720.000000,7
2025-07-22 18:00,83750.000000,83750.000000,83713.000000,83713.000000,19
2025-07-22 18:15,83675.000000,83675.000000,83672.000000,83672.000000,5
2025-07-22 18:30,83672.000000,83672.000000,83631.000000,83631.000000,22
2025-07-22 18:45,83670.000000,83674.000000,83670.000000,83674.000000,3
2025-07-22 19:00,83674.000000,83674.000000,83661.000000,83671.000000,14
2025-07-22 19:15,83663.000000,83663.000000,83660.000000,83660.000000,4
2025-07-22 19:30,83647.000000,83647.000000,83624.000000,83630.000000,66
2025-07-22 19:45,83640.000000,83645.000000,83628.000000,83628.000000,9
2025-07-22 20:00,83625.000000,83625.000000,83610.000000,83610.000000,451
2025-07-22 20:15,83620.000000,83649.000000,83614.000000,83649.000000,13
2025-07-22 20:30,83668.000000,83669.000000,83615.000000,83615.000000,10
2025-07-22 20:45,83600.000000,83605.000000,83557.000000,83557.000000,22
2025-07-23 06:00,83565.000000,83656.000000,83531.000000,83655.000000,63
2025-07-23 06:15,83650.000000,83970.000000,83650.000000,83885.000000,280
2025-07-23 06:30,83885.000000,83947.000000,83809.000000,83855.000000,170
2025-07-23 06:45,83828.000000,83828.000000,83814.000000,83814.000000,4
2025-07-23 07:00,83780.000000,83780.000000,83668.000000,83670.000000,679
2025-07-23 07:15,83665.000000,83665.000000,83570.000000,83630.000000,345
2025-07-23 07:30,83620.000000,83709.000000,83614.000000,83698.000000,238
2025-07-23 07:45,83671.000000,83673.000000,83612.000000,83648.000000,144
2025-07-23 08:00,83665.000000,83699.000000,83643.000000,83698.000000,54
2025-07-23 08:15,83701.000000,83767.000000,83698.000000,83730.000000,317
2025-07-23 08:30,83741.000000,83820.000000,83741.000000,83777.000000,2206
2025-07-23 08:45,83774.000000,83791.000000,83774.000000,83787.000000,1120
2025-07-23 09:00,83786.000000,83810.000000,83720.000000,83725.000000,1081
2025-07-23 09:15,83708.000000,83753.000000,83703.000000,83753.000000,62
2025-07-23 09:30,83748.000000,83813.000000,83729.000000,83808.000000,132
2025-07-23 09:45,83810.000000,83815.000000,83793.000000,83804.000000,166
2025-07-23 10:00,83800.000000,83828.000000,83755.000000,83818.000000,121
2025-07-23 10:15,83819.000000,83829.000000,83802.000000,83802.000000,59
2025-07-23 10:30,83806.000000,83824.000000,83798.000000,83798.000000,33
2025-07-23 10:45,83765.000000,83826.000000,83760.000000,83821.000000,36
2025-07-23 11:00,83801.000000,83810.000000,83800.000000,83800.000000,175
2025-07-23 11:15,83788.000000,83825.000000,83738.000000,83752.000000,162
2025-07-23 11:30,83819.000000,83840.000000,83725.000000,83725.000000,215
2025-07-23 11:45,83722.000000,83861.000000,83700.000000,83861.000000,738
2025-07-23 12:00,83870.000000,83890.000000,83728.000000,83728.000000,245
2025-07-23 12:15,83755.000000,83765.000000,83734.000000,83735.000000,31
2025-07-23 12:30,83774.000000,83819.000000,83750.000000,83750.000000,158
2025-07-23 12:45,83739.000000,83760.000000,83724.000000,83724.000000,72
2025-07-23 13:00,83738.000000,83738.000000,83655.000000,83662.000000,194
2025-07-23 13:15,83669.000000,83734.000000,83648.000000,83727.000000,217
2025-07-23 13:30,83687.000000,83702.000000,83648.000000,83695.000000,227
2025-07-23 13:45,83660.000000,83702.000000,83638.000000,83654.000000,181
2025-07-23 14:00,83619.000000,83685.000000,83605.000000,83620.000000,100
2025-07-23 14:15,83616.000000,83702.000000,83616.000000,83702.000000,374
2025-07-23 14:30,83695.000000,83715.000000,83665.000000,83665.000000,480
2025-07-23 14:45,83680.000000,83722.000000,83680.000000,83700.000000,15
2025-07-23 15:00,83713.000000,83722.000000,83663.000000,83663.000000,25
2025-07-23 15:15,83618.000000,83620.000000,83568.000000,83568.000000,52
2025-07-23 15:30,83569.000000,83590.000000,83569.000000,83590.000000,32
2025-07-23 16:00,83551.000000,83694.000000,83551.000000,83694.000000,82
2025-07-23 16:15,83720.000000,83766.000000,83720.000000,83738.000000,23
2025-07-23 16:30,83732.000000,83735.000000,83715.000000,83735.000000,10
2025-07-23 16:45,83691.000000,83714.000000,83691.000000,83702.000000,125
2025-07-23 17:00,83702.000000,83702.000000,83690.000000,83690.000000,79
2025-07-23 17:15,83694.000000,83722.000000,83694.000000,83722.000000,8
2025-07-23 17:45,83700.000000,83700.000000,83694.000000,83697.000000,23
2025-07-23 18:00,83720.000000,83742.000000,83720.000000,83726.000000,9
2025-07-23 18:15,83689.000000,83716.000000,83684.000000,83705.000000,18
2025-07-23 18:30,83722.000000,83734.000000,83722.000000,83734.000000,4
2025-07-23 18:45,83719.000000,83719.000000,83688.000000,83718.000000,11
2025-07-23 19:00,83694.000000,83694.000000,83694.000000,83694.000000,3
2025-07-23 19:15,83704.000000,83704.000000,83704.000000,83704.000000,1
2025-07-23 19:30,83698.000000,83705.000000,83698.000000,83705.000000,4
2025-07-23 19:45,83711.000000,83740.000000,83711.000000,83719.000000,21
2025-07-23 20:00,83694.000000,83694.000000,83693.000000,83693.000000,4
2025-07-23 20:15,83688.000000,83720.000000,83668.000000,83720.000000,8
2025-07-23 20:30,83697.000000,83702.000000,83689.000000,83698.000000,18
2025-07-23 20:45,83683.000000,83687.000000,83663.000000,83687.000000,25
2025-07-24 06:00,83721.000000,83728.000000,83683.000000,83715.000000,80
2025-07-24 06:15,83722.000000,83744.000000,83722.000000,83737.000000,120
2025-07-24 06:30,83743.000000,83752.000000,83727.000000,83740.000000,59
2025-07-24 06:45,83740.000000,83742.000000,83649.000000,83649.000000,37
2025-07-24 07:00,83651.000000,84000.000000,83651.000000,84000.000000,315
2025-07-24 07:15,84026.000000,84195.000000,84000.000000,84100.000000,1226
2025-07-24 07:30,84111.000000,84293.000000,84111.000000,84253.000000,1058
2025-07-24 07:45,84246.000000,84300.000000,84235.000000,84264.000000,194
2025-07-24 08:00,84291.000000,84407.000000,84291.000000,84388.000000,579
2025-07-24 08:15,84370.000000,84614.000000,84357.000000,84564.000000,1465
2025-07-24 08:30,84561.000000,84620.000000,84549.000000,84620.000000,902
2025-07-24 08:45,84610.000000,84644.000000,84568.000000,84613.000000,676
2025-07-24 09:00,84620.000000,84944.000000,84602.000000,84944.000000,1783
2025-07-24 09:15,84944.000000,85121.000000,84790.000000,84793.000000,1751
2025-07-24 09:30,84788.000000,84863.000000,84670.000000,84688.000000,357
2025-07-24 09:45,84685.000000,84685.000000,84587.000000,84629.000000,408
2025-07-24 10:00,84627.000000,84667.000000,84555.000000,84645.000000,375
2025-07-24 10:15,84649.000000,84652.000000,84548.000000,84548.000000,306
2025-07-24 10:30,84576.000000,84603.000000,84565.000000,84572.000000,35
2025-07-24 10:45,84575.000000,84613.000000,84528.000000,84528.000000,410
2025-07-24 11:00,84583.000000,84598.000000,84559.000000,84559.000000,34
2025-07-24 11:15,84559.000000,84559.000000,84548.000000,84549.000000,71
2025-07-24 11:30,84549.000000,84562.000000,84477.000000,84516.000000,475
2025-07-24 11:45,84515.000000,84522.000000,84480.000000,84481.000000,296
2025-07-24 12:00,84479.000000,84479.000000,84411.000000,84449.000000,1097
2025-07-24 12:15,84450.000000,84501.000000,84449.000000,84501.000000,74
2025-07-24 12:30,84505.000000,84530.000000,84414.000000,84414.000000,295
2025-07-24 12:45,84401.000000,84401.000000,84337.000000,84362.000000,348
2025-07-24 13:00,84360.000000,84374.000000,84250.000000,84250.000000,368
2025-07-24 13:15,84257.000000,84324.000000,84208.000000,84316.000000,511
2025-07-24 13:30,84308.000000,84376.000000,84294.000000,84323.000000,298
2025-07-24 13:45,84316.000000,84351.000000,84266.000000,84346.000000,690
2025-07-24 14:00,84320.000000,84324.000000,84098.000000,84100.000000,836
2025-07-24 14:15,84090.000000,84286.000000,84052.000000,84285.000000,444
2025-07-24 14:30,84306.000000,84413.000000,84293.000000,84392.000000,924
2025-07-24 14:45,84404.000000,84423.000000,84371.000000,84390.000000,246
2025-07-24 15:00,84373.000000,84407.000000,84304.000000,84317.000000,54
2025-07-24 15:15,84347.000000,84404.000000,84347.000000,84404.000000,50
2025-07-24 15:30,84421.000000,84421.000000,84248.000000,84375.000000,1216
2025-07-24 15:45,84375.000000,84375.000000,84370.000000,84370.000000,30
2025-07-24 16:00,84412.000000,84453.000000,84412.000000,84439.000000,28
2025-07-24 16:15,84442.000000,84459.000000,84423.000000,84446.000000,16
2025-07-24 16:30,84467.000000,84513.000000,84455.000000,84500.000000,38
2025-07-24 16:45,84511.000000,84543.000000,84511.000000,84543.000000,7
2025-07-24 17:00,84536.000000,84536.000000,84480.000000,84480.000000,159
2025-07-24 17:15,84480.000000,84480.000000,84407.000000,84480.000000,72
2025-07-24 17:30,84446.000000,84448.000000,84413.000000,84413.000000,74
2025-07-24 17:45,84406.000000,84406.000000,84365.000000,84366.000000,46
2025-07-24 18:00,84363.000000,84373.000000,84355.000000,84355.000000,55
2025-07-24 18:15,84336.000000,84365.000000,84326.000000,84365.000000,31
2025-07-24 18:30,84378.000000,84448.000000,84378.000000,84413.000000,30
2025-07-24 18:45,84429.000000,84461.000000,84429.000000,84458.000000,37
2025-07-24 19:00,84500.000000,84517.000000,84496.000000,84496.000000,20
2025-07-24 19:15,84479.000000,84488.000000,84467.000000,84467.000000,75
2025-07-24 19:30,84467.000000,84471.000000,84467.000000,84471.000000,13
2025-07-24 19:45,84472.000000,84472.000000,84467.000000,84467.000000,48
2025-07-24 20:00,84478.000000,84484.000000,84471.000000,84482.000000,195
2025-07-24 20:15,84500.000000,84500.000000,84466.000000,84467.000000,112
2025-07-24 20:30,84458.000000,84470.000000,84438.000000,84438.000000,30
2025-07-24 20:45,84397.000000,84398.000000,84396.000000,84398.000000,8
2025-07-25 06:00,84453.000000,84677.000000,84453.000000,84665.000000,302
2025-07-25 06:15,84678.000000,84682.000000,84535.000000,84604.000000,261
2025-07-25 06:30,84580.000000,84663.000000,84575.000000,84645.000000,90
2025-07-25 06:45,84640.000000,84720.000000,84633.000000,84705.000000,128
2025-07-25 07:00,84737.000000,84803.000000,84554.000000,84622.000000,1030
2025-07-25 07:15,84603.000000,84724.000000,84573.000000,84586.000000,718
2025-07-25 07:30,84571.000000,84675.000000,84556.000000,84637.000000,775
2025-07-25 07:45,84637.000000,84695.000000,84620.000000,84678.000000,400
2025-07-25 08:00,84675.000000,84677.000000,84567.000000,84630.000000,627
2025-07-25 08:15,84626.000000,84689.000000,84623.000000,84658.000000,336
2025-07-25 08:30,84652.000000,84668.000000,84621.000000,84639.000000,537
2025-07-25 08:45,84641.000000,84657.000000,84591.000000,84622.000000,320
2025-07-25 09:00,84623.000000,84638.000000,84485.000000,84544.000000,497
2025-07-25 09:15,84575.000000,84575.000000,84489.000000,84502.000000,397
2025-07-25 09:30,84502.000000,84565.000000,84493.000000,84556.000000,327
2025-07-25 09:45,84555.000000,84626.000000,84549.000000,84595.000000,327
2025-07-25 10:00,84595.000000,84680.000000,84594.000000,84664.000000,341
2025-07-25 10:15,84664.000000,84668.000000,84614.000000,84627.000000,370
2025-07-25 10:30,84626.000000,84638.000000,84440.000000,84478.000000,1001
2025-07-25 10:45,84478.000000,84478.000000,84245.000000,84246.000000,968
2025-07-25 11:00,84251.000000,84275.000000,84190.000000,84250.000000,1038
2025-07-25 11:15,84239.000000,84402.000000,84223.000000,84253.000000,3399
2025-07-25 11:30,84256.000000,84483.000000,84256.000000,84414.000000,405
2025-07-25 11:45,84413.000000,84414.000000,84260.000000,84340.000000,1731
2025-07-25 12:00,84340.000000,84418.000000,84303.000000,84418.000000,851
2025-07-25 12:15,84410.000000,84693.000000,84384.000000,84385.000000,1615
2025-07-25 12:30,84395.000000,84421.000000,84338.000000,84338.000000,1139
2025-07-25 12:45,84329.000000,84514.000000,84323.000000,84508.000000,561
2025-07-25 13:00,84490.000000,84490.000000,84382.000000,84478.000000,162
2025-07-25 13:15,84482.000000,84540.000000,84475.000000,84510.000000,163
2025-07-25 13:30,84540.000000,84597.000000,84439.000000,84562.000000,89
2025-07-25 13:45,84559.000000,84559.000000,84511.000000,84558.000000,111
2025-07-25 14:00,84528.000000,84529.000000,84481.000000,84518.000000,55
2025-07-25 14:15,84513.000000,84513.000000,84470.000000,84470.000000,40
2025-07-25 14:30,84469.000000,84469.000000,84420.000000,84455.000000,189
2025-07-25 14:45,84432.000000,84474.000000,84427.000000,84463.000000,39
2025-07-25 15:00,84460.000000,84462.000000,84360.000000,84366.000000,230
2025-07-25 15:15,84365.000000,84369.000000,84335.000000,84344.000000,170
2025-07-25 15:30,84351.000000,84362.000000,84300.000000,84350.000000,188
2025-07-25 15:45,84336.000000,84336.000000,84279.000000,84321.000000,627
2025-07-25 16:00,84321.000000,84340.000000,84320.000000,84340.000000,44
2025-07-25 16:15,84343.000000,84355.000000,84316.000000,84316.000000,63
2025-07-25 16:30,84300.000000,84309.000000,84290.000000,84309.000000,101
2025-07-25 16:45,84322.000000,84339.000000,84309.000000,84339.000000,25
2025-07-25 17:00,84331.000000,84331.000000,84314.000000,84314.000000,16
2025-07-25 17:15,84319.000000,84349.000000,84319.000000,84349.000000,11
2025-07-25 17:30,84357.000000,84387.000000,84356.000000,84387.000000,69
2025-07-25 17:45,84386.000000,84386.000000,84356.000000,84361.000000,29
2025-07-25 18:00,84377.000000,84384.000000,84377.000000,84384.000000,30
2025-07-25 18:15,84387.000000,84387.000000,84387.000000,84387.000000,5
2025-07-25 18:30,84385.000000,84386.000000,84374.000000,84375.000000,25
2025-07-25 18:45,84370.000000,84370.000000,84337.000000,84344.000000,43
2025-07-25 19:00,84341.000000,84342.000000,84317.000000,84323.000000,22
2025-07-25 19:15,84300.000000,84318.000000,84300.000000,84318.000000,38
2025-07-25 19:30,84310.000000,84318.000000,84310.000000,84316.000000,19
2025-07-25 19:45,84316.000000,84375.000000,84312.000000,84326.000000,97
2025-07-25 20:00,84313.000000,84313.000000,84301.000000,84306.000000,4
2025-07-25 20:15,84295.000000,84310.000000,84290.000000,84310.000000,13
2025-07-25 20:30,84305.000000,84320.000000,84305.000000,84320.000000,42
2025-07-25 20:45,84305.000000,84305.000000,84250.000000,84250.000000,75
2025-07-28 05:45,84220.000000,84220.000000,84220.000000,84220.000000,6
2025-07-28 06:00,84317.000000,84411.000000,84310.000000,84348.000000,87
2025-07-28 06:15,84347.000000,84347.000000,84242.000000,84270.000000,49
2025-07-28 06:30,84270.000000,84270.000000,84108.000000,84187.000000,150
2025-07-28 06:45,84182.000000,84224.000000,84151.000000,84190.000000,77
2025-07-28 07:00,84180.000000,84226.000000,84050.000000,84151.000000,592
2025-07-28 07:15,84176.000000,84184.000000,84126.000000,84156.000000,920
2025-07-28 07:30,84163.000000,84183.000000,84150.000000,84153.000000,1093
2025-07-28 07:45,84153.000000,84310.000000,84147.000000,84287.000000,868
2025-07-28 08:00,84287.000000,84560.000000,84286.000000,84492.000000,2885
2025-07-28 08:15,84480.000000,84541.000000,84439.000000,84490.000000,1292
2025-07-28 08:30,84489.000000,84563.000000,84460.000000,84471.000000,2596
2025-07-28 08:45,84476.000000,84517.000000,84403.000000,84511.000000,1565
2025-07-28 09:00,84520.000000,84661.000000,84520.000000,84626.000000,2759
2025-07-28 09:15,84634.000000,84727.000000,84634.000000,84671.000000,6703
2025-07-28 09:30,84682.000000,84780.000000,84682.000000,84722.000000,961
2025-07-28 09:45,84726.000000,84750.000000,84709.000000,84744.000000,5420
2025-07-28 10:00,84744.000000,84827.000000,84744.000000,84749.000000,2058
2025-07-28 10:15,84749.000000,84844.000000,84709.000000,84727.000000,2044
2025-07-28 10:30,84722.000000,84753.000000,84678.000000,84686.000000,1538
2025-07-28 10:45,84686.000000,84760.000000,84663.000000,84703.000000,855
2025-07-28 11:00,84700.000000,84760.000000,84700.000000,84740.000000,985
2025-07-28 11:15,84740.000000,84781.000000,84740.000000,84754.000000,927
2025-07-28 11:30,84753.000000,84767.000000,84683.000000,84683.000000,734
2025-07-28 11:45,84681.000000,84690.000000,84517.000000,84547.000000,911
2025-07-28 12:00,84531.000000,84700.000000,84520.000000,84693.000000,735
2025-07-28 12:15,84693.000000,85200.000000,84693.000000,85200.000000,1523
2025-07-28 12:30,85200.000000,85400.000000,85181.000000,85350.000000,1812
2025-07-28 12:45,85339.000000,85400.000000,85300.000000,85394.000000,3576
2025-07-28 13:00,85387.000000,85417.000000,85224.000000,85237.000000,4922
2025-07-28 13:15,85235.000000,85465.000000,85222.000000,85452.000000,1626
2025-07-28 13:30,85470.000000,85661.000000,85452.000000,85640.000000,1531
2025-07-28 13:45,85649.000000,86074.000000,85641.000000,86074.000000,4047
2025-07-28 14:00,86060.000000,86190.000000,85907.000000,85942.000000,1679
2025-07-28 14:15,85934.000000,86250.000000,85934.000000,86205.000000,1871
2025-07-28 14:30,86199.000000,86350.000000,86155.000000,86181.000000,2128
2025-07-28 14:45,86171.000000,86322.000000,86108.000000,86287.000000,1365
2025-07-28 15:00,86324.000000,86405.000000,86000.000000,86170.000000,4258
2025-07-28 15:15,86140.000000,86159.000000,85991.000000,86126.000000,1061
2025-07-28 15:30,86170.000000,86249.000000,86140.000000,86237.000000,682
2025-07-28 15:45,86243.000000,86243.000000,86195.000000,86220.000000,38
2025-07-28 16:00,86218.000000,86266.000000,86151.000000,86189.000000,449
2025-07-28 16:15,86189.000000,86449.000000,86187.000000,86355.000000,499
2025-07-28 16:30,86381.000000,86422.000000,86305.000000,86333.000000,170
2025-07-28 16:45,86333.000000,86369.000000,86290.000000,86324.000000,208
2025-07-28 17:00,86346.000000,86346.000000,86178.000000,86192.000000,207
2025-07-28 17:15,86191.000000,86266.000000,86191.000000,86227.000000,96
2025-07-28 17:30,86245.000000,86245.000000,86187.000000,86190.000000,135
2025-07-28 17:45,86173.000000,86201.000000,86164.000000,86190.000000,211
2025-07-28 18:00,86204.000000,86305.000000,86204.000000,86305.000000,155
2025-07-28 18:15,86303.000000,86306.000000,86260.000000,86276.000000,163
2025-07-28 18:30,86278.000000,86296.000000,86236.000000,86271.000000,314
2025-07-28 18:45,86271.000000,86313.000000,86268.000000,86313.000000,25
2025-07-28 19:00,86285.000000,86398.000000,86281.000000,86300.000000,159
2025-07-28 19:15,86300.000000,86301.000000,86251.000000,86275.000000,262
2025-07-28 19:30,86275.000000,86296.000000,86256.000000,86296.000000,191
2025-07-28 19:45,86296.000000,86300.000000,86296.000000,86296.000000,88
2025-07-28 20:00,86296.000000,86398.000000,86282.000000,86389.000000,51
2025-07-28 20:15,86390.000000,86436.000000,86383.000000,86433.000000,319
2025-07-28 20:30,86416.000000,86418.000000,86369.000000,86369.000000,190
2025-07-28 20:45,86372.000000,86440.000000,86339.000000,86440.000000,276
2025-07-29 06:00,86385.000000,86422.000000,86155.000000,86399.000000,2735
2025-07-29 06:15,86389.000000,86812.000000,86357.000000,86812.000000,2871
2025-07-29 06:30,86810.000000,86984.000000,86700.000000,86834.000000,1311
2025-07-29 06:45,86839.000000,86950.000000,86712.000000,86778.000000,567
2025-07-29 07:00,86782.000000,87167.000000,86620.000000,86649.000000,3466
2025-07-29 07:15,86670.000000,86803.000000,86523.000000,86772.000000,3037
2025-07-29 07:30,86773.000000,87100.000000,86720.000000,87040.000000,1814
2025-07-29 07:45,87025.000000,87500.000000,87002.000000,87458.000000,2705
2025-07-29 08:00,87462.000000,87486.000000,87199.000000,87223.000000,2433
2025-07-29 08:15,87228.000000,87228.000000,86861.000000,87147.000000,1703
2025-07-29 08:30,87163.000000,87350.000000,87135.000000,87200.000000,1400
2025-07-29 08:45,87200.000000,87280.000000,87063.000000,87081.000000,979
2025-07-29 09:00,87077.000000,87077.000000,86950.000000,86979.000000,1010
2025-07-29 09:15,86979.000000,86991.000000,86764.000000,86844.000000,3331
2025-07-29 09:30,86856.000000,87078.000000,86846.000000,87020.000000,1344
2025-07-29 09:45,87011.000000,87012.000000,86874.000000,86916.000000,2254
2025-07-29 10:00,86916.000000,87120.000000,86897.000000,86957.000000,882
2025-07-29 10:15,86956.000000,87005.000000,86821.000000,86837.000000,1608
2025-07-29 10:30,86837.000000,86840.000000,86578.000000,86607.000000,2560
2025-07-29 10:45,86603.000000,86715.000000,86595.000000,86676.000000,1065
2025-07-29 11:00,86662.000000,86740.000000,86372.000000,86402.000000,3394
2025-07-29 11:15,86397.000000,86495.000000,86383.000000,86477.000000,1991
2025-07-29 11:30,86478.000000,86671.000000,86475.000000,86646.000000,1943
2025-07-29 11:45,86643.000000,86875.000000,86638.000000,86832.000000,2465
2025-07-29 12:00,86831.000000,86898.000000,86710.000000,86769.000000,777
2025-07-29 12:15,86769.000000,86798.000000,86577.000000,86746.000000,1320
2025-07-29 12:30,86739.000000,86970.000000,86612.000000,86666.000000,1368
2025-07-29 12:45,86697.000000,86712.000000,86534.000000,86582.000000,1579
2025-07-29 13:00,86570.000000,86592.000000,86450.000000,86510.000000,4260
2025-07-29 13:15,86510.000000,86652.000000,86500.000000,86606.000000,7460
2025-07-29 13:30,86606.000000,86736.000000,86573.000000,86692.000000,1632
2025-07-29 13:45,86696.000000,86805.000000,86664.000000,86770.000000,2567
2025-07-29 14:00,86800.000000,86854.000000,86634.000000,86720.000000,510
2025-07-29 14:15,86748.000000,86835.000000,86713.000000,86821.000000,633
2025-07-29 14:30,86848.000000,86924.000000,86765.000000,86814.000000,2921
2025-07-29 14:45,86816.000000,86900.000000,86719.000000,86879.000000,1274
2025-07-29 15:00,86909.000000,86975.000000,86805.000000,86852.000000,1387
2025-07-29 15:15,86845.000000,86950.000000,86773.000000,86773.000000,970
2025-07-29 15:30,86773.000000,86812.000000,86710.000000,86812.000000,740
2025-07-29 15:45,86818.000000,86821.000000,86800.000000,86800.000000,19
2025-07-29 16:00,86755.000000,86857.000000,86750.000000,86845.000000,60
2025-07-29 16:15,86835.000000,86835.000000,86794.000000,86800.000000,246
2025-07-29 16:30,86775.000000,86776.000000,86734.000000,86750.000000,88
2025-07-29 16:45,86760.000000,86760.000000,86585.000000,86609.000000,131
2025-07-29 17:00,86631.000000,86643.000000,86531.000000,86634.000000,265
2025-07-29 17:15,86630.000000,86645.000000,86536.000000,86645.000000,261
2025-07-29 17:30,86628.000000,86798.000000,86626.000000,86746.000000,174
2025-07-29 17:45,86744.000000,87009.000000,86722.000000,87000.000000,314
2025-07-29 18:00,87010.000000,87200.000000,86905.000000,87101.000000,242
2025-07-29 18:15,87068.000000,87195.000000,87020.000000,87090.000000,204
2025-07-29 18:30,87079.000000,87100.000000,87062.000000,87082.000000,87
2025-07-29 18:45,87055.000000,87057.000000,86894.000000,86900.000000,138
2025-07-29 19:00,86878.000000,86951.000000,86867.000000,86936.000000,28
2025-07-29 19:15,86976.000000,86978.000000,86939.000000,86950.000000,148
2025-07-29 19:30,86948.000000,87009.000000,86938.000000,87009.000000,11
2025-07-29 19:45,87009.000000,87047.000000,86880.000000,86881.000000,276
2025-07-29 20:00,86860.000000,86869.000000,86818.000000,86856.000000,69
2025-07-29 20:15,86868.000000,86926.000000,86850.000000,86910.000000,30
2025-07-29 20:30,86890.000000,86927.000000,86890.000000,86925.000000,106
2025-07-29 20:45,86914.000000,86914.000000,86875.000000,86875.000000,7
2025-07-30 06:00,86983.000000,87200.000000,86983.000000,87044.000000,562
2025-07-30 06:15,87016.000000,87024.000000,86689.000000,86689.000000,758
2025-07-30 06:30,86659.000000,86693.000000,86411.000000,86411.000000,683
2025-07-30 06:45,86415.000000,86606.000000,86398.000000,86562.000000,356
2025-07-30 07:00,86588.000000,86642.000000,86335.000000,86368.000000,900
2025-07-30 07:15,86377.000000,86471.000000,86300.000000,86394.000000,601
2025-07-30 07:30,86394.000000,86544.000000,86249.000000,86267.000000,2129
2025-07-30 07:45,86268.000000,86368.000000,86249.000000,86365.000000,5201
2025-07-30 08:00,86361.000000,86555.000000,86286.000000,86535.000000,1658
2025-07-30 08:15,86545.000000,86576.000000,86315.000000,86315.000000,2776
2025-07-30 08:30,86315.000000,86397.000000,86310.000000,86381.000000,1483
2025-07-30 08:45,86381.000000,86395.000000,86350.000000,86373.000000,522
2025-07-30 09:00,86364.000000,86374.000000,86190.000000,86336.000000,3159
2025-07-30 09:15,86338.000000,86448.000000,86338.000000,86425.000000,557
2025-07-30 09:30,86415.000000,86445.000000,86295.000000,86316.000000,615
2025-07-30 09:45,86314.000000,86326.000000,86176.000000,86191.000000,1467
2025-07-30 10:00,86192.000000,86284.000000,86160.000000,86275.000000,391
2025-07-30 10:15,86282.000000,86294.000000,86150.000000,86208.000000,784
2025-07-30 10:30,86201.000000,86254.000000,86034.000000,86095.000000,1404
2025-07-30 10:45,86074.000000,86135.000000,86010.000000,86123.000000,996
2025-07-30 11:00,86135.000000,86145.000000,86001.000000,86052.000000,900
2025-07-30 11:15,86053.000000,86299.000000,86038.000000,86125.000000,1544
2025-07-30 11:30,86140.000000,86150.000000,86051.000000,86057.000000,1244
2025-07-30 11:45,86057.000000,86071.000000,85959.000000,86070.000000,1661
2025-07-30 12:00,86070.000000,86070.000000,85910.000000,86034.000000,3365
2025-07-30 12:15,86029.000000,86084.000000,85942.000000,85946.000000,425
2025-07-30 12:30,85996.000000,85996.000000,85800.000000,85920.000000,822
2025-07-30 12:45,85952.000000,85988.000000,85916.000000,85988.000000,369
2025-07-30 13:00,85917.000000,85918.000000,85614.000000,85677.000000,1871
2025-07-30 13:15,85670.000000,85854.000000,85556.000000,85840.000000,1904
2025-07-30 13:30,85821.000000,85856.000000,85775.000000,85779.000000,395
2025-07-30 13:45,85800.000000,85800.000000,85638.000000,85638.000000,276
2025-07-30 14:00,85668.000000,85670.000000,85502.000000,85568.000000,1023
2025-07-30 14:15,85606.000000,85644.000000,85377.000000,85608.000000,1052
2025-07-30 14:30,85569.000000,85600.000000,85450.000000,85521.000000,644
2025-07-30 14:45,85491.000000,85693.000000,85333.000000,85670.000000,883
2025-07-30 15:00,85666.000000,85667.000000,85428.000000,85562.000000,713
2025-07-30 15:15,85575.000000,85680.000000,85480.000000,85651.000000,386
2025-07-30 15:30,85660.000000,85664.000000,85460.000000,85480.000000,396
2025-07-30 15:45,85480.000000,85500.000000,85450.000000,85478.000000,83
2025-07-30 16:00,85450.000000,85546.000000,85435.000000,85522.000000,77
2025-07-30 16:15,85533.000000,85648.000000,85525.000000,85635.000000,169
2025-07-30 16:30,85642.000000,85701.000000,85624.000000,85672.000000,304
2025-07-30 16:45,85671.000000,85671.000000,85553.000000,85633.000000,548
2025-07-30 17:00,85616.000000,85624.000000,85590.000000,85619.000000,134
2025-07-30 17:15,85630.000000,85650.000000,85619.000000,85650.000000,141
2025-07-30 17:30,85689.000000,85753.000000,85689.000000,85703.000000,161
2025-07-30 17:45,85725.000000,85753.000000,85700.000000,85745.000000,156
2025-07-30 18:00,85729.000000,85798.000000,85712.000000,85753.000000,57
2025-07-30 18:15,85745.000000,85767.000000,85642.000000,85642.000000,63
2025-07-30 18:30,85645.000000,85714.000000,85645.000000,85647.000000,48
2025-07-30 18:45,85644.000000,85744.000000,85644.000000,85730.000000,60
2025-07-30 19:00,85762.000000,85810.000000,85737.000000,85810.000000,83
2025-07-30 19:15,85809.000000,85829.000000,85766.000000,85800.000000,58
2025-07-30 19:30,85798.000000,85806.000000,85742.000000,85746.000000,146
2025-07-30 19:45,85749.000000,85750.000000,85720.000000,85739.000000,24
2025-07-30 20:00,85743.000000,85743.000000,85655.000000,85655.000000,67
2025-07-30 20:15,85677.000000,85703.000000,85662.000000,85702.000000,32
2025-07-30 20:30,85726.000000,85729.000000,85705.000000,85705.000000,13
2025-07-30 20:45,85735.000000,85747.000000,85735.000000,85747.000000,4
2025-07-31 05:45,86000.000000,86000.000000,85630.000000,85630.000000,21
2025-07-31 06:00,85628.000000,85628.000000,85421.000000,85426.000000,686
2025-07-31 06:15,85405.000000,85450.000000,85220.000000,85273.000000,400
2025-07-31 06:30,85242.000000,85509.000000,85144.000000,85471.000000,297
2025-07-31 06:45,85499.000000,85600.000000,85499.000000,85553.000000,219
2025-07-31 07:00,85577.000000,85577.000000,85287.000000,85539.000000,230
2025-07-31 07:15,85534.000000,85537.000000,85202.000000,85307.000000,635
2025-07-31 07:30,85307.000000,85307.000000,84953.000000,84963.000000,1336
2025-07-31 07:45,84970.000000,84970.000000,84487.000000,84500.000000,3794
2025-07-31 08:00,84509.000000,84509.000000,84250.000000,84283.000000,4583
2025-07-31 08:15,84292.000000,84557.000000,84252.000000,84450.000000,1856
2025-07-31 08:30,84437.000000,84437.000000,84200.000000,84318.000000,3045
2025-07-31 08:45,84330.000000,84421.000000,84217.000000,84217.000000,1382
2025-07-31 09:00,84216.000000,84224.000000,83970.000000,84046.000000,3815
2025-07-31 09:15,84047.000000,84566.000000,84002.000000,84503.000000,1300
2025-07-31 09:30,84548.000000,84698.000000,84456.000000,84698.000000,1079
2025-07-31 09:45,84700.000000,84809.000000,84700.000000,84736.000000,1320
2025-07-31 10:00,84740.000000,84776.000000,84570.000000,84657.000000,1093
2025-07-31 10:15,84631.000000,84831.000000,84629.000000,84823.000000,542
2025-07-31 10:30,84820.000000,84907.000000,84797.000000,84900.000000,375
2025-07-31 10:45,84894.000000,84949.000000,84880.000000,84904.000000,196
2025-07-31 11:00,84972.000000,85104.000000,84972.000000,85067.000000,614
2025-07-31 11:15,85102.000000,85163.000000,85017.000000,85070.000000,1939
2025-07-31 11:30,85100.000000,85130.000000,85092.000000,85126.000000,477
2025-07-31 11:45,85144.000000,85180.000000,84946.000000,84946.000000,849
2025-07-31 12:00,84955.000000,85068.000000,84955.000000,85068.000000,113
2025-07-31 12:15,85069.000000,85103.000000,84939.000000,84974.000000,1261
2025-07-31 12:30,84961.000000,85037.000000,84926.000000,85037.000000,560
2025-07-31 12:45,85037.000000,85049.000000,84918.000000,84993.000000,1881
2025-07-31 13:00,84995.000000,85039.000000,84932.000000,84951.000000,1353
2025-07-31 13:15,84922.000000,84980.000000,84888.000000,84933.000000,582
2025-07-31 13:30,84931.000000,84965.000000,84922.000000,84960.000000,1289
2025-07-31 13:45,84934.000000,84960.000000,84903.000000,84933.000000,345
2025-07-31 14:00,84866.000000,84873.000000,84600.000000,84626.000000,806
2025-07-31 14:15,84626.000000,84666.000000,84467.000000,84594.000000,1446
2025-07-31 14:30,84593.000000,84623.000000,84495.000000,84521.000000,891
2025-07-31 14:45,84528.000000,84831.000000,84470.000000,84721.000000,2074
2025-07-31 15:00,84703.000000,84867.000000,84572.000000,84793.000000,884
2025-07-31 15:15,84808.000000,84811.000000,84617.000000,84649.000000,514
2025-07-31 15:30,84653.000000,84680.000000,84565.000000,84629.000000,288
2025-07-31 15:45,84681.000000,84721.000000,84681.000000,84721.000000,268
2025-07-31 16:00,84732.000000,84737.000000,84685.000000,84720.000000,73
2025-07-31 16:15,84699.000000,84800.000000,84662.000000,84775.000000,43
2025-07-31 16:30,84786.000000,84837.000000,84750.000000,84750.000000,104
2025-07-31 16:45,84785.000000,84786.000000,84742.000000,84763.000000,9
2025-07-31 17:00,84788.000000,84788.000000,84749.000000,84750.000000,182
2025-07-31 17:15,84750.000000,84750.000000,84646.000000,84647.000000,107
2025-07-31 17:30,84705.000000,84723.000000,84705.000000,84720.000000,185
2025-07-31 17:45,84676.000000,84684.000000,84655.000000,84655.000000,16
2025-07-31 18:00,84663.000000,84663.000000,84610.000000,84648.000000,35
2025-07-31 18:15,84674.000000,84720.000000,84662.000000,84720.000000,448
2025-07-31 18:30,84720.000000,84720.000000,84715.000000,84720.000000,122
2025-07-31 18:45,84720.000000,84752.000000,84720.000000,84752.000000,76
2025-07-31 19:00,84755.000000,84756.000000,84724.000000,84734.000000,25
2025-07-31 19:15,84724.000000,84737.000000,84724.000000,84728.000000,91
2025-07-31 19:30,84742.000000,84745.000000,84670.000000,84680.000000,35
2025-07-31 19:45,84676.000000,84743.000000,84676.000000,84743.000000,16
2025-07-31 20:00,84756.000000,84809.000000,84756.000000,84791.000000,74
2025-07-31 20:15,84775.000000,84804.000000,84775.000000,84782.000000,55
2025-07-31 20:30,84782.000000,84794.000000,84782.000000,84782.000000,37
2025-07-31 20:45,84790.000000,84805.000000,84790.000000,84805.000000,7
2025-08-01 05:45,84835.000000,84840.000000,84835.000000,84840.000000,2
2025-08-01 06:00,84852.000000,84852.000000,84633.000000,84753.000000,400
2025-08-01 06:15,84776.000000,84803.000000,84725.000000,84732.000000,221
2025-08-01 06:30,84701.000000,84711.000000,84605.000000,84692.000000,53
2025-08-01 06:45,84741.000000,84766.000000,84564.000000,84672.000000,136
2025-08-01 07:00,84664.000000,84806.000000,84648.000000,84703.000000,542
2025-08-01 07:15,84745.000000,84920.000000,84708.000000,84888.000000,536
2025-08-01 07:30,84908.000000,84920.000000,84759.000000,84886.000000,145
2025-08-01 07:45,84880.000000,84920.000000,84748.000000,84795.000000,724
2025-08-01 08:00,84796.000000,84823.000000,84720.000000,84823.000000,282
2025-08-01 08:15,84832.000000,84845.000000,84684.000000,84699.000000,307
2025-08-01 08:30,84694.000000,84767.000000,84680.000000,84726.000000,1168
2025-08-01 08:45,84727.000000,84772.000000,84726.000000,84772.000000,883
2025-08-01 09:00,84781.000000,84781.000000,84739.000000,84739.000000,105
2025-08-01 09:15,84721.000000,84770.000000,84701.000000,84747.000000,389
2025-08-01 09:30,84750.000000,84774.000000,84742.000000,84770.000000,82
2025-08-01 09:45,84737.000000,84737.000000,84610.000000,84693.000000,216
2025-08-01 10:00,84650.000000,84763.000000,84510.000000,84750.000000,1053
2025-08-01 10:15,84744.000000,84763.000000,84587.000000,84656.000000,116
2025-08-01 10:30,84622.000000,84690.000000,84609.000000,84639.000000,129
2025-08-01 10:45,84642.000000,84642.000000,84567.000000,84588.000000,298
2025-08-01 11:00,84591.000000,84591.000000,84425.000000,84452.000000,1117
2025-08-01 11:15,84454.000000,84487.000000,84384.000000,84470.000000,592
2025-08-01 11:30,84451.000000,84575.000000,84430.000000,84560.000000,193
2025-08-01 11:45,84538.000000,84620.000000,84538.000000,84589.000000,204
2025-08-01 12:00,84606.000000,84606.000000,84489.000000,84534.000000,854
2025-08-01 12:15,84547.000000,84620.000000,84547.000000,84619.000000,108
2025-08-01 12:30,84615.000000,84615.000000,84481.000000,84556.000000,268
2025-08-01 12:45,84554.000000,84554.000000,84499.000000,84528.000000,141
2025-08-01 13:00,84548.000000,84554.000000,84300.000000,84396.000000,552
2025-08-01 13:15,84370.000000,84460.000000,84187.000000,84190.000000,1071
2025-08-01 13:30,84182.000000,84293.000000,84111.000000,84111.000000,1209
2025-08-01 13:45,84132.000000,84180.000000,84127.000000,84138.000000,789
2025-08-01 14:00,84134.000000,84201.000000,84100.000000,84194.000000,397
2025-08-01 14:15,84176.000000,84178.000000,84067.000000,84132.000000,508
2025-08-01 14:30,84133.000000,84276.000000,84117.000000,84200.000000,248
2025-08-01 14:45,84194.000000,84289.000000,84166.000000,84217.000000,239
2025-08-01 15:00,84256.000000,84272.000000,84148.000000,84164.000000,255
2025-08-01 15:15,84200.000000,84207.000000,84149.000000,84162.000000,199
2025-08-01 15:30,84155.000000,84160.000000,84101.000000,84132.000000,231
2025-08-01 15:45,84132.000000,84132.000000,84101.000000,84101.000000,49
2025-08-01 16:00,84110.000000,84189.000000,84110.000000,84130.000000,103
2025-08-01 16:15,84119.000000,84122.000000,84087.000000,84119.000000,212
2025-08-01 16:30,84118.000000,84219.000000,84118.000000,84218.000000,118
2025-08-01 16:45,84219.000000,84300.000000,84205.000000,84250.000000,464
2025-08-01 17:00,84250.000000,84362.000000,84248.000000,84266.000000,248
2025-08-01 17:15,84268.000000,84390.000000,84238.000000,84240.000000,438
2025-08-01 17:30,84295.000000,84370.000000,84200.000000,84200.000000,198
2025-08-01 17:45,84194.000000,84219.000000,84185.000000,84219.000000,105
2025-08-01 18:00,84248.000000,84277.000000,84224.000000,84250.000000,14
2025-08-01 18:15,84268.000000,84370.000000,84265.000000,84299.000000,155
2025-08-01 18:30,84290.000000,84294.000000,84285.000000,84287.000000,14
2025-08-01 18:45,84288.000000,84288.000000,84230.000000,84270.000000,333
2025-08-01 19:00,84275.000000,84307.000000,84270.000000,84270.000000,24
2025-08-01 19:15,84278.000000,84310.000000,84278.000000,84310.000000,14
2025-08-01 19:30,84309.000000,84348.000000,84307.000000,84321.000000,51
2025-08-01 19:45,84330.000000,84330.000000,84323.000000,84329.000000,3
2025-08-01 20:00,84337.000000,84338.000000,84297.000000,84297.000000,22
2025-08-01 20:15,84305.000000,84305.000000,84258.000000,84258.000000,18
2025-08-01 20:30,84262.000000,84279.000000,84160.000000,84186.000000,48
2025-08-01 20:45,84198.000000,84217.000000,84198.000000,84216.000000,3
2025-08-04 05:45,84201.000000,84201.000000,84201.000000,84201.000000,1
2025-08-04 06:00,84194.000000,84390.000000,84050.000000,84242.000000,650
2025-08-04 06:15,84208.000000,84248.000000,84181.000000,84198.000000,99
2025-08-04 06:30,84181.000000,84181.000000,84069.000000,84157.000000,312
2025-08-04 06:45,84139.000000,84150.000000,84050.000000,84100.000000,172
2025-08-04 07:00,84106.000000,84213.000000,83985.000000,84159.000000,764
2025-08-04 07:15,84193.000000,84225.000000,84147.000000,84150.000000,221
2025-08-04 07:30,84143.000000,84143.000000,83901.000000,83999.000000,799
2025-08-04 07:45,84005.000000,84054.000000,83900.000000,84000.000000,502
2025-08-04 08:00,83995.000000,84076.000000,83950.000000,84019.000000,156
2025-08-04 08:15,84027.000000,84089.000000,84000.000000,84054.000000,310
2025-08-04 08:30,84008.000000,84039.000000,83880.000000,83953.000000,3214
2025-08-04 08:45,83955.000000,84020.000000,83927.000000,83940.000000,1531
2025-08-04 09:00,83961.000000,84010.000000,83928.000000,83940.000000,1875
2025-08-04 09:15,83935.000000,83935.000000,83825.000000,83870.000000,1248
2025-08-04 09:30,83876.000000,83880.000000,83660.000000,83699.000000,2365
2025-08-04 09:45,83701.000000,83875.000000,83624.000000,83873.000000,1661
2025-08-04 10:00,83860.000000,83860.000000,83737.000000,83826.000000,498
2025-08-04 10:15,83823.000000,83827.000000,83699.000000,83736.000000,476
2025-08-04 10:30,83730.000000,83791.000000,83715.000000,83777.000000,443
2025-08-04 10:45,83778.000000,83811.000000,83750.000000,83775.000000,179
2025-08-04 11:00,83766.000000,83811.000000,83734.000000,83811.000000,168
2025-08-04 11:15,83802.000000,83806.000000,83748.000000,83766.000000,228
2025-08-04 11:30,83773.000000,83787.000000,83656.000000,83772.000000,551
2025-08-04 11:45,83777.000000,83857.000000,83767.000000,83846.000000,402
2025-08-04 12:00,83853.000000,83899.000000,83760.000000,83790.000000,1041
2025-08-04 12:15,83790.000000,83854.000000,83760.000000,83847.000000,522
2025-08-04 12:30,83841.000000,83843.000000,83774.000000,83810.000000,452
2025-08-04 12:45,83789.000000,83818.000000,83743.000000,83818.000000,182
2025-08-04 13:00,83793.000000,83809.000000,83758.000000,83774.000000,123
2025-08-04 13:15,83762.000000,83766.000000,83713.000000,83714.000000,347
2025-08-04 13:30,83712.000000,83780.000000,83712.000000,83780.000000,276
2025-08-04 13:45,83774.000000,83774.000000,83681.000000,83765.000000,683
2025-08-04 14:00,83769.000000,83775.000000,83708.000000,83762.000000,293
2025-08-04 14:15,83765.000000,83799.000000,83736.000000,83781.000000,192
2025-08-04 14:30,83785.000000,83785.000000,83723.000000,83745.000000,327
2025-08-04 14:45,83739.000000,83845.000000,83724.000000,83825.000000,537
2025-08-04 15:00,83825.000000,83877.000000,83760.000000,83782.000000,672
2025-08-04 15:15,83776.000000,83876.000000,83776.000000,83853.000000,260
2025-08-04 15:30,83862.000000,83870.000000,83795.000000,83801.000000,168
2025-08-04 15:45,83818.000000,83826.000000,83811.000000,83826.000000,51
2025-08-04 16:00,83800.000000,83849.000000,83800.000000,83840.000000,32
2025-08-04 16:15,83809.000000,83880.000000,83809.000000,83880.000000,110
2025-08-04 16:30,83872.000000,83873.000000,83844.000000,83861.000000,43
2025-08-04 16:45,83873.000000,83873.000000,83805.000000,83843.000000,105
2025-08-04 17:00,83855.000000,83855.000000,83844.000000,83844.000000,5
2025-08-04 17:15,83824.000000,83824.000000,83801.000000,83801.000000,56
2025-08-04 17:30,83801.000000,83805.000000,83766.000000,83766.000000,72
2025-08-04 17:45,83775.000000,83790.000000,83775.000000,83789.000000,228
2025-08-04 18:00,83783.000000,83813.000000,83781.000000,83810.000000,71
2025-08-04 18:15,83812.000000,83823.000000,83800.000000,83823.000000,47
2025-08-04 18:30,83792.000000,83800.000000,83730.000000,83730.000000,116
2025-08-04 18:45,83730.000000,83750.000000,83722.000000,83739.000000,34
2025-08-04 19:00,83739.000000,83794.000000,83739.000000,83788.000000,42
2025-08-04 19:15,83799.000000,83800.000000,83761.000000,83761.000000,80
2025-08-04 19:45,83819.000000,83858.000000,83813.000000,83843.000000,48
2025-08-04 20:00,83844.000000,83859.000000,83844.000000,83848.000000,36
2025-08-04 20:15,83830.000000,83833.000000,83756.000000,83756.000000,18
2025-08-04 20:30,83764.000000,83827.000000,83764.000000,83827.000000,19
2025-08-04 20:45,83827.000000,83863.000000,83826.000000,83850.000000,30
2025-08-05 06:00,83870.000000,83922.000000,83825.000000,83856.000000,107
2025-08-05 06:15,83820.000000,83842.000000,83800.000000,83819.000000,66
2025-08-05 06:30,83813.000000,83880.000000,83813.000000,83880.000000,11
2025-08-05 06:45,83878.000000,83878.000000,83822.000000,83848.000000,62
2025-08-05 07:00,83876.000000,84250.000000,83778.000000,84230.000000,613
2025-08-05 07:15,84237.000000,84417.000000,84055.000000,84075.000000,939
2025-08-05 07:30,84075.000000,84100.000000,83995.000000,84054.000000,362
2025-08-05 07:45,84085.000000,84186.000000,84060.000000,84177.000000,194
2025-08-05 08:00,84180.000000,84203.000000,84092.000000,84113.000000,348
2025-08-05 08:15,84116.000000,84161.000000,84075.000000,84128.000000,2610
2025-08-05 08:30,84136.000000,84142.000000,83913.000000,84025.000000,350
2025-08-05 08:45,84033.000000,84034.000000,83920.000000,83935.000000,671
2025-08-05 09:00,83935.000000,84021.000000,83852.000000,83920.000000,1110
2025-08-05 09:15,83920.000000,83962.000000,83895.000000,83930.000000,2334
2025-08-05 09:30,83940.000000,84068.000000,83932.000000,83984.000000,1931
2025-08-05 09:45,83991.000000,83991.000000,83896.000000,83939.000000,579
2025-08-05 10:00,83943.000000,84080.000000,83933.000000,83994.000000,415
2025-08-05 10:15,84015.000000,84019.000000,83950.000000,83970.000000,334
2025-08-05 10:30,83979.000000,84029.000000,83950.000000,84013.000000,306
2025-08-05 10:45,84009.000000,84073.000000,84009.000000,84030.000000,234
2025-08-05 11:00,84064.000000,84141.000000,84064.000000,84140.000000,902
2025-08-05 11:15,84140.000000,84250.000000,84107.000000,84150.000000,821
2025-08-05 11:30,84125.000000,84170.000000,84119.000000,84157.000000,120
2025-08-05 11:45,84161.000000,84162.000000,84107.000000,84150.000000,250
2025-08-05 12:00,84151.000000,84234.000000,84119.000000,84221.000000,827
2025-08-05 12:15,84219.000000,84264.000000,84174.000000,84191.000000,787
2025-08-05 12:30,84191.000000,84195.000000,84099.000000,84100.000000,585
2025-08-05 12:45,84090.000000,84130.000000,84084.000000,84127.000000,110
2025-08-05 13:00,84124.000000,84173.000000,84123.000000,84173.000000,141
2025-08-05 13:15,84153.000000,84178.000000,84055.000000,84095.000000,1034
2025-08-05 13:30,84120.000000,84121.000000,84027.000000,84042.000000,139
2025-08-05 13:45,84044.000000,84061.000000,83980.000000,84015.000000,131
2025-08-05 14:00,84034.000000,84039.000000,83957.000000,83971.000000,1477
2025-08-05 14:15,83952.000000,83968.000000,83880.000000,83930.000000,757
2025-08-05 14:30,83936.000000,83974.000000,83899.000000,83899.000000,362
2025-08-05 14:45,83925.000000,84014.000000,83867.000000,83936.000000,435
2025-08-05 15:00,83930.000000,83985.000000,83910.000000,83958.000000,115
2025-08-05 15:15,83958.000000,83967.000000,83917.000000,83919.000000,195
2025-08-05 15:30,83938.000000,83940.000000,83782.000000,83803.000000,303
2025-08-05 15:45,83781.000000,83821.000000,83748.000000,83811.000000,258
2025-08-05 16:00,83847.000000,83905.000000,83838.000000,83861.000000,125
2025-08-05 16:15,83859.000000,83951.000000,83846.000000,83948.000000,56
2025-08-05 16:30,83951.000000,83951.000000,83877.000000,83897.000000,97
2025-08-05 16:45,83911.000000,83980.000000,83911.000000,83937.000000,73
2025-08-05 17:00,83937.000000,83972.000000,83910.000000,83955.000000,47
2025-08-05 17:15,83969.000000,84005.000000,83952.000000,83953.000000,127
2025-08-05 17:30,83953.000000,83978.000000,83951.000000,83974.000000,15
2025-08-05 17:45,83971.000000,83973.000000,83951.000000,83973.000000,21
2025-08-05 18:00,83951.000000,83958.000000,83943.000000,83958.000000,20
2025-08-05 18:15,83967.000000,83995.000000,83967.000000,83995.000000,12
2025-08-05 18:30,83994.000000,83994.000000,83966.000000,83972.000000,16
2025-08-05 18:45,83950.000000,83952.000000,83920.000000,83920.000000,38
2025-08-05 19:00,83911.000000,83941.000000,83909.000000,83940.000000,17
2025-08-05 19:15,83952.000000,83976.000000,83946.000000,83976.000000,47
2025-08-05 19:30,83978.000000,83978.000000,83959.000000,83959.000000,25
2025-08-05 19:45,83958.000000,83965.000000,83950.000000,83950.000000,34
2025-08-05 20:00,83953.000000,83953.000000,83933.000000,83933.000000,15
2025-08-05 20:15,83941.000000,83976.000000,83920.000000,83927.000000,40
2025-08-05 20:30,83939.000000,83962.000000,83927.000000,83962.000000,41
2025-08-06 06:00,84000.000000,84035.000000,83900.000000,83931.000000,167
2025-08-06 06:15,83900.000000,83909.000000,83881.000000,83903.000000,123
2025-08-06 06:30,83906.000000,83906.000000,83849.000000,83866.000000,199
2025-08-06 06:45,83869.000000,83907.000000,83826.000000,83869.000000,125
2025-08-06 07:00,83847.000000,84100.000000,83847.000000,83957.000000,1152
2025-08-06 07:15,83950.000000,83957.000000,83905.000000,83936.000000,177
2025-08-06 07:30,83978.000000,84046.000000,83978.000000,84020.000000,75
2025-08-06 07:45,84048.000000,84130.000000,84048.000000,84122.000000,376
2025-08-06 08:00,84130.000000,84307.000000,84130.000000,84151.000000,1072
2025-08-06 08:15,84154.000000,84302.000000,84104.000000,84299.000000,416
2025-08-06 08:30,84311.000000,84330.000000,84193.000000,84230.000000,253
2025-08-06 08:45,84188.000000,84270.000000,84146.000000,84218.000000,343
2025-08-06 09:00,84235.000000,84243.000000,84138.000000,84224.000000,228
2025-08-06 09:15,84233.000000,84259.000000,84189.000000,84195.000000,672
2025-08-06 09:30,84209.000000,84209.000000,84117.000000,84165.000000,161
2025-08-06 09:45,84168.000000,84188.000000,84133.000000,84154.000000,406
2025-08-06 10:00,84156.000000,84177.000000,84133.000000,84164.000000,1404
2025-08-06 10:15,84162.000000,84340.000000,84120.000000,84158.000000,1826
2025-08-06 10:30,84181.000000,84185.000000,84075.000000,84081.000000,4301
2025-08-06 10:45,84081.000000,84112.000000,84055.000000,84112.000000,2079
2025-08-06 11:00,84132.000000,84204.000000,84132.000000,84166.000000,161
2025-08-06 11:15,84167.000000,84178.000000,84112.000000,84123.000000,739
2025-08-06 11:30,84134.000000,84134.000000,84111.000000,84112.000000,45
2025-08-06 11:45,84106.000000,84137.000000,84106.000000,84124.000000,327
2025-08-06 12:00,84120.000000,84133.000000,84120.000000,84133.000000,219
2025-08-06 12:15,84143.000000,84156.000000,84131.000000,84142.000000,100
2025-08-06 12:30,84140.000000,84141.000000,84136.000000,84136.000000,99
2025-08-06 12:45,84139.000000,84179.000000,84131.000000,84150.000000,109
2025-08-06 13:00,84145.000000,84208.000000,84145.000000,84155.000000,85
2025-08-06 13:15,84179.000000,84194.000000,84120.000000,84160.000000,1984
2025-08-06 13:30,84146.000000,84157.000000,84114.000000,84148.000000,840
2025-08-06 13:45,84139.000000,84176.000000,84131.000000,84170.000000,760
2025-08-06 14:00,84177.000000,84178.000000,84089.000000,84093.000000,2148
2025-08-06 14:15,84092.000000,84115.000000,84092.000000,84115.000000,893
2025-08-06 14:30,84116.000000,84122.000000,84060.000000,84060.000000,813
2025-08-06 14:45,84077.000000,84173.000000,84070.000000,84144.000000,708
2025-08-06 15:00,84144.000000,84146.000000,84072.000000,84110.000000,1320
2025-08-06 15:15,84105.000000,84137.000000,84079.000000,84107.000000,238
2025-08-06 15:30,84110.000000,84119.000000,84069.000000,84119.000000,215
2025-08-06 15:45,84110.000000,84110.000000,84093.000000,84104.000000,25
2025-08-06 16:00,84141.000000,84268.000000,84105.000000,84117.000000,92
2025-08-06 16:15,84105.000000,84119.000000,84080.000000,84111.000000,42
2025-08-06 16:30,84110.000000,84119.000000,84022.000000,84046.000000,187
2025-08-06 16:45,84048.000000,84127.000000,84041.000000,84047.000000,22
2025-08-06 17:00,84057.000000,84057.000000,83533.000000,83590.000000,2021
2025-08-06 17:15,83568.000000,83780.000000,83545.000000,83704.000000,667
2025-08-06 17:30,83679.000000,83790.000000,83614.000000,83790.000000,265
2025-08-06 17:45,83765.000000,83810.000000,83740.000000,83745.000000,113
2025-08-06 18:00,83760.000000,83832.000000,83758.000000,83808.000000,211
2025-08-06 18:15,83810.000000,83856.000000,83700.000000,83770.000000,320
2025-08-06 18:30,83794.000000,83855.000000,83792.000000,83854.000000,226
2025-08-06 18:45,83849.000000,83889.000000,83792.000000,83807.000000,295
2025-08-06 19:00,83785.000000,83785.000000,83496.000000,83496.000000,2007
2025-08-06 19:15,83496.000000,83617.000000,83243.000000,83300.000000,2412
2025-08-06 19:30,83300.000000,83317.000000,83015.000000,83296.000000,1509
2025-08-06 19:45,83291.000000,83586.000000,83183.000000,83461.000000,1026
2025-08-06 20:00,83435.000000,83579.000000,83353.000000,83511.000000,460
2025-08-06 20:15,83480.000000,83541.000000,83383.000000,83541.000000,201
2025-08-06 20:30,83541.000000,83562.000000,83401.000000,83516.000000,212
2025-08-06 20:45,83453.000000,83520.000000,83421.000000,83458.000000,162
2025-08-07 05:45,83500.000000,83500.000000,83500.000000,83500.000000,5
2025-08-07 06:00,83500.000000,83600.000000,83439.000000,83480.000000,624
2025-08-07 06:15,83479.000000,83545.000000,83350.000000,83370.000000,671
2025-08-07 06:30,83351.000000,83487.000000,83350.000000,83413.000000,307
2025-08-07 06:45,83401.000000,83520.000000,83390.000000,83417.000000,414
2025-08-07 07:00,83427.000000,83535.000000,83300.000000,83350.000000,1926
2025-08-07 07:15,83339.000000,83386.000000,83007.000000,83105.000000,7381
2025-08-07 07:30,83090.000000,83155.000000,82952.000000,83053.000000,5962
2025-08-07 07:45,83050.000000,83102.000000,82930.000000,83065.000000,1232
2025-08-07 08:00,83053.000000,83092.000000,83005.000000,83035.000000,2151
2025-08-07 08:15,83035.000000,83206.000000,83004.000000,83140.000000,1308
2025-08-07 08:30,83140.000000,83280.000000,83101.000000,83240.000000,1433
2025-08-07 08:45,83240.000000,83272.000000,83212.000000,83249.000000,1356
2025-08-07 09:00,83243.000000,83420.000000,83200.000000,83395.000000,9216
2025-08-07 09:15,83400.000000,83410.000000,83367.000000,83400.000000,4512
2025-08-07 09:30,83408.000000,83426.000000,83306.000000,83343.000000,305
2025-08-07 09:45,83342.000000,83387.000000,83342.000000,83371.000000,263
2025-08-07 10:00,83373.000000,83375.000000,83320.000000,83343.000000,98
2025-08-07 10:15,83342.000000,83349.000000,83258.000000,83285.000000,177
2025-08-07 10:30,83290.000000,83510.000000,83290.000000,83434.000000,10065
2025-08-07 10:45,83420.000000,83420.000000,83321.000000,83357.000000,578
2025-08-07 11:00,83379.000000,83379.000000,83356.000000,83368.000000,57
2025-08-07 11:15,83367.000000,83392.000000,83367.000000,83392.000000,96
2025-08-07 11:30,83393.000000,83394.000000,83367.000000,83378.000000,176
2025-08-07 11:45,83365.000000,83365.000000,83320.000000,83360.000000,160
2025-08-07 12:00,83355.000000,83385.000000,83329.000000,83349.000000,770
2025-08-07 12:15,83351.000000,83358.000000,83320.000000,83327.000000,92
2025-08-07 12:30,83324.000000,83405.000000,83308.000000,83405.000000,418
2025-08-07 12:45,83407.000000,83464.000000,83395.000000,83464.000000,261
2025-08-07 13:00,83460.000000,83460.000000,83400.000000,83422.000000,73
2025-08-07 13:15,83431.000000,83433.000000,83417.000000,83433.000000,53
2025-08-07 13:30,83448.000000,83492.000000,83430.000000,83462.000000,149
2025-08-07 13:45,83451.000000,83451.000000,83410.000000,83410.000000,23
2025-08-07 14:00,83410.000000,83430.000000,83410.000000,83415.000000,219
2025-08-07 14:15,83410.000000,83418.000000,83400.000000,83403.000000,196
2025-08-07 14:30,83400.000000,83492.000000,83400.000000,83434.000000,809
2025-08-07 14:45,83415.000000,83429.000000,83360.000000,83360.000000,653
2025-08-07 15:00,83360.000000,83360.000000,83244.000000,83298.000000,1102
2025-08-07 15:15,83313.000000,83572.000000,83276.000000,83539.000000,457
2025-08-07 15:30,83543.000000,83579.000000,83511.000000,83537.000000,708
2025-08-07 15:45,83537.000000,83548.000000,83537.000000,83537.000000,579
2025-08-07 16:00,83505.000000,83526.000000,83340.000000,83526.000000,146
2025-08-07 16:15,83520.000000,83550.000000,83506.000000,83540.000000,133
2025-08-07 16:30,83540.000000,83555.000000,83529.000000,83535.000000,379
2025-08-07 16:45,83538.000000,83543.000000,83512.000000,83512.000000,164
2025-08-07 17:00,83512.000000,83516.000000,83500.000000,83500.000000,90
2025-08-07 17:15,83496.000000,83513.000000,83457.000000,83457.000000,66
2025-08-07 17:30,83459.000000,83472.000000,83451.000000,83452.000000,135
2025-08-07 17:45,83465.000000,83518.000000,83454.000000,83502.000000,201
2025-08-07 18:00,83511.000000,83536.000000,83497.000000,83497.000000,82
2025-08-07 18:15,83501.000000,83550.000000,83472.000000,83483.000000,162
2025-08-07 18:30,83483.000000,83493.000000,83476.000000,83476.000000,26
2025-08-07 18:45,83486.000000,83486.000000,83486.000000,83486.000000,1
2025-08-07 19:00,83492.000000,83492.000000,83453.000000,83465.000000,33
2025-08-07 19:15,83455.000000,83465.000000,83446.000000,83446.000000,19
2025-08-07 19:30,83455.000000,83464.000000,83431.000000,83431.000000,63
2025-08-07 19:45,83422.000000,83427.000000,83421.000000,83427.000000,13
2025-08-07 20:00,83425.000000,83425.000000,83393.000000,83395.000000,45
2025-08-07 20:15,83380.000000,83380.000000,83320.000000,83339.000000,125
2025-08-07 20:30,83362.000000,83362.000000,83308.000000,83319.000000,18
2025-08-07 20:45,83330.000000,83333.000000,83285.000000,83285.000000,13
2025-08-08 06:00,83285.000000,83387.000000,83045.000000,83372.000000,418
2025-08-08 06:15,83385.000000,83417.000000,83321.000000,83372.000000,254
2025-08-08 06:30,83402.000000,83418.000000,83378.000000,83400.000000,104
2025-08-08 06:45,83400.000000,83410.000000,83350.000000,83352.000000,152
2025-08-08 07:00,83355.000000,83558.000000,83300.000000,83543.000000,879
2025-08-08 07:15,83550.000000,83729.000000,83520.000000,83595.000000,1983
2025-08-08 07:30,83607.000000,83652.000000,83471.000000,83540.000000,910
2025-08-08 07:45,83564.000000,83605.000000,83499.000000,83542.000000,533
2025-08-08 08:00,83549.000000,83621.000000,83534.000000,83553.000000,535
2025-08-08 08:15,83551.000000,83595.000000,83540.000000,83548.000000,459
2025-08-08 08:30,83548.000000,83583.000000,83489.000000,83516.000000,731
2025-08-08 08:45,83529.000000,83572.000000,83514.000000,83564.000000,429
2025-08-08 09:00,83570.000000,83574.000000,83445.000000,83448.000000,666
2025-08-08 09:15,83445.000000,83650.000000,83440.000000,83648.000000,1033
2025-08-08 09:30,83648.000000,83771.000000,83628.000000,83720.000000,1339
2025-08-08 09:45,83730.000000,83932.000000,83728.000000,83912.000000,1856
2025-08-08 10:00,83915.000000,84249.000000,83915.000000,84198.000000,2479
2025-08-08 10:15,84206.000000,84206.000000,84064.000000,84170.000000,1618
2025-08-08 10:30,84176.000000,84477.000000,84170.000000,84350.000000,2922
2025-08-08 10:45,84389.000000,84431.000000,84319.000000,84336.000000,1211
2025-08-08 11:00,84344.000000,84380.000000,84250.000000,84350.000000,1180
2025-08-08 11:15,84330.000000,84380.000000,84265.000000,84366.000000,1214
2025-08-08 11:30,84366.000000,84420.000000,84289.000000,84347.000000,3119
2025-08-08 11:45,84378.000000,84510.000000,84310.000000,84324.000000,1612
2025-08-08 12:00,84315.000000,84358.000000,84251.000000,84251.000000,7777
2025-08-08 12:15,84251.000000,84380.000000,84251.000000,84251.000000,5003
2025-08-08 12:30,84251.000000,84300.000000,84201.000000,84207.000000,2583
2025-08-08 12:45,84207.000000,84490.000000,84207.000000,84490.000000,1115
2025-08-08 13:00,84500.000000,84522.000000,84349.000000,84410.000000,815
2025-08-08 13:15,84410.000000,84435.000000,84309.000000,84370.000000,680
2025-08-08 13:30,84374.000000,84440.000000,84341.000000,84341.000000,445
2025-08-08 13:45,84333.000000,84333.000000,84230.000000,84230.000000,1499
2025-08-08 14:00,84250.000000,84309.000000,84154.000000,84251.000000,1942
2025-08-08 14:15,84274.000000,84290.000000,84087.000000,84104.000000,464
2025-08-08 14:30,84090.000000,84250.000000,84085.000000,84199.000000,220
2025-08-08 14:45,84170.000000,84180.000000,84084.000000,84111.000000,609
2025-08-08 15:00,84101.000000,84167.000000,84052.000000,84052.000000,548
2025-08-08 15:15,84051.000000,84051.000000,83920.000000,83926.000000,953
2025-08-08 15:30,83951.000000,84015.000000,83926.000000,83936.000000,283
2025-08-08 15:45,83940.000000,83995.000000,83938.000000,83995.000000,15
2025-08-08 16:00,84044.000000,84082.000000,83970.000000,84002.000000,167
2025-08-08 16:15,83970.000000,84135.000000,83970.000000,84090.000000,110
2025-08-08 16:30,84080.000000,84088.000000,84010.000000,84010.000000,36
2025-08-08 16:45,84046.000000,84046.000000,83930.000000,83945.000000,135
2025-08-08 17:00,83930.000000,83999.000000,83930.000000,83994.000000,42
2025-08-08 17:15,83985.000000,83985.000000,83947.000000,83979.000000,92
2025-08-08 17:30,83955.000000,83966.000000,83917.000000,83917.000000,144
2025-08-08 17:45,83924.000000,83924.000000,83839.000000,83920.000000,165
2025-08-08 18:00,83927.000000,83980.000000,83917.000000,83935.000000,64
2025-08-08 18:15,83931.000000,84000.000000,83928.000000,84000.000000,17
2025-08-08 18:30,84000.000000,84002.000000,83960.000000,84000.000000,107
2025-08-08 18:45,84011.000000,84018.000000,83974.000000,83990.000000,102
2025-08-08 19:00,83990.000000,84029.000000,83970.000000,84010.000000,46
2025-08-08 19:15,84022.000000,84057.000000,83994.000000,84046.000000,163
2025-08-08 19:30,84056.000000,84078.000000,84023.000000,84023.000000,145
2025-08-08 19:45,84028.000000,84035.000000,84011.000000,84011.000000,28
2025-08-08 20:00,84021.000000,84036.000000,84001.000000,84001.000000,38
2025-08-08 20:15,83988.000000,83988.000000,83830.000000,83830.000000,148
2025-08-08 20:30,83852.000000,83878.000000,83831.000000,83846.000000,151
2025-08-08 20:45,83841.000000,84000.000000,83834.000000,84000.000000,23
2025-08-11 05:45,84098.000000,84098.000000,83892.000000,83892.000000,4
2025-08-11 06:00,83835.000000,83843.000000,83485.000000,83574.000000,996
2025-08-11 06:15,83570.000000,83775.000000,83570.000000,83775.000000,284
2025-08-11 06:30,83775.000000,83777.000000,83649.000000,83754.000000,541
2025-08-11 06:45,83760.000000,83782.000000,83691.000000,83713.000000,337
2025-08-11 07:00,83700.000000,83912.000000,83681.000000,83728.000000,1066
2025-08-11 07:15,83759.000000,83810.000000,83506.000000,83594.000000,880
2025-08-11 07:30,83590.000000,83598.000000,83392.000000,83574.000000,1255
2025-08-11 07:45,83583.000000,83774.000000,83528.000000,83700.000000,952
2025-08-11 08:00,83700.000000,83721.000000,83617.000000,83675.000000,413
2025-08-11 08:15,83674.000000,83706.000000,83575.000000,83581.000000,3497
2025-08-11 08:30,83585.000000,83664.000000,83516.000000,83664.000000,7274
2025-08-11 08:45,83640.000000,83845.000000,83582.000000,83765.000000,2417
2025-08-11 09:00,83767.000000,83966.000000,83734.000000,83911.000000,1135
2025-08-11 09:15,83848.000000,83930.000000,83770.000000,83867.000000,780
2025-08-11 09:30,83875.000000,83935.000000,83839.000000,83910.000000,1372
2025-08-11 09:45,83910.000000,83982.000000,83897.000000,83950.000000,1585
2025-08-11 10:00,83950.000000,83962.000000,83900.000000,83959.000000,2040
2025-08-11 10:15,83959.000000,83980.000000,83848.000000,83848.000000,1055
2025-08-11 10:30,83838.000000,83838.000000,83773.000000,83821.000000,2215
2025-08-11 10:45,83811.000000,83860.000000,83811.000000,83833.000000,914
2025-08-11 11:00,83844.000000,83873.000000,83803.000000,83808.000000,2808
2025-08-11 11:15,83803.000000,83845.000000,83720.000000,83742.000000,1030
2025-08-11 11:30,83742.000000,83828.000000,83732.000000,83766.000000,2349
2025-08-11 11:45,83769.000000,83812.000000,83674.000000,83791.000000,1586
2025-08-11 12:00,83827.000000,83827.000000,83780.000000,83789.000000,470
2025-08-11 12:15,83790.000000,83870.000000,83783.000000,83860.000000,594
2025-08-11 12:30,83860.000000,83860.000000,83790.000000,83802.000000,807
2025-08-11 12:45,83793.000000,83811.000000,83758.000000,83780.000000,1613
2025-08-11 13:00,83780.000000,83831.000000,83753.000000,83831.000000,1843
2025-08-11 13:15,83811.000000,83862.000000,83810.000000,83840.000000,783
2025-08-11 13:30,83850.000000,83900.000000,83803.000000,83811.000000,335
2025-08-11 13:45,83823.000000,83830.000000,83773.000000,83773.000000,1228
2025-08-11 14:00,83774.000000,83782.000000,83735.000000,83735.000000,997
2025-08-11 14:15,83744.000000,83744.000000,83633.000000,83672.000000,1002
2025-08-11 14:30,83661.000000,83714.000000,83661.000000,83692.000000,157
2025-08-11 14:45,83650.000000,83773.000000,83621.000000,83760.000000,121
2025-08-11 15:00,83751.000000,83765.000000,83610.000000,83630.000000,140
2025-08-11 15:15,83618.000000,83618.000000,83571.000000,83598.000000,565
2025-08-11 15:30,83577.000000,83648.000000,83519.000000,83610.000000,730
2025-08-11 15:45,83608.000000,83628.000000,83606.000000,83607.000000,132
2025-08-11 16:00,83654.000000,83654.000000,83550.000000,83580.000000,148
2025-08-11 16:15,83601.000000,83631.000000,83596.000000,83596.000000,21
2025-08-11 16:30,83604.000000,83639.000000,83565.000000,83597.000000,164
2025-08-11 16:45,83578.000000,83589.000000,83535.000000,83550.000000,75
2025-08-11 17:00,83558.000000,83568.000000,83433.000000,83480.000000,504
2025-08-11 17:15,83480.000000,83529.000000,83477.000000,83518.000000,17
2025-08-11 17:30,83519.000000,83556.000000,83519.000000,83540.000000,36
2025-08-11 17:45,83576.000000,83579.000000,83551.000000,83579.000000,31
2025-08-11 18:00,83582.000000,83618.000000,83559.000000,83616.000000,19
2025-08-11 18:15,83577.000000,83577.000000,83571.000000,83571.000000,2
2025-08-11 18:30,83578.000000,83578.000000,83562.000000,83574.000000,6
2025-08-11 18:45,83568.000000,83582.000000,83568.000000,83582.000000,33
2025-08-11 19:00,83599.000000,83602.000000,83574.000000,83588.000000,38
2025-08-11 19:15,83572.000000,83581.000000,83572.000000,83581.000000,21
2025-08-11 19:30,83582.000000,83583.000000,83582.000000,83582.000000,7
2025-08-11 19:45,83576.000000,83603.000000,83576.000000,83603.000000,16
2025-08-11 20:00,83605.000000,83612.000000,83592.000000,83592.000000,13
2025-08-11 20:15,83592.000000,83608.000000,83577.000000,83577.000000,22
2025-08-11 20:30,83583.000000,83586.000000,83571.000000,83580.000000,97
2025-08-11 20:45,83580.000000,83620.000000,83580.000000,83610.000000,69
2025-08-12 06:00,83623.000000,83705.000000,83549.000000,83669.000000,223
2025-08-12 06:15,83658.000000,83688.000000,83642.000000,83675.000000,68
2025-08-12 06:30,83675.000000,83760.000000,83654.000000,83681.000000,148
2025-08-12 06:45,83677.000000,83720.000000,83660.000000,83693.000000,63
2025-08-12 07:00,83692.000000,83830.000000,83628.000000,83731.000000,707
2025-08-12 07:15,83751.000000,83786.000000,83651.000000,83727.000000,515
2025-08-12 07:30,83708.000000,83770.000000,83677.000000,83711.000000,830
2025-08-12 07:45,83719.000000,83749.000000,83649.000000,83651.000000,1753
2025-08-12 08:00,83651.000000,83747.000000,83625.000000,83721.000000,1969
2025-08-12 08:15,83695.000000,83731.000000,83500.000000,83510.000000,1692
2025-08-12 08:30,83525.000000,83631.000000,83494.000000,83630.000000,5649
2025-08-12 08:45,83630.000000,83635.000000,83562.000000,83590.000000,544
2025-08-12 09:00,83590.000000,83590.000000,83470.000000,83525.000000,464
2025-08-12 09:15,83507.000000,83585.000000,83460.000000,83484.000000,2741
2025-08-12 09:30,83460.000000,83580.000000,83450.000000,83580.000000,264
2025-08-12 09:45,83600.000000,83623.000000,83575.000000,83602.000000,230
2025-08-12 10:00,83558.000000,83629.000000,83542.000000,83613.000000,5479
2025-08-12 10:15,83619.000000,83649.000000,83550.000000,83590.000000,5098
2025-08-12 10:30,83635.000000,83635.000000,83570.000000,83624.000000,275
2025-08-12 10:45,83600.000000,83619.000000,83566.000000,83570.000000,187
2025-08-12 11:00,83570.000000,83603.000000,83511.000000,83554.000000,951
2025-08-12 11:15,83527.000000,83551.000000,83500.000000,83529.000000,368
2025-08-12 11:30,83517.000000,83541.000000,83497.000000,83497.000000,309
2025-08-12 11:45,83500.000000,83500.000000,83391.000000,83403.000000,783
2025-08-12 12:00,83415.000000,83415.000000,83350.000000,83398.000000,502
2025-08-12 12:15,83401.000000,83425.000000,83350.000000,83401.000000,126
2025-08-12 12:30,83401.000000,83405.000000,83230.000000,83328.000000,3581
2025-08-12 12:45,83325.000000,83399.000000,83313.000000,83375.000000,2099
2025-08-12 13:00,83375.000000,83420.000000,83370.000000,83420.000000,7698
2025-08-12 13:15,83420.000000,83430.000000,83407.000000,83418.000000,706
2025-08-12 13:30,83430.000000,83448.000000,83370.000000,83377.000000,334
2025-08-12 13:45,83383.000000,83383.000000,83352.000000,83352.000000,515
2025-08-12 14:00,83352.000000,83365.000000,83325.000000,83329.000000,154
2025-08-12 14:15,83332.000000,83348.000000,83325.000000,83348.000000,592
2025-08-12 14:30,83341.000000,83344.000000,83325.000000,83325.000000,252
2025-08-12 14:45,83325.000000,83338.000000,83320.000000,83321.000000,457
2025-08-12 15:00,83321.000000,83329.000000,83287.000000,83296.000000,312
2025-08-12 15:15,83296.000000,83296.000000,83237.000000,83237.000000,676
2025-08-12 15:30,83237.000000,83237.000000,83124.000000,83136.000000,1794
2025-08-12 15:45,83124.000000,83137.000000,83096.000000,83137.000000,678
2025-08-12 16:00,83127.000000,83210.000000,83082.000000,83181.000000,124
2025-08-12 16:15,83180.000000,83263.000000,83173.000000,83251.000000,167
2025-08-12 16:30,83252.000000,83266.000000,83249.000000,83260.000000,90
2025-08-12 16:45,83261.000000,83291.000000,83260.000000,83260.000000,73
2025-08-12 17:00,83251.000000,83270.000000,83238.000000,83270.000000,50
2025-08-12 17:15,83252.000000,83265.000000,83252.000000,83261.000000,16
2025-08-12 17:30,83254.000000,83270.000000,83243.000000,83270.000000,41
2025-08-12 17:45,83270.000000,83294.000000,83270.000000,83293.000000,21
2025-08-12 18:00,83292.000000,83292.000000,83284.000000,83284.000000,8
2025-08-12 18:15,83262.000000,83266.000000,83259.000000,83259.000000,7
2025-08-12 18:30,83259.000000,83259.000000,83217.000000,83235.000000,12
2025-08-12 18:45,83227.000000,83227.000000,83210.000000,83215.000000,21
2025-08-12 19:00,83214.000000,83258.000000,83213.000000,83258.000000,129
2025-08-12 19:15,83267.000000,83267.000000,83246.000000,83247.000000,5
2025-08-12 19:30,83254.000000,83271.000000,83254.000000,83271.000000,6
2025-08-12 19:45,83269.000000,83269.000000,83269.000000,83269.000000,1
2025-08-12 20:00,83283.000000,83285.000000,83275.000000,83283.000000,10
2025-08-12 20:15,83266.000000,83270.000000,83247.000000,83266.000000,67
2025-08-12 20:30,83267.000000,83267.000000,83267.000000,83267.000000,3
2025-08-13 05:45,83255.000000,83255.000000,83247.000000,83247.000000,5
2025-08-13 06:00,83230.000000,83329.000000,83191.000000,83329.000000,107
2025-08-13 06:15,83341.000000,83372.000000,83278.000000,83307.000000,537
2025-08-13 06:30,83273.000000,83332.000000,83239.000000,83279.000000,33
2025-08-13 06:45,83296.000000,83345.000000,83296.000000,83300.000000,49
2025-08-13 07:00,83327.000000,83427.000000,83304.000000,83345.000000,254
2025-08-13 07:15,83305.000000,83397.000000,83232.000000,83358.000000,435
2025-08-13 07:30,83369.000000,83400.000000,83354.000000,83383.000000,540
2025-08-13 07:45,83400.000000,83481.000000,83332.000000,83481.000000,249
2025-08-13 08:00,83474.000000,83502.000000,83436.000000,83499.000000,279
2025-08-13 08:15,83495.000000,83612.000000,83495.000000,83598.000000,820
2025-08-13 08:30,83599.000000,83620.000000,83556.000000,83579.000000,467
2025-08-13 08:45,83569.000000,83589.000000,83536.000000,83536.000000,258
2025-08-13 09:00,83548.000000,83555.000000,83535.000000,83542.000000,617
2025-08-13 09:15,83542.000000,83554.000000,83391.000000,83418.000000,2268
2025-08-13 09:30,83430.000000,83530.000000,83430.000000,83519.000000,187
2025-08-13 09:45,83529.000000,83590.000000,83529.000000,83573.000000,217
2025-08-13 10:00,83579.000000,83631.000000,83566.000000,83600.000000,377
2025-08-13 10:15,83600.000000,83644.000000,83600.000000,83628.000000,244
2025-08-13 10:30,83626.000000,83626.000000,83569.000000,83569.000000,1509
2025-08-13 10:45,83576.000000,83600.000000,83570.000000,83593.000000,183
2025-08-13 11:00,83592.000000,83623.000000,83529.000000,83556.000000,412
2025-08-13 11:15,83557.000000,83596.000000,83557.000000,83586.000000,57
2025-08-13 11:30,83607.000000,83607.000000,83529.000000,83558.000000,189
2025-08-13 11:45,83547.000000,83571.000000,83530.000000,83568.000000,233
2025-08-13 12:00,83571.000000,83578.000000,83559.000000,83559.000000,107
2025-08-13 12:15,83593.000000,83622.000000,83575.000000,83585.000000,126
2025-08-13 12:30,83581.000000,83607.000000,83575.000000,83577.000000,243
2025-08-13 12:45,83577.000000,83649.000000,83577.000000,83635.000000,532
2025-08-13 13:00,83649.000000,83653.000000,83535.000000,83548.000000,536
2025-08-13 13:15,83544.000000,83544.000000,83480.000000,83483.000000,954
2025-08-13 13:30,83483.000000,83486.000000,83436.000000,83454.000000,1944
2025-08-13 13:45,83460.000000,83464.000000,83400.000000,83416.000000,910
2025-08-13 14:00,83414.000000,83416.000000,83355.000000,83391.000000,608
2025-08-13 14:15,83398.000000,83415.000000,83336.000000,83386.000000,903
2025-08-13 14:30,83386.000000,83386.000000,83308.000000,83315.000000,382
2025-08-13 14:45,83315.000000,83410.000000,83293.000000,83370.000000,1447
2025-08-13 15:00,83370.000000,83390.000000,83341.000000,83341.000000,848
2025-08-13 15:15,83340.000000,83394.000000,83309.000000,83377.000000,851
2025-08-13 15:30,83385.000000,83412.000000,83378.000000,83409.000000,392
2025-08-13 15:45,83411.000000,83412.000000,83409.000000,83411.000000,204
2025-08-13 16:00,83402.000000,83443.000000,83402.000000,83414.000000,36
2025-08-13 16:15,83414.000000,83425.000000,83402.000000,83425.000000,77
2025-08-13 16:30,83425.000000,83439.000000,83423.000000,83433.000000,103
2025-08-13 16:45,83422.000000,83512.000000,83420.000000,83449.000000,20
2025-08-13 17:00,83452.000000,83487.000000,83446.000000,83480.000000,90
2025-08-13 17:15,83479.000000,83485.000000,83470.000000,83470.000000,67
2025-08-13 17:30,83467.000000,83467.000000,83460.000000,83460.000000,8
2025-08-13 17:45,83455.000000,83455.000000,83450.000000,83450.000000,21
2025-08-13 18:00,83454.000000,83473.000000,83454.000000,83465.000000,85
2025-08-13 18:15,83458.000000,83479.000000,83458.000000,83479.000000,26
2025-08-13 18:30,83480.000000,83516.000000,83480.000000,83516.000000,93
2025-08-13 18:45,83506.000000,83526.000000,83501.000000,83512.000000,40
2025-08-13 19:00,83510.000000,83656.000000,83510.000000,83620.000000,329
2025-08-13 19:15,83619.000000,83655.000000,83610.000000,83628.000000,167
2025-08-13 19:30,83615.000000,83615.000000,83581.000000,83589.000000,35
2025-08-13 19:45,83578.000000,83598.000000,83570.000000,83570.000000,15
2025-08-13 20:00,83570.000000,83614.000000,83570.000000,83593.000000,210
2025-08-13 20:15,83603.000000,83613.000000,83593.000000,83612.000000,47
2025-08-13 20:30,83613.000000,83615.000000,83591.000000,83610.000000,51
2025-08-13 20:45,83614.000000,83615.000000,83614.000000,83615.000000,3
2025-08-14 05:45,83615.000000,83615.000000,83615.000000,83615.000000,1
2025-08-14 06:00,83615.000000,83615.000000,83475.000000,83524.000000,210
2025-08-14 06:15,83509.000000,83526.000000,83474.000000,83499.000000,277
2025-08-14 06:30,83494.000000,83538.000000,83456.000000,83506.000000,150
2025-08-14 06:45,83506.000000,83550.000000,83483.000000,83494.000000,76
2025-08-14 07:00,83493.000000,83563.000000,83450.000000,83460.000000,473
2025-08-14 07:15,83451.000000,83523.000000,83436.000000,83500.000000,290
2025-08-14 07:30,83519.000000,83667.000000,83500.000000,83648.000000,857
2025-08-14 07:45,83648.000000,83700.000000,83499.000000,83499.000000,4748
2025-08-14 08:00,83499.000000,83566.000000,83385.000000,83438.000000,3315
2025-08-14 08:15,83435.000000,83651.000000,83404.000000,83583.000000,3626
2025-08-14 08:30,83600.000000,83619.000000,83460.000000,83460.000000,4765
2025-08-14 08:45,83460.000000,83511.000000,83444.000000,83451.000000,2889
2025-08-14 09:00,83448.000000,83525.000000,83387.000000,83448.000000,2420
2025-08-14 09:15,83448.000000,83448.000000,83390.000000,83416.000000,547
2025-08-14 09:30,83407.000000,83543.000000,83405.000000,83480.000000,528
2025-08-14 09:45,83480.000000,83615.000000,83401.000000,83426.000000,5057
2025-08-14 10:00,83425.000000,83440.000000,83393.000000,83410.000000,524
2025-08-14 10:15,83400.000000,83450.000000,83393.000000,83429.000000,525
2025-08-14 10:30,83422.000000,83422.000000,83273.000000,83278.000000,1979
2025-08-14 10:45,83278.000000,83278.000000,83201.000000,83202.000000,1684
2025-08-14 11:00,83214.000000,83248.000000,83200.000000,83205.000000,1598
2025-08-14 11:15,83205.000000,83257.000000,83196.000000,83256.000000,3025
2025-08-14 11:30,83255.000000,83355.000000,83254.000000,83355.000000,298
2025-08-14 11:45,83353.000000,83377.000000,83309.000000,83350.000000,3227
2025-08-14 12:00,83347.000000,83388.000000,83240.000000,83260.000000,1858
2025-08-14 12:15,83258.000000,83329.000000,83241.000000,83241.000000,1465
2025-08-14 12:30,83263.000000,83327.000000,83262.000000,83312.000000,781
2025-08-14 12:45,83321.000000,83330.000000,83173.000000,83231.000000,1510
2025-08-14 13:00,83225.000000,83249.000000,83195.000000,83231.000000,1754
2025-08-14 13:15,83233.000000,83300.000000,83233.000000,83293.000000,1332
2025-08-14 13:30,83287.000000,83303.000000,83200.000000,83224.000000,17157
2025-08-14 13:45,83223.000000,83247.000000,83127.000000,83128.000000,3332
2025-08-14 14:00,83128.000000,83182.000000,83090.000000,83160.000000,3680
2025-08-14 14:15,83167.000000,83212.000000,83127.000000,83182.000000,1033
2025-08-14 14:30,83211.000000,83220.000000,83152.000000,83174.000000,1130
2025-08-14 14:45,83174.000000,83197.000000,83149.000000,83180.000000,846
2025-08-14 15:00,83180.000000,83210.000000,83160.000000,83178.000000,1362
2025-08-14 15:15,83178.000000,83214.000000,83132.000000,83190.000000,385
2025-08-14 15:30,83163.000000,83186.000000,83127.000000,83134.000000,1397
2025-08-14 15:45,83147.000000,83170.000000,83123.000000,83136.000000,725
2025-08-14 16:00,83228.000000,83950.000000,83228.000000,83673.000000,3044
2025-08-14 16:15,83678.000000,83683.000000,83471.000000,83569.000000,2240
2025-08-14 16:30,83569.000000,83683.000000,83514.000000,83567.000000,2461
2025-08-14 16:45,83518.000000,83630.000000,83480.000000,83610.000000,497
2025-08-14 17:00,83610.000000,83800.000000,83610.000000,83795.000000,835
2025-08-14 17:15,83795.000000,83827.000000,83720.000000,83742.000000,1079
2025-08-14 17:30,83732.000000,83750.000000,83649.000000,83685.000000,537
2025-08-14 17:45,83666.000000,83710.000000,83626.000000,83681.000000,296
2025-08-14 18:00,83680.000000,83773.000000,83680.000000,83700.000000,319
2025-08-14 18:15,83700.000000,83720.000000,83694.000000,83720.000000,579
2025-08-14 18:30,83721.000000,83725.000000,83650.000000,83650.000000,677
2025-08-14 18:45,83670.000000,83679.000000,83615.000000,83658.000000,322
2025-08-14 19:00,83643.000000,83680.000000,83630.000000,83676.000000,232
2025-08-14 19:15,83678.000000,83700.000000,83655.000000,83700.000000,161
2025-08-14 19:30,83700.000000,83720.000000,83673.000000,83673.000000,106
2025-08-14 19:45,83675.000000,83675.000000,83648.000000,83671.000000,65
2025-08-14 20:00,83661.000000,83675.000000,83648.000000,83655.000000,197
2025-08-14 20:15,83656.000000,83675.000000,83650.000000,83666.000000,53
2025-08-14 20:30,83668.000000,83718.000000,83668.000000,83718.000000,135
2025-08-14 20:45,83727.000000,83743.000000,83720.000000,83743.000000,30
2025-08-15 05:45,83779.000000,83779.000000,83779.000000,83779.000000,6
2025-08-15 06:00,83779.000000,83823.000000,83599.000000,83760.000000,739
2025-08-15 06:15,83759.000000,83760.000000,83626.000000,83720.000000,500
2025-08-15 06:30,83700.000000,83719.000000,83644.000000,83660.000000,394
2025-08-15 06:45,83660.000000,83679.000000,83558.000000,83626.000000,538
2025-08-15 07:00,83620.000000,83620.000000,83433.000000,83463.000000,2116
2025-08-15 07:15,83463.000000,83660.000000,83450.000000,83582.000000,1432
2025-08-15 07:30,83590.000000,83690.000000,83590.000000,83651.000000,1012
2025-08-15 07:45,83660.000000,83675.000000,83450.000000,83459.000000,1209
2025-08-15 08:00,83440.000000,83464.000000,83380.000000,83450.000000,1520
2025-08-15 08:15,83460.000000,83547.000000,83439.000000,83494.000000,649
2025-08-15 08:30,83467.000000,83478.000000,83439.000000,83460.000000,453
2025-08-15 08:45,83445.000000,83467.000000,83339.000000,83409.000000,773
2025-08-15 09:00,83407.000000,83472.000000,83351.000000,83365.000000,434
2025-08-15 09:15,83365.000000,83390.000000,83270.000000,83305.000000,1629
2025-08-15 09:30,83303.000000,83306.000000,83239.000000,83269.000000,720
2025-08-15 09:45,83268.000000,83294.000000,83245.000000,83288.000000,770
2025-08-15 10:00,83281.000000,83311.000000,83255.000000,83296.000000,1878
2025-08-15 10:15,83303.000000,83319.000000,83268.000000,83311.000000,1019
2025-08-15 10:30,83311.000000,83311.000000,83273.000000,83297.000000,799
2025-08-15 10:45,83297.000000,83394.000000,83297.000000,83383.000000,466
2025-08-15 11:00,83375.000000,83382.000000,83340.000000,83382.000000,60
2025-08-15 11:15,83383.000000,83385.000000,83290.000000,83290.000000,836
2025-08-15 11:30,83274.000000,83293.000000,83250.000000,83279.000000,570
2025-08-15 11:45,83260.000000,83410.000000,83260.000000,83358.000000,3619
2025-08-15 12:00,83369.000000,83467.000000,83369.000000,83386.000000,8506
2025-08-15 12:15,83386.000000,83481.000000,83386.000000,83449.000000,2462
2025-08-15 12:30,83475.000000,83491.000000,83410.000000,83427.000000,1903
2025-08-15 12:45,83430.000000,83565.000000,83405.000000,83496.000000,2514
2025-08-15 13:00,83505.000000,83535.000000,83466.000000,83485.000000,761
2025-08-15 13:15,83483.000000,83489.000000,83400.000000,83449.000000,1588
2025-08-15 13:30,83448.000000,83495.000000,83445.000000,83474.000000,3299
2025-08-15 13:45,83493.000000,83508.000000,83440.000000,83463.000000,632
2025-08-15 14:00,83463.000000,83480.000000,83400.000000,83443.000000,376
2025-08-15 14:15,83464.000000,83464.000000,83400.000000,83420.000000,616
2025-08-15 14:30,83405.000000,83505.000000,83400.000000,83478.000000,2844
2025-08-15 14:45,83478.000000,83497.000000,83439.000000,83495.000000,1330
2025-08-15 15:00,83491.000000,83539.000000,83481.000000,83539.000000,367
2025-08-15 15:15,83542.000000,83683.000000,83536.000000,83672.000000,3381
2025-08-15 15:30,83676.000000,83682.000000,83624.000000,83635.000000,766
2025-08-15 15:45,83635.000000,83649.000000,83623.000000,83649.000000,96
2025-08-15 16:00,83617.000000,83648.000000,83576.000000,83646.000000,145
2025-08-15 16:15,83650.000000,83653.000000,83578.000000,83630.000000,197
2025-08-15 16:30,83628.000000,83634.000000,83610.000000,83618.000000,121
2025-08-15 16:45,83612.000000,83620.000000,83595.000000,83596.000000,89
2025-08-15 17:00,83588.000000,83588.000000,83563.000000,83576.000000,62
2025-08-15 17:15,83572.000000,83600.000000,83570.000000,83584.000000,55
2025-08-15 17:30,83581.000000,83582.000000,83558.000000,83576.000000,75
2025-08-15 17:45,83583.000000,83590.000000,83576.000000,83590.000000,30
2025-08-15 18:00,83590.000000,83593.000000,83561.000000,83572.000000,16
2025-08-15 18:15,83571.000000,83572.000000,83559.000000,83560.000000,21
2025-08-15 18:30,83554.000000,83563.000000,83551.000000,83561.000000,87
2025-08-15 18:45,83567.000000,83571.000000,83560.000000,83560.000000,90
2025-08-15 19:00,83569.000000,83569.000000,83550.000000,83550.000000,75
2025-08-15 19:15,83550.000000,83552.000000,83500.000000,83503.000000,57
2025-08-15 19:30,83503.000000,83520.000000,83479.000000,83503.000000,126
2025-08-15 19:45,83521.000000,83548.000000,83507.000000,83519.000000,22
2025-08-15 20:00,83528.000000,83528.000000,83517.000000,83528.000000,5
2025-08-15 20:15,83508.000000,83528.000000,83500.000000,83506.000000,52
2025-08-15 20:30,83499.000000,83562.000000,83495.000000,83495.000000,76
2025-08-15 20:45,83492.000000,83509.000000,83475.000000,83509.000000,23
2025-08-18 05:45,83531.000000,83531.000000,83531.000000,83531.000000,5
2025-08-18 06:00,83588.000000,83835.000000,83588.000000,83689.000000,957
2025-08-18 06:15,83720.000000,83764.000000,83625.000000,83688.000000,412
2025-08-18 06:30,83640.000000,83711.000000,83638.000000,83707.000000,173
2025-08-18 06:45,83695.000000,83724.000000,83686.000000,83724.000000,105
2025-08-18 07:00,83730.000000,83781.000000,83670.000000,83728.000000,921
2025-08-18 07:15,83727.000000,83866.000000,83655.000000,83750.000000,1738
2025-08-18 07:30,83750.000000,83785.000000,83719.000000,83782.000000,755
2025-08-18 07:45,83780.000000,84100.000000,83780.000000,84100.000000,2416
2025-08-18 08:00,84121.000000,84201.000000,83960.000000,83981.000000,3503
2025-08-18 08:15,83972.000000,84020.000000,83932.000000,83990.000000,4776
2025-08-18 08:30,83990.000000,84003.000000,83913.000000,83936.000000,1125
2025-08-18 08:45,83936.000000,83953.000000,83906.000000,83923.000000,1092
2025-08-18 09:00,83909.000000,83990.000000,83888.000000,83950.000000,796
2025-08-18 09:15,83962.000000,84024.000000,83951.000000,83990.000000,1128
2025-08-18 09:30,83988.000000,84038.000000,83970.000000,83971.000000,1473
2025-08-18 09:45,83998.000000,84150.000000,83990.000000,84120.000000,1994
2025-08-18 10:00,84129.000000,84310.000000,84100.000000,84276.000000,3987
2025-08-18 10:15,84276.000000,84280.000000,84148.000000,84175.000000,6092
2025-08-18 10:30,84182.000000,84271.000000,84139.000000,84260.000000,10386
2025-08-18 10:45,84265.000000,84336.000000,84216.000000,84320.000000,1549
2025-08-18 11:00,84320.000000,84388.000000,84297.000000,84366.000000,2645
2025-08-18 11:15,84366.000000,84468.000000,84366.000000,84431.000000,4227
2025-08-18 11:30,84440.000000,84586.000000,84401.000000,84442.000000,2816
2025-08-18 11:45,84440.000000,84477.000000,84398.000000,84434.000000,1001
2025-08-18 12:00,84434.000000,84440.000000,84382.000000,84386.000000,959
2025-08-18 12:15,84386.000000,84399.000000,84380.000000,84388.000000,771
2025-08-18 12:30,84388.000000,84471.000000,84380.000000,84427.000000,2835
2025-08-18 12:45,84427.000000,84475.000000,84420.000000,84422.000000,1353
2025-08-18 13:00,84422.000000,84435.000000,84310.000000,84311.000000,883
2025-08-18 13:15,84310.000000,84402.000000,84310.000000,84394.000000,701
2025-08-18 13:30,84389.000000,84462.000000,84389.000000,84432.000000,1193
2025-08-18 13:45,84441.000000,84467.000000,84426.000000,84450.000000,718
2025-08-18 14:00,84448.000000,84587.000000,84440.000000,84587.000000,2129
2025-08-18 14:15,84586.000000,84600.000000,84520.000000,84520.000000,2126
2025-08-18 14:30,84521.000000,84525.000000,84504.000000,84520.000000,708
2025-08-18 14:45,84510.000000,84578.000000,84502.000000,84567.000000,1101
2025-08-18 15:00,84567.000000,84583.000000,84540.000000,84570.000000,1230
2025-08-18 15:15,84586.000000,84594.000000,84533.000000,84568.000000,1435
2025-08-18 15:30,84579.000000,84579.000000,84508.000000,84508.000000,1098
2025-08-18 15:45,84510.000000,84595.000000,84502.000000,84550.000000,432
2025-08-18 16:00,84520.000000,84600.000000,84515.000000,84515.000000,484
2025-08-18 16:15,84527.000000,84569.000000,84512.000000,84517.000000,199
2025-08-18 16:30,84518.000000,84530.000000,84481.000000,84530.000000,495
2025-08-18 16:45,84523.000000,84550.000000,84522.000000,84542.000000,72
2025-08-18 17:00,84539.000000,84550.000000,84498.000000,84500.000000,63
2025-08-18 17:15,84500.000000,84501.000000,84438.000000,84480.000000,343
2025-08-18 17:30,84480.000000,84481.000000,84468.000000,84478.000000,150
2025-08-18 17:45,84483.000000,84492.000000,84470.000000,84472.000000,105
2025-08-18 18:00,84479.000000,84501.000000,84467.000000,84500.000000,182
2025-08-18 18:15,84498.000000,84504.000000,84480.000000,84490.000000,380
2025-08-18 18:30,84490.000000,84501.000000,84476.000000,84495.000000,56
2025-08-18 18:45,84511.000000,84552.000000,84131.000000,84165.000000,951
2025-08-18 19:00,84151.000000,84396.000000,84058.000000,84352.000000,1188
2025-08-18 19:15,84351.000000,84413.000000,84298.000000,84358.000000,518
2025-08-18 19:30,84357.000000,84385.000000,84300.000000,84364.000000,78
2025-08-18 19:45,84354.000000,84376.000000,84327.000000,84376.000000,45
2025-08-18 20:00,84328.000000,84353.000000,84274.000000,84290.000000,213
2025-08-18 20:15,84295.000000,84330.000000,84250.000000,84250.000000,106
2025-08-18 20:30,84302.000000,84348.000000,84300.000000,84300.000000,29
2025-08-18 20:45,84334.000000,84379.000000,84300.000000,84344.000000,158
2025-08-19 05:45,84386.000000,84386.000000,84386.000000,84386.000000,5
2025-08-19 06:00,84312.000000,84513.000000,84300.000000,84506.000000,625
2025-08-19 06:15,84495.000000,84544.000000,84439.000000,84439.000000,250
2025-08-19 06:30,84429.000000,84492.000000,84429.000000,84487.000000,66
2025-08-19 06:45,84486.000000,84561.000000,84486.000000,84505.000000,551
2025-08-19 07:00,84480.000000,84569.000000,84401.000000,84401.000000,1962
2025-08-19 07:15,84401.000000,84450.000000,84337.000000,84338.000000,837
2025-08-19 07:30,84342.000000,84363.000000,84259.000000,84276.000000,1151
2025-08-19 07:45,84271.000000,84340.000000,84252.000000,84339.000000,865
2025-08-19 08:00,84323.000000,84350.000000,84279.000000,84319.000000,706
2025-08-19 08:15,84330.000000,84330.000000,84277.000000,84294.000000,1090
2025-08-19 08:30,84292.000000,84332.000000,84277.000000,84282.000000,1052
2025-08-19 08:45,84274.000000,84309.000000,84257.000000,84286.000000,674
2025-08-19 09:00,84275.000000,84347.000000,84262.000000,84343.000000,670
2025-08-19 09:15,84350.000000,84397.000000,84348.000000,84350.000000,679
2025-08-19 09:30,84350.000000,84358.000000,84292.000000,84302.000000,686
2025-08-19 09:45,84303.000000,84310.000000,84284.000000,84301.000000,657
2025-08-19 10:00,84301.000000,84343.000000,84300.000000,84307.000000,959
2025-08-19 10:15,84305.000000,84332.000000,84287.000000,84305.000000,566
2025-08-19 10:30,84305.000000,84339.000000,84260.000000,84298.000000,1528
2025-08-19 10:45,84260.000000,84308.000000,84256.000000,84256.000000,780
2025-08-19 11:00,84258.000000,84259.000000,84198.000000,84250.000000,1051
2025-08-19 11:15,84250.000000,84281.000000,84210.000000,84264.000000,712
2025-08-19 11:30,84264.000000,84281.000000,84172.000000,84198.000000,1266
2025-08-19 11:45,84197.000000,84215.000000,84166.000000,84189.000000,1192
2025-08-19 12:00,84184.000000,84191.000000,84105.000000,84108.000000,1588
2025-08-19 12:15,84106.000000,84168.000000,84086.000000,84128.000000,1122
2025-08-19 12:30,84143.000000,84161.000000,84100.000000,84115.000000,3137
2025-08-19 12:45,84109.000000,84118.000000,84109.000000,84111.000000,375
2025-08-19 13:00,84101.000000,84134.000000,84086.000000,84115.000000,520
2025-08-19 13:15,84111.000000,84121.000000,84051.000000,84074.000000,1172
2025-08-19 13:30,84074.000000,84074.000000,84036.000000,84036.000000,2206
2025-08-19 13:45,84034.000000,84068.000000,84005.000000,84034.000000,3641
2025-08-19 14:00,84033.000000,84033.000000,83958.000000,84030.000000,2970
2025-08-19 14:15,84041.000000,84083.000000,84030.000000,84033.000000,509
2025-08-19 14:30,84040.000000,84053.000000,84001.000000,84019.000000,1139
2025-08-19 14:45,84030.000000,84061.000000,84000.000000,84006.000000,697
2025-08-19 15:00,84005.000000,84053.000000,83994.000000,84026.000000,227
2025-08-19 15:15,84026.000000,84026.000000,83965.000000,83980.000000,595
2025-08-19 15:30,83975.000000,84009.000000,83952.000000,84006.000000,397
2025-08-19 15:45,84006.000000,84028.000000,84006.000000,84027.000000,97
2025-08-19 16:00,84035.000000,84135.000000,84035.000000,84114.000000,345
2025-08-19 16:15,84114.000000,84137.000000,84088.000000,84128.000000,137
2025-08-19 16:30,84128.000000,84132.000000,84099.000000,84099.000000,148
2025-08-19 16:45,84115.000000,84148.000000,84115.000000,84130.000000,151
2025-08-19 17:00,84127.000000,84127.000000,84086.000000,84098.000000,63
2025-08-19 17:15,84098.000000,84136.000000,84092.000000,84136.000000,124
2025-08-19 17:30,84124.000000,84135.000000,84117.000000,84117.000000,17
2025-08-19 17:45,84113.000000,84120.000000,84075.000000,84087.000000,264
2025-08-19 18:00,84080.000000,84095.000000,84067.000000,84093.000000,81
2025-08-19 18:15,84095.000000,84095.000000,84072.000000,84082.000000,26
2025-08-19 18:30,84079.000000,84095.000000,84078.000000,84078.000000,19
2025-08-19 18:45,84085.000000,84095.000000,84085.000000,84087.000000,24
2025-08-19 19:00,84087.000000,84095.000000,84084.000000,84095.000000,61
2025-08-19 19:15,84100.000000,84110.000000,84088.000000,84110.000000,34
2025-08-19 19:30,84105.000000,84121.000000,84104.000000,84121.000000,59
2025-08-19 19:45,84122.000000,84124.000000,84110.000000,84114.000000,43
2025-08-19 20:00,84113.000000,84114.000000,84105.000000,84109.000000,8
2025-08-19 20:15,84100.000000,84103.000000,84096.000000,84097.000000,21
2025-08-19 20:30,84098.000000,84098.000000,84075.000000,84098.000000,44
2025-08-19 20:45,84090.000000,84099.000000,84090.000000,84099.000000,7
2025-08-20 06:00,84100.000000,84203.000000,84061.000000,84130.000000,133
2025-08-20 06:15,84169.000000,84219.000000,84169.000000,84189.000000,207
2025-08-20 06:30,84190.000000,84197.000000,84160.000000,84168.000000,319
2025-08-20 06:45,84161.000000,84185.000000,84161.000000,84185.000000,27
2025-08-20 07:00,84189.000000,84212.000000,84042.000000,84042.000000,817
2025-08-20 07:15,84037.000000,84074.000000,84029.000000,84072.000000,429
2025-08-20 07:30,84046.000000,84081.000000,83960.000000,83961.000000,1549
2025-08-20 07:45,83961.000000,83961.000000,83660.000000,83822.000000,5817
2025-08-20 08:00,83803.000000,83815.000000,83750.000000,83813.000000,1383
2025-08-20 08:15,83813.000000,83881.000000,83781.000000,83781.000000,1646
2025-08-20 08:30,83781.000000,83866.000000,83781.000000,83820.000000,398
2025-08-20 08:45,83820.000000,83855.000000,83820.000000,83828.000000,343
2025-08-20 09:00,83823.000000,83915.000000,83801.000000,83869.000000,661
2025-08-20 09:15,83883.000000,83915.000000,83867.000000,83908.000000,421
2025-08-20 09:30,83915.000000,83959.000000,83907.000000,83950.000000,744
2025-08-20 09:45,83950.000000,83954.000000,83851.000000,83853.000000,983
2025-08-20 10:00,83858.000000,83908.000000,83831.000000,83879.000000,1462
2025-08-20 10:15,83874.000000,83920.000000,83847.000000,83917.000000,7770
2025-08-20 10:30,83910.000000,83957.000000,83888.000000,83925.000000,9956
2025-08-20 10:45,83932.000000,83956.000000,83870.000000,83875.000000,7057
2025-08-20 11:00,83872.000000,83903.000000,83849.000000,83876.000000,1482
2025-08-20 11:15,83874.000000,83885.000000,83831.000000,83838.000000,2139
2025-08-20 11:30,83837.000000,83868.000000,83831.000000,83844.000000,4309
2025-08-20 11:45,83844.000000,83853.000000,83810.000000,83822.000000,1743
2025-08-20 12:00,83817.000000,83862.000000,83788.000000,83818.000000,3980
2025-08-20 12:15,83811.000000,83861.000000,83788.000000,83840.000000,3739
2025-08-20 12:30,83840.000000,83840.000000,83780.000000,83806.000000,1085
2025-08-20 12:45,83810.000000,83846.000000,83780.000000,83808.000000,527
2025-08-20 13:00,83816.000000,83820.000000,83774.000000,83785.000000,1167
2025-08-20 13:15,83784.000000,83844.000000,83781.000000,83834.000000,304
2025-08-20 13:30,83864.000000,83864.000000,83834.000000,83834.000000,362
2025-08-20 13:45,83834.000000,83877.000000,83826.000000,83828.000000,499
2025-08-20 14:00,83825.000000,83846.000000,83800.000000,83820.000000,1336
2025-08-20 14:15,83819.000000,83895.000000,83818.000000,83871.000000,1642
2025-08-20 14:30,83865.000000,83871.000000,83830.000000,83840.000000,1685
2025-08-20 14:45,83840.000000,83851.000000,83829.000000,83830.000000,2279
2025-08-20 15:00,83829.000000,83854.000000,83827.000000,83849.000000,1913
2025-08-20 15:15,83849.000000,83883.000000,83849.000000,83860.000000,2313
2025-08-20 15:30,83859.000000,83890.000000,83850.000000,83890.000000,1909
2025-08-20 15:45,83888.000000,83890.000000,83881.000000,83890.000000,530
2025-08-20 16:00,83911.000000,83911.000000,83856.000000,83861.000000,222
2025-08-20 16:15,83861.000000,83950.000000,83861.000000,83950.000000,101
2025-08-20 16:30,83940.000000,83950.000000,83885.000000,83905.000000,72
2025-08-20 16:45,83901.000000,83901.000000,83794.000000,83821.000000,210
2025-08-20 17:00,83869.000000,83869.000000,83865.000000,83865.000000,22
2025-08-20 17:15,83866.000000,83875.000000,83820.000000,83850.000000,35
2025-08-20 17:30,83863.000000,83863.000000,83825.000000,83847.000000,21
2025-08-20 17:45,83854.000000,83861.000000,83820.000000,83842.000000,41
2025-08-20 18:00,83844.000000,83878.000000,83844.000000,83878.000000,5
2025-08-20 18:15,83879.000000,83879.000000,83879.000000,83879.000000,1
2025-08-20 18:30,83898.000000,83940.000000,83898.000000,83904.000000,63
2025-08-20 18:45,83915.000000,83920.000000,83885.000000,83899.000000,33
2025-08-20 19:00,83900.000000,83900.000000,83887.000000,83887.000000,5
2025-08-20 19:15,83903.000000,83903.000000,83885.000000,83900.000000,33
2025-08-20 19:30,83880.000000,83889.000000,83872.000000,83888.000000,23
2025-08-20 19:45,83870.000000,83893.000000,83870.000000,83893.000000,20
2025-08-20 20:00,83884.000000,83897.000000,83884.000000,83889.000000,28
2025-08-20 20:15,83890.000000,83890.000000,83840.000000,83873.000000,165
2025-08-20 20:30,83876.000000,83901.000000,83876.000000,83901.000000,79
2025-08-20 20:45,83901.000000,83901.000000,83855.000000,83855.000000,8
2025-08-21 06:00,83894.000000,83948.000000,83883.000000,83905.000000,110
2025-08-21 06:15,83919.000000,83933.000000,83904.000000,83933.000000,297
2025-08-21 06:30,83936.000000,84050.000000,83936.000000,84020.000000,1067
2025-08-21 06:45,84025.000000,84174.000000,84025.000000,84128.000000,743
2025-08-21 07:00,84137.000000,84187.000000,83993.000000,83993.000000,4177
2025-08-21 07:15,84024.000000,84065.000000,84018.000000,84034.000000,229
2025-08-21 07:30,84027.000000,84027.000000,83985.000000,83985.000000,1236
2025-08-21 07:45,83995.000000,84008.000000,83901.000000,83945.000000,2544
2025-08-21 08:00,83928.000000,84067.000000,83925.000000,84036.000000,1412
2025-08-21 08:15,84048.000000,84080.000000,84048.000000,84070.000000,825
2025-08-21 08:30,84061.000000,84065.000000,84035.000000,84036.000000,599
2025-08-21 08:45,84044.000000,84070.000000,84044.000000,84049.000000,430
2025-08-21 09:00,84049.000000,84070.000000,84048.000000,84059.000000,285
2025-08-21 09:15,84069.000000,84104.000000,83987.000000,84100.000000,1615
2025-08-21 09:30,84100.000000,84159.000000,84100.000000,84152.000000,1816
2025-08-21 09:45,84159.000000,84159.000000,84090.000000,84130.000000,887
2025-08-21 10:00,84082.000000,84091.000000,84038.000000,84078.000000,227
2025-08-21 10:15,84061.000000,84062.000000,84020.000000,84020.000000,76
2025-08-21 10:30,84015.000000,84046.000000,84009.000000,84041.000000,203
2025-08-21 10:45,84046.000000,84080.000000,84046.000000,84051.000000,215
2025-08-21 11:00,84068.000000,84156.000000,84068.000000,84145.000000,2258
2025-08-21 11:15,84131.000000,84191.000000,84071.000000,84142.000000,4479
2025-08-21 11:30,84153.000000,84162.000000,84127.000000,84136.000000,557
2025-08-21 11:45,84137.000000,84155.000000,84092.000000,84092.000000,394
2025-08-21 12:00,84089.000000,84089.000000,84047.000000,84080.000000,2008
2025-08-21 12:15,84078.000000,84087.000000,84060.000000,84070.000000,93
2025-08-21 12:30,84071.000000,84071.000000,84040.000000,84040.000000,275
2025-08-21 12:45,84040.000000,84080.000000,84030.000000,84067.000000,696
2025-08-21 13:00,84067.000000,84100.000000,84054.000000,84070.000000,1970
2025-08-21 13:15,84074.000000,84100.000000,84073.000000,84079.000000,793
2025-08-21 13:30,84087.000000,84232.000000,84087.000000,84200.000000,2901
2025-08-21 13:45,84210.000000,84257.000000,84171.000000,84255.000000,1260
2025-08-21 14:00,84265.000000,84273.000000,84244.000000,84251.000000,1416
2025-08-21 14:15,84250.000000,84281.000000,84224.000000,84269.000000,1644
2025-08-21 14:30,84261.000000,84308.000000,84252.000000,84297.000000,4402
2025-08-21 14:45,84305.000000,84402.000000,84293.000000,84368.000000,4066
2025-08-21 15:00,84382.000000,84428.000000,84355.000000,84404.000000,906
2025-08-21 15:15,84401.000000,84500.000000,84401.000000,84426.000000,1113
2025-08-21 15:30,84428.000000,84466.000000,84390.000000,84418.000000,1058
2025-08-21 15:45,84422.000000,84438.000000,84401.000000,84418.000000,127
2025-08-21 16:00,84424.000000,84424.000000,84349.000000,84359.000000,144
2025-08-21 16:15,84354.000000,84360.000000,84316.000000,84333.000000,241
2025-08-21 16:30,84335.000000,84387.000000,84333.000000,84368.000000,202
2025-08-21 16:45,84359.000000,84397.000000,84353.000000,84369.000000,61
2025-08-21 17:00,84368.000000,84394.000000,84315.000000,84331.000000,189
2025-08-21 17:15,84332.000000,84358.000000,84324.000000,84358.000000,30
2025-08-21 17:30,84361.000000,84361.000000,84310.000000,84328.000000,128
2025-08-21 17:45,84328.000000,84328.000000,84310.000000,84312.000000,50
2025-08-21 18:00,84319.000000,84330.000000,84319.000000,84329.000000,49
2025-08-21 18:15,84329.000000,84336.000000,84328.000000,84328.000000,95
2025-08-21 18:30,84335.000000,84342.000000,84320.000000,84327.000000,257
2025-08-21 18:45,84355.000000,84369.000000,84351.000000,84355.000000,62
2025-08-21 19:00,84375.000000,84375.000000,84352.000000,84365.000000,16
2025-08-21 19:15,84356.000000,84372.000000,84356.000000,84369.000000,26
2025-08-21 19:30,84354.000000,84365.000000,84347.000000,84347.000000,52
2025-08-21 19:45,84347.000000,84355.000000,84345.000000,84348.000000,33
2025-08-21 20:00,84346.000000,84372.000000,84341.000000,84371.000000,29
2025-08-21 20:15,84372.000000,84374.000000,84366.000000,84370.000000,26
2025-08-21 20:30,84360.000000,84365.000000,84343.000000,84365.000000,90
2025-08-21 20:45,84351.000000,84357.000000,84349.000000,84350.000000,122
2025-08-22 06:00,84372.000000,84372.000000,84300.000000,84300.000000,260
2025-08-22 06:15,84309.000000,84375.000000,84285.000000,84304.000000,189
2025-08-22 06:30,84304.000000,84423.000000,84300.000000,84351.000000,286
2025-08-22 06:45,84358.000000,84370.000000,84336.000000,84340.000000,102
2025-08-22 07:00,84319.000000,84412.000000,84292.000000,84300.000000,586
2025-08-22 07:15,84300.000000,84432.000000,84285.000000,84396.000000,740
2025-08-22 07:30,84409.000000,84430.000000,84336.000000,84371.000000,530
2025-08-22 07:45,84360.000000,84389.000000,84318.000000,84381.000000,258
2025-08-22 08:00,84387.000000,84500.000000,84385.000000,84424.000000,3247
2025-08-22 08:15,84430.000000,84472.000000,84394.000000,84426.000000,181
2025-08-22 08:30,84433.000000,84435.000000,84379.000000,84393.000000,500
2025-08-22 08:45,84394.000000,84407.000000,84380.000000,84393.000000,475
2025-08-22 09:00,84400.000000,84453.000000,84374.000000,84416.000000,578
2025-08-22 09:15,84399.000000,84457.000000,84395.000000,84414.000000,350
2025-08-22 09:30,84410.000000,84451.000000,84405.000000,84451.000000,488
2025-08-22 09:45,84441.000000,84473.000000,84425.000000,84457.000000,823
2025-08-22 10:00,84450.000000,84487.000000,84450.000000,84461.000000,863
2025-08-22 10:15,84460.000000,84501.000000,84448.000000,84468.000000,355
2025-08-22 10:30,84477.000000,84590.000000,84477.000000,84566.000000,963
2025-08-22 10:45,84584.000000,84599.000000,84550.000000,84570.000000,967
2025-08-22 11:00,84575.000000,84736.000000,84570.000000,84722.000000,1275
2025-08-22 11:15,84722.000000,84823.000000,84700.000000,84746.000000,1504
2025-08-22 11:30,84732.000000,84732.000000,84660.000000,84699.000000,1343
2025-08-22 11:45,84705.000000,84738.000000,84680.000000,84709.000000,1072
2025-08-22 12:00,84681.000000,84766.000000,84642.000000,84730.000000,3749
2025-08-22 12:15,84737.000000,84761.000000,84722.000000,84735.000000,2688
2025-08-22 12:30,84739.000000,84816.000000,84739.000000,84816.000000,2487
2025-08-22 12:45,84821.000000,84882.000000,84816.000000,84821.000000,4681
2025-08-22 13:00,84819.000000,84927.000000,84670.000000,84761.000000,3583
2025-08-22 13:15,84761.000000,84799.000000,84717.000000,84776.000000,1693
2025-08-22 13:30,84778.000000,84847.000000,84767.000000,84836.000000,5062
2025-08-22 13:45,84836.000000,84850.000000,84783.000000,84849.000000,1340
2025-08-22 14:00,84836.000000,84839.000000,84630.000000,84633.000000,2173
2025-08-22 14:15,84633.000000,84701.000000,84600.000000,84660.000000,1925
2025-08-22 14:30,84670.000000,84694.000000,84604.000000,84620.000000,3043
2025-08-22 14:45,84622.000000,84622.000000,84561.000000,84583.000000,2523
2025-08-22 15:00,84574.000000,84586.000000,84505.000000,84558.000000,1959
2025-08-22 15:15,84559.000000,84598.000000,84525.000000,84525.000000,594
2025-08-22 15:30,84545.000000,84572.000000,84510.000000,84541.000000,522
2025-08-22 15:45,84544.000000,84571.000000,84544.000000,84565.000000,18
2025-08-22 16:00,84573.000000,84650.000000,84573.000000,84650.000000,299
2025-08-22 16:15,84661.000000,84670.000000,84635.000000,84639.000000,269
2025-08-22 16:30,84661.000000,84672.000000,84588.000000,84626.000000,139
2025-08-22 16:45,84606.000000,84674.000000,84605.000000,84674.000000,234
2025-08-22 17:00,84666.000000,84666.000000,84596.000000,84598.000000,89
2025-08-22 17:15,84586.000000,84593.000000,84580.000000,84585.000000,16
2025-08-22 17:30,84579.000000,84582.000000,84560.000000,84560.000000,41
2025-08-22 17:45,84567.000000,84570.000000,84549.000000,84549.000000,48
2025-08-22 18:00,84564.000000,84576.000000,84558.000000,84576.000000,38
2025-08-22 18:15,84576.000000,84604.000000,84576.000000,84604.000000,10
2025-08-22 18:30,84605.000000,84609.000000,84595.000000,84599.000000,40
2025-08-22 18:45,84603.000000,84614.000000,84591.000000,84614.000000,18
2025-08-22 19:00,84601.000000,84614.000000,84594.000000,84609.000000,56
2025-08-22 19:30,84608.000000,84615.000000,84598.000000,84600.000000,21
2025-08-22 19:45,84592.000000,84607.000000,84592.000000,84594.000000,56
2025-08-22 20:00,84594.000000,84595.000000,84579.000000,84579.000000,57
2025-08-22 20:15,84579.000000,84588.000000,84579.000000,84588.000000,10
2025-08-22 20:30,84588.000000,84595.000000,84568.000000,84568.000000,76
2025-08-22 20:45,84566.000000,84586.000000,84440.000000,84473.000000,292
2025-08-25 06:00,84513.000000,84640.000000,84450.000000,84601.000000,461
2025-08-25 06:15,84600.000000,84615.000000,84550.000000,84550.000000,701
2025-08-25 06:30,84545.000000,84644.000000,84514.000000,84625.000000,432
2025-08-25 06:45,84602.000000,84656.000000,84584.000000,84611.000000,184
2025-08-25 07:00,84639.000000,84728.000000,84498.000000,84599.000000,2349
2025-08-25 07:15,84581.000000,84675.000000,84565.000000,84592.000000,1516
2025-08-25 07:30,84585.000000,84617.000000,84546.000000,84575.000000,5672
2025-08-25 07:45,84574.000000,84608.000000,84497.000000,84593.000000,2759
2025-08-25 08:00,84588.000000,84652.000000,84582.000000,84595.000000,296
2025-08-25 08:15,84595.000000,84600.000000,84518.000000,84528.000000,780
2025-08-25 08:30,84528.000000,84532.000000,84439.000000,84455.000000,2396
2025-08-25 08:45,84441.000000,84464.000000,84400.000000,84450.000000,643
2025-08-25 09:00,84436.000000,84477.000000,84399.000000,84430.000000,1094
2025-08-25 09:15,84430.000000,84430.000000,84400.000000,84408.000000,1407
2025-08-25 09:30,84405.000000,84407.000000,84347.000000,84350.000000,1258
2025-08-25 09:45,84347.000000,84437.000000,84300.000000,84437.000000,665
2025-08-25 10:00,84430.000000,84549.000000,84430.000000,84467.000000,1573
2025-08-25 10:15,84469.000000,84469.000000,84377.000000,84391.000000,1126
2025-08-25 10:30,84385.000000,84385.000000,84234.000000,84319.000000,3669
2025-08-25 10:45,84329.000000,84352.000000,84290.000000,84298.000000,3712
2025-08-25 11:00,84280.000000,84287.000000,84208.000000,84258.000000,4462
2025-08-25 11:15,84258.000000,84294.000000,84220.000000,84270.000000,7117
2025-08-25 11:30,84264.000000,84297.000000,84224.000000,84255.000000,9617
2025-08-25 11:45,84259.000000,84286.000000,84228.000000,84250.000000,11449
2025-08-25 12:00,84250.000000,84346.000000,84241.000000,84294.000000,6371
2025-08-25 12:15,84308.000000,84326.000000,84230.000000,84270.000000,2656
2025-08-25 12:30,84277.000000,84325.000000,84133.000000,84177.000000,2335
2025-08-25 12:45,84174.000000,84174.000000,84059.000000,84080.000000,6077
2025-08-25 13:00,84070.000000,84070.000000,83986.000000,84038.000000,2823
2025-08-25 13:15,84038.000000,84046.000000,83967.000000,84013.000000,3216
2025-08-25 13:30,84021.000000,84065.000000,83920.000000,84047.000000,1836
2025-08-25 13:45,84043.000000,84050.000000,83915.000000,83939.000000,2429
2025-08-25 14:00,83933.000000,83939.000000,83777.000000,83786.000000,3798
2025-08-25 14:15,83778.000000,83778.000000,83655.000000,83696.000000,5935
2025-08-25 14:30,83690.000000,83691.000000,83556.000000,83631.000000,2039
2025-08-25 14:45,83631.000000,83722.000000,83617.000000,83634.000000,1908
2025-08-25 15:00,83635.000000,83640.000000,83557.000000,83640.000000,2394
2025-08-25 15:15,83626.000000,83685.000000,83596.000000,83596.000000,2036
2025-08-25 15:30,83596.000000,83713.000000,83516.000000,83608.000000,3298
2025-08-25 15:45,83609.000000,83638.000000,83609.000000,83620.000000,550
2025-08-25 16:00,83600.000000,83610.000000,83467.000000,83610.000000,1264
2025-08-25 16:15,83596.000000,83655.000000,83595.000000,83655.000000,283
2025-08-25 16:30,83645.000000,83707.000000,83640.000000,83703.000000,355
2025-08-25 16:45,83702.000000,83708.000000,83642.000000,83704.000000,178
2025-08-25 17:00,83689.000000,83689.000000,83653.000000,83679.000000,122
2025-08-25 17:15,83676.000000,83694.000000,83651.000000,83661.000000,139
2025-08-25 17:30,83665.000000,83700.000000,83664.000000,83695.000000,94
2025-08-25 17:45,83699.000000,83710.000000,83690.000000,83700.000000,283
2025-08-25 18:00,83710.000000,83710.000000,83695.000000,83704.000000,56
2025-08-25 18:15,83705.000000,83741.000000,83705.000000,83735.000000,105
2025-08-25 18:30,83744.000000,83759.000000,83735.000000,83748.000000,128
2025-08-25 18:45,83740.000000,83757.000000,83733.000000,83733.000000,841
2025-08-25 19:00,83746.000000,83755.000000,83740.000000,83740.000000,97
2025-08-25 19:15,83755.000000,83760.000000,83733.000000,83744.000000,145
2025-08-25 19:30,83752.000000,83760.000000,83739.000000,83748.000000,66
2025-08-25 19:45,83748.000000,83810.000000,83748.000000,83763.000000,213
2025-08-25 20:00,83767.000000,83775.000000,83767.000000,83775.000000,138
2025-08-25 20:15,83769.000000,83784.000000,83769.000000,83779.000000,109
2025-08-25 20:30,83779.000000,83800.000000,83779.000000,83800.000000,80
2025-08-25 20:45,83793.000000,83800.000000,83783.000000,83800.000000,80
2025-08-26 05:45,83800.000000,83800.000000,83800.000000,83800.000000,39
2025-08-26 06:00,83800.000000,83822.000000,83684.000000,83717.000000,719
2025-08-26 06:15,83714.000000,83754.000000,83702.000000,83702.000000,583
2025-08-26 06:30,83705.000000,83705.000000,83547.000000,83622.000000,999
2025-08-26 06:45,83628.000000,83649.000000,83571.000000,83618.000000,918
2025-08-26 07:00,83617.000000,83787.000000,83577.000000,83750.000000,7867
2025-08-26 07:15,83758.000000,83842.000000,83752.000000,83810.000000,1688
2025-08-26 07:30,83813.000000,83882.000000,83778.000000,83873.000000,4933
2025-08-26 07:45,83873.000000,83925.000000,83857.000000,83925.000000,9469
2025-08-26 08:00,83927.000000,83950.000000,83766.000000,83850.000000,37773
2025-08-26 08:15,83850.000000,83894.000000,83791.000000,83890.000000,16259
2025-08-26 08:30,83891.000000,83951.000000,83822.000000,83857.000000,3294
2025-08-26 08:45,83859.000000,83894.000000,83844.000000,83849.000000,15940
2025-08-26 09:00,83849.000000,83849.000000,83752.000000,83759.000000,892
2025-08-26 09:15,83758.000000,83792.000000,83686.000000,83724.000000,2207
2025-08-26 09:30,83727.000000,83840.000000,83689.000000,83838.000000,1825
2025-08-26 09:45,83827.000000,83930.000000,83805.000000,83841.000000,4876
2025-08-26 10:00,83840.000000,83874.000000,83779.000000,83871.000000,1202
2025-08-26 10:15,83871.000000,83876.000000,83847.000000,83850.000000,1044
2025-08-26 10:30,83850.000000,83863.000000,83801.000000,83820.000000,1272
2025-08-26 10:45,83820.000000,83844.000000,83804.000000,83812.000000,1008
2025-08-26 11:00,83813.000000,83823.000000,83800.000000,83819.000000,799
2025-08-26 11:15,83819.000000,83821.000000,83747.000000,83766.000000,2017
2025-08-26 11:30,83762.000000,83782.000000,83750.000000,83759.000000,1202
2025-08-26 11:45,83768.000000,83770.000000,83729.000000,83732.000000,3339
2025-08-26 12:00,83733.000000,83740.000000,83700.000000,83723.000000,1237
2025-08-26 12:15,83720.000000,83751.000000,83720.000000,83725.000000,1247
2025-08-26 12:30,83730.000000,83771.000000,83726.000000,83755.000000,1460
2025-08-26 12:45,83755.000000,83838.000000,83734.000000,83788.000000,782
2025-08-26 13:00,83806.000000,83819.000000,83743.000000,83766.000000,584
2025-08-26 13:15,83753.000000,83754.000000,83670.000000,83711.000000,1931
2025-08-26 13:30,83757.000000,83790.000000,83751.000000,83790.000000,187
2025-08-26 13:45,83790.000000,83890.000000,83784.000000,83879.000000,368
2025-08-26 14:00,83877.000000,83921.000000,83872.000000,83917.000000,323
2025-08-26 14:15,83921.000000,83999.000000,83921.000000,83965.000000,1532
2025-08-26 14:30,83962.000000,83999.000000,83940.000000,83968.000000,2567
2025-08-26 14:45,83967.000000,84035.000000,83944.000000,84001.000000,2446
2025-08-26 15:00,84001.000000,84125.000000,84001.000000,84070.000000,2184
2025-08-26 15:15,84083.000000,84180.000000,84068.000000,84132.000000,1105
2025-08-26 15:30,84138.000000,84212.000000,84131.000000,84159.000000,2916
2025-08-26 15:45,84146.000000,84160.000000,84143.000000,84145.000000,485
2025-08-26 16:00,84142.000000,84145.000000,84065.000000,84129.000000,558
2025-08-26 16:15,84131.000000,84131.000000,84070.000000,84098.000000,302
2025-08-26 16:30,84098.000000,84137.000000,84094.000000,84137.000000,128
2025-08-26 16:45,84136.000000,84144.000000,84100.000000,84100.000000,33
2025-08-26 17:00,84102.000000,84102.000000,84021.000000,84068.000000,1623
2025-08-26 17:15,84065.000000,84074.000000,84060.000000,84074.000000,16
2025-08-26 17:30,84062.000000,84068.000000,84061.000000,84068.000000,22
2025-08-26 17:45,84068.000000,84070.000000,84061.000000,84070.000000,12
2025-08-26 18:00,84079.000000,84088.000000,84078.000000,84088.000000,14
2025-08-26 18:15,84089.000000,84090.000000,84089.000000,84090.000000,2
2025-08-26 18:30,84095.000000,84102.000000,84085.000000,84085.000000,63
2025-08-26 18:45,84085.000000,84097.000000,84071.000000,84083.000000,152
2025-08-26 19:00,84083.000000,84086.000000,84067.000000,84067.000000,31
2025-08-26 19:15,84077.000000,84080.000000,84061.000000,84061.000000,27
2025-08-26 19:30,84063.000000,84073.000000,84062.000000,84066.000000,39
2025-08-26 19:45,84062.000000,84072.000000,84061.000000,84071.000000,29
2025-08-26 20:00,84061.000000,84063.000000,84061.000000,84062.000000,13
2025-08-26 20:15,84061.000000,84075.000000,84055.000000,84069.000000,34
2025-08-26 20:30,84066.000000,84093.000000,84060.000000,84068.000000,42
2025-08-26 20:45,84078.000000,84113.000000,84073.000000,84113.000000,25
2025-08-27 06:00,84101.000000,84123.000000,84045.000000,84075.000000,214
2025-08-27 06:15,84067.000000,84090.000000,84027.000000,84086.000000,238
2025-08-27 06:30,84078.000000,84085.000000,84055.000000,84061.000000,309
2025-08-27 06:45,84058.000000,84075.000000,84041.000000,84059.000000,367
2025-08-27 07:00,84073.000000,84160.000000,83885.000000,83951.000000,3478
2025-08-27 07:15,83920.000000,83953.000000,83700.000000,83804.000000,19074
2025-08-27 07:30,83804.000000,83804.000000,83706.000000,83774.000000,2264
2025-08-27 07:45,83772.000000,83789.000000,83724.000000,83765.000000,2085
2025-08-27 08:00,83766.000000,83852.000000,83683.000000,83771.000000,2231
2025-08-27 08:15,83771.000000,83873.000000,83771.000000,83873.000000,1840
2025-08-27 08:30,83873.000000,83994.000000,83840.000000,83975.000000,1442
2025-08-27 08:45,83982.000000,84000.000000,83891.000000,83938.000000,3107
2025-08-27 09:00,83974.000000,83975.000000,83898.000000,83969.000000,676
2025-08-27 09:15,83969.000000,84000.000000,83969.000000,83986.000000,567
2025-08-27 09:30,83984.000000,83987.000000,83937.000000,83960.000000,763
2025-08-27 09:45,83959.000000,84000.000000,83958.000000,83997.000000,1057
2025-08-27 10:00,83997.000000,84022.000000,83900.000000,83945.000000,978
2025-08-27 10:15,83941.000000,83985.000000,83921.000000,83969.000000,129
2025-08-27 10:30,83985.000000,84016.000000,83982.000000,83991.000000,193
2025-08-27 10:45,83999.000000,84001.000000,83979.000000,83979.000000,276
2025-08-27 11:00,83979.000000,83979.000000,83917.000000,83940.000000,237
2025-08-27 11:15,83940.000000,83956.000000,83932.000000,83932.000000,550
2025-08-27 11:30,83932.000000,83954.000000,83875.000000,83940.000000,1517
2025-08-27 11:45,83940.000000,83955.000000,83816.000000,83950.000000,2372
2025-08-27 12:00,83934.000000,83944.000000,83870.000000,83927.000000,2476
2025-08-27 12:15,83917.000000,83981.000000,83899.000000,83971.000000,749
2025-08-27 12:30,83970.000000,83980.000000,83897.000000,83913.000000,838
2025-08-27 12:45,83913.000000,83918.000000,83906.000000,83915.000000,1192
2025-08-27 13:00,83915.000000,83915.000000,83869.000000,83900.000000,3045
2025-08-27 13:15,83900.000000,84056.000000,83883.000000,84053.000000,5896
2025-08-27 13:30,84052.000000,84160.000000,84052.000000,84113.000000,4994
2025-08-27 13:45,84153.000000,84268.000000,84130.000000,84210.000000,2166
2025-08-27 14:00,84230.000000,84302.000000,84208.000000,84212.000000,916
2025-08-27 14:15,84257.000000,84292.000000,84197.000000,84230.000000,1564
2025-08-27 14:30,84238.000000,84259.000000,84212.000000,84255.000000,3019
2025-08-27 14:45,84255.000000,84333.000000,84233.000000,84240.000000,2603
2025-08-27 15:00,84250.000000,84259.000000,84127.000000,84160.000000,4195
2025-08-27 15:15,84147.000000,84216.000000,84140.000000,84140.000000,3455
2025-08-27 15:30,84142.000000,84193.000000,84132.000000,84158.000000,342
2025-08-27 15:45,84151.000000,84162.000000,84130.000000,84146.000000,378
2025-08-27 16:00,84190.000000,84217.000000,84111.000000,84112.000000,381
2025-08-27 16:15,84112.000000,84169.000000,84101.000000,84167.000000,254
2025-08-27 16:30,84167.000000,84173.000000,84140.000000,84140.000000,130
2025-08-27 16:45,84140.000000,84144.000000,84101.000000,84110.000000,236
2025-08-27 17:00,84117.000000,84126.000000,84113.000000,84119.000000,109
2025-08-27 17:15,84112.000000,84119.000000,84110.000000,84116.000000,68
2025-08-27 17:30,84136.000000,84136.000000,84110.000000,84110.000000,37
2025-08-27 17:45,84111.000000,84120.000000,84110.000000,84120.000000,29
2025-08-27 18:00,84120.000000,84120.000000,84100.000000,84100.000000,176
2025-08-27 18:15,84100.000000,84104.000000,84055.000000,84102.000000,164
2025-08-27 18:30,84102.000000,84110.000000,84101.000000,84102.000000,57
2025-08-27 18:45,84092.000000,84100.000000,84064.000000,84100.000000,130
2025-08-27 19:00,84104.000000,84108.000000,84090.000000,84090.000000,17
2025-08-27 19:15,84102.000000,84131.000000,84102.000000,84125.000000,24
2025-08-27 19:30,84127.000000,84127.000000,84114.000000,84118.000000,89
2025-08-27 19:45,84118.000000,84118.000000,84104.000000,84105.000000,92
2025-08-27 20:00,84104.000000,84104.000000,84071.000000,84085.000000,70
2025-08-27 20:15,84089.000000,84104.000000,84078.000000,84102.000000,58
2025-08-27 20:30,84106.000000,84114.000000,84096.000000,84096.000000,60
2025-08-27 20:45,84103.000000,84114.000000,84096.000000,84114.000000,24
2025-08-28 06:00,84095.000000,84208.000000,84068.000000,84178.000000,235
2025-08-28 06:15,84145.000000,84146.000000,84092.000000,84139.000000,376
2025-08-28 06:30,84144.000000,84181.000000,84138.000000,84160.000000,113
2025-08-28 06:45,84158.000000,84183.000000,84099.000000,84100.000000,344
2025-08-28 07:00,84099.000000,84099.000000,83957.000000,83974.000000,2547
2025-08-28 07:15,83973.000000,83977.000000,83850.000000,83897.000000,3882
2025-08-28 07:30,83883.000000,83989.000000,83878.000000,83953.000000,480
2025-08-28 07:45,83939.000000,83941.000000,83833.000000,83844.000000,4055
2025-08-28 08:00,83844.000000,83863.000000,83765.000000,83812.000000,16229
2025-08-28 08:15,83820.000000,83847.000000,83808.000000,83832.000000,5513
2025-08-28 08:30,83832.000000,83860.000000,83794.000000,83830.000000,4468
2025-08-28 08:45,83828.000000,83893.000000,83779.000000,83818.000000,2536
2025-08-28 09:00,83820.000000,83910.000000,83789.000000,83818.000000,7195
2025-08-28 09:15,83825.000000,83845.000000,83800.000000,83825.000000,4835
2025-08-28 09:30,83825.000000,83849.000000,83800.000000,83819.000000,2532
2025-08-28 09:45,83819.000000,83821.000000,83790.000000,83819.000000,2918
2025-08-28 10:00,83819.000000,83819.000000,83773.000000,83787.000000,2204
2025-08-28 10:15,83794.000000,83808.000000,83735.000000,83738.000000,7600
2025-08-28 10:30,83737.000000,83782.000000,83702.000000,83756.000000,2630
2025-08-28 10:45,83746.000000,83840.000000,83745.000000,83800.000000,1453
2025-08-28 11:00,83800.000000,83817.000000,83720.000000,83757.000000,922
2025-08-28 11:15,83756.000000,83758.000000,83676.000000,83752.000000,6571
2025-08-28 11:30,83751.000000,83784.000000,83749.000000,83775.000000,8172
2025-08-28 11:45,83774.000000,83787.000000,83768.000000,83782.000000,751
2025-08-28 12:00,83782.000000,83800.000000,83750.000000,83784.000000,3706
2025-08-28 12:15,83790.000000,83796.000000,83756.000000,83788.000000,474
2025-08-28 12:30,83751.000000,83776.000000,83600.000000,83612.000000,2253
2025-08-28 12:45,83604.000000,83664.000000,83600.000000,83662.000000,1533
2025-08-28 13:00,83670.000000,83685.000000,83601.000000,83682.000000,1237
2025-08-28 13:15,83677.000000,83697.000000,83629.000000,83638.000000,453
2025-08-28 13:30,83640.000000,83681.000000,83625.000000,83665.000000,599
2025-08-28 13:45,83666.000000,83670.000000,83615.000000,83659.000000,641
2025-08-28 14:00,83639.000000,83710.000000,83639.000000,83675.000000,386
2025-08-28 14:15,83676.000000,83745.000000,83671.000000,83716.000000,322
2025-08-28 14:30,83721.000000,83744.000000,83666.000000,83672.000000,666
2025-08-28 14:45,83667.000000,83690.000000,83651.000000,83686.000000,129
2025-08-28 15:00,83700.000000,83700.000000,83630.000000,83639.000000,3452
2025-08-28 15:15,83640.000000,83690.000000,83620.000000,83661.000000,1135
2025-08-28 15:30,83660.000000,83750.000000,83657.000000,83730.000000,1467
2025-08-28 15:45,83732.000000,83740.000000,83727.000000,83732.000000,252
2025-08-28 16:45,83731.000000,83785.000000,83680.000000,83722.000000,459
2025-08-28 17:00,83712.000000,83751.000000,83690.000000,83746.000000,139
2025-08-28 17:15,83771.000000,83780.000000,83732.000000,83764.000000,161
2025-08-28 17:30,83774.000000,83825.000000,83750.000000,83810.000000,337
2025-08-28 17:45,83820.000000,83969.000000,83799.000000,83957.000000,546
2025-08-28 18:00,83939.000000,84012.000000,83939.000000,83946.000000,688
2025-08-28 18:15,83950.000000,83950.000000,83888.000000,83922.000000,98
2025-08-28 18:30,83914.000000,83919.000000,83853.000000,83910.000000,200
2025-08-28 18:45,83894.000000,84015.000000,83817.000000,83944.000000,790
2025-08-28 19:00,83944.000000,83952.000000,83890.000000,83890.000000,141
2025-08-28 19:15,83895.000000,83908.000000,83873.000000,83880.000000,146
2025-08-28 19:30,83850.000000,83895.000000,83850.000000,83892.000000,57
2025-08-28 19:45,83900.000000,83922.000000,83879.000000,83879.000000,139
2025-08-28 20:00,83876.000000,83878.000000,83808.000000,83836.000000,63
2025-08-28 20:15,83831.000000,83831.000000,83815.000000,83831.000000,18
2025-08-28 20:30,83825.000000,83828.000000,83815.000000,83826.000000,119
2025-08-28 20:45,83818.000000,83834.000000,83817.000000,83834.000000,6
2025-08-29 05:45,83805.000000,83805.000000,83805.000000,83805.000000,1
2025-08-29 06:00,83851.000000,83860.000000,83768.000000,83806.000000,371
2025-08-29 06:15,83807.000000,83906.000000,83800.000000,83906.000000,143
2025-08-29 06:30,83949.000000,83989.000000,83882.000000,83950.000000,677
2025-08-29 06:45,83950.000000,84007.000000,83830.000000,83899.000000,2822
2025-08-29 07:00,83891.000000,84000.000000,83748.000000,83882.000000,2786
2025-08-29 07:15,83883.000000,83969.000000,83848.000000,83927.000000,1496
2025-08-29 07:30,83930.000000,84000.000000,83859.000000,83859.000000,2303
2025-08-29 07:45,83862.000000,83868.000000,83736.000000,83835.000000,2286
2025-08-29 08:00,83836.000000,83861.000000,83738.000000,83746.000000,3600
2025-08-29 08:15,83746.000000,83761.000000,83705.000000,83722.000000,3059
2025-08-29 08:30,83725.000000,83735.000000,83701.000000,83724.000000,4117
2025-08-29 08:45,83724.000000,83864.000000,83724.000000,83848.000000,2534
2025-08-29 09:00,83830.000000,83841.000000,83767.000000,83785.000000,11705
2025-08-29 09:15,83776.000000,83818.000000,83736.000000,83803.000000,9684
2025-08-29 09:30,83819.000000,83829.000000,83730.000000,83785.000000,17874
2025-08-29 09:45,83798.000000,83815.000000,83735.000000,83757.000000,39497
2025-08-29 10:00,83757.000000,83820.000000,83703.000000,83707.000000,8655
2025-08-29 10:15,83705.000000,83711.000000,83650.000000,83684.000000,11471
2025-08-29 10:30,83685.000000,83774.000000,83684.000000,83765.000000,16413
2025-08-29 10:45,83770.000000,83800.000000,83743.000000,83777.000000,14727
2025-08-29 11:00,83782.000000,83816.000000,83772.000000,83803.000000,1586
2025-08-29 11:15,83803.000000,83808.000000,83738.000000,83757.000000,2573
2025-08-29 11:30,83757.000000,83766.000000,83673.000000,83746.000000,2298
2025-08-29 11:45,83746.000000,83763.000000,83711.000000,83712.000000,15953
2025-08-29 12:00,83711.000000,83729.000000,83699.000000,83721.000000,12156
2025-08-29 12:15,83722.000000,83780.000000,83722.000000,83742.000000,990
2025-08-29 12:30,83742.000000,83806.000000,83738.000000,83762.000000,2532
2025-08-29 12:45,83780.000000,83793.000000,83757.000000,83759.000000,1236
2025-08-29 13:00,83755.000000,83755.000000,83642.000000,83709.000000,4959
2025-08-29 13:15,83709.000000,83709.000000,83612.000000,83650.000000,15569
2025-08-29 13:30,83647.000000,83685.000000,83600.000000,83601.000000,1812
2025-08-29 13:45,83602.000000,83655.000000,83560.000000,83635.000000,2949
2025-08-29 14:00,83623.000000,83663.000000,83614.000000,83653.000000,1260
2025-08-29 14:15,83656.000000,83672.000000,83602.000000,83602.000000,3951
2025-08-29 14:30,83602.000000,83634.000000,83585.000000,83585.000000,2528
2025-08-29 14:45,83585.000000,83639.000000,83583.000000,83622.000000,827
2025-08-29 15:00,83620.000000,83655.000000,83618.000000,83652.000000,1457
2025-08-29 15:15,83652.000000,83695.000000,83641.000000,83678.000000,1202
2025-08-29 15:30,83678.000000,83709.000000,83661.000000,83680.000000,1464
2025-08-29 15:45,83673.000000,83680.000000,83641.000000,83651.000000,578
2025-08-29 16:00,83640.000000,83655.000000,83621.000000,83630.000000,422
2025-08-29 16:15,83630.000000,83713.000000,83621.000000,83706.000000,547
2025-08-29 16:30,83695.000000,83705.000000,83667.000000,83679.000000,50
2025-08-29 16:45,83668.000000,83668.000000,83630.000000,83636.000000,142
2025-08-29 17:00,83630.000000,83649.000000,83625.000000,83647.000000,90
2025-08-29 17:15,83644.000000,83660.000000,83640.000000,83658.000000,9
2025-08-29 17:30,83648.000000,83661.000000,83648.000000,83652.000000,33
2025-08-29 17:45,83658.000000,83664.000000,83648.000000,83654.000000,47
2025-08-29 18:00,83649.000000,83683.000000,83640.000000,83682.000000,82
2025-08-29 18:15,83692.000000,83700.000000,83668.000000,83670.000000,96
2025-08-29 18:30,83670.000000,83680.000000,83660.000000,83676.000000,65
2025-08-29 18:45,83677.000000,83679.000000,83644.000000,83646.000000,100
2025-08-29 19:00,83653.000000,83661.000000,83645.000000,83660.000000,52
2025-08-29 19:15,83647.000000,83667.000000,83647.000000,83664.000000,30
2025-08-29 19:30,83678.000000,83679.000000,83670.000000,83678.000000,82
2025-08-29 19:45,83678.000000,83679.000000,83668.000000,83672.000000,144
2025-08-29 20:00,83673.000000,83675.000000,83671.000000,83674.000000,20
2025-08-29 20:15,83676.000000,83676.000000,83649.000000,83669.000000,81
2025-08-29 20:30,83678.000000,83679.000000,83657.000000,83657.000000,93
2025-08-29 20:45,83657.000000,83698.000000,83657.000000,83657.000000,46
2025-09-01 05:45,83748.000000,83748.000000,83748.000000,83748.000000,50
2025-09-01 06:00,83671.000000,83713.000000,83640.000000,83657.000000,718
2025-09-01 06:15,83643.000000,83643.000000,83619.000000,83624.000000,293
2025-09-01 06:30,83622.000000,83630.000000,83587.000000,83593.000000,734
2025-09-01 06:45,83588.000000,83681.000000,83520.000000,83657.000000,559
2025-09-01 07:00,83657.000000,83657.000000,83520.000000,83522.000000,1634
2025-09-01 07:15,83521.000000,83590.000000,83504.000000,83513.000000,2558
2025-09-01 07:30,83511.000000,83583.000000,83485.000000,83559.000000,1739
2025-09-01 07:45,83557.000000,83640.000000,83554.000000,83618.000000,2798
2025-09-01 08:00,83618.000000,83680.000000,83572.000000,83591.000000,2214
2025-09-01 08:15,83586.000000,83616.000000,83539.000000,83597.000000,1494
2025-09-01 08:30,83598.000000,83652.000000,83558.000000,83640.000000,824
2025-09-01 08:45,83642.000000,83653.000000,83599.000000,83617.000000,675
2025-09-01 09:00,83617.000000,83617.000000,83580.000000,83610.000000,517
2025-09-01 09:15,83601.000000,83640.000000,83575.000000,83608.000000,982
2025-09-01 09:30,83607.000000,83646.000000,83594.000000,83620.000000,706
2025-09-01 09:45,83620.000000,83646.000000,83585.000000,83623.000000,750
2025-09-01 10:00,83619.000000,83679.000000,83590.000000,83629.000000,2063
2025-09-01 10:15,83620.000000,83627.000000,83414.000000,83502.000000,6726
2025-09-01 10:30,83501.000000,83539.000000,83408.000000,83499.000000,2311
2025-09-01 10:45,83506.000000,83520.000000,83478.000000,83516.000000,958
2025-09-01 11:00,83514.000000,83514.000000,83460.000000,83490.000000,650
2025-09-01 11:15,83500.000000,83509.000000,83454.000000,83486.000000,285
2025-09-01 11:30,83484.000000,83531.000000,83475.000000,83510.000000,1211
2025-09-01 11:45,83510.000000,83622.000000,83509.000000,83555.000000,4998
2025-09-01 12:00,83553.000000,83588.000000,83548.000000,83565.000000,847
2025-09-01 12:15,83557.000000,83598.000000,83543.000000,83571.000000,944
2025-09-01 12:30,83571.000000,83593.000000,83298.000000,83354.000000,8402
2025-09-01 12:45,83354.000000,83427.000000,83304.000000,83304.000000,2537
2025-09-01 13:00,83304.000000,83422.000000,83285.000000,83421.000000,3388
2025-09-01 13:15,83421.000000,83503.000000,83391.000000,83402.000000,806
2025-09-01 13:30,83414.000000,83443.000000,83394.000000,83435.000000,347
2025-09-01 13:45,83442.000000,83453.000000,83391.000000,83412.000000,2056
2025-09-01 14:00,83412.000000,83431.000000,83342.000000,83366.000000,2125
2025-09-01 14:15,83366.000000,83436.000000,83337.000000,83426.000000,2046
2025-09-01 14:30,83420.000000,83480.000000,83414.000000,83425.000000,4378
2025-09-01 14:45,83425.000000,83462.000000,83415.000000,83441.000000,3922
2025-09-01 15:00,83441.000000,83450.000000,83431.000000,83431.000000,1443
2025-09-01 15:15,83431.000000,83437.000000,83409.000000,83423.000000,3523
2025-09-01 15:30,83423.000000,83430.000000,83400.000000,83420.000000,6568
2025-09-01 15:45,83420.000000,83450.000000,83415.000000,83450.000000,1546
2025-09-01 16:00,83450.000000,83461.000000,83419.000000,83440.000000,662
2025-09-01 16:15,83452.000000,83470.000000,83450.000000,83456.000000,348
2025-09-01 16:30,83465.000000,83465.000000,83405.000000,83440.000000,855
2025-09-01 16:45,83444.000000,83500.000000,83444.000000,83475.000000,242
2025-09-01 17:00,83480.000000,83498.000000,83475.000000,83490.000000,145
2025-09-01 17:15,83489.000000,83489.000000,83467.000000,83481.000000,98
2025-09-01 17:30,83481.000000,83485.000000,83450.000000,83473.000000,175
2025-09-01 17:45,83480.000000,83484.000000,83428.000000,83428.000000,749
2025-09-01 18:00,83451.000000,83454.000000,83428.000000,83428.000000,67
2025-09-01 18:15,83432.000000,83433.000000,83425.000000,83425.000000,61
2025-09-01 18:30,83422.000000,83448.000000,83422.000000,83448.000000,90
2025-09-01 18:45,83448.000000,83477.000000,83434.000000,83438.000000,83
2025-09-01 19:00,83434.000000,83434.000000,83409.000000,83409.000000,86
2025-09-01 19:15,83401.000000,83422.000000,83400.000000,83414.000000,82
2025-09-01 19:30,83401.000000,83418.000000,83371.000000,83371.000000,193
2025-09-01 19:45,83360.000000,83374.000000,83231.000000,83298.000000,1281
2025-09-01 20:00,83298.000000,83305.000000,83251.000000,83295.000000,224
2025-09-01 20:15,83295.000000,83328.000000,83295.000000,83328.000000,118
2025-09-01 20:30,83325.000000,83347.000000,83314.000000,83347.000000,48
2025-09-01 20:45,83353.000000,83356.000000,83352.000000,83354.000000,22
2025-09-02 05:45,83390.000000,83390.000000,83390.000000,83390.000000,1
2025-09-02 06:00,83390.000000,83450.000000,83301.000000,83390.000000,743
2025-09-02 06:15,83391.000000,83393.000000,83300.000000,83393.000000,1186
2025-09-02 06:30,83393.000000,83424.000000,83329.000000,83337.000000,736
2025-09-02 06:45,83332.000000,83382.000000,83313.000000,83380.000000,201
2025-09-02 07:00,83387.000000,83543.000000,83335.000000,83524.000000,3026
2025-09-02 07:15,83527.000000,83583.000000,83486.000000,83500.000000,2048
2025-09-02 07:30,83509.000000,83642.000000,83500.000000,83622.000000,2634
2025-09-02 07:45,83622.000000,83696.000000,83622.000000,83650.000000,12327
2025-09-02 08:00,83650.000000,83655.000000,83590.000000,83597.000000,1370
2025-09-02 08:15,83604.000000,83680.000000,83584.000000,83649.000000,846
2025-09-02 08:30,83649.000000,83653.000000,83581.000000,83581.000000,498
2025-09-02 08:45,83584.000000,83628.000000,83537.000000,83621.000000,440
2025-09-02 09:00,83620.000000,83676.000000,83595.000000,83665.000000,1481
2025-09-02 09:15,83665.000000,83677.000000,83522.000000,83624.000000,2630
2025-09-02 09:30,83650.000000,83670.000000,83621.000000,83664.000000,1766
2025-09-02 09:45,83663.000000,83676.000000,83641.000000,83676.000000,757
2025-09-02 10:00,83673.000000,83775.000000,83673.000000,83712.000000,5081
2025-09-02 10:15,83712.000000,83745.000000,83691.000000,83729.000000,1539
2025-09-02 10:30,83744.000000,83744.000000,83677.000000,83693.000000,1874
2025-09-02 10:45,83699.000000,83733.000000,83662.000000,83682.000000,809
2025-09-02 11:00,83682.000000,83720.000000,83660.000000,83713.000000,1381
2025-09-02 11:15,83722.000000,83743.000000,83713.000000,83720.000000,669
2025-09-02 11:30,83720.000000,83732.000000,83706.000000,83711.000000,9926
2025-09-02 11:45,83701.000000,83701.000000,83616.000000,83654.000000,6441
2025-09-02 12:00,83664.000000,83671.000000,83620.000000,83641.000000,373
2025-09-02 12:15,83640.000000,83691.000000,83637.000000,83656.000000,1028
2025-09-02 12:30,83661.000000,83698.000000,83639.000000,83680.000000,2919
2025-09-02 12:45,83699.000000,83718.000000,83690.000000,83710.000000,710
2025-09-02 13:00,83711.000000,83745.000000,83709.000000,83724.000000,1109
2025-09-02 13:15,83716.000000,83716.000000,83681.000000,83704.000000,1230
2025-09-02 13:30,83690.000000,83691.000000,83646.000000,83649.000000,886
2025-09-02 13:45,83650.000000,83650.000000,83576.000000,83608.000000,5638
2025-09-02 14:00,83600.000000,83611.000000,83571.000000,83591.000000,469
2025-09-02 14:15,83591.000000,83623.000000,83591.000000,83623.000000,825
2025-09-02 14:30,83627.000000,83634.000000,83600.000000,83611.000000,363
2025-09-02 14:45,83620.000000,83690.000000,83600.000000,83690.000000,325
2025-09-02 15:00,83690.000000,83700.000000,83591.000000,83600.000000,1775
2025-09-02 15:15,83600.000000,83671.000000,83597.000000,83659.000000,748
2025-09-02 15:30,83654.000000,83720.000000,83650.000000,83705.000000,1912
2025-09-02 15:45,83712.000000,83719.000000,83697.000000,83719.000000,375
2025-09-02 16:00,83720.000000,83720.000000,83677.000000,83677.000000,208
2025-09-02 16:15,83677.000000,83682.000000,83656.000000,83666.000000,137
2025-09-02 16:30,83666.000000,83670.000000,83650.000000,83650.000000,473
2025-09-02 16:45,83660.000000,83660.000000,83630.000000,83640.000000,178
2025-09-02 17:00,83641.000000,83662.000000,83636.000000,83647.000000,139
2025-09-02 17:15,83647.000000,83667.000000,83634.000000,83654.000000,135
2025-09-02 17:30,83635.000000,83653.000000,83630.000000,83645.000000,188
2025-09-02 17:45,83647.000000,83670.000000,83644.000000,83670.000000,58
2025-09-02 18:00,83678.000000,83682.000000,83656.000000,83665.000000,192
2025-09-02 18:15,83663.000000,83674.000000,83543.000000,83550.000000,1257
2025-09-02 18:30,83555.000000,83577.000000,83551.000000,83562.000000,95
2025-09-02 18:45,83565.000000,83607.000000,83562.000000,83596.000000,80
2025-09-02 19:00,83594.000000,83602.000000,83577.000000,83577.000000,122
2025-09-02 19:15,83577.000000,83577.000000,83527.000000,83531.000000,462
2025-09-02 19:30,83531.000000,83554.000000,83526.000000,83550.000000,116
2025-09-02 19:45,83554.000000,83610.000000,83554.000000,83602.000000,181
2025-09-02 20:00,83594.000000,83650.000000,83591.000000,83650.000000,59
2025-09-02 20:15,83650.000000,83651.000000,83622.000000,83642.000000,44
2025-09-02 20:30,83632.000000,83651.000000,83619.000000,83651.000000,56
2025-09-02 20:45,83656.000000,83656.000000,83608.000000,83608.000000,45
2025-09-03 06:00,83670.000000,83682.000000,83623.000000,83623.000000,200
2025-09-03 06:15,83622.000000,83681.000000,83610.000000,83679.000000,230
2025-09-03 06:30,83677.000000,83704.000000,83674.000000,83674.000000,180
2025-09-03 06:45,83672.000000,83727.000000,83672.000000,83700.000000,436
2025-09-03 07:00,83694.000000,83789.000000,83684.000000,83740.000000,1829
2025-09-03 07:15,83759.000000,83820.000000,83698.000000,83800.000000,1887
2025-09-03 07:30,83800.000000,83836.000000,83785.000000,83830.000000,1354
2025-09-03 07:45,83835.000000,83861.000000,83775.000000,83788.000000,4598
2025-09-03 08:00,83788.000000,83879.000000,83777.000000,83798.000000,4621
2025-09-03 08:15,83798.000000,83836.000000,83780.000000,83815.000000,3092
2025-09-03 08:30,83823.000000,83915.000000,83823.000000,83893.000000,7700
2025-09-03 08:45,83903.000000,83948.000000,83885.000000,83940.000000,4433
2025-09-03 09:00,83942.000000,83982.000000,83890.000000,83976.000000,3016
2025-09-03 09:15,83976.000000,83990.000000,83906.000000,83944.000000,4060
2025-09-03 09:30,83947.000000,84022.000000,83947.000000,84019.000000,2692
2025-09-03 09:45,84027.000000,84041.000000,83991.000000,84012.000000,2708
2025-09-03 10:00,84012.000000,84033.000000,83967.000000,83982.000000,1902
2025-09-03 10:15,83982.000000,83999.000000,83941.000000,83942.000000,3704
2025-09-03 10:30,83942.000000,83971.000000,83906.000000,83959.000000,6348
2025-09-03 10:45,83961.000000,84089.000000,83961.000000,84025.000000,5960
2025-09-03 11:00,84025.000000,84060.000000,83942.000000,84004.000000,3614
2025-09-03 11:15,84003.000000,84032.000000,84000.000000,84016.000000,4809
2025-09-03 11:30,84016.000000,84080.000000,83970.000000,84000.000000,8580
2025-09-03 11:45,84000.000000,84004.000000,83843.000000,83907.000000,6425
2025-09-03 12:00,83907.000000,83971.000000,83900.000000,83919.000000,6454
2025-09-03 12:15,83919.000000,83927.000000,83915.000000,83918.000000,4116
2025-09-03 12:30,83918.000000,83946.000000,83915.000000,83915.000000,4551
2025-09-03 12:45,83916.000000,83990.000000,83915.000000,83951.000000,8566
2025-09-03 13:00,83953.000000,84000.000000,83932.000000,83940.000000,10287
2025-09-03 13:15,83941.000000,83953.000000,83917.000000,83940.000000,2824
2025-09-03 13:30,83932.000000,84100.000000,83932.000000,84008.000000,6578
2025-09-03 13:45,84001.000000,84005.000000,83968.000000,83984.000000,2835
2025-09-03 14:00,83973.000000,84016.000000,83968.000000,83996.000000,3158
2025-09-03 14:15,83990.000000,83994.000000,83970.000000,83979.000000,1430
2025-09-03 14:30,83974.000000,84000.000000,83970.000000,83972.000000,389
2025-09-03 14:45,83972.000000,83972.000000,83954.000000,83964.000000,2372
2025-09-03 15:00,83968.000000,83971.000000,83939.000000,83958.000000,2080
2025-09-03 15:15,83951.000000,83954.000000,83922.000000,83950.000000,583
2025-09-03 15:30,83934.000000,83946.000000,83929.000000,83938.000000,512
2025-09-03 15:45,83946.000000,83949.000000,83920.000000,83920.000000,888
2025-09-03 16:00,83948.000000,83985.000000,83911.000000,83963.000000,214
2025-09-03 16:15,83950.000000,83950.000000,83905.000000,83918.000000,432
2025-09-03 16:30,83916.000000,83936.000000,83912.000000,83912.000000,308
2025-09-03 16:45,83923.000000,83960.000000,83923.000000,83928.000000,28
2025-09-03 17:00,83936.000000,83969.000000,83923.000000,83926.000000,45
2025-09-03 17:15,83926.000000,83951.000000,83924.000000,83951.000000,14
2025-09-03 17:30,83935.000000,83937.000000,83929.000000,83931.000000,63
2025-09-03 17:45,83941.000000,83984.000000,83940.000000,83981.000000,92
2025-09-03 18:00,83983.000000,84035.000000,83975.000000,83977.000000,227
2025-09-03 18:15,83976.000000,84028.000000,83973.000000,84016.000000,71
2025-09-03 18:30,84018.000000,84018.000000,83900.000000,83900.000000,594
2025-09-03 18:45,83900.000000,83928.000000,83900.000000,83916.000000,159
2025-09-03 19:00,83924.000000,83933.000000,83840.000000,83851.000000,1008
2025-09-03 19:15,83872.000000,83914.000000,83854.000000,83903.000000,446
2025-09-03 19:30,83904.000000,83932.000000,83883.000000,83918.000000,188
2025-09-03 19:45,83918.000000,83943.000000,83918.000000,83943.000000,29
2025-09-03 20:00,83943.000000,83943.000000,83934.000000,83936.000000,158
2025-09-03 20:15,83930.000000,83948.000000,83911.000000,83936.000000,150
2025-09-03 20:30,83941.000000,83988.000000,83936.000000,83988.000000,162
2025-09-03 20:45,83988.000000,83988.000000,83970.000000,83970.000000,363
2025-09-04 05:45,83970.000000,83970.000000,83970.000000,83970.000000,8
2025-09-04 06:00,84037.000000,84088.000000,83967.000000,84032.000000,961
2025-09-04 06:15,84037.000000,84044.000000,84001.000000,84011.000000,443
2025-09-04 06:30,84011.000000,84025.000000,83990.000000,84002.000000,550
2025-09-04 06:45,83982.000000,84000.000000,83967.000000,83983.000000,377
2025-09-04 07:00,83983.000000,84096.000000,83969.000000,84040.000000,5622
2025-09-04 07:15,84043.000000,84120.000000,84024.000000,84120.000000,5608
2025-09-04 07:30,84121.000000,84127.000000,84070.000000,84090.000000,4028
2025-09-04 07:45,84091.000000,84106.000000,84033.000000,84053.000000,2769
2025-09-04 08:00,84053.000000,84188.000000,84051.000000,84107.000000,5056
2025-09-04 08:15,84109.000000,84307.000000,84108.000000,84182.000000,4466
2025-09-04 08:30,84191.000000,84364.000000,84189.000000,84355.000000,8214
2025-09-04 08:45,84355.000000,84395.000000,84269.000000,84386.000000,12722
2025-09-04 09:00,84386.000000,84469.000000,84288.000000,84295.000000,4292
2025-09-04 09:15,84295.000000,84307.000000,84250.000000,84258.000000,3408
2025-09-04 09:30,84258.000000,84350.000000,84241.000000,84292.000000,3495
2025-09-04 09:45,84292.000000,84354.000000,84263.000000,84264.000000,2803
2025-09-04 10:00,84263.000000,84281.000000,84228.000000,84233.000000,3222
2025-09-04 10:15,84238.000000,84359.000000,84230.000000,84334.000000,5200
2025-09-04 10:30,84334.000000,84338.000000,84206.000000,84210.000000,6400
2025-09-04 10:45,84217.000000,84252.000000,84195.000000,84196.000000,5300
2025-09-04 11:00,84196.000000,84214.000000,84161.000000,84161.000000,2874
2025-09-04 11:15,84161.000000,84176.000000,84061.000000,84144.000000,4222
2025-09-04 11:30,84147.000000,84245.000000,84144.000000,84235.000000,9893
2025-09-04 11:45,84235.000000,84238.000000,84177.000000,84201.000000,3486
2025-09-04 12:00,84201.000000,84226.000000,84199.000000,84207.000000,3876
2025-09-04 12:15,84207.000000,84229.000000,84150.000000,84212.000000,6741
2025-09-04 12:30,84212.000000,84212.000000,84170.000000,84184.000000,6507
2025-09-04 12:45,84181.000000,84291.000000,84170.000000,84276.000000,6063
2025-09-04 13:00,84282.000000,84286.000000,84207.000000,84270.000000,8038
2025-09-04 13:15,84259.000000,84284.000000,84235.000000,84251.000000,5476
2025-09-04 13:30,84253.000000,84255.000000,84200.000000,84225.000000,3777
2025-09-04 13:45,84225.000000,84235.000000,84190.000000,84194.000000,4335
2025-09-04 14:00,84198.000000,84290.000000,84173.000000,84200.000000,4995
2025-09-04 14:15,84200.000000,84450.000000,84191.000000,84296.000000,10076
2025-09-04 14:30,84296.000000,84379.000000,84230.000000,84245.000000,5119
2025-09-04 14:45,84246.000000,84279.000000,84238.000000,84262.000000,5530
2025-09-04 15:00,84259.000000,84326.000000,84250.000000,84290.000000,4979
2025-09-04 15:15,84290.000000,84303.000000,84260.000000,84270.000000,3838
2025-09-04 15:30,84270.000000,84270.000000,84220.000000,84225.000000,4686
2025-09-04 15:45,84225.000000,84227.000000,84203.000000,84205.000000,1096
2025-09-04 16:00,84200.000000,84314.000000,84200.000000,84255.000000,476
2025-09-04 16:15,84256.000000,84368.000000,84247.000000,84345.000000,539
2025-09-04 16:30,84355.000000,84403.000000,84343.000000,84371.000000,721
2025-09-04 16:45,84363.000000,84398.000000,84353.000000,84353.000000,220
2025-09-04 17:00,84343.000000,84343.000000,84326.000000,84330.000000,130
2025-09-04 17:15,84330.000000,84357.000000,84330.000000,84355.000000,230
2025-09-04 17:30,84352.000000,84374.000000,84346.000000,84372.000000,116
2025-09-04 17:45,84369.000000,84375.000000,84316.000000,84316.000000,422
2025-09-04 18:00,84309.000000,84323.000000,84232.000000,84243.000000,708
2025-09-04 18:15,84237.000000,84281.000000,84237.000000,84260.000000,150
2025-09-04 18:30,84259.000000,84289.000000,84257.000000,84289.000000,365
2025-09-04 18:45,84289.000000,84290.000000,84288.000000,84288.000000,118
2025-09-04 19:00,84289.000000,84290.000000,84281.000000,84290.000000,528
2025-09-04 19:15,84286.000000,84327.000000,84286.000000,84303.000000,932
2025-09-04 19:30,84303.000000,84308.000000,84290.000000,84302.000000,26
2025-09-04 19:45,84303.000000,84354.000000,84300.000000,84310.000000,58
2025-09-04 20:00,84310.000000,84325.000000,84302.000000,84309.000000,54
2025-09-04 20:15,84307.000000,84336.000000,84302.000000,84328.000000,140
2025-09-04 20:30,84313.000000,84340.000000,84305.000000,84312.000000,260
2025-09-04 20:45,84304.000000,84304.000000,84267.000000,84288.000000,136
2025-09-05 05:45,84307.000000,84307.000000,84307.000000,84307.000000,1
2025-09-05 06:00,84299.000000,84329.000000,84252.000000,84290.000000,705
2025-09-05 06:15,84278.000000,84278.000000,84219.000000,84243.000000,365
2025-09-05 06:30,84233.000000,84246.000000,84219.000000,84219.000000,320
2025-09-05 06:45,84215.000000,84229.000000,84187.000000,84195.000000,1110
2025-09-05 07:00,84191.000000,84426.000000,84165.000000,84425.000000,2695
2025-09-05 07:15,84418.000000,84453.000000,84359.000000,84368.000000,2347
2025-09-05 07:30,84368.000000,84401.000000,84328.000000,84350.000000,3107
2025-09-05 07:45,84350.000000,84430.000000,84342.000000,84376.000000,5642
2025-09-05 08:00,84381.000000,84429.000000,84381.000000,84395.000000,1106
2025-09-05 08:15,84399.000000,84512.000000,84360.000000,84425.000000,3853
2025-09-05 08:30,84443.000000,84448.000000,84380.000000,84427.000000,2156
2025-09-05 08:45,84421.000000,84430.000000,84372.000000,84405.000000,835
2025-09-05 09:00,84406.000000,84504.000000,84401.000000,84504.000000,1736
2025-09-05 09:15,84504.000000,84544.000000,84499.000000,84517.000000,3253
2025-09-05 09:30,84517.000000,84652.000000,84478.000000,84600.000000,28204
2025-09-05 09:45,84600.000000,84637.000000,84555.000000,84627.000000,3560
2025-09-05 10:00,84627.000000,84700.000000,84625.000000,84672.000000,4333
2025-09-05 10:15,84672.000000,84687.000000,84587.000000,84653.000000,2517
2025-09-05 10:30,84655.000000,84671.000000,84616.000000,84661.000000,1359
2025-09-05 10:45,84641.000000,84670.000000,84625.000000,84638.000000,2356
2025-09-05 11:00,84631.000000,84656.000000,84549.000000,84562.000000,1487
2025-09-05 11:15,84558.000000,84640.000000,84549.000000,84595.000000,2233
2025-09-05 11:30,84596.000000,84620.000000,84555.000000,84561.000000,475
2025-09-05 11:45,84558.000000,84560.000000,84532.000000,84546.000000,3436
2025-09-05 12:00,84545.000000,84548.000000,84500.000000,84507.000000,2482
2025-09-05 12:15,84502.000000,84520.000000,84478.000000,84497.000000,6342
2025-09-05 12:30,84491.000000,84507.000000,84467.000000,84471.000000,7208
2025-09-05 12:45,84471.000000,84494.000000,84458.000000,84482.000000,5599
2025-09-05 13:00,84482.000000,84498.000000,84390.000000,84496.000000,11783
2025-09-05 13:15,84496.000000,84539.000000,84477.000000,84539.000000,3613
2025-09-05 13:30,84535.000000,84590.000000,84528.000000,84573.000000,2960
2025-09-05 13:45,84567.000000,84575.000000,84523.000000,84563.000000,3008
2025-09-05 14:00,84563.000000,84598.000000,84505.000000,84523.000000,3416
2025-09-05 14:15,84521.000000,84607.000000,84500.000000,84599.000000,3384
2025-09-05 14:30,84602.000000,84611.000000,84538.000000,84564.000000,3449
2025-09-05 14:45,84566.000000,84618.000000,84546.000000,84571.000000,2695
2025-09-05 15:00,84571.000000,84600.000000,84548.000000,84566.000000,2685
2025-09-05 15:15,84566.000000,84610.000000,84561.000000,84600.000000,2834
2025-09-05 15:30,84599.000000,84616.000000,84571.000000,84576.000000,1939
2025-09-05 15:45,84576.000000,84596.000000,84570.000000,84590.000000,698
2025-09-05 16:00,84570.000000,84627.000000,84481.000000,84610.000000,404
2025-09-05 16:15,84613.000000,84666.000000,84610.000000,84640.000000,292
2025-09-05 16:30,84628.000000,84630.000000,84592.000000,84606.000000,482
2025-09-05 16:45,84603.000000,84606.000000,84594.000000,84606.000000,57
2025-09-05 17:00,84602.000000,84603.000000,84552.000000,84578.000000,215
2025-09-05 17:15,84578.000000,84593.000000,84576.000000,84586.000000,132
2025-09-05 17:30,84594.000000,84594.000000,84550.000000,84554.000000,269
2025-09-05 17:45,84554.000000,84576.000000,84554.000000,84576.000000,63
2025-09-05 18:00,84574.000000,84584.000000,84563.000000,84565.000000,119
2025-09-05 18:15,84577.000000,84589.000000,84563.000000,84589.000000,94
2025-09-05 18:30,84593.000000,84629.000000,84579.000000,84619.000000,372
2025-09-05 18:45,84615.000000,84630.000000,84605.000000,84605.000000,50
2025-09-05 19:00,84618.000000,84619.000000,84592.000000,84605.000000,125
2025-09-05 19:15,84605.000000,84605.000000,84563.000000,84584.000000,119
2025-09-05 19:30,84584.000000,84615.000000,84578.000000,84610.000000,198
2025-09-05 19:45,84616.000000,84621.000000,84600.000000,84619.000000,112
2025-09-05 20:00,84616.000000,84626.000000,84603.000000,84605.000000,99
2025-09-05 20:15,84618.000000,84619.000000,84608.000000,84618.000000,29
2025-09-05 20:30,84618.000000,84630.000000,84599.000000,84625.000000,263
2025-09-05 20:45,84615.000000,84650.000000,84612.000000,84640.000000,87
2025-09-08 05:45,84640.000000,84640.000000,84640.000000,84640.000000,18
2025-09-08 06:00,84635.000000,84737.000000,84553.000000,84736.000000,2469
2025-09-08 06:15,84736.000000,84840.000000,84736.000000,84764.000000,1628
2025-09-08 06:30,84765.000000,84777.000000,84730.000000,84777.000000,1110
2025-09-08 06:45,84771.000000,84844.000000,84761.000000,84800.000000,696
2025-09-08 07:00,84809.000000,85096.000000,84800.000000,85033.000000,5418
2025-09-08 07:15,85048.000000,85105.000000,85004.000000,85010.000000,4909
2025-09-08 07:30,85010.000000,85068.000000,85000.000000,85031.000000,3893
2025-09-08 07:45,85031.000000,85040.000000,85000.000000,85007.000000,3213
2025-09-08 08:00,85012.000000,85019.000000,84947.000000,84947.000000,3958
2025-09-08 08:15,84948.000000,84971.000000,84900.000000,84934.000000,2562
2025-09-08 08:30,84938.000000,84950.000000,84901.000000,84906.000000,2932
2025-09-08 08:45,84908.000000,84935.000000,84890.000000,84910.000000,2393
2025-09-08 09:00,84910.000000,84950.000000,84910.000000,84950.000000,2170
2025-09-08 09:15,84949.000000,84988.000000,84940.000000,84966.000000,2931
2025-09-08 09:30,84967.000000,85000.000000,84960.000000,84982.000000,3195
2025-09-08 09:45,84989.000000,85025.000000,84988.000000,85008.000000,1766
2025-09-08 10:00,85008.000000,85017.000000,84994.000000,85016.000000,1344
2025-09-08 10:15,85025.000000,85080.000000,85003.000000,85053.000000,5551
2025-09-08 10:30,85050.000000,85070.000000,85050.000000,85070.000000,6536
2025-09-08 10:45,85070.000000,85079.000000,84979.000000,85027.000000,8465
2025-09-08 11:00,85027.000000,85070.000000,85014.000000,85055.000000,1232
2025-09-08 11:15,85059.000000,85078.000000,85041.000000,85078.000000,4256
2025-09-08 11:30,85078.000000,85080.000000,85067.000000,85079.000000,2792
2025-09-08 11:45,85080.000000,85090.000000,85063.000000,85088.000000,3855
2025-09-08 12:00,85086.000000,85139.000000,85086.000000,85139.000000,4288
2025-09-08 12:15,85139.000000,85197.000000,85112.000000,85140.000000,2375
2025-09-08 12:30,85141.000000,85164.000000,85081.000000,85138.000000,6624
2025-09-08 12:45,85130.000000,85338.000000,85127.000000,85238.000000,4775
2025-09-08 13:00,85239.000000,85284.000000,85220.000000,85280.000000,2681
2025-09-08 13:15,85279.000000,85412.000000,85276.000000,85363.000000,3436
2025-09-08 13:30,85367.000000,85400.000000,85294.000000,85305.000000,4492
2025-09-08 13:45,85305.000000,85347.000000,85290.000000,85343.000000,2316
2025-09-08 14:00,85342.000000,85384.000000,85325.000000,85351.000000,3300
2025-09-08 14:15,85360.000000,85385.000000,85320.000000,85320.000000,4491
2025-09-08 14:30,85321.000000,85573.000000,85300.000000,85485.000000,3214
2025-09-08 14:45,85486.000000,85514.000000,85360.000000,85372.000000,7854
2025-09-08 15:00,85367.000000,85674.000000,85362.000000,85623.000000,7166
2025-09-08 15:15,85625.000000,85725.000000,85579.000000,85687.000000,6277
2025-09-08 15:30,85705.000000,85754.000000,85621.000000,85625.000000,4676
2025-09-08 15:45,85625.000000,85650.000000,85617.000000,85617.000000,895
2025-09-08 16:00,85617.000000,85732.000000,85617.000000,85732.000000,1420
2025-09-08 16:15,85734.000000,85814.000000,85705.000000,85791.000000,2533
2025-09-08 16:30,85792.000000,85800.000000,85732.000000,85798.000000,2144
2025-09-08 16:45,85799.000000,85800.000000,85762.000000,85800.000000,1060
2025-09-08 17:00,85793.000000,85936.000000,85792.000000,85936.000000,1646
2025-09-08 17:15,85936.000000,85977.000000,85916.000000,85957.000000,1561
2025-09-08 17:30,85960.000000,85971.000000,85835.000000,85919.000000,1407
2025-09-08 17:45,85912.000000,85923.000000,85862.000000,85909.000000,831
2025-09-08 18:00,85922.000000,85950.000000,85860.000000,85890.000000,573
2025-09-08 18:15,85900.000000,85922.000000,85877.000000,85877.000000,147
2025-09-08 18:30,85878.000000,85880.000000,85859.000000,85872.000000,479
2025-09-08 18:45,85882.000000,85907.000000,85866.000000,85905.000000,174
2025-09-08 19:00,85900.000000,85900.000000,85865.000000,85876.000000,386
2025-09-08 19:15,85882.000000,85911.000000,85867.000000,85906.000000,574
2025-09-08 19:30,85905.000000,85916.000000,85866.000000,85882.000000,244
2025-09-08 19:45,85885.000000,85933.000000,85885.000000,85932.000000,457
2025-09-08 20:00,85943.000000,85946.000000,85914.000000,85931.000000,133
2025-09-08 20:15,85930.000000,85935.000000,85905.000000,85907.000000,276
2025-09-08 20:30,85916.000000,85933.000000,85907.000000,85932.000000,60
2025-09-08 20:45,85932.000000,85935.000000,85914.000000,85925.000000,29
2025-09-09 05:45,85925.000000,85925.000000,85925.000000,85925.000000,82
2025-09-09 06:00,85925.000000,86035.000000,85894.000000,85980.000000,2413
2025-09-09 06:15,85974.000000,86210.000000,85962.000000,86180.000000,3996
2025-09-09 06:30,86180.000000,86180.000000,86048.000000,86100.000000,2083
2025-09-09 06:45,86110.000000,86166.000000,86004.000000,86063.000000,3425
2025-09-09 07:00,86070.000000,86163.000000,86054.000000,86121.000000,3720
2025-09-09 07:15,86121.000000,86350.000000,86121.000000,86231.000000,5336
2025-09-09 07:30,86229.000000,86260.000000,86180.000000,86205.000000,3640
2025-09-09 07:45,86205.000000,86343.000000,86196.000000,86340.000000,3603
2025-09-09 08:00,86343.000000,86606.000000,86331.000000,86546.000000,7945
2025-09-09 08:15,86552.000000,86578.000000,86426.000000,86561.000000,9463
2025-09-09 08:30,86561.000000,86590.000000,86457.000000,86540.000000,5272
2025-09-09 08:45,86537.000000,86637.000000,86518.000000,86635.000000,5826
2025-09-09 09:00,86635.000000,86635.000000,86380.000000,86417.000000,4032
2025-09-09 09:15,86405.000000,86418.000000,86227.000000,86322.000000,10678
2025-09-09 09:30,86324.000000,86358.000000,86237.000000,86343.000000,6741
2025-09-09 09:45,86341.000000,86341.000000,86210.000000,86279.000000,4741
2025-09-09 10:00,86274.000000,86425.000000,86270.000000,86410.000000,4344
2025-09-09 10:15,86410.000000,86492.000000,86407.000000,86478.000000,4365
2025-09-09 10:30,86468.000000,86522.000000,86424.000000,86425.000000,3130
2025-09-09 10:45,86435.000000,86452.000000,86401.000000,86446.000000,1230
2025-09-09 11:00,86442.000000,86558.000000,86436.000000,86555.000000,1094
2025-09-09 11:15,86555.000000,86750.000000,86545.000000,86726.000000,3931
2025-09-09 11:30,86724.000000,86744.000000,86666.000000,86705.000000,4244
2025-09-09 11:45,86707.000000,86775.000000,86676.000000,86764.000000,5656
2025-09-09 12:00,86764.000000,86888.000000,86764.000000,86884.000000,9137
2025-09-09 12:15,86884.000000,87002.000000,86859.000000,87002.000000,2844
2025-09-09 12:30,87002.000000,87062.000000,86984.000000,87018.000000,6213
2025-09-09 12:45,87018.000000,87112.000000,87012.000000,87110.000000,7913
2025-09-09 13:00,87100.000000,87100.000000,86957.000000,86967.000000,4792
2025-09-09 13:15,86966.000000,86976.000000,86651.000000,86700.000000,10322
2025-09-09 13:30,86700.000000,86976.000000,86700.000000,86933.000000,6589
2025-09-09 13:45,86935.000000,86935.000000,86880.000000,86880.000000,2359
2025-09-09 14:00,86877.000000,87020.000000,86763.000000,86957.000000,3586
2025-09-09 14:15,86967.000000,87000.000000,86838.000000,86942.000000,3591
2025-09-09 14:30,86942.000000,86980.000000,86870.000000,86885.000000,2363
2025-09-09 14:45,86899.000000,86939.000000,86885.000000,86890.000000,1393
2025-09-09 15:00,86898.000000,86963.000000,86890.000000,86963.000000,2849
2025-09-09 15:15,86964.000000,87000.000000,86951.000000,86981.000000,3205
2025-09-09 15:30,86969.000000,87082.000000,86932.000000,87036.000000,1648
2025-09-09 15:45,87044.000000,87070.000000,87019.000000,87035.000000,506
2025-09-09 16:00,87076.000000,87128.000000,86965.000000,87004.000000,5074
2025-09-09 16:15,87000.000000,87019.000000,86910.000000,86965.000000,2425
2025-09-09 16:30,86965.000000,86980.000000,86910.000000,86916.000000,1443
2025-09-09 16:45,86908.000000,86980.000000,86888.000000,86943.000000,1546
2025-09-09 17:00,86939.000000,86948.000000,86904.000000,86924.000000,527
2025-09-09 17:15,86925.000000,86950.000000,86880.000000,86950.000000,984
2025-09-09 17:30,86950.000000,86998.000000,86882.000000,86951.000000,1756
2025-09-09 17:45,86952.000000,86973.000000,86932.000000,86969.000000,239
2025-09-09 18:00,86963.000000,86996.000000,86956.000000,86971.000000,445
2025-09-09 18:15,86976.000000,87016.000000,86976.000000,86999.000000,725
2025-09-09 18:30,87000.000000,87030.000000,87000.000000,87016.000000,605
2025-09-09 18:45,87017.000000,87069.000000,87016.000000,87069.000000,719
2025-09-09 19:00,87069.000000,87107.000000,87046.000000,87083.000000,1351
2025-09-09 19:15,87095.000000,87149.000000,87076.000000,87086.000000,979
2025-09-09 19:30,87092.000000,87150.000000,87090.000000,87103.000000,471
2025-09-09 19:45,87103.000000,87103.000000,87011.000000,87075.000000,740
2025-09-09 20:00,87066.000000,87068.000000,87028.000000,87037.000000,282
2025-09-09 20:15,87024.000000,87040.000000,87021.000000,87039.000000,85
2025-09-09 20:30,87038.000000,87048.000000,87010.000000,87010.000000,150
2025-09-09 20:45,87005.000000,87016.000000,86941.000000,86941.000000,665
2025-09-10 05:45,86900.000000,86942.000000,86900.000000,86942.000000,133
2025-09-10 06:00,87036.000000,87219.000000,87002.000000,87050.000000,3213
2025-09-10 06:15,87049.000000,87275.000000,87031.000000,87206.000000,3136
2025-09-10 06:30,87223.000000,87270.000000,87202.000000,87260.000000,1223
2025-09-10 06:45,87262.000000,87289.000000,87150.000000,87199.000000,3198
2025-09-10 07:00,87197.000000,87653.000000,87183.000000,87629.000000,13682
2025-09-10 07:15,87628.000000,87653.000000,87460.000000,87547.000000,8935
2025-09-10 07:30,87545.000000,87778.000000,87531.000000,87743.000000,9726
2025-09-10 07:45,87749.000000,88000.000000,87747.000000,87913.000000,18704
2025-09-10 08:00,87913.000000,88130.000000,87859.000000,88093.000000,11067
2025-09-10 08:15,88094.000000,88133.000000,87864.000000,87918.000000,11847
2025-09-10 08:30,87910.000000,87983.000000,87751.000000,87979.000000,14610
2025-09-10 08:45,87981.000000,87982.000000,87827.000000,87919.000000,7532
2025-09-10 09:00,87942.000000,87950.000000,87750.000000,87752.000000,8689
2025-09-10 09:15,87753.000000,87900.000000,87718.000000,87890.000000,5925
2025-09-10 09:30,87891.000000,87999.000000,87886.000000,87941.000000,5620
2025-09-10 09:45,87941.000000,88012.000000,87918.000000,87946.000000,8935
2025-09-10 10:00,87947.000000,87987.000000,87751.000000,87800.000000,9700
2025-09-10 10:15,87811.000000,87945.000000,87720.000000,87930.000000,11756
2025-09-10 10:30,87938.000000,87965.000000,87906.000000,87931.000000,8404
2025-09-10 10:45,87932.000000,88012.000000,87926.000000,87944.000000,7202
2025-09-10 11:00,87945.000000,87982.000000,87821.000000,87896.000000,19021
2025-09-10 11:15,87889.000000,87900.000000,87850.000000,87880.000000,14543
2025-09-10 11:30,87880.000000,87900.000000,87851.000000,87879.000000,14824
2025-09-10 11:45,87880.000000,87880.000000,87679.000000,87688.000000,31165
2025-09-10 12:00,87685.000000,87718.000000,87580.000000,87600.000000,34980
2025-09-10 12:15,87600.000000,87600.000000,87365.000000,87398.000000,33652
2025-09-10 12:30,87395.000000,87599.000000,87335.000000,87401.000000,68330
2025-09-10 12:45,87400.000000,87412.000000,87238.000000,87250.000000,54010
2025-09-10 13:00,87249.000000,87250.000000,87132.000000,87143.000000,36008
2025-09-10 13:15,87140.000000,87428.000000,87102.000000,87410.000000,13773
2025-09-10 13:30,87417.000000,87453.000000,87363.000000,87416.000000,6606
2025-09-10 13:45,87420.000000,87541.000000,87400.000000,87420.000000,5485
2025-09-10 14:00,87423.000000,87510.000000,87380.000000,87428.000000,4031
2025-09-10 14:15,87428.000000,87675.000000,87380.000000,87609.000000,3684
2025-09-10 14:30,87614.000000,87627.000000,87514.000000,87526.000000,3459
2025-09-10 14:45,87515.000000,87645.000000,87506.000000,87627.000000,3068
2025-09-10 15:00,87627.000000,87830.000000,87627.000000,87712.000000,5967
2025-09-10 15:15,87711.000000,87773.000000,87685.000000,87753.000000,2181
2025-09-10 15:30,87752.000000,87853.000000,87721.000000,87750.000000,2072
2025-09-10 15:45,87750.000000,87750.000000,87735.000000,87741.000000,896
2025-09-10 16:00,87700.000000,87870.000000,87589.000000,87774.000000,2151
2025-09-10 16:15,87771.000000,87787.000000,87722.000000,87733.000000,1229
2025-09-10 16:30,87735.000000,87764.000000,87722.000000,87734.000000,372
2025-09-10 16:45,87739.000000,87739.000000,87706.000000,87720.000000,569
2025-09-10 17:00,87720.000000,87739.000000,87690.000000,87690.000000,369
2025-09-10 17:15,87690.000000,87723.000000,87680.000000,87723.000000,275
2025-09-10 17:30,87721.000000,87729.000000,87697.000000,87710.000000,456
2025-09-10 17:45,87707.000000,87710.000000,87685.000000,87685.000000,165
2025-09-10 18:00,87692.000000,87804.000000,87664.000000,87800.000000,632
2025-09-10 18:15,87800.000000,87800.000000,87740.000000,87760.000000,344
2025-09-10 18:30,87764.000000,87790.000000,87751.000000,87790.000000,438
2025-09-10 18:45,87790.000000,87813.000000,87767.000000,87802.000000,561
2025-09-10 19:00,87800.000000,87855.000000,87800.000000,87840.000000,392
2025-09-10 19:15,87837.000000,87844.000000,87781.000000,87800.000000,377
2025-09-10 19:30,87790.000000,87809.000000,87779.000000,87801.000000,205
2025-09-10 19:45,87800.000000,87805.000000,87770.000000,87775.000000,328
2025-09-10 20:00,87775.000000,87832.000000,87775.000000,87818.000000,605
2025-09-10 20:15,87826.000000,87849.000000,87808.000000,87847.000000,273
2025-09-10 20:30,87842.000000,87920.000000,87832.000000,87905.000000,931
2025-09-10 20:45,87917.000000,87917.000000,87842.000000,87899.000000,397
2025-09-11 05:45,87955.000000,87955.000000,87955.000000,87955.000000,54
2025-09-11 06:00,87927.000000,88019.000000,87806.000000,88000.000000,6929
2025-09-11 06:15,88000.000000,88038.000000,87992.000000,88038.000000,4101
2025-09-11 06:30,88031.000000,88055.000000,87970.000000,88020.000000,4912
2025-09-11 06:45,88009.000000,88182.000000,88005.000000,88122.000000,7529
2025-09-11 07:00,88140.000000,88550.000000,88140.000000,88535.000000,19274
2025-09-11 07:15,88535.000000,88544.000000,88370.000000,88378.000000,14431
2025-09-11 07:30,88396.000000,88406.000000,88132.000000,88152.000000,16129
2025-09-11 07:45,88159.000000,88249.000000,87900.000000,87900.000000,12813
2025-09-11 08:00,87900.000000,87938.000000,87337.000000,87738.000000,24232
2025-09-11 08:15,87740.000000,87887.000000,87519.000000,87795.000000,11086
2025-09-11 08:30,87790.000000,87851.000000,87644.000000,87796.000000,7689
2025-09-11 08:45,87796.000000,87862.000000,87759.000000,87796.000000,6853
2025-09-11 09:00,87801.000000,87810.000000,87649.000000,87750.000000,6281
2025-09-11 09:15,87750.000000,87831.000000,87733.000000,87771.000000,5173
2025-09-11 09:30,87772.000000,87952.000000,87755.000000,87939.000000,6463
2025-09-11 09:45,87940.000000,88004.000000,87851.000000,87907.000000,9216
2025-09-11 10:00,87905.000000,87987.000000,87898.000000,87966.000000,4845
2025-09-11 10:15,87965.000000,87988.000000,87935.000000,87959.000000,9366
2025-09-11 10:30,87957.000000,87979.000000,87900.000000,87900.000000,8784
2025-09-11 10:45,87900.000000,87900.000000,87679.000000,87710.000000,6726
2025-09-11 11:00,87728.000000,87751.000000,87319.000000,87385.000000,7644
2025-09-11 11:15,87388.000000,87719.000000,87375.000000,87659.000000,14146
2025-09-11 11:30,87658.000000,87696.000000,87512.000000,87605.000000,7208
2025-09-11 11:45,87580.000000,87813.000000,87544.000000,87783.000000,7897
2025-09-11 12:00,87790.000000,87823.000000,87701.000000,87775.000000,6353
2025-09-11 12:15,87762.000000,87854.000000,87711.000000,87773.000000,4545
2025-09-11 12:45,87760.000000,87900.000000,87760.000000,87797.000000,4461
2025-09-11 13:00,87798.000000,87800.000000,87686.000000,87701.000000,7587
2025-09-11 13:15,87701.000000,87772.000000,87531.000000,87693.000000,9372
2025-09-11 13:30,87693.000000,87815.000000,87666.000000,87693.000000,9543
2025-09-11 13:45,87688.000000,87688.000000,87572.000000,87579.000000,4163
2025-09-11 14:00,87575.000000,87695.000000,87544.000000,87639.000000,2258
2025-09-11 14:15,87643.000000,87683.000000,87610.000000,87658.000000,2352
2025-09-11 14:30,87658.000000,87966.000000,87610.000000,87754.000000,20487
2025-09-11 14:45,87759.000000,88089.000000,87715.000000,87963.000000,13278
2025-09-11 15:00,87990.000000,88084.000000,87935.000000,88041.000000,6434
2025-09-11 15:15,88037.000000,88150.000000,88015.000000,88104.000000,6574
2025-09-11 15:30,88104.000000,88116.000000,87906.000000,87979.000000,4035
2025-09-11 15:45,87979.000000,87989.000000,87896.000000,87896.000000,686
2025-09-11 16:00,87896.000000,88088.000000,87876.000000,87975.000000,2286
2025-09-11 16:15,87979.000000,87994.000000,87882.000000,87945.000000,2087
2025-09-11 16:30,87952.000000,88030.000000,87945.000000,87981.000000,1390
2025-09-11 16:45,87991.000000,88004.000000,87927.000000,87946.000000,615
2025-09-11 17:00,87946.000000,87973.000000,87910.000000,87929.000000,1411
2025-09-11 17:15,87927.000000,87995.000000,87918.000000,87986.000000,394
2025-09-11 17:30,87985.000000,87995.000000,87929.000000,87931.000000,1248
2025-09-11 17:45,87931.000000,87969.000000,87910.000000,87923.000000,444
2025-09-11 18:00,87923.000000,87961.000000,87911.000000,87932.000000,420
2025-09-11 18:15,87932.000000,87936.000000,87905.000000,87929.000000,429
2025-09-11 18:30,87924.000000,87941.000000,87880.000000,87919.000000,904
2025-09-11 18:45,87916.000000,87931.000000,87914.000000,87931.000000,261
2025-09-11 19:00,87926.000000,87927.000000,87903.000000,87919.000000,454
2025-09-11 19:15,87916.000000,87916.000000,87892.000000,87898.000000,110
2025-09-11 19:30,87892.000000,87908.000000,87882.000000,87900.000000,136
2025-09-11 19:45,87900.000000,87925.000000,87900.000000,87901.000000,235
2025-09-11 20:00,87906.000000,87933.000000,87900.000000,87933.000000,257
2025-09-11 20:15,87931.000000,87937.000000,87911.000000,87913.000000,294
2025-09-11 20:30,87913.000000,87920.000000,87900.000000,87910.000000,559
2025-09-11 20:45,87906.000000,87934.000000,87906.000000,87915.000000,94
2025-09-12 05:45,87915.000000,87915.000000,87915.000000,87915.000000,1
2025-09-12 06:00,87907.000000,88132.000000,87902.000000,87988.000000,4644
2025-09-12 06:15,87988.000000,88250.000000,87977.000000,88180.000000,4610
2025-09-12 06:30,88180.000000,88194.000000,87960.000000,88047.000000,2706
2025-09-12 06:45,88065.000000,88096.000000,87860.000000,87958.000000,1832
2025-09-12 07:00,87958.000000,88067.000000,87505.000000,87660.000000,12057
2025-09-12 07:15,87667.000000,87727.000000,87519.000000,87671.000000,7428
2025-09-12 07:30,87672.000000,87761.000000,87500.000000,87557.000000,6407
2025-09-12 07:45,87541.000000,87685.000000,87541.000000,87623.000000,4876
2025-09-12 08:00,87623.000000,87643.000000,87425.000000,87548.000000,9817
2025-09-12 08:15,87548.000000,87563.000000,87400.000000,87470.000000,8144
2025-09-12 08:30,87478.000000,87670.000000,87437.000000,87528.000000,8957
2025-09-12 08:45,87545.000000,87585.000000,87461.000000,87572.000000,3825
2025-09-12 09:00,87572.000000,87579.000000,87444.000000,87480.000000,7275
2025-09-12 09:15,87480.000000,87520.000000,87390.000000,87404.000000,9495
2025-09-12 09:30,87402.000000,87651.000000,87385.000000,87621.000000,7410
2025-09-12 09:45,87618.000000,87641.000000,87522.000000,87547.000000,7282
2025-09-12 10:00,87540.000000,87642.000000,87484.000000,87626.000000,12540
2025-09-12 10:15,87626.000000,87742.000000,87605.000000,87615.000000,10503
2025-09-12 10:30,87615.000000,87631.000000,87000.000000,87100.000000,42904
2025-09-12 10:45,87100.000000,87190.000000,86910.000000,86997.000000,22674
2025-09-12 11:00,87003.000000,87003.000000,86605.000000,86803.000000,20536
2025-09-12 11:15,86806.000000,86819.000000,86522.000000,86635.000000,21339
2025-09-12 11:30,86636.000000,86654.000000,86519.000000,86594.000000,19066
2025-09-12 11:45,86595.000000,86782.000000,86568.000000,86705.000000,13508
2025-09-12 12:00,86705.000000,86838.000000,86538.000000,86548.000000,10353
2025-09-12 12:15,86548.000000,86785.000000,86545.000000,86775.000000,8527
2025-09-12 12:30,86776.000000,86997.000000,86706.000000,86950.000000,17495
2025-09-12 12:45,86949.000000,86983.000000,86844.000000,86930.000000,7701
2025-09-12 13:00,86930.000000,86935.000000,86852.000000,86873.000000,7162
2025-09-12 13:15,86870.000000,86928.000000,86830.000000,86902.000000,5755
2025-09-12 13:30,86908.000000,86919.000000,86869.000000,86882.000000,5433
2025-09-12 13:45,86882.000000,86999.000000,86830.000000,86852.000000,8223
2025-09-12 14:00,86852.000000,86905.000000,86760.000000,86794.000000,9181
2025-09-12 14:15,86794.000000,86794.000000,86730.000000,86730.000000,16575
2025-09-12 14:30,86730.000000,86754.000000,86632.000000,86633.000000,20583
2025-09-12 14:45,86633.000000,86643.000000,86520.000000,86546.000000,39098
2025-09-12 15:00,86546.000000,86600.000000,86520.000000,86600.000000,9612
2025-09-12 15:15,86600.000000,86677.000000,86590.000000,86616.000000,5433
2025-09-12 15:30,86616.000000,86625.000000,86586.000000,86616.000000,1428
2025-09-12 15:45,86616.000000,86641.000000,86609.000000,86610.000000,546
2025-09-12 16:00,86609.000000,86772.000000,86551.000000,86713.000000,2634
2025-09-12 16:15,86722.000000,86860.000000,86646.000000,86798.000000,4417
2025-09-12 16:30,86800.000000,86846.000000,86787.000000,86790.000000,1812
2025-09-12 16:45,86790.000000,86790.000000,86640.000000,86681.000000,2014
2025-09-12 17:00,86682.000000,86722.000000,86647.000000,86697.000000,977
2025-09-12 17:15,86704.000000,86707.000000,86614.000000,86657.000000,489
2025-09-12 17:30,86644.000000,86670.000000,86600.000000,86628.000000,947
2025-09-12 17:45,86634.000000,86708.000000,86610.000000,86623.000000,775
2025-09-12 18:00,86624.000000,86651.000000,86581.000000,86626.000000,519
2025-09-12 18:15,86627.000000,86708.000000,86626.000000,86700.000000,920
2025-09-12 18:30,86683.000000,86707.000000,86651.000000,86673.000000,851
2025-09-12 18:45,86673.000000,86696.000000,86668.000000,86684.000000,167
2025-09-12 19:00,86683.000000,86715.000000,86679.000000,86703.000000,397
2025-09-12 19:15,86703.000000,86703.000000,86560.000000,86694.000000,863
2025-09-12 19:30,86687.000000,86694.000000,86641.000000,86682.000000,301
2025-09-12 19:45,86678.000000,86682.000000,86564.000000,86648.000000,1135
2025-09-12 20:00,86637.000000,86672.000000,86625.000000,86670.000000,371
2025-09-12 20:15,86663.000000,86664.000000,86611.000000,86664.000000,419
2025-09-12 20:30,86660.000000,86691.000000,86660.000000,86688.000000,265
2025-09-12 20:45,86688.000000,86690.000000,86650.000000,86650.000000,303
2025-09-15 05:45,86650.000000,86650.000000,86637.000000,86645.000000,105
2025-09-15 06:00,86637.000000,86650.000000,86300.000000,86364.000000,9380
2025-09-15 06:15,86364.000000,86364.000000,86120.000000,86248.000000,10858
2025-09-15 06:30,86241.000000,86459.000000,86175.000000,86393.000000,6876
2025-09-15 06:45,86393.000000,86524.000000,86369.000000,86369.000000,5390
2025-09-15 07:00,86380.000000,86448.000000,86202.000000,86337.000000,18953
2025-09-15 07:15,86334.000000,86338.000000,86000.000000,86000.000000,20487
2025-09-15 07:30,86000.000000,86074.000000,85952.000000,86020.000000,15755
2025-09-15 07:45,86025.000000,86110.000000,86002.000000,86076.000000,8149
2025-09-15 08:00,86079.000000,86125.000000,86038.000000,86056.000000,11207
2025-09-15 08:15,86056.000000,86120.000000,85990.000000,85990.000000,14000
2025-09-15 08:30,85990.000000,86000.000000,85762.000000,85771.000000,27948
2025-09-15 08:45,85769.000000,85800.000000,85550.000000,85596.000000,22377
2025-09-15 09:00,85590.000000,85668.000000,85521.000000,85527.000000,18335
2025-09-15 09:15,85527.000000,85559.000000,85440.000000,85485.000000,24291
2025-09-15 09:30,85481.000000,85498.000000,85314.000000,85328.000000,19752
2025-09-15 09:45,85325.000000,85398.000000,85150.000000,85220.000000,19670
2025-09-15 10:00,85220.000000,85250.000000,85138.000000,85192.000000,40098
2025-09-15 10:15,85192.000000,85409.000000,85182.000000,85397.000000,34279
2025-09-15 10:30,85397.000000,85512.000000,85361.000000,85361.000000,24735
2025-09-15 10:45,85361.000000,85379.000000,85208.000000,85287.000000,11932
2025-09-15 11:00,85276.000000,85287.000000,85190.000000,85226.000000,8747
2025-09-15 11:15,85226.000000,85306.000000,85196.000000,85263.000000,9013
2025-09-15 11:30,85259.000000,85394.000000,85220.000000,85282.000000,15974
2025-09-15 11:45,85286.000000,85542.000000,85282.000000,85505.000000,14531
2025-09-15 12:00,85505.000000,85585.000000,85416.000000,85491.000000,10224
2025-09-15 12:15,85491.000000,85722.000000,85421.000000,85687.000000,14501
2025-09-15 12:30,85687.000000,85695.000000,85475.000000,85602.000000,9589
2025-09-15 12:45,85604.000000,85610.000000,85307.000000,85329.000000,10292
2025-09-15 13:00,85326.000000,85678.000000,85323.000000,85670.000000,10641
2025-09-15 13:15,85674.000000,85678.000000,85426.000000,85488.000000,16504
2025-09-15 13:30,85485.000000,85535.000000,85376.000000,85483.000000,14723
2025-09-15 13:45,85488.000000,85500.000000,85341.000000,85399.000000,9608
2025-09-15 14:00,85395.000000,85485.000000,85340.000000,85348.000000,7034
2025-09-15 14:15,85344.000000,85388.000000,85270.000000,85284.000000,9033
2025-09-15 14:30,85290.000000,85300.000000,85180.000000,85196.000000,8443
2025-09-15 14:45,85191.000000,85392.000000,85173.000000,85350.000000,5049
2025-09-15 15:00,85350.000000,85350.000000,85301.000000,85316.000000,3943
2025-09-15 15:15,85317.000000,85350.000000,85294.000000,85347.000000,3330
2025-09-15 15:30,85345.000000,85351.000000,85258.000000,85337.000000,1997
2025-09-15 15:45,85332.000000,85370.000000,85332.000000,85370.000000,640
2025-09-15 16:00,85335.000000,85435.000000,85281.000000,85353.000000,2870
2025-09-15 16:15,85353.000000,85366.000000,85302.000000,85303.000000,1204
2025-09-15 16:30,85303.000000,85335.000000,85284.000000,85314.000000,690
2025-09-15 16:45,85302.000000,85357.000000,85286.000000,85338.000000,519
2025-09-15 17:00,85342.000000,85386.000000,85313.000000,85344.000000,1337
2025-09-15 17:15,85335.000000,85350.000000,85304.000000,85318.000000,653
2025-09-15 17:30,85318.000000,85329.000000,85311.000000,85328.000000,778
2025-09-15 17:45,85328.000000,85349.000000,85317.000000,85336.000000,458
2025-09-15 18:00,85342.000000,85350.000000,85300.000000,85310.000000,859
2025-09-15 18:15,85310.000000,85325.000000,85272.000000,85300.000000,821
2025-09-15 18:30,85301.000000,85321.000000,85288.000000,85311.000000,612
2025-09-15 18:45,85311.000000,85347.000000,85311.000000,85338.000000,174
2025-09-15 19:00,85348.000000,85368.000000,85319.000000,85327.000000,475
2025-09-15 19:15,85331.000000,85347.000000,85309.000000,85340.000000,190
2025-09-15 19:30,85338.000000,85340.000000,85300.000000,85317.000000,221
2025-09-15 19:45,85317.000000,85343.000000,85315.000000,85335.000000,317
2025-09-15 20:00,85343.000000,85355.000000,85317.000000,85355.000000,384
2025-09-15 20:15,85347.000000,85352.000000,85321.000000,85352.000000,250
2025-09-15 20:30,85344.000000,85374.000000,85323.000000,85343.000000,373
2025-09-15 20:45,85358.000000,85417.000000,85339.000000,85398.000000,554
2025-09-16 05:45,85323.000000,85323.000000,85323.000000,85323.000000,35
2025-09-16 06:00,85363.000000,85376.000000,84963.000000,85101.000000,15750
2025-09-16 06:15,85107.000000,85138.000000,84983.000000,85020.000000,4093
2025-09-16 06:30,85015.000000,85050.000000,84972.000000,85022.000000,4419
2025-09-16 06:45,85022.000000,85074.000000,84820.000000,85050.000000,11168
2025-09-16 07:00,85050.000000,85278.000000,84853.000000,85200.000000,19837
2025-09-16 07:15,85200.000000,85654.000000,85199.000000,85563.000000,37987
2025-09-16 07:30,85562.000000,85830.000000,85542.000000,85550.000000,35908
2025-09-16 07:45,85549.000000,85630.000000,85455.000000,85520.000000,54554
2025-09-16 08:00,85513.000000,85540.000000,85378.000000,85390.000000,21999
2025-09-16 08:15,85394.000000,85429.000000,85351.000000,85368.000000,30280
2025-09-16 08:30,85366.000000,85400.000000,85328.000000,85388.000000,30626
2025-09-16 08:45,85386.000000,85400.000000,85043.000000,85371.000000,32899
2025-09-16 09:00,85371.000000,85400.000000,85143.000000,85241.000000,33883
2025-09-16 09:15,85236.000000,85286.000000,85064.000000,85161.000000,23258
2025-09-16 09:30,85157.000000,85376.000000,85145.000000,85344.000000,24738
2025-09-16 09:45,85344.000000,85649.000000,85340.000000,85603.000000,34219
2025-09-16 10:00,85601.000000,85707.000000,85573.000000,85701.000000,47295
2025-09-16 10:15,85706.000000,85787.000000,85669.000000,85675.000000,13647
2025-09-16 10:30,85676.000000,85760.000000,85667.000000,85697.000000,23348
2025-09-16 10:45,85698.000000,85748.000000,85685.000000,85699.000000,20286
2025-09-16 11:00,85699.000000,85845.000000,85642.000000,85751.000000,16691
2025-09-16 11:15,85751.000000,85801.000000,85680.000000,85720.000000,17924
2025-09-16 11:30,85721.000000,85848.000000,85690.000000,85819.000000,7949
2025-09-16 11:45,85816.000000,85840.000000,85777.000000,85818.000000,7453
2025-09-16 12:00,85820.000000,85897.000000,85804.000000,85818.000000,5857
2025-09-16 12:15,85818.000000,85902.000000,85818.000000,85870.000000,8668
2025-09-16 12:30,85870.000000,86039.000000,85853.000000,86023.000000,15443
2025-09-16 12:45,86023.000000,86028.000000,85985.000000,86020.000000,15425
2025-09-16 13:00,86020.000000,86082.000000,86005.000000,86080.000000,11341
2025-09-16 13:15,86080.000000,86211.000000,86077.000000,86087.000000,18836
2025-09-16 13:30,86089.000000,86290.000000,86089.000000,86266.000000,14960
2025-09-16 13:45,86262.000000,86380.000000,86252.000000,86332.000000,8191
2025-09-16 14:00,86333.000000,86363.000000,86251.000000,86251.000000,8635
2025-09-16 14:15,86251.000000,86264.000000,86122.000000,86206.000000,10258
2025-09-16 14:30,86210.000000,86239.000000,85952.000000,86017.000000,10424
2025-09-16 14:45,86013.000000,86171.000000,85959.000000,86148.000000,7423
2025-09-16 15:00,86148.000000,86149.000000,86032.000000,86058.000000,6830
2025-09-16 15:15,86057.000000,86062.000000,86000.000000,86050.000000,4395
2025-09-16 15:30,86054.000000,86054.000000,85919.000000,85928.000000,4105
2025-09-16 15:45,85925.000000,85982.000000,85881.000000,85955.000000,1697
2025-09-16 16:00,85955.000000,86043.000000,85865.000000,86015.000000,4722
2025-09-16 16:15,86016.000000,86029.000000,85949.000000,85960.000000,1693
2025-09-16 16:30,85960.000000,86027.000000,85917.000000,86022.000000,2252
2025-09-16 16:45,86022.000000,86041.000000,86000.000000,86032.000000,1236
2025-09-16 17:00,86022.000000,86054.000000,86011.000000,86052.000000,656
2025-09-16 17:15,86050.000000,86057.000000,86039.000000,86055.000000,672
2025-09-16 17:30,86053.000000,86063.000000,86040.000000,86054.000000,647
2025-09-16 17:45,86045.000000,86060.000000,86032.000000,86051.000000,2065
2025-09-16 18:00,86046.000000,86059.000000,86034.000000,86050.000000,1891
2025-09-16 18:15,86048.000000,86077.000000,86043.000000,86076.000000,1118
2025-09-16 18:30,86076.000000,86085.000000,86060.000000,86072.000000,655
2025-09-16 18:45,86072.000000,86084.000000,86071.000000,86074.000000,886
2025-09-16 19:00,86073.000000,86078.000000,86037.000000,86037.000000,1017
2025-09-16 19:15,86038.000000,86053.000000,86031.000000,86045.000000,810
2025-09-16 19:30,86040.000000,86067.000000,86039.000000,86051.000000,552
2025-09-16 19:45,86051.000000,86056.000000,86036.000000,86047.000000,952
2025-09-16 20:00,86040.000000,86045.000000,86031.000000,86031.000000,1429
2025-09-16 20:15,86031.000000,86045.000000,86030.000000,86035.000000,552
2025-09-16 20:30,86032.000000,86038.000000,86030.000000,86031.000000,893
2025-09-16 20:45,86031.000000,86031.000000,86030.000000,86030.000000,1072
2025-09-17 05:45,86049.000000,86049.000000,86030.000000,86048.000000,453
2025-09-17 06:00,86049.000000,86243.000000,86030.000000,86189.000000,9861
2025-09-17 06:15,86189.000000,86240.000000,86135.000000,86178.000000,4632
2025-09-17 06:30,86181.000000,86209.000000,86150.000000,86200.000000,2719
2025-09-17 06:45,86200.000000,86327.000000,86138.000000,86320.000000,9785
2025-09-17 07:00,86320.000000,86550.000000,86295.000000,86458.000000,30962
2025-09-17 07:15,86455.000000,86475.000000,86377.000000,86382.000000,12865
2025-09-17 07:30,86378.000000,86404.000000,86257.000000,86346.000000,19488
2025-09-17 07:45,86347.000000,86447.000000,86311.000000,86410.000000,17687
2025-09-17 08:00,86409.000000,86440.000000,86056.000000,86100.000000,28042
2025-09-17 08:15,86100.000000,86213.000000,86080.000000,86167.000000,31153
2025-09-17 08:30,86165.000000,86263.000000,86150.000000,86253.000000,9018
2025-09-17 08:45,86253.000000,86291.000000,86235.000000,86278.000000,23107
2025-09-17 09:00,86278.000000,86346.000000,86275.000000,86326.000000,13720
2025-09-17 09:15,86326.000000,86375.000000,86290.000000,86364.000000,24818
2025-09-17 09:30,86362.000000,86449.000000,86360.000000,86430.000000,44027
2025-09-17 09:45,86430.000000,86431.000000,86365.000000,86401.000000,22576
2025-09-17 10:00,86400.000000,86418.000000,86390.000000,86404.000000,17711
2025-09-17 10:15,86403.000000,86514.000000,86401.000000,86441.000000,38885
2025-09-17 10:30,86440.000000,86518.000000,86440.000000,86500.000000,11420
2025-09-17 10:45,86500.000000,86538.000000,86473.000000,86523.000000,11530
2025-09-17 11:00,86521.000000,86579.000000,86494.000000,86570.000000,12887
2025-09-17 11:15,86571.000000,86594.000000,86520.000000,86560.000000,16175
2025-09-17 11:30,86561.000000,86644.000000,86558.000000,86595.000000,13607
2025-09-17 11:45,86594.000000,86620.000000,86520.000000,86537.000000,8004
2025-09-17 12:00,86537.000000,86608.000000,86520.000000,86600.000000,9412
2025-09-17 12:15,86600.000000,86709.000000,86600.000000,86689.000000,24523
2025-09-17 12:30,86690.000000,86847.000000,86685.000000,86750.000000,24497
2025-09-17 12:45,86751.000000,86765.000000,86671.000000,86676.000000,15098
2025-09-17 13:00,86673.000000,86716.000000,86637.000000,86637.000000,20138
2025-09-17 13:15,86642.000000,86650.000000,86583.000000,86583.000000,14742
2025-09-17 13:30,86585.000000,86620.000000,86534.000000,86580.000000,14163
2025-09-17 13:45,86585.000000,86697.000000,86571.000000,86616.000000,10783
2025-09-17 14:00,86620.000000,86641.000000,86577.000000,86597.000000,9281
2025-09-17 14:15,86597.000000,86627.000000,86580.000000,86599.000000,9196
2025-09-17 14:30,86599.000000,86615.000000,86551.000000,86568.000000,7967
2025-09-17 14:45,86568.000000,86570.000000,86462.000000,86470.000000,14005
2025-09-17 15:00,86468.000000,86499.000000,86430.000000,86482.000000,9740
2025-09-17 15:15,86483.000000,86491.000000,86424.000000,86426.000000,6179
2025-09-17 15:30,86424.000000,86521.000000,86404.000000,86520.000000,7120
2025-09-17 15:45,86518.000000,86521.000000,86497.000000,86507.000000,1840
2025-09-17 16:00,86542.000000,86742.000000,86475.000000,86586.000000,4313
2025-09-17 16:15,86587.000000,86623.000000,86538.000000,86621.000000,5482
2025-09-17 16:30,86620.000000,86660.000000,86616.000000,86654.000000,3306
2025-09-17 16:45,86654.000000,86671.000000,86615.000000,86659.000000,2818
2025-09-17 17:00,86662.000000,86700.000000,86653.000000,86695.000000,1895
2025-09-17 17:15,86694.000000,86699.000000,86662.000000,86662.000000,1169
2025-09-17 17:30,86663.000000,86673.000000,86635.000000,86665.000000,1203
2025-09-17 17:45,86666.000000,86686.000000,86644.000000,86678.000000,1466
2025-09-17 18:00,86668.000000,86688.000000,86580.000000,86587.000000,4456
2025-09-17 18:15,86587.000000,86634.000000,86560.000000,86630.000000,2525
2025-09-17 18:30,86625.000000,86662.000000,86621.000000,86659.000000,2542
2025-09-17 18:45,86660.000000,86679.000000,86643.000000,86679.000000,2553
2025-09-17 19:00,86678.000000,86739.000000,86656.000000,86732.000000,2277
2025-09-17 19:15,86734.000000,86739.000000,86668.000000,86679.000000,1536
2025-09-17 19:30,86679.000000,86696.000000,86674.000000,86696.000000,946
2025-09-17 19:45,86689.000000,86737.000000,86682.000000,86717.000000,1169
2025-09-17 20:00,86709.000000,86739.000000,86700.000000,86739.000000,1529
2025-09-17 20:15,86740.000000,86960.000000,86740.000000,86885.000000,11493
2025-09-17 20:30,86885.000000,86939.000000,86880.000000,86880.000000,1314
2025-09-17 20:45,86880.000000,86928.000000,86877.000000,86886.000000,745
2025-09-18 05:45,86950.000000,86950.000000,86893.000000,86901.000000,159
2025-09-18 06:00,86901.000000,87085.000000,86827.000000,87050.000000,21395
2025-09-18 06:15,87047.000000,87097.000000,86971.000000,87051.000000,7576
2025-09-18 06:30,87059.000000,87060.000000,86863.000000,86868.000000,6601
2025-09-18 06:45,86870.000000,86941.000000,86856.000000,86900.000000,7832
2025-09-18 07:00,86897.000000,86897.000000,86705.000000,86734.000000,22872
2025-09-18 07:15,86736.000000,86891.000000,86722.000000,86793.000000,22874
2025-09-18 07:30,86795.000000,86908.000000,86765.000000,86900.000000,39635
2025-09-18 07:45,86900.000000,86914.000000,86730.000000,86743.000000,21172
2025-09-18 08:00,86739.000000,86780.000000,86706.000000,86720.000000,18712
2025-09-18 08:15,86719.000000,86750.000000,86564.000000,86583.000000,27678
2025-09-18 08:30,86583.000000,86590.000000,86361.000000,86423.000000,51781
2025-09-18 08:45,86423.000000,86476.000000,86322.000000,86423.000000,26270
2025-09-18 09:00,86422.000000,86467.000000,86350.000000,86363.000000,20361
2025-09-18 09:15,86366.000000,86465.000000,86350.000000,86425.000000,18515
2025-09-18 09:30,86421.000000,86670.000000,86392.000000,86618.000000,43091
2025-09-18 09:45,86620.000000,86669.000000,86537.000000,86553.000000,16245
2025-09-18 10:00,86557.000000,86570.000000,86470.000000,86499.000000,24341
2025-09-18 10:15,86495.000000,86499.000000,86392.000000,86414.000000,21228
2025-09-18 10:30,86410.000000,86421.000000,86242.000000,86280.000000,31815
2025-09-18 10:45,86278.000000,86332.000000,86183.000000,86289.000000,26036
2025-09-18 11:00,86298.000000,86310.000000,86215.000000,86291.000000,10275
2025-09-18 11:15,86291.000000,86400.000000,86277.000000,86382.000000,14076
2025-09-18 11:30,86382.000000,86439.000000,86347.000000,86389.000000,10826
2025-09-18 11:45,86389.000000,86584.000000,86389.000000,86564.000000,14180
2025-09-18 12:00,86564.000000,86598.000000,86487.000000,86555.000000,20229
2025-09-18 12:15,86553.000000,86635.000000,86469.000000,86481.000000,12661
2025-09-18 12:30,86485.000000,86583.000000,86482.000000,86523.000000,12374
2025-09-18 12:45,86525.000000,86527.000000,86463.000000,86502.000000,5167
2025-09-18 13:00,86500.000000,86537.000000,86441.000000,86499.000000,9512
2025-09-18 13:15,86499.000000,86699.000000,86493.000000,86617.000000,13450
2025-09-18 13:30,86619.000000,86683.000000,86543.000000,86681.000000,15433
2025-09-18 13:45,86681.000000,86762.000000,86676.000000,86693.000000,10624
2025-09-18 14:00,86692.000000,86712.000000,86555.000000,86577.000000,10166
2025-09-18 14:15,86569.000000,86647.000000,86532.000000,86613.000000,6287
2025-09-18 14:30,86612.000000,86761.000000,86609.000000,86725.000000,9005
2025-09-18 14:45,86725.000000,87000.000000,86699.000000,86894.000000,36542
2025-09-18 15:00,86896.000000,86965.000000,86794.000000,86818.000000,17494
2025-09-18 15:15,86817.000000,86830.000000,86733.000000,86751.000000,11096
2025-09-18 15:30,86753.000000,86754.000000,86681.000000,86720.000000,13411
2025-09-18 15:45,86720.000000,86771.000000,86710.000000,86733.000000,3322
2025-09-18 16:00,86720.000000,86867.000000,86720.000000,86752.000000,12023
2025-09-18 16:15,86754.000000,86800.000000,86729.000000,86730.000000,6152
2025-09-18 16:30,86729.000000,86801.000000,86707.000000,86774.000000,4412
2025-09-18 16:45,86774.000000,86800.000000,86763.000000,86768.000000,1900
2025-09-18 17:00,86773.000000,86808.000000,86760.000000,86803.000000,1887
2025-09-18 17:15,86800.000000,86824.000000,86799.000000,86824.000000,856
2025-09-18 17:30,86824.000000,86888.000000,86807.000000,86886.000000,3430
2025-09-18 17:45,86880.000000,86973.000000,86878.000000,86951.000000,4114
2025-09-18 18:00,86939.000000,86993.000000,86890.000000,86904.000000,4181
2025-09-18 18:15,86895.000000,86906.000000,86814.000000,86836.000000,2935
2025-09-18 18:30,86845.000000,86884.000000,86822.000000,86878.000000,1675
2025-09-18 18:45,86877.000000,86911.000000,86877.000000,86880.000000,936
2025-09-18 19:00,86880.000000,86893.000000,86851.000000,86865.000000,931
2025-09-18 19:15,86866.000000,86875.000000,86792.000000,86809.000000,2047
2025-09-18 19:30,86808.000000,86818.000000,86791.000000,86802.000000,761
2025-09-18 19:45,86802.000000,86830.000000,86794.000000,86827.000000,748
2025-09-18 20:00,86820.000000,86843.000000,86816.000000,86831.000000,1213
2025-09-18 20:15,86831.000000,86835.000000,86797.000000,86810.000000,1381
2025-09-18 20:30,86811.000000,86832.000000,86756.000000,86809.000000,1869
2025-09-18 20:45,86801.000000,86834.000000,86755.000000,86760.000000,1260
2025-09-19 05:45,86779.000000,86779.000000,86779.000000,86779.000000,91
2025-09-19 06:00,86779.000000,86944.000000,86760.000000,86942.000000,6931
2025-09-19 06:15,86942.000000,86969.000000,86806.000000,86864.000000,6557
2025-09-19 06:30,86862.000000,86925.000000,86835.000000,86857.000000,3723
2025-09-19 06:45,86845.000000,86965.000000,86841.000000,86953.000000,4958
2025-09-19 07:00,86953.000000,86961.000000,86651.000000,86772.000000,25582
2025-09-19 07:15,86767.000000,86795.000000,86655.000000,86766.000000,13533
2025-09-19 07:30,86768.000000,86784.000000,86565.000000,86633.000000,12929
2025-09-19 07:45,86636.000000,86758.000000,86625.000000,86699.000000,17278
2025-09-19 08:00,86695.000000,86747.000000,86650.000000,86688.000000,15630
2025-09-19 08:15,86687.000000,86822.000000,86674.000000,86811.000000,15985
2025-09-19 08:30,86812.000000,86939.000000,86810.000000,86909.000000,21538
2025-09-19 08:45,86910.000000,87281.000000,86901.000000,87153.000000,66785
2025-09-19 09:00,87157.000000,87315.000000,87154.000000,87207.000000,43574
2025-09-19 09:15,87216.000000,87306.000000,87108.000000,87151.000000,33955
2025-09-19 09:30,87151.000000,87236.000000,87078.000000,87233.000000,19750
2025-09-19 09:45,87231.000000,87299.000000,87206.000000,87247.000000,21400
2025-09-19 10:00,87243.000000,87257.000000,87165.000000,87230.000000,21219
2025-09-19 10:15,87230.000000,87355.000000,87187.000000,87318.000000,32754
2025-09-19 10:30,87318.000000,87391.000000,87297.000000,87312.000000,27393
2025-09-19 10:45,87311.000000,87331.000000,87268.000000,87330.000000,32761
2025-09-19 11:00,87330.000000,87340.000000,87129.000000,87183.000000,14730
2025-09-19 11:15,87182.000000,87184.000000,87100.000000,87126.000000,10664
2025-09-19 11:30,87126.000000,87130.000000,87012.000000,87065.000000,10724
2025-09-19 11:45,87063.000000,87173.000000,87056.000000,87120.000000,9809
2025-09-19 12:00,87120.000000,87124.000000,87019.000000,87070.000000,10676
2025-09-19 12:15,87074.000000,87091.000000,87027.000000,87052.000000,3860
2025-09-19 12:30,87052.000000,87146.000000,87048.000000,87125.000000,5021
2025-09-19 12:45,87126.000000,87132.000000,86959.000000,87061.000000,11621
2025-09-19 13:00,87060.000000,87067.000000,86886.000000,86953.000000,16113
2025-09-19 13:15,86948.000000,87007.000000,86923.000000,86938.000000,7330
2025-09-19 13:30,86937.000000,87021.000000,86922.000000,87000.000000,7675
2025-09-19 13:45,87000.000000,87033.000000,86959.000000,86981.000000,6360
2025-09-19 14:00,86978.000000,86999.000000,86963.000000,86966.000000,2898
2025-09-19 14:15,86968.000000,87013.000000,86914.000000,86926.000000,8558
2025-09-19 14:30,86923.000000,87030.000000,86911.000000,87003.000000,11977
2025-09-19 14:45,87007.000000,87075.000000,86948.000000,87049.000000,8283
2025-09-19 15:00,87048.000000,87110.000000,87015.000000,87037.000000,10810
2025-09-19 15:15,87038.000000,87077.000000,87012.000000,87046.000000,8912
2025-09-19 15:30,87045.000000,87070.000000,86997.000000,87055.000000,5355
2025-09-19 15:45,87051.000000,87051.000000,87030.000000,87030.000000,1344
2025-09-19 16:00,87021.000000,87199.000000,86979.000000,87156.000000,8260
2025-09-19 16:15,87150.000000,87176.000000,87083.000000,87173.000000,3918
2025-09-19 16:30,87173.000000,87184.000000,87135.000000,87135.000000,2555
2025-09-19 16:45,87135.000000,87135.000000,87097.000000,87097.000000,1068
2025-09-19 17:00,87097.000000,87148.000000,87087.000000,87141.000000,1221
2025-09-19 17:15,87141.000000,87159.000000,87134.000000,87159.000000,698
2025-09-19 17:30,87159.000000,87164.000000,87103.000000,87107.000000,862
2025-09-19 17:45,87107.000000,87122.000000,87062.000000,87083.000000,1166
2025-09-19 18:00,87085.000000,87104.000000,87070.000000,87079.000000,531
2025-09-19 18:15,87078.000000,87095.000000,87071.000000,87079.000000,275
2025-09-19 18:30,87079.000000,87270.000000,87065.000000,87123.000000,3721
2025-09-19 18:45,87125.000000,87177.000000,87119.000000,87137.000000,1643
2025-09-19 19:00,87136.000000,87155.000000,87129.000000,87152.000000,576
2025-09-19 19:15,87149.000000,87156.000000,87116.000000,87116.000000,1469
2025-09-19 19:30,87122.000000,87133.000000,87077.000000,87087.000000,1449
2025-09-19 19:45,87083.000000,87083.000000,87037.000000,87060.000000,1288
2025-09-19 20:00,87061.000000,87087.000000,87027.000000,87086.000000,1334
2025-09-19 20:15,87088.000000,87104.000000,87076.000000,87078.000000,771
2025-09-19 20:30,87076.000000,87076.000000,87013.000000,87019.000000,1995
2025-09-19 20:45,87018.000000,87035.000000,86955.000000,86972.000000,2370
2025-09-22 05:45,86970.000000,86970.000000,86970.000000,86970.000000,120
2025-09-22 06:00,86956.000000,87242.000000,86926.000000,87199.000000,15063
2025-09-22 06:15,87199.000000,87218.000000,87139.000000,87172.000000,3042
2025-09-22 06:30,87167.000000,87201.000000,87064.000000,87094.000000,4265
2025-09-22 06:45,87095.000000,87174.000000,87060.000000,87135.000000,4027
2025-09-22 07:00,87142.000000,87473.000000,87089.000000,87255.000000,32603
2025-09-22 07:15,87259.000000,87345.000000,87215.000000,87245.000000,16765
2025-09-22 07:30,87241.000000,87342.000000,87236.000000,87307.000000,7466
2025-09-22 07:45,87305.000000,87317.000000,87200.000000,87235.000000,8550
2025-09-22 08:00,87234.000000,87240.000000,87069.000000,87077.000000,19134
2025-09-22 08:15,87074.000000,87120.000000,86977.000000,87010.000000,31008
2025-09-22 08:30,87009.000000,87046.000000,86957.000000,86963.000000,23645
2025-09-22 08:45,86966.000000,87058.000000,86933.000000,87018.000000,14396
2025-09-22 09:00,87018.000000,87089.000000,86997.000000,87034.000000,7880
2025-09-22 09:15,87034.000000,87044.000000,86967.000000,86973.000000,13704
2025-09-22 09:30,86972.000000,87025.000000,86950.000000,86983.000000,15084
2025-09-22 09:45,86984.000000,87049.000000,86951.000000,87036.000000,9855
2025-09-22 10:00,87035.000000,87052.000000,86900.000000,86946.000000,18888
2025-09-22 10:15,86941.000000,86943.000000,86781.000000,86831.000000,36786
2025-09-22 10:30,86833.000000,86854.000000,86751.000000,86764.000000,18167
2025-09-22 10:45,86760.000000,86787.000000,86731.000000,86785.000000,17214
2025-09-22 11:00,86787.000000,86797.000000,86718.000000,86780.000000,14288
2025-09-22 11:15,86780.000000,86857.000000,86770.000000,86800.000000,17204
2025-09-22 11:30,86800.000000,86847.000000,86762.000000,86787.000000,8084
2025-09-22 11:45,86786.000000,86843.000000,86737.000000,86761.000000,15828
2025-09-22 12:00,86762.000000,86800.000000,86639.000000,86781.000000,16105
2025-09-22 12:15,86785.000000,86919.000000,86774.000000,86830.000000,15429
2025-09-22 12:30,86830.000000,86957.000000,86825.000000,86880.000000,12574
2025-09-22 12:45,86879.000000,86900.000000,86837.000000,86856.000000,9457
2025-09-22 13:00,86856.000000,86880.000000,86835.000000,86872.000000,5985
2025-09-22 13:15,86872.000000,86892.000000,86790.000000,86826.000000,10436
2025-09-22 13:30,86826.000000,86830.000000,86798.000000,86810.000000,4185
2025-09-22 13:45,86810.000000,86843.000000,86802.000000,86842.000000,5016
2025-09-22 14:00,86841.000000,86853.000000,86762.000000,86762.000000,7402
2025-09-22 14:15,86763.000000,86790.000000,86732.000000,86742.000000,17138
2025-09-22 14:30,86740.000000,86741.000000,86586.000000,86617.000000,21707
2025-09-22 14:45,86617.000000,86617.000000,86460.000000,86536.000000,33697
2025-09-22 15:00,86537.000000,86631.000000,86477.000000,86607.000000,25908
2025-09-22 15:15,86605.000000,86718.000000,86593.000000,86693.000000,14066
2025-09-22 15:30,86694.000000,86704.000000,86500.000000,86548.000000,26376
2025-09-22 15:45,86548.000000,86609.000000,86539.000000,86600.000000,1888
2025-09-22 16:00,86572.000000,86687.000000,86572.000000,86681.000000,5823
2025-09-22 16:15,86680.000000,86754.000000,86675.000000,86729.000000,4840
2025-09-22 16:30,86729.000000,86736.000000,86686.000000,86688.000000,2167
2025-09-22 16:45,86688.000000,86745.000000,86684.000000,86744.000000,1494
2025-09-22 17:00,86744.000000,86748.000000,86710.000000,86725.000000,1224
2025-09-22 17:15,86725.000000,86775.000000,86719.000000,86762.000000,2502
2025-09-22 17:30,86760.000000,86763.000000,86689.000000,86689.000000,1842
2025-09-22 17:45,86693.000000,86709.000000,86685.000000,86709.000000,1391
2025-09-22 18:00,86709.000000,86793.000000,86709.000000,86770.000000,3281
2025-09-22 18:15,86769.000000,86783.000000,86744.000000,86754.000000,1187
2025-09-22 18:30,86754.000000,86781.000000,86754.000000,86780.000000,642
2025-09-22 18:45,86780.000000,86809.000000,86765.000000,86783.000000,3489
2025-09-22 19:00,86781.000000,86784.000000,86751.000000,86759.000000,950
2025-09-22 19:15,86759.000000,86786.000000,86758.000000,86780.000000,412
2025-09-22 19:30,86778.000000,86788.000000,86775.000000,86784.000000,455
2025-09-22 19:45,86786.000000,86786.000000,86764.000000,86764.000000,454
2025-09-22 20:00,86765.000000,86793.000000,86763.000000,86787.000000,1282
2025-09-22 20:15,86781.000000,86789.000000,86751.000000,86751.000000,968
2025-09-22 20:30,86751.000000,86796.000000,86745.000000,86790.000000,1127
2025-09-22 20:45,86789.000000,86824.000000,86783.000000,86790.000000,937
2025-09-23 05:45,86850.000000,86850.000000,86850.000000,86850.000000,132
2025-09-23 06:00,86850.000000,86870.000000,86639.000000,86700.000000,14836
2025-09-23 06:15,86700.000000,86747.000000,86655.000000,86655.000000,3540
2025-09-23 06:30,86655.000000,86692.000000,86622.000000,86644.000000,3497
2025-09-23 06:45,86650.000000,86727.000000,86583.000000,86660.000000,5132
2025-09-23 07:00,86661.000000,86764.000000,86480.000000,86500.000000,31819
2025-09-23 07:15,86501.000000,86549.000000,86401.000000,86544.000000,24185
2025-09-23 07:30,86537.000000,86578.000000,86494.000000,86539.000000,12138
2025-09-23 07:45,86539.000000,86575.000000,86485.000000,86499.000000,8938
2025-09-23 08:00,86499.000000,86499.000000,86290.000000,86291.000000,21989
2025-09-23 08:15,86290.000000,86390.000000,86207.000000,86284.000000,29372
2025-09-23 08:30,86284.000000,86365.000000,86259.000000,86342.000000,6550
2025-09-23 08:45,86344.000000,86378.000000,86303.000000,86361.000000,6917
2025-09-23 09:00,86361.000000,86389.000000,86247.000000,86362.000000,22283
2025-09-23 09:15,86362.000000,86472.000000,86350.000000,86470.000000,18472
2025-09-23 09:30,86470.000000,86596.000000,86455.000000,86578.000000,18934
2025-09-23 09:45,86579.000000,86614.000000,86521.000000,86575.000000,9169
2025-09-23 10:00,86574.000000,86745.000000,86547.000000,86716.000000,24020
2025-09-23 10:15,86714.000000,86945.000000,86713.000000,86941.000000,34129
2025-09-23 10:30,86942.000000,87046.000000,86916.000000,87001.000000,26499
2025-09-23 10:45,87009.000000,87040.000000,86951.000000,87003.000000,10250
2025-09-23 11:00,87003.000000,87020.000000,86922.000000,86965.000000,13098
2025-09-23 11:15,86966.000000,87013.000000,86897.000000,86982.000000,10213
2025-09-23 11:30,86985.000000,86999.000000,86901.000000,86931.000000,7312
2025-09-23 11:45,86929.000000,86973.000000,86909.000000,86953.000000,4126
2025-09-23 12:00,86951.000000,86974.000000,86938.000000,86958.000000,3397
2025-09-23 12:15,86959.000000,87062.000000,86876.000000,86900.000000,17264
2025-09-23 12:30,86900.000000,86975.000000,86867.000000,86925.000000,5548
2025-09-23 12:45,86925.000000,86957.000000,86909.000000,86923.000000,5217
2025-09-23 13:00,86922.000000,86937.000000,86833.000000,86937.000000,13105
2025-09-23 13:15,86937.000000,86944.000000,86863.000000,86892.000000,5666
2025-09-23 13:30,86892.000000,86936.000000,86885.000000,86926.000000,4768
2025-09-23 13:45,86927.000000,86999.000000,86897.000000,86933.000000,9515
2025-09-23 14:00,86932.000000,86932.000000,86836.000000,86840.000000,11133
2025-09-23 14:15,86842.000000,86870.000000,86801.000000,86855.000000,11074
2025-09-23 14:30,86861.000000,86938.000000,86842.000000,86868.000000,7474
2025-09-23 14:45,86868.000000,86930.000000,86786.000000,86894.000000,9273
2025-09-23 15:00,86894.000000,86899.000000,86827.000000,86836.000000,7378
2025-09-23 15:15,86835.000000,86846.000000,86782.000000,86841.000000,6570
2025-09-23 15:30,86836.000000,86957.000000,86783.000000,86903.000000,7978
2025-09-23 15:45,86905.000000,86923.000000,86877.000000,86923.000000,2153
2025-09-23 16:00,86926.000000,87000.000000,86894.000000,86905.000000,4359
2025-09-23 16:15,86905.000000,86905.000000,86802.000000,86804.000000,3299
2025-09-23 16:30,86803.000000,86849.000000,86785.000000,86785.000000,3131
2025-09-23 16:45,86787.000000,86798.000000,86734.000000,86798.000000,3715
2025-09-23 17:00,86798.000000,86812.000000,86774.000000,86801.000000,683
2025-09-23 17:15,86803.000000,86845.000000,86777.000000,86779.000000,1742
2025-09-23 17:30,86779.000000,86840.000000,86779.000000,86829.000000,1004
2025-09-23 17:45,86829.000000,86873.000000,86822.000000,86873.000000,841
2025-09-23 18:00,86870.000000,86888.000000,86857.000000,86867.000000,891
2025-09-23 18:15,86867.000000,86867.000000,86840.000000,86840.000000,426
2025-09-23 18:30,86840.000000,86858.000000,86815.000000,86857.000000,725
2025-09-23 18:45,86857.000000,86954.000000,86847.000000,86954.000000,3000
2025-09-23 19:00,86953.000000,87429.000000,86906.000000,87308.000000,43705
2025-09-23 19:15,87317.000000,87383.000000,87120.000000,87251.000000,19389
2025-09-23 19:30,87258.000000,87295.000000,87198.000000,87259.000000,9659
2025-09-23 19:45,87256.000000,87296.000000,87209.000000,87295.000000,4782
2025-09-23 20:00,87295.000000,87349.000000,87238.000000,87259.000000,6422
2025-09-23 20:15,87267.000000,87391.000000,87255.000000,87295.000000,4926
2025-09-23 20:30,87296.000000,87320.000000,87224.000000,87225.000000,2896
2025-09-23 20:45,87225.000000,87264.000000,87131.000000,87233.000000,1596
2025-09-24 05:45,87274.000000,87274.000000,87274.000000,87274.000000,296
2025-09-24 06:00,87263.000000,87294.000000,87080.000000,87210.000000,15586
2025-09-24 06:15,87210.000000,87277.000000,87202.000000,87228.000000,5767
2025-09-24 06:30,87228.000000,87239.000000,87117.000000,87206.000000,4983
2025-09-24 06:45,87205.000000,87344.000000,87205.000000,87344.000000,9963
2025-09-24 07:00,87344.000000,87485.000000,87187.000000,87255.000000,44369
2025-09-24 07:15,87252.000000,87260.000000,87020.000000,87174.000000,28231
2025-09-24 07:30,87173.000000,87265.000000,87030.000000,87077.000000,26976
2025-09-24 07:45,87076.000000,87135.000000,86983.000000,86993.000000,29735
2025-09-24 08:00,86994.000000,87090.000000,86920.000000,87009.000000,30611
2025-09-24 08:15,87008.000000,87126.000000,86975.000000,87071.000000,19898
2025-09-24 08:30,87074.000000,87127.000000,86976.000000,87000.000000,12086
2025-09-24 08:45,87000.000000,87050.000000,86999.000000,87020.000000,10757
2025-09-24 09:00,87022.000000,87087.000000,86976.000000,87042.000000,13430
2025-09-24 09:15,87041.000000,87047.000000,86790.000000,86848.000000,30612
2025-09-24 09:30,86848.000000,86868.000000,86813.000000,86830.000000,13146
2025-09-24 09:45,86830.000000,86859.000000,86763.000000,86767.000000,24396
2025-09-24 10:00,86772.000000,86801.000000,86700.000000,86801.000000,21437
2025-09-24 10:15,86801.000000,86810.000000,86721.000000,86750.000000,16404
2025-09-24 10:30,86750.000000,86750.000000,86574.000000,86593.000000,43504
2025-09-24 10:45,86593.000000,86624.000000,86552.000000,86576.000000,14132
2025-09-24 11:00,86576.000000,86595.000000,86530.000000,86558.000000,18487
2025-09-24 11:15,86558.000000,86576.000000,86480.000000,86484.000000,22689
2025-09-24 11:30,86483.000000,86550.000000,86413.000000,86480.000000,30297
2025-09-24 11:45,86480.000000,86627.000000,86479.000000,86611.000000,28242
2025-09-24 12:00,86612.000000,86625.000000,86542.000000,86570.000000,19433
2025-09-24 12:15,86569.000000,86630.000000,86545.000000,86550.000000,35472
2025-09-24 12:30,86549.000000,86553.000000,86468.000000,86547.000000,35419
2025-09-24 12:45,86547.000000,86549.000000,86444.000000,86482.000000,17927
2025-09-24 13:00,86481.000000,86500.000000,86462.000000,86495.000000,23360
2025-09-24 13:15,86495.000000,86524.000000,86462.000000,86493.000000,18390
2025-09-24 13:30,86492.000000,86500.000000,86425.000000,86437.000000,16391
2025-09-24 13:45,86436.000000,86442.000000,86304.000000,86333.000000,28310
2025-09-24 14:00,86333.000000,86469.000000,86330.000000,86435.000000,30400
2025-09-24 14:15,86435.000000,86539.000000,86432.000000,86499.000000,28457
2025-09-24 14:30,86498.000000,86678.000000,86461.000000,86649.000000,20993
2025-09-24 14:45,86649.000000,86687.000000,86599.000000,86640.000000,10878
2025-09-24 15:00,86642.000000,86667.000000,86547.000000,86645.000000,10952
2025-09-24 15:15,86645.000000,86657.000000,86467.000000,86551.000000,10222
2025-09-24 15:30,86551.000000,86569.000000,86491.000000,86516.000000,5964
2025-09-24 15:45,86518.000000,86550.000000,86505.000000,86540.000000,1626
2025-09-24 16:00,86560.000000,86625.000000,86530.000000,86624.000000,4215
2025-09-24 16:15,86624.000000,86658.000000,86552.000000,86565.000000,3378
2025-09-24 16:30,86568.000000,86581.000000,86556.000000,86572.000000,614
2025-09-24 16:45,86572.000000,86590.000000,86523.000000,86529.000000,1890
2025-09-24 17:00,86526.000000,86535.000000,86469.000000,86475.000000,2869
2025-09-24 17:15,86474.000000,86489.000000,86468.000000,86485.000000,1370
2025-09-24 17:30,86485.000000,86496.000000,86472.000000,86482.000000,997
2025-09-24 17:45,86482.000000,86509.000000,86482.000000,86506.000000,634
2025-09-24 18:00,86504.000000,86526.000000,86501.000000,86506.000000,446
2025-09-24 18:15,86505.000000,86509.000000,86451.000000,86451.000000,1853
2025-09-24 18:30,86451.000000,86487.000000,86441.000000,86479.000000,1586
2025-09-24 18:45,86477.000000,86479.000000,86436.000000,86462.000000,1494
2025-09-24 19:00,86468.000000,86491.000000,86452.000000,86487.000000,642
2025-09-24 19:15,86485.000000,86494.000000,86479.000000,86488.000000,364
2025-09-24 19:30,86487.000000,86564.000000,86487.000000,86551.000000,1575
2025-09-24 19:45,86551.000000,86551.000000,86522.000000,86550.000000,931
2025-09-24 20:00,86540.000000,86577.000000,86540.000000,86577.000000,1066
2025-09-24 20:15,86577.000000,86581.000000,86516.000000,86522.000000,1284
2025-09-24 20:30,86526.000000,86544.000000,86480.000000,86480.000000,1047
2025-09-24 20:45,86481.000000,86499.000000,86421.000000,86450.000000,1416
2025-09-25 05:45,86479.000000,86526.000000,86479.000000,86526.000000,44
2025-09-25 06:00,86478.000000,86544.000000,86311.000000,86544.000000,9325
2025-09-25 06:15,86543.000000,86628.000000,86464.000000,86515.000000,8989
2025-09-25 06:30,86508.000000,86538.000000,86451.000000,86460.000000,2881
2025-09-25 06:45,86458.000000,86501.000000,86411.000000,86421.000000,2559
2025-09-25 07:00,86424.000000,86573.000000,86200.000000,86396.000000,36379
2025-09-25 07:15,86389.000000,86646.000000,86363.000000,86634.000000,26140
2025-09-25 07:30,86633.000000,86742.000000,86611.000000,86634.000000,30052
2025-09-25 07:45,86633.000000,86680.000000,86566.000000,86574.000000,12281
2025-09-25 08:00,86580.000000,86690.000000,86553.000000,86668.000000,22694
2025-09-25 08:15,86670.000000,86716.000000,86669.000000,86698.000000,19757
2025-09-25 08:30,86699.000000,86705.000000,86554.000000,86686.000000,35939
2025-09-25 08:45,86687.000000,86772.000000,86650.000000,86708.000000,31996
2025-09-25 09:00,86709.000000,86750.000000,86690.000000,86698.000000,26988
2025-09-25 09:15,86699.000000,86730.000000,86690.000000,86714.000000,20476
2025-09-25 09:30,86714.000000,86788.000000,86691.000000,86754.000000,13962
2025-09-25 09:45,86754.000000,86769.000000,86700.000000,86720.000000,14847
2025-09-25 10:00,86721.000000,86834.000000,86700.000000,86811.000000,31720
2025-09-25 10:15,86809.000000,86882.000000,86809.000000,86850.000000,20076
2025-09-25 10:30,86851.000000,86978.000000,86850.000000,86950.000000,23263
2025-09-25 10:45,86951.000000,87014.000000,86929.000000,87001.000000,23794
2025-09-25 11:00,87002.000000,87010.000000,86914.000000,87000.000000,20589
2025-09-25 11:15,87000.000000,87001.000000,86920.000000,86962.000000,19997
2025-09-25 11:30,86962.000000,87035.000000,86960.000000,87016.000000,15768
2025-09-25 11:45,87017.000000,87035.000000,86967.000000,87001.000000,12894
2025-09-25 12:00,87004.000000,87018.000000,86883.000000,86897.000000,14644
2025-09-25 12:15,86898.000000,86961.000000,86873.000000,86891.000000,10050
2025-09-25 12:30,86893.000000,87017.000000,86893.000000,86988.000000,11150
2025-09-25 12:45,86986.000000,86999.000000,86942.000000,86966.000000,6294
2025-09-25 13:00,86965.000000,86977.000000,86852.000000,86931.000000,14442
2025-09-25 13:15,86931.000000,86965.000000,86911.000000,86926.000000,5746
2025-09-25 13:30,86926.000000,86990.000000,86926.000000,86970.000000,7751
2025-09-25 13:45,86970.000000,87020.000000,86951.000000,87020.000000,9744
2025-09-25 14:00,87020.000000,87099.000000,86990.000000,87094.000000,14179
2025-09-25 14:15,87092.000000,87099.000000,87012.000000,87019.000000,12274
2025-09-25 14:30,87020.000000,87115.000000,87020.000000,87100.000000,13296
2025-09-25 14:45,87101.000000,87162.000000,87000.000000,87141.000000,43640
2025-09-25 15:00,87140.000000,87159.000000,87042.000000,87059.000000,21999
2025-09-25 15:15,87058.000000,87084.000000,87004.000000,87009.000000,7268
2025-09-25 15:30,87009.000000,87037.000000,86920.000000,86922.000000,12818
2025-09-25 15:45,86922.000000,86922.000000,86876.000000,86892.000000,7873
2025-09-25 16:00,86916.000000,86950.000000,86768.000000,86771.000000,14502
2025-09-25 16:15,86770.000000,86850.000000,86730.000000,86841.000000,17147
2025-09-25 16:30,86842.000000,86885.000000,86570.000000,86659.000000,17391
2025-09-25 16:45,86659.000000,86694.000000,86624.000000,86652.000000,4594
2025-09-25 17:00,86653.000000,86653.000000,86512.000000,86589.000000,10911
2025-09-25 17:15,86597.000000,86712.000000,86591.000000,86693.000000,3357
2025-09-25 17:30,86692.000000,86745.000000,86665.000000,86733.000000,3921
2025-09-25 17:45,86733.000000,86745.000000,86685.000000,86689.000000,1363
2025-09-25 18:00,86688.000000,86721.000000,86667.000000,86721.000000,1406
2025-09-25 18:15,86722.000000,86727.000000,86692.000000,86722.000000,1024
2025-09-25 18:30,86722.000000,86745.000000,86650.000000,86739.000000,3822
2025-09-25 18:45,86739.000000,86743.000000,86713.000000,86720.000000,651
2025-09-25 19:00,86720.000000,86731.000000,86689.000000,86708.000000,847
2025-09-25 19:15,86708.000000,86708.000000,86640.000000,86648.000000,943
2025-09-25 19:30,86645.000000,86673.000000,86612.000000,86657.000000,2654
2025-09-25 19:45,86652.000000,86728.000000,86650.000000,86710.000000,1346
2025-09-25 20:00,86710.000000,86745.000000,86685.000000,86738.000000,1326
2025-09-25 20:15,86733.000000,86733.000000,86706.000000,86715.000000,418
2025-09-25 20:30,86710.000000,86735.000000,86642.000000,86653.000000,1252
2025-09-25 20:45,86666.000000,86726.000000,86643.000000,86726.000000,607
2025-09-26 05:45,86720.000000,86720.000000,86720.000000,86720.000000,4
2025-09-26 06:00,86711.000000,86762.000000,86625.000000,86665.000000,6429
2025-09-26 06:15,86662.000000,86723.000000,86660.000000,86707.000000,2148
2025-09-26 06:30,86706.000000,86709.000000,86672.000000,86678.000000,821
2025-09-26 06:45,86677.000000,86685.000000,86631.000000,86684.000000,2669
2025-09-26 07:00,86684.000000,86742.000000,86596.000000,86638.000000,20765
2025-09-26 07:15,86636.000000,86636.000000,86450.000000,86535.000000,32764
2025-09-26 07:30,86542.000000,86616.000000,86481.000000,86531.000000,25387
2025-09-26 07:45,86531.000000,86730.000000,86530.000000,86623.000000,38880
2025-09-26 08:00,86621.000000,86676.000000,86571.000000,86644.000000,30519
2025-09-26 08:15,86643.000000,86730.000000,86535.000000,86575.000000,32331
2025-09-26 08:30,86574.000000,86670.000000,86563.000000,86625.000000,21507
2025-09-26 08:45,86622.000000,86678.000000,86610.000000,86642.000000,6578
2025-09-26 09:00,86643.000000,86702.000000,86640.000000,86668.000000,20385
2025-09-26 09:15,86669.000000,86669.000000,86468.000000,86571.000000,69571
2025-09-26 09:30,86567.000000,86577.000000,86416.000000,86429.000000,53011
2025-09-26 09:45,86427.000000,86427.000000,86369.000000,86400.000000,28877
2025-09-26 10:00,86400.000000,86445.000000,86315.000000,86380.000000,42213
2025-09-26 10:15,86381.000000,86400.000000,86310.000000,86315.000000,33756
2025-09-26 10:30,86316.000000,86396.000000,86220.000000,86244.000000,41488
2025-09-26 10:45,86244.000000,86263.000000,86151.000000,86263.000000,77060
2025-09-26 11:00,86263.000000,86295.000000,86159.000000,86283.000000,55109
2025-09-26 11:15,86283.000000,86430.000000,86282.000000,86386.000000,16230
2025-09-26 11:30,86386.000000,86476.000000,86321.000000,86460.000000,19146
2025-09-26 11:45,86460.000000,86625.000000,86448.000000,86472.000000,54993
2025-09-26 12:00,86476.000000,86498.000000,86408.000000,86473.000000,7985
2025-09-26 12:15,86474.000000,86493.000000,86382.000000,86464.000000,7429
2025-09-26 12:30,86464.000000,86537.000000,86438.000000,86441.000000,9255
2025-09-26 12:45,86441.000000,86571.000000,86439.000000,86496.000000,20758
2025-09-26 13:00,86496.000000,86501.000000,86389.000000,86418.000000,10542
2025-09-26 13:15,86420.000000,86462.000000,86390.000000,86395.000000,4001
2025-09-26 13:30,86395.000000,86479.000000,86387.000000,86463.000000,5491
2025-09-26 13:45,86464.000000,86504.000000,86450.000000,86469.000000,4513
2025-09-26 14:00,86468.000000,86481.000000,86300.000000,86305.000000,9596
2025-09-26 14:15,86306.000000,86335.000000,86255.000000,86292.000000,9604
2025-09-26 14:30,86292.000000,86312.000000,86195.000000,86202.000000,11968
2025-09-26 14:45,86202.000000,86229.000000,86020.000000,86045.000000,29632
2025-09-26 15:00,86044.000000,86094.000000,85802.000000,86000.000000,82609
2025-09-26 15:15,86000.000000,86160.000000,85900.000000,85937.000000,29619
2025-09-26 15:30,85941.000000,85974.000000,85842.000000,85974.000000,18126
2025-09-26 15:45,85973.000000,86044.000000,85960.000000,85960.000000,4958
2025-09-26 16:00,85954.000000,86004.000000,85850.000000,85921.000000,12534
2025-09-26 16:15,85928.000000,86143.000000,85926.000000,86020.000000,18351
2025-09-26 16:30,86021.000000,86079.000000,85894.000000,85911.000000,11760
2025-09-26 16:45,85899.000000,85912.000000,85812.000000,85868.000000,8099
2025-09-26 17:00,85866.000000,85997.000000,85864.000000,85947.000000,4103
2025-09-26 17:15,85947.000000,85998.000000,85929.000000,85972.000000,1903
2025-09-26 17:30,85980.000000,86005.000000,85937.000000,85962.000000,2166
2025-09-26 17:45,85961.000000,85979.000000,85931.000000,85977.000000,1900
2025-09-26 18:00,85972.000000,85979.000000,85932.000000,85951.000000,1202
2025-09-26 18:15,85951.000000,85983.000000,85943.000000,85966.000000,1168
2025-09-26 18:30,85970.000000,85997.000000,85968.000000,85989.000000,985
2025-09-26 18:45,85993.000000,86084.000000,85980.000000,85996.000000,4153
2025-09-26 19:00,86000.000000,86010.000000,85913.000000,85925.000000,2896
2025-09-26 19:15,85924.000000,85996.000000,85900.000000,85979.000000,2297
2025-09-26 19:30,85983.000000,86020.000000,85981.000000,86007.000000,598
2025-09-26 19:45,86008.000000,86022.000000,85971.000000,86006.000000,949
2025-09-26 20:00,86001.000000,86040.000000,85985.000000,86009.000000,1797
2025-09-26 20:15,86009.000000,86029.000000,86000.000000,86008.000000,1258
2025-09-26 20:30,86009.000000,86040.000000,86008.000000,86026.000000,974
2025-09-26 20:45,86027.000000,86048.000000,86014.000000,86048.000000,878
2025-09-29 05:45,86075.000000,86075.000000,86075.000000,86075.000000,601
2025-09-29 06:00,86078.000000,86083.000000,85901.000000,85958.000000,14811
2025-09-29 06:15,85958.000000,85984.000000,85886.000000,85953.000000,7021
2025-09-29 06:30,85953.000000,86035.000000,85950.000000,86026.000000,4292
2025-09-29 06:45,86025.000000,86112.000000,85920.000000,85976.000000,12758
2025-09-29 07:00,85977.000000,86010.000000,85682.000000,85708.000000,35969
2025-09-29 07:15,85708.000000,85875.000000,85690.000000,85840.000000,20814
2025-09-29 07:30,85841.000000,85884.000000,85675.000000,85675.000000,18263
2025-09-29 07:45,85674.000000,85712.000000,85582.000000,85686.000000,33976
2025-09-29 08:00,85684.000000,85740.000000,85650.000000,85727.000000,13005
2025-09-29 08:15,85727.000000,85844.000000,85703.000000,85716.000000,19139
2025-09-29 08:30,85716.000000,85764.000000,85672.000000,85749.000000,15752
2025-09-29 08:45,85747.000000,85779.000000,85679.000000,85720.000000,11319
2025-09-29 09:00,85719.000000,85720.000000,85621.000000,85644.000000,15774
2025-09-29 09:15,85643.000000,85704.000000,85630.000000,85670.000000,25884
2025-09-29 09:30,85671.000000,85751.000000,85670.000000,85679.000000,21446
2025-09-29 09:45,85682.000000,85713.000000,85645.000000,85700.000000,13723
2025-09-29 10:00,85700.000000,85752.000000,85687.000000,85747.000000,20689
2025-09-29 10:15,85747.000000,85750.000000,85665.000000,85700.000000,8559
2025-09-29 10:30,85699.000000,85699.000000,85630.000000,85673.000000,8917
2025-09-29 10:45,85668.000000,85685.000000,85555.000000,85580.000000,18844
2025-09-29 11:00,85579.000000,85580.000000,85474.000000,85499.000000,18773
2025-09-29 11:15,85500.000000,85570.000000,85433.000000,85506.000000,29156
2025-09-29 11:30,85507.000000,85513.000000,85472.000000,85486.000000,8981
2025-09-29 11:45,85484.000000,85530.000000,85463.000000,85492.000000,19742
2025-09-29 12:00,85492.000000,85580.000000,85476.000000,85529.000000,23814
2025-09-29 12:15,85526.000000,85639.000000,85472.000000,85588.000000,14127
2025-09-29 12:30,85588.000000,85621.000000,85488.000000,85592.000000,15836
2025-09-29 12:45,85592.000000,85674.000000,85553.000000,85648.000000,10218
2025-09-29 13:00,85647.000000,85684.000000,85526.000000,85555.000000,12097
2025-09-29 13:15,85555.000000,85555.000000,85511.000000,85553.000000,5564
2025-09-29 13:30,85552.000000,85555.000000,85472.000000,85530.000000,8561
2025-09-29 13:45,85530.000000,85541.000000,85451.000000,85468.000000,8845
2025-09-29 14:00,85469.000000,85487.000000,85411.000000,85435.000000,8368
2025-09-29 14:15,85435.000000,85522.000000,85429.000000,85446.000000,5993
2025-09-29 14:30,85445.000000,85486.000000,85350.000000,85370.000000,15622
2025-09-29 14:45,85367.000000,85394.000000,85326.000000,85347.000000,8868
2025-09-29 15:00,85342.000000,85361.000000,85250.000000,85280.000000,19789
2025-09-29 15:15,85279.000000,85469.000000,85273.000000,85450.000000,18484
2025-09-29 15:30,85457.000000,85575.000000,85435.000000,85480.000000,18877
2025-09-29 15:45,85480.000000,85483.000000,85356.000000,85403.000000,3220
2025-09-29 16:00,85405.000000,85508.000000,85362.000000,85486.000000,7245
2025-09-29 16:15,85480.000000,85580.000000,85462.000000,85499.000000,7535
2025-09-29 16:30,85489.000000,85592.000000,85489.000000,85548.000000,4360
2025-09-29 16:45,85547.000000,85576.000000,85540.000000,85570.000000,1240
2025-09-29 17:00,85570.000000,85578.000000,85521.000000,85535.000000,1694
2025-09-29 17:15,85535.000000,85545.000000,85482.000000,85503.000000,2373
2025-09-29 17:30,85500.000000,85508.000000,85441.000000,85447.000000,2323
2025-09-29 17:45,85455.000000,85495.000000,85455.000000,85465.000000,458
2025-09-29 18:00,85458.000000,85465.000000,85405.000000,85438.000000,1511
2025-09-29 18:15,85437.000000,85491.000000,85423.000000,85485.000000,2053
2025-09-29 18:30,85485.000000,85497.000000,85419.000000,85426.000000,1217
2025-09-29 18:45,85425.000000,85480.000000,85365.000000,85472.000000,2092
2025-09-29 19:00,85475.000000,85500.000000,85471.000000,85498.000000,923
2025-09-29 19:15,85499.000000,85526.000000,85492.000000,85517.000000,1090
2025-09-29 19:30,85514.000000,85528.000000,85475.000000,85499.000000,1185
2025-09-29 19:45,85497.000000,85515.000000,85484.000000,85515.000000,521
2025-09-29 20:00,85515.000000,85519.000000,85481.000000,85497.000000,810
2025-09-29 20:15,85497.000000,85497.000000,85473.000000,85473.000000,601
2025-09-29 20:30,85472.000000,85475.000000,85460.000000,85460.000000,747
2025-09-29 20:45,85460.000000,85477.000000,85402.000000,85460.000000,1002
2025-09-30 05:45,85450.000000,85450.000000,85450.000000,85450.000000,3
2025-09-30 06:00,85436.000000,85483.000000,85351.000000,85474.000000,6663
2025-09-30 06:15,85476.000000,85484.000000,85350.000000,85396.000000,6104
2025-09-30 06:30,85395.000000,85424.000000,85382.000000,85423.000000,1330
2025-09-30 06:45,85423.000000,85429.000000,85306.000000,85322.000000,3310
2025-09-30 07:00,85325.000000,85677.000000,85286.000000,85641.000000,39366
2025-09-30 07:15,85642.000000,85703.000000,85527.000000,85545.000000,24584
2025-09-30 07:30,85545.000000,85606.000000,85360.000000,85383.000000,28170
2025-09-30 07:45,85383.000000,85448.000000,85363.000000,85426.000000,18810
2025-09-30 08:00,85427.000000,85469.000000,85382.000000,85412.000000,35536
2025-09-30 08:15,85415.000000,85525.000000,85370.000000,85380.000000,29939
2025-09-30 08:30,85386.000000,85413.000000,85274.000000,85279.000000,40151
2025-09-30 08:45,85281.000000,85281.000000,85060.000000,85114.000000,50098
2025-09-30 09:00,85114.000000,85120.000000,84925.000000,84999.000000,47431
2025-09-30 09:15,85000.000000,85010.000000,84910.000000,84923.000000,20945
2025-09-30 09:30,84920.000000,85150.000000,84888.000000,84976.000000,30182
2025-09-30 09:45,84976.000000,85054.000000,84894.000000,84899.000000,19248
2025-09-30 10:00,84894.000000,84894.000000,84678.000000,84782.000000,37717
2025-09-30 10:15,84782.000000,84782.000000,84610.000000,84684.000000,31757
2025-09-30 10:30,84685.000000,84900.000000,84675.000000,84758.000000,20374
2025-09-30 10:45,84761.000000,84800.000000,84631.000000,84691.000000,20932
2025-09-30 11:00,84689.000000,84735.000000,84621.000000,84657.000000,8792
2025-09-30 11:15,84658.000000,84772.000000,84572.000000,84659.000000,21404
2025-09-30 11:30,84661.000000,84786.000000,84647.000000,84782.000000,12836
2025-09-30 11:45,84784.000000,84786.000000,84626.000000,84726.000000,21018
2025-09-30 12:00,84727.000000,84774.000000,84525.000000,84647.000000,42027
2025-09-30 12:15,84647.000000,84826.000000,84638.000000,84716.000000,27209
2025-09-30 12:30,84710.000000,84710.000000,84564.000000,84638.000000,25142
2025-09-30 12:45,84639.000000,84648.000000,84500.000000,84535.000000,19567
2025-09-30 13:00,84536.000000,84569.000000,84353.000000,84400.000000,33541
2025-09-30 13:15,84400.000000,84442.000000,84302.000000,84320.000000,23017
2025-09-30 13:30,84321.000000,84433.000000,84250.000000,84379.000000,21289
2025-09-30 13:45,84381.000000,84381.000000,84250.000000,84259.000000,18706
2025-09-30 14:00,84260.000000,84372.000000,84207.000000,84307.000000,16244
2025-09-30 14:15,84308.000000,84319.000000,84174.000000,84211.000000,14208
2025-09-30 14:30,84206.000000,84342.000000,84202.000000,84277.000000,8537
2025-09-30 14:45,84275.000000,84294.000000,84184.000000,84248.000000,6610
2025-09-30 15:00,84249.000000,84284.000000,84230.000000,84230.000000,6452
2025-09-30 15:15,84230.000000,84392.000000,84200.000000,84321.000000,12635
2025-09-30 15:30,84321.000000,84364.000000,84248.000000,84267.000000,9901
2025-09-30 15:45,84267.000000,84345.000000,84266.000000,84341.000000,3475
2025-09-30 16:00,84348.000000,84460.000000,84324.000000,84339.000000,10059
2025-09-30 16:15,84334.000000,84460.000000,84306.000000,84325.000000,11304
2025-09-30 16:30,84325.000000,84390.000000,84251.000000,84349.000000,4594
2025-09-30 16:45,84350.000000,84397.000000,84341.000000,84347.000000,1977
2025-09-30 17:00,84347.000000,84399.000000,84347.000000,84357.000000,3159
2025-09-30 17:15,84365.000000,84377.000000,84305.000000,84312.000000,1228
2025-09-30 17:30,84309.000000,84399.000000,84304.000000,84365.000000,1947
2025-09-30 17:45,84364.000000,84378.000000,84317.000000,84346.000000,2275
2025-09-30 18:00,84347.000000,84365.000000,84328.000000,84351.000000,1267
2025-09-30 18:15,84351.000000,84383.000000,84347.000000,84373.000000,532
2025-09-30 18:30,84373.000000,84376.000000,84354.000000,84364.000000,590
2025-09-30 18:45,84358.000000,84370.000000,84348.000000,84351.000000,502
2025-09-30 19:00,84351.000000,84387.000000,84349.000000,84383.000000,491
2025-09-30 19:15,84383.000000,84397.000000,84378.000000,84383.000000,749
2025-09-30 19:30,84380.000000,84397.000000,84373.000000,84378.000000,336
2025-09-30 19:45,84378.000000,84395.000000,84370.000000,84370.000000,614
2025-09-30 20:00,84370.000000,84392.000000,84369.000000,84390.000000,297
2025-09-30 20:15,84386.000000,84392.000000,84362.000000,84376.000000,816
2025-09-30 20:30,84376.000000,84405.000000,84371.000000,84405.000000,895
2025-09-30 20:45,84398.000000,84450.000000,84387.000000,84450.000000,1064
2025-10-01 05:45,84430.000000,84430.000000,84430.000000,84430.000000,26
2025-10-01 06:00,84430.000000,84522.000000,84338.000000,84355.000000,7485
2025-10-01 06:15,84353.000000,84355.000000,84279.000000,84314.000000,5848
2025-10-01 06:30,84313.000000,84314.000000,84186.000000,84196.000000,5232
2025-10-01 06:45,84196.000000,84307.000000,84185.000000,84302.000000,3139
2025-10-01 07:00,84299.000000,84438.000000,83833.000000,83928.000000,69331
2025-10-01 07:15,83928.000000,84019.000000,83841.000000,84019.000000,35381
2025-10-01 07:30,84020.000000,84095.000000,83851.000000,83851.000000,32909
2025-10-01 07:45,83851.000000,83934.000000,83701.000000,83924.000000,57907
2025-10-01 08:00,83923.000000,83984.000000,83703.000000,83770.000000,58046
2025-10-01 08:15,83769.000000,83850.000000,83507.000000,83531.000000,44542
2025-10-01 08:30,83531.000000,83539.000000,83048.000000,83308.000000,115752
2025-10-01 08:45,83311.000000,83497.000000,83288.000000,83496.000000,60995
2025-10-01 09:00,83491.000000,83521.000000,83265.000000,83266.000000,42452
2025-10-01 09:15,83266.000000,83411.000000,83251.000000,83308.000000,34012
2025-10-01 09:30,83305.000000,83364.000000,83235.000000,83336.000000,17409
2025-10-01 09:45,83336.000000,83527.000000,83326.000000,83523.000000,30928
2025-10-01 10:00,83522.000000,83570.000000,83420.000000,83530.000000,32707
2025-10-01 10:15,83531.000000,83620.000000,83464.000000,83562.000000,28270
2025-10-01 10:30,83562.000000,83720.000000,83550.000000,83703.000000,36021
2025-10-01 10:45,83702.000000,83712.000000,83617.000000,83700.000000,17294
2025-10-01 11:00,83700.000000,83703.000000,83636.000000,83690.000000,5764
2025-10-01 11:15,83691.000000,83729.000000,83644.000000,83657.000000,17713
2025-10-01 11:30,83657.000000,83882.000000,83649.000000,83878.000000,39881
2025-10-01 11:45,83879.000000,83887.000000,83632.000000,83642.000000,32142
2025-10-01 12:00,83643.000000,83645.000000,83532.000000,83604.000000,26201
2025-10-01 12:15,83603.000000,83674.000000,83526.000000,83627.000000,15286
2025-10-01 12:30,83627.000000,83642.000000,83558.000000,83597.000000,5982
2025-10-01 12:45,83596.000000,83715.000000,83590.000000,83697.000000,12578
2025-10-01 13:00,83695.000000,83713.000000,83646.000000,83675.000000,13101
2025-10-01 13:15,83675.000000,83695.000000,83433.000000,83440.000000,22751
2025-10-01 13:30,83441.000000,83488.000000,83200.000000,83249.000000,45526
2025-10-01 13:45,83249.000000,83337.000000,83249.000000,83299.000000,18762
2025-10-01 14:00,83299.000000,83300.000000,83200.000000,83249.000000,13466
2025-10-01 14:15,83250.000000,83388.000000,83240.000000,83293.000000,12994
2025-10-01 14:30,83295.000000,83307.000000,83000.000000,83081.000000,28501
2025-10-01 14:45,83079.000000,83250.000000,83020.000000,83232.000000,28220
2025-10-01 15:00,83230.000000,83551.000000,83161.000000,83395.000000,25241
2025-10-01 15:15,83393.000000,83481.000000,83354.000000,83359.000000,9404
2025-10-01 15:30,83359.000000,83458.000000,83350.000000,83434.000000,9774
2025-10-01 15:45,83434.000000,83447.000000,83374.000000,83447.000000,2084
2025-10-01 16:00,83460.000000,83545.000000,83323.000000,83399.000000,4194
2025-10-01 16:15,83393.000000,83400.000000,83210.000000,83265.000000,5871
2025-10-01 16:30,83262.000000,83295.000000,83222.000000,83256.000000,2642
2025-10-01 16:45,83255.000000,83344.000000,83101.000000,83220.000000,7976
2025-10-01 17:00,83219.000000,83353.000000,83169.000000,83273.000000,4635
2025-10-01 17:15,83276.000000,83319.000000,83141.000000,83271.000000,4269
2025-10-01 17:30,83272.000000,83352.000000,83250.000000,83305.000000,2584
2025-10-01 17:45,83305.000000,83322.000000,83228.000000,83262.000000,2717
2025-10-01 18:00,83258.000000,83322.000000,83254.000000,83270.000000,2003
2025-10-01 18:15,83270.000000,83285.000000,83163.000000,83200.000000,2409
2025-10-01 18:30,83193.000000,83242.000000,83182.000000,83239.000000,961
2025-10-01 18:45,83244.000000,83259.000000,83177.000000,83224.000000,910
2025-10-01 19:00,83225.000000,83241.000000,83150.000000,83180.000000,1309
2025-10-01 19:15,83172.000000,83177.000000,83128.000000,83177.000000,1527
2025-10-01 19:30,83178.000000,83202.000000,83174.000000,83198.000000,461
2025-10-01 19:45,83197.000000,83198.000000,83165.000000,83169.000000,624
2025-10-01 20:00,83176.000000,83189.000000,83146.000000,83169.000000,1346
2025-10-01 20:15,83178.000000,83186.000000,83131.000000,83141.000000,2249
2025-10-01 20:30,83134.000000,83152.000000,83102.000000,83131.000000,2905
2025-10-01 20:45,83131.000000,83135.000000,83114.000000,83128.000000,731
2025-10-02 05:45,83164.000000,83164.000000,83139.000000,83139.000000,93
2025-10-02 06:00,83158.000000,83295.000000,83052.000000,83056.000000,11927
2025-10-02 06:15,83063.000000,83111.000000,82667.000000,82844.000000,36647
2025-10-02 06:30,82832.000000,82939.000000,82706.000000,82924.000000,15449
2025-10-02 06:45,82906.000000,82931.000000,82710.000000,82829.000000,14586
2025-10-02 07:00,82826.000000,83234.000000,82700.000000,83216.000000,65232
2025-10-02 07:15,83216.000000,83339.000000,83132.000000,83191.000000,56203
2025-10-02 07:30,83195.000000,83238.000000,83111.000000,83146.000000,24830
2025-10-02 07:45,83147.000000,83188.000000,83000.000000,83034.000000,19901
2025-10-02 08:00,83035.000000,83040.000000,82850.000000,82877.000000,22568
2025-10-02 08:15,82879.000000,82924.000000,82864.000000,82908.000000,11280
2025-10-02 08:30,82908.000000,82931.000000,82824.000000,82905.000000,18435
2025-10-02 08:45,82905.000000,82910.000000,82851.000000,82854.000000,16647
2025-10-02 09:00,82854.000000,82971.000000,82841.000000,82924.000000,43288
2025-10-02 09:15,82924.000000,82950.000000,82880.000000,82914.000000,39511
2025-10-02 09:30,82914.000000,83000.000000,82913.000000,82994.000000,24417
2025-10-02 09:45,82991.000000,83171.000000,82989.000000,83151.000000,60112
2025-10-02 10:00,83151.000000,83271.000000,83126.000000,83207.000000,46384
2025-10-02 10:15,83206.000000,83270.000000,83201.000000,83267.000000,35242
2025-10-02 10:30,83269.000000,83310.000000,83220.000000,83248.000000,18235
2025-10-02 10:45,83254.000000,83308.000000,83183.000000,83269.000000,16259
2025-10-02 11:00,83257.000000,83269.000000,83004.000000,83156.000000,15364
2025-10-02 11:15,83156.000000,83161.000000,82957.000000,83052.000000,17459
2025-10-02 11:30,83051.000000,83081.000000,82994.000000,83025.000000,16878
2025-10-02 11:45,83024.000000,83104.000000,82998.000000,83032.000000,14686
2025-10-02 12:00,83031.000000,83046.000000,82956.000000,82999.000000,12787
2025-10-02 12:15,82998.000000,83091.000000,82972.000000,83065.000000,13384
2025-10-02 12:30,83063.000000,83138.000000,82966.000000,83071.000000,31950
2025-10-02 12:45,83070.000000,83070.000000,82981.000000,83028.000000,14121
2025-10-02 13:00,83027.000000,83074.000000,82908.000000,83046.000000,13284
2025-10-02 13:15,83043.000000,83055.000000,83026.000000,83055.000000,5358
2025-10-02 13:30,83055.000000,83294.000000,83055.000000,83133.000000,22035
2025-10-02 13:45,83133.000000,83143.000000,83051.000000,83082.000000,13575
2025-10-02 14:00,83083.000000,83103.000000,82926.000000,82982.000000,13700
2025-10-02 14:15,82980.000000,83029.000000,82820.000000,82841.000000,22276
2025-10-02 14:30,82840.000000,83048.000000,82838.000000,82997.000000,16895
2025-10-02 14:45,82997.000000,83011.000000,82910.000000,82987.000000,8925
2025-10-02 15:00,82986.000000,83000.000000,82837.000000,82901.000000,8761
2025-10-02 15:15,82900.000000,82920.000000,82820.000000,82842.000000,10904
2025-10-02 15:30,82833.000000,82932.000000,82820.000000,82820.000000,8628
2025-10-02 15:45,82824.000000,82868.000000,82820.000000,82864.000000,2462
2025-10-02 16:00,82822.000000,82923.000000,82710.000000,82777.000000,11647
2025-10-02 16:15,82777.000000,82777.000000,82222.000000,82396.000000,32649
2025-10-02 16:30,82396.000000,82570.000000,82351.000000,82508.000000,13909
2025-10-02 16:45,82508.000000,82556.000000,82473.000000,82547.000000,4237
2025-10-02 17:00,82549.000000,82615.000000,82500.000000,82582.000000,5238
2025-10-02 17:15,82582.000000,82630.000000,82501.000000,82627.000000,3533
2025-10-02 17:30,82627.000000,82706.000000,82589.000000,82695.000000,3406
2025-10-02 17:45,82695.000000,82709.000000,82545.000000,82570.000000,2638
2025-10-02 18:00,82570.000000,82640.000000,82515.000000,82563.000000,3696
2025-10-02 18:15,82565.000000,82652.000000,82553.000000,82618.000000,2438
2025-10-02 18:30,82631.000000,82687.000000,82578.000000,82632.000000,2978
2025-10-02 18:45,82631.000000,82636.000000,82540.000000,82596.000000,2351
2025-10-02 19:00,82598.000000,82847.000000,82598.000000,82786.000000,9861
2025-10-02 19:15,82793.000000,83034.000000,82742.000000,82918.000000,14206
2025-10-02 19:30,82922.000000,82999.000000,82866.000000,82986.000000,3264
2025-10-02 19:45,82971.000000,82994.000000,82909.000000,82935.000000,2314
2025-10-02 20:00,82944.000000,82947.000000,82854.000000,82854.000000,1540
2025-10-02 20:15,82857.000000,82860.000000,82800.000000,82849.000000,1441
2025-10-02 20:30,82849.000000,82918.000000,82840.000000,82872.000000,1375
2025-10-02 20:45,82872.000000,82876.000000,82840.000000,82840.000000,600
2025-10-03 05:45,82825.000000,82825.000000,82825.000000,82825.000000,47
2025-10-03 06:00,82840.000000,82917.000000,82748.000000,82787.000000,8367
2025-10-03 06:15,82789.000000,82913.000000,82771.000000,82891.000000,3015
2025-10-03 06:30,82892.000000,83071.000000,82892.000000,82922.000000,8534
2025-10-03 06:45,82921.000000,83048.000000,82901.000000,82912.000000,5521
2025-10-03 07:00,82913.000000,83270.000000,82835.000000,83089.000000,43774
2025-10-03 07:15,83090.000000,83230.000000,83075.000000,83204.000000,23048
2025-10-03 07:30,83203.000000,83226.000000,83045.000000,83143.000000,22823
2025-10-03 07:45,83145.000000,83184.000000,83093.000000,83182.000000,17501
2025-10-03 08:00,83173.000000,83493.000000,83168.000000,83460.000000,74451
2025-10-03 08:15,83458.000000,83502.000000,83367.000000,83462.000000,47462
2025-10-03 08:30,83463.000000,83470.000000,83350.000000,83368.000000,34851
2025-10-03 08:45,83369.000000,83469.000000,83307.000000,83410.000000,21324
2025-10-03 09:00,83413.000000,83676.000000,83409.000000,83612.000000,77589
2025-10-03 09:15,83614.000000,83776.000000,83613.000000,83738.000000,84863
2025-10-03 09:30,83737.000000,83865.000000,83737.000000,83845.000000,108186
2025-10-03 09:45,83845.000000,84023.000000,83832.000000,83953.000000,61757
2025-10-03 10:00,83953.000000,84050.000000,83911.000000,83944.000000,60212
2025-10-03 10:15,83943.000000,84100.000000,83914.000000,84100.000000,42118
2025-10-03 10:30,84099.000000,84150.000000,84050.000000,84050.000000,26483
2025-10-03 10:45,84050.000000,84073.000000,83911.000000,83951.000000,45176
2025-10-03 11:00,83951.000000,84041.000000,83911.000000,84021.000000,24704
2025-10-03 11:15,84021.000000,84087.000000,83987.000000,84030.000000,27900
2025-10-03 11:30,84030.000000,84156.000000,83999.000000,84107.000000,47691
2025-10-03 11:45,84106.000000,84280.000000,84105.000000,84275.000000,29552
2025-10-03 12:00,84273.000000,84336.000000,84179.000000,84182.000000,47004
2025-10-03 12:15,84190.000000,84334.000000,84150.000000,84260.000000,40918
2025-10-03 12:30,84259.000000,84496.000000,84259.000000,84340.000000,44341
2025-10-03 12:45,84334.000000,84387.000000,84200.000000,84316.000000,15602
2025-10-03 13:00,84320.000000,84365.000000,84229.000000,84345.000000,69529
2025-10-03 13:15,84343.000000,84399.000000,84223.000000,84270.000000,26252
2025-10-03 13:30,84269.000000,84274.000000,84060.000000,84105.000000,26083
2025-10-03 13:45,84104.000000,84134.000000,84061.000000,84074.000000,11334
2025-10-03 14:00,84072.000000,84194.000000,84062.000000,84161.000000,12875
2025-10-03 14:15,84166.000000,84177.000000,84010.000000,84017.000000,13323
2025-10-03 14:30,84016.000000,84051.000000,83882.000000,83929.000000,27910
2025-10-03 14:45,83929.000000,84097.000000,83898.000000,84081.000000,17688
2025-10-03 15:00,84080.000000,84120.000000,83860.000000,83905.000000,15952
2025-10-03 15:15,83898.000000,84120.000000,83866.000000,84102.000000,28450
2025-10-03 15:30,84100.000000,84321.000000,84100.000000,84310.000000,26094
2025-10-03 15:45,84306.000000,84469.000000,84300.000000,84452.000000,49218
2025-10-03 16:00,84453.000000,84680.000000,84201.000000,84550.000000,25111
2025-10-03 16:15,84550.000000,84645.000000,84550.000000,84563.000000,14183
2025-10-03 16:30,84565.000000,84565.000000,84470.000000,84532.000000,8268
2025-10-03 16:45,84533.000000,84761.000000,84452.000000,84682.000000,13223
2025-10-03 17:00,84678.000000,84800.000000,84567.000000,84607.000000,13821
2025-10-03 17:15,84609.000000,84716.000000,84600.000000,84611.000000,6088
2025-10-03 17:30,84611.000000,84707.000000,84600.000000,84695.000000,5580
2025-10-03 17:45,84683.000000,84695.000000,84602.000000,84636.000000,4587
2025-10-03 18:00,84636.000000,84686.000000,84611.000000,84611.000000,1616
2025-10-03 18:15,84639.000000,84639.000000,84602.000000,84611.000000,1230
2025-10-03 18:30,84618.000000,84627.000000,84576.000000,84608.000000,3216
2025-10-03 18:45,84609.000000,84609.000000,84567.000000,84570.000000,1032
2025-10-03 19:00,84570.000000,84582.000000,84551.000000,84573.000000,816
2025-10-03 19:15,84573.000000,84628.000000,84559.000000,84607.000000,1167
2025-10-03 19:30,84607.000000,84632.000000,84565.000000,84573.000000,1702
2025-10-03 19:45,84573.000000,84616.000000,84565.000000,84598.000000,968
2025-10-03 20:00,84598.000000,84620.000000,84581.000000,84588.000000,886
2025-10-03 20:15,84588.000000,84613.000000,84580.000000,84607.000000,788
2025-10-03 20:30,84607.000000,84618.000000,84589.000000,84610.000000,1607
2025-10-03 20:45,84611.000000,84626.000000,84591.000000,84606.000000,1079
2025-10-06 05:45,84515.000000,84602.000000,84515.000000,84582.000000,926
2025-10-06 06:00,84582.000000,84685.000000,84371.000000,84537.000000,30122
2025-10-06 06:15,84537.000000,84990.000000,84512.000000,84920.000000,28195
2025-10-06 06:30,84908.000000,85059.000000,84753.000000,84894.000000,24935
2025-10-06 06:45,84899.000000,84998.000000,84832.000000,84864.000000,13325
2025-10-06 07:00,84864.000000,84900.000000,84625.000000,84688.000000,44745
2025-10-06 07:15,84695.000000,84938.000000,84673.000000,84908.000000,49950
2025-10-06 07:30,84908.000000,85040.000000,84870.000000,85030.000000,54430
2025-10-06 07:45,85031.000000,85077.000000,84676.000000,84828.000000,64224
2025-10-06 08:00,84828.000000,84870.000000,84672.000000,84724.000000,75836
2025-10-06 08:15,84724.000000,84748.000000,84580.000000,84741.000000,40835
2025-10-06 08:30,84740.000000,84747.000000,84632.000000,84655.000000,27686
2025-10-06 08:45,84655.000000,84750.000000,84610.000000,84721.000000,18876
2025-10-06 09:00,84720.000000,84804.000000,84650.000000,84785.000000,32881
2025-10-06 09:15,84787.000000,84997.000000,84763.000000,84909.000000,40902
2025-10-06 09:30,84911.000000,84955.000000,84762.000000,84774.000000,17753
2025-10-06 09:45,84770.000000,84840.000000,84708.000000,84820.000000,24778
2025-10-06 10:00,84813.000000,84878.000000,84745.000000,84853.000000,20184
2025-10-06 10:15,84854.000000,84936.000000,84854.000000,84883.000000,17364
2025-10-06 10:30,84884.000000,84942.000000,84844.000000,84857.000000,5419
2025-10-06 10:45,84858.000000,84896.000000,84705.000000,84778.000000,11071
2025-10-06 11:00,84785.000000,84852.000000,84739.000000,84835.000000,5740
2025-10-06 11:15,84835.000000,84845.000000,84776.000000,84821.000000,6337
2025-10-06 11:30,84820.000000,84850.000000,84769.000000,84781.000000,4144
2025-10-06 11:45,84777.000000,84844.000000,84721.000000,84788.000000,5387
2025-10-06 12:00,84788.000000,85058.000000,84765.000000,85040.000000,75589
2025-10-06 12:15,85039.000000,85062.000000,84810.000000,84865.000000,20542
2025-10-06 12:30,84865.000000,85043.000000,84776.000000,84942.000000,21803
2025-10-06 12:45,84946.000000,84946.000000,84700.000000,84710.000000,17583
2025-10-06 13:00,84710.000000,84761.000000,84411.000000,84535.000000,42878
2025-10-06 13:15,84535.000000,84855.000000,84504.000000,84681.000000,20565
2025-10-06 13:30,84682.000000,84752.000000,84453.000000,84460.000000,13609
2025-10-06 13:45,84460.000000,84542.000000,84457.000000,84514.000000,8739
2025-10-06 14:00,84514.000000,84533.000000,84330.000000,84460.000000,26160
2025-10-06 14:15,84460.000000,84479.000000,84400.000000,84439.000000,9495
2025-10-06 14:30,84437.000000,84671.000000,84400.000000,84541.000000,24302
2025-10-06 14:45,84548.000000,84597.000000,84426.000000,84496.000000,9770
2025-10-06 15:00,84494.000000,84533.000000,84324.000000,84433.000000,17918
2025-10-06 15:15,84433.000000,84465.000000,84202.000000,84273.000000,42144
2025-10-06 15:30,84285.000000,84291.000000,84137.000000,84195.000000,13322
2025-10-06 15:45,84191.000000,84195.000000,84160.000000,84165.000000,3990
2025-10-06 16:00,84163.000000,84248.000000,84106.000000,84210.000000,10266
2025-10-06 16:15,84207.000000,84225.000000,84050.000000,84212.000000,9566
2025-10-06 16:30,84223.000000,84236.000000,84054.000000,84078.000000,4156
2025-10-06 16:45,84086.000000,84120.000000,84000.000000,84010.000000,6883
2025-10-06 17:00,84011.000000,84103.000000,84000.000000,84074.000000,3382
2025-10-06 17:15,84074.000000,84170.000000,84074.000000,84131.000000,4822
2025-10-06 17:30,84131.000000,84142.000000,84083.000000,84115.000000,2861
2025-10-06 17:45,84116.000000,84144.000000,84050.000000,84118.000000,2491
2025-10-06 18:00,84118.000000,84171.000000,84118.000000,84149.000000,2362
2025-10-06 18:15,84156.000000,84174.000000,84042.000000,84174.000000,4367
2025-10-06 18:30,84173.000000,84194.000000,84156.000000,84175.000000,2488
2025-10-06 18:45,84175.000000,84193.000000,84075.000000,84170.000000,4096
2025-10-06 19:00,84170.000000,84199.000000,84136.000000,84166.000000,1928
2025-10-06 19:15,84168.000000,84173.000000,84130.000000,84141.000000,557
2025-10-06 19:30,84141.000000,84141.000000,84093.000000,84125.000000,1096
2025-10-06 19:45,84128.000000,84171.000000,84125.000000,84149.000000,1104
2025-10-06 20:00,84143.000000,84192.000000,84143.000000,84172.000000,2235
2025-10-06 20:15,84181.000000,84192.000000,84128.000000,84168.000000,2934
2025-10-06 20:30,84170.000000,84175.000000,84103.000000,84108.000000,2068
2025-10-06 20:45,84108.000000,84120.000000,84054.000000,84116.000000,1593
2025-10-07 05:45,84110.000000,84110.000000,84110.000000,84110.000000,195
2025-10-07 06:00,84100.000000,84144.000000,83960.000000,83975.000000,20008
2025-10-07 06:15,83975.000000,84049.000000,83830.000000,83845.000000,23650
2025-10-07 06:30,83846.000000,83885.000000,83691.000000,83724.000000,51265
2025-10-07 06:45,83722.000000,83789.000000,83680.000000,83720.000000,14251
2025-10-07 07:00,83721.000000,83740.000000,83252.000000,83539.000000,72245
2025-10-07 07:15,83543.000000,83577.000000,83451.000000,83493.000000,33060
2025-10-07 07:30,83495.000000,83590.000000,83436.000000,83579.000000,46226
2025-10-07 07:45,83571.000000,83622.000000,83421.000000,83488.000000,36516
2025-10-07 08:00,83488.000000,83489.000000,83276.000000,83359.000000,34078
2025-10-07 08:15,83355.000000,83358.000000,83188.000000,83337.000000,39091
2025-10-07 08:30,83336.000000,83477.000000,83316.000000,83383.000000,16463
2025-10-07 08:45,83382.000000,83412.000000,83326.000000,83350.000000,10029
2025-10-07 09:00,83350.000000,83485.000000,83322.000000,83473.000000,16447
2025-10-07 09:15,83469.000000,83578.000000,83403.000000,83450.000000,25221
2025-10-07 09:30,83445.000000,83529.000000,83356.000000,83524.000000,17637
2025-10-07 09:45,83522.000000,83664.000000,83463.000000,83649.000000,22475
2025-10-07 10:00,83649.000000,83791.000000,83640.000000,83667.000000,54936
2025-10-07 10:15,83670.000000,83716.000000,83607.000000,83634.000000,11646
2025-10-07 10:30,83634.000000,83700.000000,83590.000000,83619.000000,8099
2025-10-07 10:45,83623.000000,83740.000000,83609.000000,83718.000000,6544
2025-10-07 11:00,83722.000000,83730.000000,83554.000000,83636.000000,8190
2025-10-07 11:15,83628.000000,83708.000000,83582.000000,83590.000000,6515
2025-10-07 11:30,83595.000000,83730.000000,83585.000000,83641.000000,7781
2025-10-07 11:45,83641.000000,83647.000000,83505.000000,83547.000000,10220
2025-10-07 12:00,83543.000000,83582.000000,83480.000000,83560.000000,7122
2025-10-07 12:15,83556.000000,83575.000000,83500.000000,83500.000000,4926
2025-10-07 12:30,83500.000000,83648.000000,83500.000000,83618.000000,10015
2025-10-07 12:45,83614.000000,83740.000000,83592.000000,83660.000000,18787
2025-10-07 13:00,83659.000000,83721.000000,83570.000000,83593.000000,13883
2025-10-07 13:15,83593.000000,83644.000000,83539.000000,83614.000000,4722
2025-10-07 13:30,83616.000000,83675.000000,83568.000000,83643.000000,5929
2025-10-07 13:45,83643.000000,83820.000000,83616.000000,83796.000000,40475
2025-10-07 14:00,83804.000000,83900.000000,83755.000000,83785.000000,23126
2025-10-07 14:15,83785.000000,83841.000000,83721.000000,83794.000000,10610
2025-10-07 14:30,83791.000000,83819.000000,83770.000000,83798.000000,5987
2025-10-07 14:45,83801.000000,83894.000000,83723.000000,83816.000000,16073
2025-10-07 15:00,83809.000000,83900.000000,83801.000000,83861.000000,12976
2025-10-07 15:15,83861.000000,83909.000000,83792.000000,83818.000000,17421
2025-10-07 15:30,83823.000000,83827.000000,83696.000000,83704.000000,7399
2025-10-07 15:45,83703.000000,83726.000000,83574.000000,83600.000000,4092
2025-10-07 16:00,83629.000000,83732.000000,83555.000000,83668.000000,2882
2025-10-07 16:15,83673.000000,83770.000000,83661.000000,83758.000000,1657
2025-10-07 16:30,83757.000000,83790.000000,83733.000000,83788.000000,1127
2025-10-07 16:45,83787.000000,83790.000000,83703.000000,83711.000000,1022
2025-10-07 17:00,83721.000000,83738.000000,83621.000000,83633.000000,2236
2025-10-07 17:15,83641.000000,83681.000000,83602.000000,83663.000000,1068
2025-10-07 17:30,83665.000000,83718.000000,83648.000000,83711.000000,971
2025-10-07 17:45,83712.000000,83728.000000,83696.000000,83726.000000,453
2025-10-07 18:00,83715.000000,83726.000000,83680.000000,83680.000000,708
2025-10-07 18:15,83681.000000,83686.000000,83662.000000,83681.000000,320
2025-10-07 18:30,83681.000000,83686.000000,83660.000000,83676.000000,413
2025-10-07 18:45,83677.000000,83687.000000,83658.000000,83675.000000,451
2025-10-07 19:00,83670.000000,83717.000000,83670.000000,83706.000000,576
2025-10-07 19:15,83706.000000,83887.000000,83657.000000,83717.000000,2163
2025-10-07 19:30,83720.000000,83805.000000,83718.000000,83776.000000,966
2025-10-07 19:45,83781.000000,83829.000000,83734.000000,83783.000000,1830
2025-10-07 20:00,83783.000000,83791.000000,83737.000000,83746.000000,677
2025-10-07 20:15,83749.000000,83754.000000,83701.000000,83753.000000,1067
2025-10-07 20:30,83754.000000,83850.000000,83741.000000,83806.000000,636
2025-10-07 20:45,83783.000000,83877.000000,83746.000000,83789.000000,1735
2025-10-08 05:45,83767.000000,83767.000000,83767.000000,83767.000000,16
2025-10-08 06:00,83822.000000,83864.000000,83437.000000,83543.000000,15765
2025-10-08 06:15,83548.000000,83773.000000,83539.000000,83712.000000,5190
2025-10-08 06:30,83712.000000,83958.000000,83710.000000,83889.000000,13543
2025-10-08 06:45,83890.000000,83957.000000,83832.000000,83833.000000,6464
2025-10-08 07:00,83833.000000,83835.000000,83327.000000,83460.000000,60658
2025-10-08 07:15,83462.000000,83556.000000,83381.000000,83397.000000,48655
2025-10-08 07:30,83397.000000,83580.000000,83322.000000,83413.000000,23533
2025-10-08 07:45,83417.000000,83530.000000,83334.000000,83480.000000,17318
2025-10-08 08:00,83480.000000,83540.000000,83430.000000,83521.000000,23991
2025-10-08 08:15,83519.000000,83697.000000,83479.000000,83654.000000,22841
2025-10-08 08:30,83654.000000,83719.000000,83588.000000,83628.000000,10914
2025-10-08 08:45,83630.000000,83692.000000,83573.000000,83669.000000,7355
2025-10-08 09:00,83677.000000,83815.000000,83646.000000,83721.000000,15472
2025-10-08 09:15,83722.000000,83737.000000,83512.000000,83655.000000,17315
2025-10-08 09:30,83654.000000,83697.000000,83531.000000,83582.000000,21248
2025-10-08 09:45,83582.000000,83629.000000,83534.000000,83534.000000,5616
2025-10-08 10:00,83534.000000,83552.000000,83171.000000,83192.000000,42678
2025-10-08 10:15,83192.000000,83217.000000,83035.000000,83187.000000,42686
2025-10-08 10:30,83184.000000,83344.000000,83123.000000,83303.000000,17107
2025-10-08 10:45,83304.000000,83414.000000,83300.000000,83389.000000,34189
2025-10-08 11:00,83372.000000,83409.000000,83322.000000,83357.000000,20646
2025-10-08 11:15,83356.000000,83573.000000,83312.000000,83512.000000,26104
2025-10-08 11:30,83506.000000,83567.000000,83501.000000,83503.000000,8635
2025-10-08 11:45,83504.000000,83568.000000,83500.000000,83555.000000,11688
2025-10-08 12:00,83559.000000,83593.000000,83445.000000,83550.000000,11507
2025-10-08 12:15,83553.000000,83640.000000,83527.000000,83640.000000,10221
2025-10-08 12:30,83639.000000,83690.000000,83600.000000,83685.000000,17185
2025-10-08 12:45,83686.000000,83750.000000,83600.000000,83749.000000,75026
2025-10-08 13:00,83749.000000,83750.000000,83580.000000,83617.000000,36446
2025-10-08 13:15,83608.000000,83610.000000,83426.000000,83465.000000,16091
2025-10-08 13:30,83466.000000,83466.000000,83321.000000,83378.000000,14646
2025-10-08 13:45,83376.000000,83528.000000,83353.000000,83486.000000,9219
2025-10-08 14:00,83486.000000,83526.000000,83320.000000,83321.000000,8642
2025-10-08 14:15,83321.000000,83410.000000,83261.000000,83306.000000,15505
2025-10-08 14:30,83304.000000,83313.000000,82960.000000,83115.000000,61459
2025-10-08 14:45,83114.000000,83362.000000,83082.000000,83106.000000,60522
2025-10-08 15:00,83102.000000,83234.000000,83067.000000,83157.000000,17015
2025-10-08 15:15,83159.000000,83196.000000,83093.000000,83132.000000,14400
2025-10-08 15:30,83145.000000,83270.000000,83121.000000,83202.000000,9240
2025-10-08 15:45,83202.000000,83238.000000,83105.000000,83165.000000,3820
2025-10-08 16:00,83100.000000,83250.000000,83087.000000,83249.000000,7408
2025-10-08 16:15,83248.000000,83250.000000,83197.000000,83248.000000,3902
2025-10-08 16:30,83248.000000,83250.000000,82910.000000,82944.000000,26429
2025-10-08 16:45,82941.000000,83040.000000,82904.000000,83008.000000,15929
2025-10-08 17:00,83010.000000,83098.000000,82961.000000,83096.000000,4323
2025-10-08 17:15,83096.000000,83100.000000,82944.000000,82977.000000,4371
2025-10-08 17:30,82977.000000,83082.000000,82975.000000,83042.000000,4518
2025-10-08 17:45,83049.000000,83085.000000,82990.000000,83014.000000,3028
2025-10-08 18:00,83015.000000,83079.000000,82982.000000,83062.000000,2446
2025-10-08 18:15,83056.000000,83113.000000,83055.000000,83110.000000,2643
2025-10-08 18:30,83108.000000,83150.000000,83091.000000,83123.000000,2123
2025-10-08 18:45,83118.000000,83148.000000,83116.000000,83145.000000,619
2025-10-08 19:00,83141.000000,83224.000000,83138.000000,83184.000000,3241
2025-10-08 19:15,83179.000000,83179.000000,83062.000000,83144.000000,2549
2025-10-08 19:30,83138.000000,83172.000000,83096.000000,83132.000000,1139
2025-10-08 19:45,83133.000000,83174.000000,83103.000000,83159.000000,1001
2025-10-08 20:00,83159.000000,83176.000000,83115.000000,83136.000000,997
2025-10-08 20:15,83135.000000,83138.000000,83054.000000,83096.000000,1904
2025-10-08 20:30,83095.000000,83145.000000,83035.000000,83052.000000,1324
2025-10-08 20:45,83054.000000,83128.000000,83048.000000,83055.000000,800
2025-10-09 05:45,83050.000000,83050.000000,83050.000000,83050.000000,80
2025-10-09 06:00,83084.000000,83089.000000,82851.000000,82883.000000,11797
2025-10-09 06:15,82883.000000,83068.000000,82871.000000,83063.000000,9402
2025-10-09 06:30,83055.000000,83339.000000,83055.000000,83210.000000,14886
2025-10-09 06:45,83220.000000,83290.000000,83143.000000,83259.000000,7336
2025-10-09 07:00,83260.000000,83608.000000,83248.000000,83565.000000,45028
2025-10-09 07:15,83560.000000,83597.000000,83372.000000,83462.000000,23367
2025-10-09 07:30,83470.000000,83550.000000,83460.000000,83493.000000,8767
2025-10-09 07:45,83492.000000,83540.000000,83445.000000,83512.000000,12656
2025-10-09 08:00,83513.000000,83526.000000,83421.000000,83442.000000,9602
2025-10-09 08:15,83442.000000,83508.000000,83299.000000,83339.000000,17225
2025-10-09 08:30,83343.000000,83479.000000,83284.000000,83388.000000,11886
2025-10-09 08:45,83388.000000,83454.000000,83377.000000,83430.000000,7812
2025-10-09 09:00,83430.000000,83498.000000,83391.000000,83432.000000,14097
2025-10-09 09:15,83431.000000,83447.000000,83345.000000,83390.000000,14112
2025-10-09 09:30,83391.000000,83668.000000,83338.000000,83660.000000,69591
2025-10-09 09:45,83660.000000,83772.000000,83640.000000,83759.000000,51970
2025-10-09 10:00,83760.000000,83838.000000,83665.000000,83763.000000,58427
2025-10-09 10:15,83760.000000,83819.000000,83743.000000,83798.000000,28051
2025-10-09 10:30,83795.000000,83810.000000,83720.000000,83726.000000,26448
2025-10-09 10:45,83726.000000,83795.000000,83670.000000,83757.000000,14586
2025-10-09 11:00,83754.000000,83788.000000,83714.000000,83734.000000,20244
2025-10-09 11:15,83733.000000,83736.000000,83630.000000,83678.000000,7565
2025-10-09 11:30,83679.000000,83732.000000,83669.000000,83709.000000,3920
2025-10-09 11:45,83709.000000,83728.000000,83676.000000,83710.000000,6741
2025-10-09 12:00,83710.000000,83754.000000,83624.000000,83750.000000,23287
2025-10-09 12:15,83749.000000,83750.000000,83704.000000,83705.000000,7748
2025-10-09 12:30,83710.000000,83745.000000,83668.000000,83729.000000,26268
2025-10-09 12:45,83728.000000,83736.000000,83679.000000,83696.000000,18537
2025-10-09 13:00,83695.000000,83714.000000,83600.000000,83689.000000,21211
2025-10-09 13:15,83689.000000,83707.000000,83540.000000,83559.000000,7786
2025-10-09 13:30,83557.000000,83700.000000,83540.000000,83698.000000,16942
2025-10-09 13:45,83700.000000,83764.000000,83674.000000,83750.000000,11073
2025-10-09 14:00,83750.000000,83753.000000,83688.000000,83716.000000,6211
2025-10-09 14:15,83715.000000,83747.000000,83667.000000,83681.000000,14502
2025-10-09 14:30,83681.000000,83722.000000,83606.000000,83666.000000,28088
2025-10-09 14:45,83667.000000,83700.000000,83429.000000,83494.000000,14467
2025-10-09 15:00,83499.000000,83577.000000,83409.000000,83528.000000,11231
2025-10-09 15:15,83528.000000,83552.000000,83453.000000,83522.000000,5966
2025-10-09 15:30,83519.000000,83576.000000,83511.000000,83536.000000,4429
2025-10-09 15:45,83535.000000,83548.000000,83477.000000,83492.000000,3167
2025-10-09 16:00,83470.000000,83622.000000,83430.000000,83595.000000,8819
2025-10-09 16:15,83600.000000,83650.000000,83589.000000,83636.000000,5168
2025-10-09 16:30,83637.000000,83650.000000,83561.000000,83591.000000,2750
2025-10-09 16:45,83590.000000,83600.000000,83506.000000,83532.000000,3098
2025-10-09 17:00,83532.000000,83537.000000,83451.000000,83529.000000,3615
2025-10-09 17:15,83522.000000,83579.000000,83502.000000,83541.000000,2936
2025-10-09 17:30,83550.000000,83579.000000,83523.000000,83575.000000,1284
2025-10-09 17:45,83575.000000,83594.000000,83555.000000,83568.000000,1124
2025-10-09 18:00,83561.000000,83597.000000,83540.000000,83596.000000,1216
2025-10-09 18:15,83597.000000,83622.000000,83583.000000,83605.000000,895
2025-10-09 18:30,83606.000000,83631.000000,83606.000000,83617.000000,1372
2025-10-09 18:45,83621.000000,83631.000000,83602.000000,83630.000000,1289
2025-10-09 19:00,83631.000000,83631.000000,83583.000000,83604.000000,1515
2025-10-09 19:15,83603.000000,83627.000000,83593.000000,83620.000000,320
2025-10-09 19:30,83624.000000,83707.000000,83616.000000,83673.000000,5518
2025-10-09 19:45,83679.000000,83720.000000,83665.000000,83668.000000,2575
2025-10-09 20:00,83665.000000,83699.000000,83665.000000,83680.000000,567
2025-10-09 20:15,83680.000000,83712.000000,83671.000000,83690.000000,770
2025-10-09 20:30,83689.000000,83720.000000,83671.000000,83681.000000,1013
2025-10-09 20:45,83680.000000,83707.000000,83678.000000,83678.000000,428
2025-10-10 05:45,83671.000000,83671.000000,83671.000000,83671.000000,60
2025-10-10 06:00,83671.000000,83910.000000,83622.000000,83872.000000,16500
2025-10-10 06:15,83866.000000,84027.000000,83814.000000,83948.000000,10857
2025-10-10 06:30,83953.000000,84021.000000,83817.000000,83974.000000,9208
2025-10-10 06:45,83974.000000,84016.000000,83686.000000,83728.000000,10638
2025-10-10 07:00,83720.000000,83856.000000,83463.000000,83587.000000,39502
2025-10-10 07:15,83587.000000,83605.000000,83480.000000,83570.000000,17296
2025-10-10 07:30,83570.000000,83570.000000,83413.000000,83471.000000,20135
2025-10-10 07:45,83472.000000,83475.000000,83341.000000,83457.000000,24532
2025-10-10 08:00,83458.000000,83494.000000,83408.000000,83410.000000,11591
2025-10-10 08:15,83411.000000,83461.000000,83402.000000,83433.000000,12015
2025-10-10 08:30,83433.000000,83543.000000,83288.000000,83538.000000,28592
2025-10-10 08:45,83539.000000,83585.000000,83500.000000,83557.000000,18613
2025-10-10 09:00,83559.000000,83619.000000,83431.000000,83460.000000,27797
2025-10-10 09:15,83460.000000,83477.000000,83332.000000,83367.000000,21618
2025-10-10 09:30,83368.000000,83522.000000,83339.000000,83503.000000,24203
2025-10-10 09:45,83503.000000,83566.000000,83448.000000,83551.000000,37108
2025-10-10 10:00,83551.000000,83559.000000,83453.000000,83461.000000,18801
2025-10-10 10:15,83466.000000,83520.000000,83384.000000,83453.000000,17848
2025-10-10 10:30,83454.000000,83501.000000,83407.000000,83501.000000,20978
2025-10-10 10:45,83501.000000,83518.000000,83469.000000,83500.000000,16767
2025-10-10 11:00,83500.000000,83547.000000,83458.000000,83526.000000,17110
2025-10-10 11:15,83526.000000,83547.000000,83500.000000,83500.000000,10292
2025-10-10 11:30,83500.000000,83610.000000,83500.000000,83593.000000,18360
2025-10-10 11:45,83594.000000,83654.000000,83593.000000,83617.000000,17535
2025-10-10 12:00,83622.000000,83655.000000,83611.000000,83618.000000,12484
2025-10-10 12:15,83617.000000,83632.000000,83569.000000,83616.000000,15605
2025-10-10 12:30,83615.000000,83641.000000,83575.000000,83575.000000,11716
2025-10-10 12:45,83575.000000,83633.000000,83555.000000,83596.000000,13900
2025-10-10 13:00,83596.000000,83731.000000,83563.000000,83706.000000,28841
2025-10-10 13:15,83706.000000,83729.000000,83591.000000,83652.000000,25007
2025-10-10 13:30,83653.000000,83687.000000,83617.000000,83644.000000,10439
2025-10-10 13:45,83648.000000,83652.000000,83526.000000,83551.000000,12657
2025-10-10 14:00,83556.000000,83590.000000,83456.000000,83510.000000,6527
2025-10-10 14:15,83510.000000,83563.000000,83480.000000,83501.000000,8394
2025-10-10 14:30,83502.000000,83516.000000,83400.000000,83423.000000,11160
2025-10-10 14:45,83423.000000,83576.000000,83133.000000,83500.000000,54340
2025-10-10 15:00,83500.000000,83675.000000,83479.000000,83563.000000,30282
2025-10-10 15:15,83567.000000,83606.000000,83339.000000,83374.000000,21064
2025-10-10 15:30,83383.000000,83552.000000,83339.000000,83483.000000,13082
2025-10-10 15:45,83483.000000,83595.000000,83480.000000,83538.000000,3859
2025-10-10 16:00,83520.000000,83670.000000,83520.000000,83669.000000,8492
2025-10-10 16:15,83668.000000,83908.000000,83668.000000,83846.000000,17795
2025-10-10 16:30,83848.000000,83884.000000,83708.000000,83743.000000,5935
2025-10-10 16:45,83742.000000,83783.000000,83719.000000,83754.000000,1474
2025-10-10 17:00,83757.000000,83785.000000,83700.000000,83722.000000,3467
2025-10-10 17:15,83727.000000,83772.000000,83708.000000,83745.000000,2139
2025-10-10 17:30,83749.000000,83780.000000,83749.000000,83763.000000,817
2025-10-10 17:45,83769.000000,83782.000000,83743.000000,83748.000000,775
2025-10-10 18:00,83747.000000,83747.000000,83690.000000,83698.000000,1573
2025-10-10 18:15,83705.000000,83706.000000,83621.000000,83644.000000,2811
2025-10-10 18:30,83643.000000,83658.000000,83602.000000,83651.000000,1652
2025-10-10 18:45,83646.000000,83655.000000,83622.000000,83634.000000,378
2025-10-10 19:00,83634.000000,83658.000000,83607.000000,83640.000000,1072
2025-10-10 19:15,83644.000000,83650.000000,83617.000000,83647.000000,867
2025-10-10 19:30,83646.000000,83664.000000,83634.000000,83646.000000,824
2025-10-10 19:45,83639.000000,83744.000000,83630.000000,83743.000000,1927
2025-10-10 20:00,83743.000000,83747.000000,83692.000000,83729.000000,1287
2025-10-10 20:15,83729.000000,83740.000000,83694.000000,83703.000000,1161
2025-10-10 20:30,83706.000000,83737.000000,83681.000000,83737.000000,1256
2025-10-10 20:45,83737.000000,83758.000000,83706.000000,83720.000000,611
2025-10-13 05:45,83670.000000,83670.000000,83670.000000,83670.000000,162
2025-10-13 06:00,83661.000000,83661.000000,83375.000000,83518.000000,15662
2025-10-13 06:15,83513.000000,83516.000000,83410.000000,83441.000000,4327
2025-10-13 06:30,83441.000000,83617.000000,83409.000000,83556.000000,6688
2025-10-13 06:45,83555.000000,83610.000000,83506.000000,83550.000000,2899
2025-10-13 07:00,83551.000000,83554.000000,83351.000000,83373.000000,20439
2025-10-13 07:15,83374.000000,83400.000000,83157.000000,83177.000000,19198
2025-10-13 07:30,83177.000000,83177.000000,82927.000000,82932.000000,72833
2025-10-13 07:45,82932.000000,82947.000000,82763.000000,82775.000000,76546
2025-10-13 08:00,82776.000000,82827.000000,82649.000000,82772.000000,125268
2025-10-13 08:15,82772.000000,82794.000000,82480.000000,82546.000000,52181
2025-10-13 08:30,82547.000000,82547.000000,82401.000000,82512.000000,83953
2025-10-13 08:45,82512.000000,82637.000000,82415.000000,82549.000000,22907
2025-10-13 09:00,82548.000000,82562.000000,82330.000000,82493.000000,43459
2025-10-13 09:15,82494.000000,82586.000000,82461.000000,82540.000000,9129
2025-10-13 09:30,82541.000000,82550.000000,82390.000000,82490.000000,15003
2025-10-13 09:45,82490.000000,82611.000000,82471.000000,82572.000000,10197
2025-10-13 10:00,82572.000000,82575.000000,82471.000000,82547.000000,5767
2025-10-13 10:15,82543.000000,82580.000000,82488.000000,82491.000000,5796
2025-10-13 10:30,82493.000000,82571.000000,82472.000000,82566.000000,7018
2025-10-13 10:45,82566.000000,82568.000000,82480.000000,82500.000000,14371
2025-10-13 11:00,82500.000000,82568.000000,82450.000000,82502.000000,22529
2025-10-13 11:15,82502.000000,82532.000000,82406.000000,82449.000000,14229
2025-10-13 11:30,82453.000000,82536.000000,82434.000000,82523.000000,5156
2025-10-13 11:45,82524.000000,82565.000000,82514.000000,82563.000000,4282
2025-10-13 12:00,82562.000000,82586.000000,82460.000000,82519.000000,10311
2025-10-13 12:15,82514.000000,82630.000000,82503.000000,82590.000000,11969
2025-10-13 12:30,82593.000000,82593.000000,82484.000000,82502.000000,6025
2025-10-13 12:45,82504.000000,82527.000000,82450.000000,82484.000000,6168
2025-10-13 13:00,82485.000000,82504.000000,82426.000000,82489.000000,34139
2025-10-13 13:15,82494.000000,82494.000000,82300.000000,82372.000000,36324
2025-10-13 13:30,82374.000000,82375.000000,82200.000000,82258.000000,41491
2025-10-13 13:45,82258.000000,82387.000000,82180.000000,82337.000000,16492
2025-10-13 14:00,82338.000000,82340.000000,82241.000000,82268.000000,9498
2025-10-13 14:15,82266.000000,82278.000000,82100.000000,82170.000000,20884
2025-10-13 14:30,82170.000000,82285.000000,82136.000000,82187.000000,17388
2025-10-13 14:45,82187.000000,82223.000000,82132.000000,82210.000000,11510
2025-10-13 15:00,82209.000000,82242.000000,82200.000000,82213.000000,20586
2025-10-13 15:15,82213.000000,82213.000000,82112.000000,82131.000000,23976
2025-10-13 15:30,82134.000000,82143.000000,82000.000000,82029.000000,17958
2025-10-13 15:45,82029.000000,82063.000000,81973.000000,82047.000000,10068
2025-10-13 16:00,82044.000000,82063.000000,81858.000000,81932.000000,8989
2025-10-13 16:15,81933.000000,81968.000000,81600.000000,81965.000000,21793
2025-10-13 16:30,81960.000000,81984.000000,81800.000000,81842.000000,9140
2025-10-13 16:45,81829.000000,81946.000000,81813.000000,81919.000000,5196
2025-10-13 17:00,81934.000000,81969.000000,81898.000000,81961.000000,2310
2025-10-13 17:15,81960.000000,81969.000000,81901.000000,81923.000000,1522
2025-10-13 17:30,81923.000000,81955.000000,81898.000000,81949.000000,1334
2025-10-13 17:45,81943.000000,81950.000000,81870.000000,81894.000000,2013
2025-10-13 18:00,81895.000000,81904.000000,81880.000000,81892.000000,628
2025-10-13 18:15,81891.000000,81920.000000,81863.000000,81912.000000,1551
2025-10-13 18:30,81910.000000,81987.000000,81901.000000,81933.000000,2218
2025-10-13 18:45,81933.000000,82012.000000,81932.000000,82001.000000,1568
2025-10-13 19:00,82001.000000,82080.000000,81980.000000,82032.000000,4117
2025-10-13 19:15,82035.000000,82058.000000,82000.000000,82039.000000,1342
2025-10-13 19:30,82040.000000,82040.000000,81927.000000,81931.000000,1883
2025-10-13 19:45,81941.000000,81977.000000,81930.000000,81961.000000,977
2025-10-13 20:00,81970.000000,81980.000000,81943.000000,81960.000000,723
2025-10-13 20:15,81953.000000,81974.000000,81928.000000,81934.000000,1391
2025-10-13 20:30,81935.000000,81999.000000,81935.000000,81991.000000,1285
2025-10-13 20:45,81992.000000,82004.000000,81930.000000,81930.000000,923
2025-10-14 05:45,81930.000000,81930.000000,81930.000000,81930.000000,41
2025-10-14 06:00,81943.000000,82170.000000,81771.000000,82047.000000,19012
2025-10-14 06:15,82049.000000,82079.000000,81825.000000,81865.000000,9982
2025-10-14 06:30,81865.000000,81883.000000,81702.000000,81764.000000,13477
2025-10-14 06:45,81771.000000,81890.000000,81718.000000,81761.000000,9365
2025-10-14 07:00,81762.000000,82047.000000,81570.000000,81718.000000,60455
2025-10-14 07:15,81718.000000,81728.000000,81483.000000,81699.000000,51650
2025-10-14 07:30,81698.000000,81790.000000,81694.000000,81741.000000,15343
2025-10-14 07:45,81741.000000,81751.000000,81200.000000,81310.000000,51503
2025-10-14 08:00,81308.000000,81420.000000,81207.000000,81420.000000,38450
2025-10-14 08:15,81419.000000,81486.000000,81364.000000,81455.000000,22661
2025-10-14 08:30,81454.000000,81562.000000,81450.000000,81501.000000,18338
2025-10-14 08:45,81501.000000,81592.000000,81450.000000,81499.000000,28817
2025-10-14 09:00,81499.000000,81518.000000,81450.000000,81475.000000,20723
2025-10-14 09:15,81472.000000,81599.000000,81370.000000,81595.000000,21344
2025-10-14 09:30,81598.000000,81734.000000,81588.000000,81649.000000,16816
2025-10-14 09:45,81657.000000,81740.000000,81649.000000,81737.000000,13358
2025-10-14 10:00,81738.000000,81790.000000,81700.000000,81766.000000,23789
2025-10-14 10:15,81764.000000,81840.000000,81745.000000,81831.000000,11902
2025-10-14 10:30,81832.000000,81840.000000,81558.000000,81741.000000,42198
2025-10-14 10:45,81742.000000,81754.000000,81625.000000,81687.000000,12134
2025-10-14 11:00,81666.000000,81690.000000,81503.000000,81531.000000,22234
2025-10-14 11:15,81527.000000,81609.000000,81423.000000,81490.000000,28892
2025-10-14 11:30,81493.000000,81536.000000,81443.000000,81532.000000,22017
2025-10-14 11:45,81530.000000,81557.000000,81418.000000,81444.000000,13795
2025-10-14 12:00,81444.000000,81586.000000,81350.000000,81580.000000,31832
2025-10-14 12:15,81579.000000,81624.000000,81400.000000,81549.000000,39157
2025-10-14 12:30,81549.000000,81591.000000,81487.000000,81573.000000,24563
2025-10-14 12:45,81573.000000,81645.000000,81531.000000,81613.000000,21825
2025-10-14 13:00,81613.000000,81675.000000,81601.000000,81665.000000,18241
2025-10-14 13:15,81665.000000,81790.000000,81631.000000,81713.000000,25510
2025-10-14 13:30,81710.000000,81757.000000,81617.000000,81689.000000,21145
2025-10-14 13:45,81689.000000,81714.000000,81586.000000,81630.000000,14919
2025-10-14 14:00,81631.000000,81770.000000,81587.000000,81728.000000,17770
2025-10-14 14:15,81727.000000,81738.000000,81666.000000,81735.000000,9866
2025-10-14 14:30,81734.000000,81782.000000,81692.000000,81753.000000,5369
2025-10-14 14:45,81752.000000,81752.000000,81530.000000,81601.000000,17052
2025-10-14 15:00,81601.000000,81678.000000,81475.000000,81502.000000,11331
2025-10-14 15:15,81502.000000,81582.000000,81412.000000,81464.000000,8873
2025-10-14 15:30,81472.000000,81486.000000,81410.000000,81415.000000,8036
2025-10-14 15:45,81414.000000,81423.000000,81250.000000,81272.000000,14120
2025-10-14 16:00,81250.000000,81325.000000,81220.000000,81315.000000,7578
2025-10-14 16:15,81308.000000,81378.000000,81250.000000,81289.000000,4833
2025-10-14 16:30,81288.000000,81349.000000,81268.000000,81320.000000,2399
2025-10-14 16:45,81317.000000,81324.000000,81250.000000,81269.000000,2380
2025-10-14 17:00,81268.000000,81276.000000,81222.000000,81234.000000,3344
2025-10-14 17:15,81234.000000,81265.000000,81233.000000,81263.000000,775
2025-10-14 17:30,81266.000000,81297.000000,81262.000000,81292.000000,1482
2025-10-14 17:45,81294.000000,81327.000000,81279.000000,81284.000000,982
2025-10-14 18:00,81284.000000,81317.000000,81275.000000,81317.000000,878
2025-10-14 18:15,81312.000000,81334.000000,81295.000000,81330.000000,970
2025-10-14 18:30,81329.000000,81332.000000,81278.000000,81301.000000,698
2025-10-14 18:45,81296.000000,81315.000000,81285.000000,81312.000000,678
2025-10-14 19:00,81312.000000,81338.000000,81301.000000,81333.000000,1002
2025-10-14 19:15,81328.000000,81331.000000,81264.000000,81266.000000,807
2025-10-14 19:30,81271.000000,81315.000000,81257.000000,81307.000000,908
2025-10-14 19:45,81303.000000,81339.000000,81300.000000,81322.000000,406
2025-10-14 20:00,81318.000000,81331.000000,81306.000000,81327.000000,517
2025-10-14 20:15,81329.000000,81349.000000,81319.000000,81326.000000,664
2025-10-14 20:30,81332.000000,81393.000000,81311.000000,81391.000000,1816
2025-10-14 20:45,81391.000000,81413.000000,81340.000000,81372.000000,717
2025-10-15 05:45,81349.000000,81349.000000,81349.000000,81349.000000,43
2025-10-15 06:00,81347.000000,81349.000000,80904.000000,80923.000000,32836
2025-10-15 06:15,80917.000000,81061.000000,80800.000000,80948.000000,16826
2025-10-15 06:30,80943.000000,80950.000000,80726.000000,80932.000000,22409
2025-10-15 06:45,80931.000000,80982.000000,80746.000000,80817.000000,12725
2025-10-15 07:00,80817.000000,81056.000000,80778.000000,80848.000000,33748
2025-10-15 07:15,80849.000000,80868.000000,80760.000000,80775.000000,17810
2025-10-15 07:30,80776.000000,80807.000000,80659.000000,80690.000000,28642
2025-10-15 07:45,80689.000000,80721.000000,80371.000000,80499.000000,68162
2025-10-15 08:00,80498.000000,80595.000000,80418.000000,80472.000000,32400
2025-10-15 08:15,80471.000000,80479.000000,80232.000000,80238.000000,72830
2025-10-15 08:30,80242.000000,80462.000000,80163.000000,80461.000000,42749
2025-10-15 08:45,80461.000000,80654.000000,80460.000000,80562.000000,24740
2025-10-15 09:00,80566.000000,80579.000000,80451.000000,80493.000000,16353
2025-10-15 09:15,80486.000000,80699.000000,80458.000000,80689.000000,16129
2025-10-15 09:30,80688.000000,80760.000000,80560.000000,80724.000000,14932
2025-10-15 09:45,80720.000000,80752.000000,80616.000000,80632.000000,10662
2025-10-15 10:00,80635.000000,80690.000000,80537.000000,80585.000000,15567
2025-10-15 10:15,80585.000000,80620.000000,80502.000000,80577.000000,10507
2025-10-15 10:30,80570.000000,80701.000000,80535.000000,80646.000000,9454
2025-10-15 10:45,80647.000000,80669.000000,80567.000000,80597.000000,6469
2025-10-15 11:00,80583.000000,80610.000000,80500.000000,80507.000000,5058
2025-10-15 11:15,80503.000000,80579.000000,80489.000000,80558.000000,3853
2025-10-15 11:30,80554.000000,80562.000000,80477.000000,80529.000000,10335
2025-10-15 11:45,80530.000000,80575.000000,80464.000000,80528.000000,8427
2025-10-15 12:00,80527.000000,80564.000000,80425.000000,80487.000000,8754
2025-10-15 12:15,80489.000000,80565.000000,80431.000000,80478.000000,7106
2025-10-15 12:30,80480.000000,80489.000000,80400.000000,80468.000000,9247
2025-10-15 12:45,80467.000000,80517.000000,80350.000000,80382.000000,20159
2025-10-15 13:00,80381.000000,80383.000000,80285.000000,80309.000000,13808
2025-10-15 13:15,80311.000000,80360.000000,80280.000000,80343.000000,10890
2025-10-15 13:30,80344.000000,80344.000000,80190.000000,80192.000000,17297
2025-10-15 13:45,80192.000000,80306.000000,80150.000000,80185.000000,40216
2025-10-15 14:00,80182.000000,80365.000000,80110.000000,80248.000000,35112
2025-10-15 14:15,80243.000000,80356.000000,80200.000000,80326.000000,15993
2025-10-15 14:30,80329.000000,80432.000000,80250.000000,80423.000000,34175
2025-10-15 14:45,80424.000000,80463.000000,80320.000000,80331.000000,46290
2025-10-15 15:00,80332.000000,80410.000000,80278.000000,80400.000000,37102
2025-10-15 15:15,80399.000000,80500.000000,80355.000000,80413.000000,36432
2025-10-15 15:30,80415.000000,80419.000000,80250.000000,80269.000000,34051
2025-10-15 15:45,80264.000000,80269.000000,80150.000000,80209.000000,15577
2025-10-15 16:00,80195.000000,80315.000000,80182.000000,80215.000000,5981
2025-10-15 16:15,80216.000000,80370.000000,80202.000000,80356.000000,3267
2025-10-15 16:30,80357.000000,80370.000000,80250.000000,80250.000000,2033
2025-10-15 16:45,80251.000000,80267.000000,80213.000000,80257.000000,1017
2025-10-15 17:00,80255.000000,80275.000000,80216.000000,80260.000000,1395
2025-10-15 17:15,80254.000000,80296.000000,80237.000000,80287.000000,1759
2025-10-15 17:30,80287.000000,80288.000000,80239.000000,80283.000000,1134
2025-10-15 17:45,80275.000000,80300.000000,80214.000000,80224.000000,1833
2025-10-15 18:00,80224.000000,80224.000000,80165.000000,80189.000000,2940
2025-10-15 18:15,80188.000000,80207.000000,80174.000000,80195.000000,1091
2025-10-15 18:30,80195.000000,80201.000000,80150.000000,80160.000000,1847
2025-10-15 18:45,80158.000000,80163.000000,80101.000000,80115.000000,2988
2025-10-15 19:00,80122.000000,80142.000000,79960.000000,79975.000000,9775
2025-10-15 19:15,79974.000000,80041.000000,79926.000000,79952.000000,6385
2025-10-15 19:30,79956.000000,80179.000000,79872.000000,79949.000000,7171
2025-10-15 19:45,79942.000000,79969.000000,79848.000000,79914.000000,6215
2025-10-15 20:00,79916.000000,79917.000000,79820.000000,79917.000000,3962
2025-10-15 20:15,79913.000000,79963.000000,79913.000000,79952.000000,2216
2025-10-15 20:30,79950.000000,80031.000000,79950.000000,79980.000000,2986
2025-10-15 20:45,79979.000000,80000.000000,79901.000000,79985.000000,1741
2025-10-16 05:45,79986.000000,79986.000000,79986.000000,79986.000000,95
2025-10-16 06:00,79985.000000,79986.000000,79598.000000,79608.000000,30317
2025-10-16 06:15,79609.000000,79826.000000,79601.000000,79780.000000,15768
2025-10-16 06:30,79780.000000,79940.000000,79718.000000,79925.000000,10288
2025-10-16 06:45,79926.000000,79988.000000,79809.000000,79844.000000,11627
2025-10-16 07:00,79845.000000,80447.000000,79837.000000,80379.000000,63095
2025-10-16 07:15,80379.000000,80840.000000,80272.000000,80836.000000,53760
2025-10-16 07:30,80837.000000,81200.000000,80624.000000,80624.000000,89327
2025-10-16 07:45,80630.000000,80733.000000,80450.000000,80578.000000,39270
2025-10-16 08:00,80584.000000,80714.000000,80304.000000,80387.000000,40287
2025-10-16 08:15,80385.000000,80538.000000,80267.000000,80441.000000,24799
2025-10-16 08:30,80441.000000,80468.000000,80322.000000,80348.000000,13924
2025-10-16 08:45,80348.000000,80406.000000,80323.000000,80360.000000,9500
2025-10-16 09:00,80360.000000,80570.000000,80343.000000,80556.000000,12790
2025-10-16 09:15,80558.000000,80660.000000,80495.000000,80608.000000,22675
2025-10-16 09:30,80609.000000,80967.000000,80609.000000,80670.000000,43504
2025-10-16 09:45,80671.000000,80824.000000,80622.000000,80760.000000,25570
2025-10-16 10:00,80760.000000,80910.000000,80744.000000,80841.000000,13691
2025-10-16 10:15,80840.000000,81122.000000,80840.000000,81116.000000,23881
2025-10-16 10:30,81116.000000,81150.000000,80912.000000,80991.000000,21381
2025-10-16 10:45,80990.000000,81038.000000,80850.000000,81027.000000,13920
2025-10-16 11:00,81027.000000,81090.000000,80944.000000,81083.000000,14039
2025-10-16 11:15,81083.000000,81238.000000,81083.000000,81167.000000,31452
2025-10-16 11:30,81167.000000,81567.000000,81166.000000,81542.000000,60339
2025-10-16 11:45,81543.000000,81654.000000,81284.000000,81422.000000,59735
2025-10-16 12:00,81420.000000,81600.000000,81300.000000,81391.000000,30822
2025-10-16 12:15,81392.000000,81840.000000,81354.000000,81730.000000,58055
2025-10-16 12:30,81731.000000,82032.000000,81717.000000,81923.000000,55996
2025-10-16 12:45,81924.000000,82080.000000,81765.000000,81845.000000,44666
2025-10-16 13:00,81840.000000,81983.000000,81774.000000,81903.000000,23808
2025-10-16 13:15,81904.000000,82062.000000,81855.000000,82050.000000,19424
2025-10-16 13:30,82054.000000,82189.000000,81913.000000,82101.000000,36139
2025-10-16 13:45,82101.000000,82224.000000,82083.000000,82194.000000,21658
2025-10-16 14:00,82206.000000,82249.000000,81827.000000,81983.000000,44782
2025-10-16 14:15,81981.000000,82149.000000,81972.000000,82070.000000,19095
2025-10-16 14:30,82070.000000,82142.000000,81910.000000,81961.000000,27119
2025-10-16 14:45,81960.000000,81991.000000,81619.000000,81697.000000,57190
2025-10-16 15:00,81701.000000,81905.000000,81655.000000,81840.000000,33597
2025-10-16 15:15,81840.000000,81843.000000,81684.000000,81817.000000,14104
2025-10-16 15:30,81805.000000,81869.000000,81756.000000,81767.000000,12055
2025-10-16 15:45,81767.000000,81811.000000,81726.000000,81726.000000,3234
2025-10-16 16:00,81751.000000,81864.000000,81664.000000,81827.000000,6257
2025-10-16 16:15,81827.000000,81963.000000,81784.000000,81883.000000,6739
2025-10-16 16:30,81891.000000,82000.000000,81862.000000,81901.000000,6332
2025-10-16 16:45,81901.000000,81960.000000,81861.000000,81936.000000,2916
2025-10-16 17:00,81936.000000,81956.000000,81546.000000,81607.000000,20286
2025-10-16 17:15,81605.000000,81737.000000,81230.000000,81696.000000,30098
2025-10-16 17:30,81697.000000,81745.000000,81531.000000,81622.000000,7368
2025-10-16 17:45,81622.000000,81650.000000,81470.000000,81573.000000,9132
2025-10-16 18:00,81572.000000,81572.000000,81276.000000,81374.000000,11391
2025-10-16 18:15,81374.000000,81632.000000,81361.000000,81597.000000,6172
2025-10-16 18:30,81588.000000,81650.000000,81534.000000,81535.000000,3054
2025-10-16 18:45,81534.000000,81578.000000,81479.000000,81539.000000,2563
2025-10-16 19:00,81543.000000,81618.000000,81522.000000,81558.000000,2415
2025-10-16 19:15,81566.000000,81590.000000,81462.000000,81472.000000,1686
2025-10-16 19:30,81471.000000,81621.000000,81454.000000,81566.000000,2049
2025-10-16 19:45,81566.000000,81572.000000,81457.000000,81472.000000,1992
2025-10-16 20:00,81472.000000,81519.000000,81413.000000,81518.000000,2015
2025-10-16 20:15,81518.000000,81645.000000,81486.000000,81644.000000,4176
2025-10-16 20:30,81644.000000,81790.000000,81640.000000,81758.000000,5816
2025-10-16 20:45,81758.000000,81799.000000,81714.000000,81751.000000,2055
2025-10-17 05:45,81712.000000,81712.000000,81712.000000,81712.000000,11
2025-10-17 06:00,81712.000000,82290.000000,81568.000000,82246.000000,33567
2025-10-17 06:15,82243.000000,82346.000000,82051.000000,82195.000000,21636
2025-10-17 06:30,82195.000000,82417.000000,82076.000000,82360.000000,22413
2025-10-17 06:45,82363.000000,82440.000000,82220.000000,82284.000000,17104
2025-10-17 07:00,82289.000000,82809.000000,82229.000000,82601.000000,97816
2025-10-17 07:15,82600.000000,82604.000000,82368.000000,82426.000000,81275
2025-10-17 07:30,82427.000000,82502.000000,82220.000000,82271.000000,32613
